2026-09-03T00:00:04+00:00 INFO Central order received successfully. CONTEXT: {"store_id":"site1","source_order_id":373296,"central_order_id":6570,"request_id":"0bce37da-c1ea-47e1-a87d-38ed69cc5078","event":"orderupdated"}
2026-09-03T00:00:43+00:00 INFO Central order received successfully. CONTEXT: {"store_id":"site1","source_order_id":373296,"central_order_id":6570,"request_id":"bc69bd11-48c9-4433-8ed2-105c97e5aebd","event":"orderupdated"}
2026-09-03T00:02:04+00:00 INFO Central order received successfully. CONTEXT: {"store_id":"site1","source_order_id":373296,"central_order_id":6570,"request_id":"e61d085d-5020-4e6e-a74f-ecdca2d618ee","event":"orderupdated"}
2026-09-03T00:04:17+00:00 INFO Central order received successfully. CONTEXT: {"store_id":"site1","source_order_id":373296,"central_order_id":6570,"request_id":"dcf35a43-d711-440b-8f37-c34840f04361","event":"orderupdated"}
2026-09-03T00:04:57+00:00 INFO Central order received successfully. CONTEXT: {"store_id":"site1","source_order_id":373296,"central_order_id":6570,"request_id":"566b319a-07d5-4048-bd26-9c7b1d6d82c5","event":"orderupdated"}
2026-09-03T00:05:23+00:00 INFO Central order received successfully. CONTEXT: {"store_id":"site1","source_order_id":373296,"central_order_id":6570,"request_id":"75878b1d-0fbe-40ef-8d07-2ba1361186c7","event":"orderupdated"}
2026-09-03T00:06:04+00:00 INFO Central order received successfully. CONTEXT: {"store_id":"site1","source_order_id":373296,"central_order_id":6570,"request_id":"1a700758-611a-4639-b8ba-3d51b8be7fc4","event":"orderupdated"}
2026-09-03T00:06:28+00:00 INFO Central order received successfully. CONTEXT: {"store_id":"site1","source_order_id":373296,"central_order_id":6570,"request_id":"d73fb417-c5fa-4f24-a8e8-34cb07b59752","event":"orderupdated"}
2026-09-03T00:07:09+00:00 INFO Central order received successfully. CONTEXT: {"store_id":"site1","source_order_id":373296,"central_order_id":6570,"request_id":"3b151869-31f5-4e7e-b6c5-c2f0c4eccff3","event":"orderupdated"}
2026-09-03T00:07:40+00:00 INFO Central order received successfully. CONTEXT: {"store_id":"site1","source_order_id":373296,"central_order_id":6570,"request_id":"9cc11c29-2ded-4242-8d18-6af32d84f643","event":"orderupdated"}
2026-09-03T00:08:20+00:00 INFO Central order received successfully. CONTEXT: {"store_id":"site1","source_order_id":373296,"central_order_id":6570,"request_id":"860250db-fea0-4341-9465-d6d3640aec95","event":"orderupdated"}
2026-09-03T00:09:02+00:00 INFO Central order received successfully. CONTEXT: {"store_id":"site1","source_order_id":373296,"central_order_id":6570,"request_id":"4e6087f8-ecf7-4f6d-b729-b3d4e2a79395","event":"orderupdated"}
2026-09-03T00:09:42+00:00 INFO Central order received successfully. CONTEXT: {"store_id":"site1","source_order_id":373296,"central_order_id":6570,"request_id":"ac647163-1e0f-4991-bd4f-d9edc6fbcec1","event":"orderupdated"}
2026-09-03T00:10:23+00:00 INFO Central order received successfully. CONTEXT: {"store_id":"site1","source_order_id":373296,"central_order_id":6570,"request_id":"95b31006-70d8-4032-ad85-72d7720203ef","event":"orderupdated"}
2026-09-03T00:11:03+00:00 INFO Central order received successfully. CONTEXT: {"store_id":"site1","source_order_id":373296,"central_order_id":6570,"request_id":"8c14faae-611b-4bc1-a6e2-ecc3dd904d55","event":"orderupdated"}
2026-09-03T00:11:43+00:00 INFO Central order received successfully. CONTEXT: {"store_id":"site1","source_order_id":373296,"central_order_id":6570,"request_id":"9fe8c2b7-3c8d-43a4-a4bc-08067e471758","event":"orderupdated"}
2026-09-03T00:12:02+00:00 INFO Central order received successfully. CONTEXT: {"store_id":"site1","source_order_id":373296,"central_order_id":6570,"request_id":"945ac94f-5356-40ce-bf77-5b6fe2c5636c","event":"orderupdated"}
2026-09-03T00:13:00+00:00 INFO Central order received successfully. CONTEXT: {"store_id":"site1","source_order_id":373296,"central_order_id":6570,"request_id":"651a32f4-f36e-419a-b1d6-026b078b65a0","event":"orderupdated"}
2026-09-03T00:13:13+00:00 INFO Central order received successfully. CONTEXT: {"store_id":"site1","source_order_id":373296,"central_order_id":6570,"request_id":"5101d06e-f25a-4869-9e7b-ef7b444bc0d7","event":"orderupdated"}
2026-09-03T00:13:54+00:00 INFO Central order received successfully. CONTEXT: {"store_id":"site1","source_order_id":373296,"central_order_id":6570,"request_id":"e83b9bb9-4241-46b5-a058-5f7f3b71feea","event":"orderupdated"}
2026-09-03T00:15:04+00:00 INFO Central order received successfully. CONTEXT: {"store_id":"site1","source_order_id":373296,"central_order_id":6570,"request_id":"39ca6380-68f3-4bc8-b90b-9147c123ac58","event":"orderupdated"}
2026-09-03T00:16:11+00:00 INFO Central order received successfully. CONTEXT: {"store_id":"site1","source_order_id":372352,"central_order_id":5361,"request_id":"d8fef43f-a9c9-4fb8-a850-56433aa062c3","event":"orderupdated"}
2026-09-03T00:16:52+00:00 INFO Central order received successfully. CONTEXT: {"store_id":"site1","source_order_id":372352,"central_order_id":5361,"request_id":"8566f97e-8ae6-4aee-8dc8-404a4c32f6e2","event":"orderupdated"}
2026-09-03T00:17:32+00:00 INFO Central order received successfully. CONTEXT: {"store_id":"site1","source_order_id":372352,"central_order_id":5361,"request_id":"a3070c42-f911-4faa-a5ae-ffa15f350cce","event":"orderupdated"}
2026-09-03T00:18:13+00:00 INFO Central order received successfully. CONTEXT: {"store_id":"site1","source_order_id":372352,"central_order_id":5361,"request_id":"1fc46ce3-432e-4b67-9969-a3500b6aefe6","event":"orderupdated"}
2026-09-03T00:18:34+00:00 INFO Central order received successfully. CONTEXT: {"store_id":"site1","source_order_id":373296,"central_order_id":6570,"request_id":"6508746b-8bc1-41c9-b5df-604210439120","event":"orderupdated"}
2026-09-03T00:18:45+00:00 INFO Central order received successfully. CONTEXT: {"store_id":"site1","source_order_id":373296,"central_order_id":6570,"request_id":"2066e043-b5bc-4565-9955-44c7d27fb9ca","event":"orderupdated"}
2026-09-03T00:20:04+00:00 INFO Central order received successfully. CONTEXT: {"store_id":"site1","source_order_id":373296,"central_order_id":6570,"request_id":"56f00df5-9e75-455e-8e41-a03923b1baa7","event":"orderupdated"}
2026-09-03T00:20:48+00:00 INFO Central order received successfully. CONTEXT: {"store_id":"site1","source_order_id":373296,"central_order_id":6570,"request_id":"0a69cb6b-8483-4f87-bedf-aac81ebe396e","event":"orderupdated"}
2026-09-03T00:26:33+00:00 INFO Central order received successfully. CONTEXT: {"store_id":"site1","source_order_id":373296,"central_order_id":6570,"request_id":"9c86bc36-81d8-4238-a75e-b3970b785023","event":"orderupdated"}
2026-09-03T00:27:13+00:00 INFO Central order received successfully. CONTEXT: {"store_id":"site1","source_order_id":373296,"central_order_id":6570,"request_id":"bed94bff-6aa2-4d77-8687-85e1a03b6808","event":"orderupdated"}
2026-09-03T00:27:48+00:00 INFO Central order received successfully. CONTEXT: {"store_id":"site1","source_order_id":373296,"central_order_id":6570,"request_id":"46fb623a-7eb2-4b53-a0d5-df2493f2e07e","event":"orderupdated"}
2026-09-03T00:28:04+00:00 INFO Central order received successfully. CONTEXT: {"store_id":"site1","source_order_id":373296,"central_order_id":6570,"request_id":"8e249c6e-3218-40e9-b0c3-cfa0dd5849d2","event":"orderupdated"}
2026-09-03T00:29:04+00:00 INFO Central order received successfully. CONTEXT: {"store_id":"site1","source_order_id":373296,"central_order_id":6570,"request_id":"d65633ed-06a3-48fd-beec-f64ef51c17e8","event":"orderupdated"}
2026-09-03T00:29:32+00:00 INFO Central order received successfully. CONTEXT: {"store_id":"site1","source_order_id":373296,"central_order_id":6570,"request_id":"682c28e1-f5e6-4fbf-a880-eed33b612904","event":"orderupdated"}
2026-09-03T00:31:34+00:00 INFO Central order received successfully. CONTEXT: {"store_id":"site1","source_order_id":373296,"central_order_id":6570,"request_id":"d1f91038-f164-443d-80d7-a3b847a6df2b","event":"orderupdated"}
2026-09-03T00:32:15+00:00 INFO Central order received successfully. CONTEXT: {"store_id":"site1","source_order_id":373296,"central_order_id":6570,"request_id":"ec649b98-3072-420d-a5a5-4228a5835cb5","event":"orderupdated"}
2026-09-03T00:35:39+00:00 INFO Central order received successfully. CONTEXT: {"store_id":"site1","source_order_id":373296,"central_order_id":6570,"request_id":"a43b43d8-ef87-4937-a5a9-0d58e7fb5bc8","event":"orderupdated"}
2026-09-03T00:36:04+00:00 INFO Central order received successfully. CONTEXT: {"store_id":"site1","source_order_id":373296,"central_order_id":6570,"request_id":"074ff7f8-c4d0-4af7-acbb-9e80a0bcde64","event":"orderupdated"}
2026-09-03T00:37:01+00:00 INFO Central order received successfully. CONTEXT: {"store_id":"site1","source_order_id":373296,"central_order_id":6570,"request_id":"a5925299-f542-4907-9b0e-412515b0fb5a","event":"orderupdated"}
2026-09-03T00:39:14+00:00 INFO Central order received successfully. CONTEXT: {"store_id":"site1","source_order_id":373296,"central_order_id":6570,"request_id":"a17714d7-c73d-4591-83f5-828c469c2243","event":"orderupdated"}
2026-09-03T00:40:00+00:00 INFO Central order received successfully. CONTEXT: {"store_id":"site1","source_order_id":373296,"central_order_id":6570,"request_id":"50eead28-cb92-4571-9acd-b0201db0f2c0","event":"orderupdated"}
2026-09-03T00:40:08+00:00 INFO Central order received successfully. CONTEXT: {"store_id":"site1","source_order_id":373296,"central_order_id":6570,"request_id":"6972286b-72af-4d84-8513-0fc0931178ff","event":"orderupdated"}
2026-09-03T00:41:19+00:00 INFO Central order received successfully. CONTEXT: {"store_id":"site1","source_order_id":373296,"central_order_id":6570,"request_id":"ffe29e72-d8f6-4d73-bc20-5a98faedc683","event":"orderupdated"}
2026-09-03T00:41:58+00:00 INFO Central order received successfully. CONTEXT: {"store_id":"site1","source_order_id":373296,"central_order_id":6570,"request_id":"c120d256-08f8-4317-90a3-19902de6708c","event":"orderupdated"}
2026-09-03T00:42:06+00:00 INFO Central order received successfully. CONTEXT: {"store_id":"site1","source_order_id":365824,"central_order_id":2451,"request_id":"063df289-dc84-41dd-a473-c9c336584719","event":"orderupdated"}
2026-09-03T00:42:20+00:00 INFO Central order received successfully. CONTEXT: {"store_id":"site1","source_order_id":365824,"central_order_id":2451,"request_id":"153d8137-1a69-447c-bfab-a93deecd9e22","event":"orderupdated"}
2026-09-03T00:43:14+00:00 INFO Central order received successfully. CONTEXT: {"store_id":"site1","source_order_id":365824,"central_order_id":2451,"request_id":"999df4d3-2aba-4eac-943c-053016a3cd2b","event":"orderupdated"}
2026-09-03T00:44:13+00:00 INFO Central order received successfully. CONTEXT: {"store_id":"site1","source_order_id":365824,"central_order_id":2451,"request_id":"73b1f32c-8833-4d3b-932e-90e28bbec3e9","event":"orderupdated"}
2026-09-03T00:44:58+00:00 INFO Central order received successfully. CONTEXT: {"store_id":"site1","source_order_id":368562,"central_order_id":504,"request_id":"57e2ade0-242c-4620-ac16-6a8925938eaf","event":"orderupdated"}
2026-09-03T00:45:07+00:00 INFO Central order received successfully. CONTEXT: {"store_id":"site1","source_order_id":368562,"central_order_id":504,"request_id":"03616ef6-7008-4bbf-85b0-18206a7e4a33","event":"orderupdated"}
2026-09-03T00:46:08+00:00 INFO Central order received successfully. CONTEXT: {"store_id":"site1","source_order_id":368562,"central_order_id":504,"request_id":"9db071c1-1e5b-41c2-939b-01d6900c2ee0","event":"orderupdated"}
2026-09-03T00:52:22+00:00 INFO Central order received successfully. CONTEXT: {"store_id":"site1","source_order_id":368562,"central_order_id":504,"request_id":"15a235e3-9576-4150-8418-191401eb0c62","event":"orderupdated"}
2026-09-03T00:52:59+00:00 INFO Central order received successfully. CONTEXT: {"store_id":"site1","source_order_id":368562,"central_order_id":504,"request_id":"0842bcfc-7831-4cad-b169-e0f508050140","event":"orderupdated"}
2026-09-03T00:53:28+00:00 INFO Central order received successfully. CONTEXT: {"store_id":"site1","source_order_id":368562,"central_order_id":504,"request_id":"8273da0d-1776-487c-8663-b96b68275e2b","event":"orderupdated"}
2026-09-03T00:54:04+00:00 INFO Central order received successfully. CONTEXT: {"store_id":"site1","source_order_id":368562,"central_order_id":504,"request_id":"349c1b3e-1f5f-4def-bcff-4260cf795a04","event":"orderupdated"}
2026-09-03T00:54:07+00:00 INFO Central order received successfully. CONTEXT: {"store_id":"site1","source_order_id":368562,"central_order_id":504,"request_id":"02e33301-5cf4-472f-b63a-25515e4bf90f","event":"orderupdated"}
2026-09-03T00:54:38+00:00 INFO Central order received successfully. CONTEXT: {"store_id":"site1","source_order_id":368562,"central_order_id":504,"request_id":"7f04e711-7848-4c45-b535-44b7a58d74d7","event":"orderupdated"}
2026-09-03T00:56:17+00:00 INFO Central order received successfully. CONTEXT: {"store_id":"site1","source_order_id":368562,"central_order_id":504,"request_id":"d7caf6ad-f80d-414d-a0d4-d831a3a1d1ca","event":"orderupdated"}
2026-09-03T00:57:04+00:00 INFO Central order received successfully. CONTEXT: {"store_id":"site1","source_order_id":366991,"central_order_id":129,"request_id":"2959a485-749d-4668-a1f2-6abc99be58f8","event":"orderupdated"}
2026-09-03T00:57:57+00:00 INFO Central order received successfully. CONTEXT: {"store_id":"site1","source_order_id":366991,"central_order_id":129,"request_id":"9e95593a-b90f-4bf5-a14f-e4d2c31c78d1","event":"orderupdated"}
2026-09-03T00:58:12+00:00 INFO Central order received successfully. CONTEXT: {"store_id":"site1","source_order_id":366991,"central_order_id":129,"request_id":"2dcebab1-0c5b-48db-934e-304f0e49d010","event":"orderupdated"}
2026-09-03T00:59:26+00:00 INFO Central order received successfully. CONTEXT: {"store_id":"site1","source_order_id":366991,"central_order_id":129,"request_id":"8d998a15-812a-4dd0-a3c5-425250cf294a","event":"orderupdated"}
2026-09-03T00:59:31+00:00 INFO Central order received successfully. CONTEXT: {"store_id":"site1","source_order_id":366991,"central_order_id":129,"request_id":"76e9f9eb-d0a6-4251-90e2-0769ebc443f0","event":"orderupdated"}
2026-09-03T01:00:16+00:00 INFO Central order received successfully. CONTEXT: {"store_id":"site1","source_order_id":366991,"central_order_id":129,"request_id":"ccd5b036-ed0d-4386-a7c8-342af288b37e","event":"orderupdated"}
2026-09-03T01:00:32+00:00 INFO Central order received successfully. CONTEXT: {"store_id":"site1","source_order_id":366991,"central_order_id":129,"request_id":"e3399d3e-2f82-432a-9673-16aeb06cccb9","event":"orderupdated"}
2026-09-03T01:01:05+00:00 INFO Central order received successfully. CONTEXT: {"store_id":"site1","source_order_id":366991,"central_order_id":129,"request_id":"a8f0f3f6-141d-44d9-9bf6-d539133a6e47","event":"orderupdated"}
2026-09-03T01:03:05+00:00 INFO Central order received successfully. CONTEXT: {"store_id":"site1","source_order_id":366991,"central_order_id":129,"request_id":"96620713-f56f-4d06-acd2-53a29ee666a9","event":"orderupdated"}
2026-09-03T01:03:59+00:00 INFO Central order received successfully. CONTEXT: {"store_id":"site1","source_order_id":366991,"central_order_id":129,"request_id":"0314bbda-3fe3-4096-966e-215ff80b7952","event":"orderupdated"}
2026-09-03T01:04:28+00:00 INFO Central order received successfully. CONTEXT: {"store_id":"site1","source_order_id":366934,"central_order_id":95,"request_id":"fe4470b4-f358-47a4-85f5-8d5670a09e90","event":"orderupdated"}
2026-09-03T01:05:38+00:00 INFO Central order received successfully. CONTEXT: {"store_id":"site1","source_order_id":366991,"central_order_id":129,"request_id":"bb2b3b18-2682-45e6-a2cf-05013365dbe2","event":"orderupdated"}
2026-09-03T01:09:10+00:00 INFO Central order received successfully. CONTEXT: {"store_id":"site1","source_order_id":366991,"central_order_id":129,"request_id":"7d7141f2-8b7e-436e-a9a8-1e127c33652f","event":"orderupdated"}
2026-09-03T01:09:17+00:00 INFO Central order received successfully. CONTEXT: {"store_id":"site1","source_order_id":366991,"central_order_id":129,"request_id":"a88a29c7-2c82-4c42-9055-447535624aaa","event":"orderupdated"}
2026-09-03T01:09:59+00:00 INFO Central order received successfully. CONTEXT: {"store_id":"site1","source_order_id":366991,"central_order_id":129,"request_id":"0556ed68-a2a0-4f8a-9606-5fddcd05137d","event":"orderupdated"}
2026-09-03T01:10:37+00:00 INFO Central order received successfully. CONTEXT: {"store_id":"site1","source_order_id":366991,"central_order_id":129,"request_id":"57639e20-ed06-4e39-ac2a-56e4745ac4cc","event":"orderupdated"}
2026-09-03T01:11:35+00:00 INFO Central order received successfully. CONTEXT: {"store_id":"site1","source_order_id":366991,"central_order_id":129,"request_id":"17e6bc5d-4ffe-4f81-8b27-b13260794410","event":"orderupdated"}
2026-09-03T01:12:14+00:00 INFO Central order received successfully. CONTEXT: {"store_id":"site1","source_order_id":366991,"central_order_id":129,"request_id":"7185ca3e-0069-4dd1-a87c-af25f9b77ed3","event":"orderupdated"}
2026-09-03T01:12:23+00:00 INFO Central order received successfully. CONTEXT: {"store_id":"site1","source_order_id":367447,"central_order_id":250,"request_id":"329596d3-a888-4233-b012-42b8bb4ef3ed","event":"orderupdated"}
2026-09-03T01:12:56+00:00 INFO Central order received successfully. CONTEXT: {"store_id":"site1","source_order_id":366991,"central_order_id":129,"request_id":"91fd2ea1-3891-4b4d-8925-2d23c2de6b2e","event":"orderupdated"}
2026-09-03T01:13:04+00:00 INFO Central order received successfully. CONTEXT: {"store_id":"site1","source_order_id":367447,"central_order_id":250,"request_id":"873b1340-6f68-469d-8e65-74d77fb7f9ee","event":"orderupdated"}
2026-09-03T01:13:42+00:00 INFO Central order received successfully. CONTEXT: {"store_id":"site1","source_order_id":367447,"central_order_id":250,"request_id":"63556e43-4523-4ce3-b528-d5c9775326d0","event":"orderupdated"}
2026-09-03T01:16:32+00:00 INFO Central order received successfully. CONTEXT: {"store_id":"site1","source_order_id":367447,"central_order_id":250,"request_id":"4ea70708-8ce5-442e-8136-b3572e10cc5d","event":"orderupdated"}
2026-09-03T01:17:04+00:00 INFO Central order received successfully. CONTEXT: {"store_id":"site1","source_order_id":367447,"central_order_id":250,"request_id":"c73197fa-3474-46ee-b75a-fe2bbfd1d4ef","event":"orderupdated"}
2026-09-03T01:19:53+00:00 INFO Central order received successfully. CONTEXT: {"store_id":"site1","source_order_id":367447,"central_order_id":250,"request_id":"9e29c36b-f9f3-420c-b835-859879b93430","event":"orderupdated"}
2026-09-03T01:20:36+00:00 INFO Central order received successfully. CONTEXT: {"store_id":"site1","source_order_id":367447,"central_order_id":250,"request_id":"2c82dac9-964f-4fd6-8c22-baec36c3bdea","event":"orderupdated"}
2026-09-03T01:21:04+00:00 INFO Central order received successfully. CONTEXT: {"store_id":"site1","source_order_id":367447,"central_order_id":250,"request_id":"d9f42fcd-ce96-4f9d-8f89-11e83ef2c49d","event":"orderupdated"}
2026-09-03T01:21:59+00:00 INFO Central order received successfully. CONTEXT: {"store_id":"site1","source_order_id":367447,"central_order_id":250,"request_id":"7ba36c3e-5772-4e4d-89e7-7af106e1af8f","event":"orderupdated"}
2026-09-03T01:23:08+00:00 INFO Central order received successfully. CONTEXT: {"store_id":"site1","source_order_id":367447,"central_order_id":250,"request_id":"29fea741-6df9-4a7d-adeb-c76eca9bf793","event":"orderupdated"}
2026-09-03T01:26:16+00:00 INFO Central order received successfully. CONTEXT: {"store_id":"site1","source_order_id":367447,"central_order_id":250,"request_id":"98b6eeb9-efcb-440e-8c71-7a9e16b7afc5","event":"orderupdated"}
2026-09-03T01:26:56+00:00 INFO Central order received successfully. CONTEXT: {"store_id":"site1","source_order_id":367447,"central_order_id":250,"request_id":"c5aa52be-233c-4b9e-8aaf-3283952be7da","event":"orderupdated"}
2026-09-03T01:28:04+00:00 INFO Central order received successfully. CONTEXT: {"store_id":"site1","source_order_id":367447,"central_order_id":250,"request_id":"08677e68-d0fb-4f25-a885-093d09d176f0","event":"orderupdated"}
2026-09-03T01:28:31+00:00 INFO Central order received successfully. CONTEXT: {"store_id":"site1","source_order_id":367447,"central_order_id":250,"request_id":"43ee36ae-c679-4bc9-9cbb-aed00b076299","event":"orderupdated"}
2026-09-03T01:29:04+00:00 INFO Central order received successfully. CONTEXT: {"store_id":"site1","source_order_id":367447,"central_order_id":250,"request_id":"b3153927-3658-4561-8e0b-2fddcfefa725","event":"orderupdated"}
2026-09-03T01:29:38+00:00 INFO Central order received successfully. CONTEXT: {"store_id":"site1","source_order_id":367447,"central_order_id":250,"request_id":"5a74bf74-7cdb-4cf2-9cce-83be4e0bc727","event":"orderupdated"}
2026-09-03T01:30:04+00:00 INFO Central order received successfully. CONTEXT: {"store_id":"site1","source_order_id":367447,"central_order_id":250,"request_id":"ed366646-e0b1-461a-8752-4863e824b529","event":"orderupdated"}
2026-09-03T01:31:04+00:00 INFO Central order received successfully. CONTEXT: {"store_id":"site1","source_order_id":367447,"central_order_id":250,"request_id":"ee1a62d4-0969-4d3f-878f-8121a9420670","event":"orderupdated"}
2026-09-03T01:33:18+00:00 INFO Central order received successfully. CONTEXT: {"store_id":"site1","source_order_id":367447,"central_order_id":250,"request_id":"1360bd0f-95d4-486c-9ff2-ad4e7a0bf838","event":"orderupdated"}
2026-09-03T01:33:33+00:00 INFO Central order received successfully. CONTEXT: {"store_id":"site1","source_order_id":367447,"central_order_id":250,"request_id":"03a5cbed-2255-468a-a48f-d0ae1e764f65","event":"orderupdated"}
2026-09-03T01:34:03+00:00 INFO Central order received successfully. CONTEXT: {"store_id":"site1","source_order_id":367447,"central_order_id":250,"request_id":"52989152-ae39-40b2-809b-95b600c8f39b","event":"orderupdated"}
2026-09-03T01:35:04+00:00 INFO Central order received successfully. CONTEXT: {"store_id":"site1","source_order_id":367447,"central_order_id":250,"request_id":"5c11b204-c627-4249-96f5-94d7499774b0","event":"orderupdated"}
2026-09-03T01:35:32+00:00 INFO Central order received successfully. CONTEXT: {"store_id":"site1","source_order_id":367447,"central_order_id":250,"request_id":"3735bebf-20d3-42c5-9169-3d6c2b674034","event":"orderupdated"}
2026-09-03T01:36:04+00:00 INFO Central order received successfully. CONTEXT: {"store_id":"site1","source_order_id":367447,"central_order_id":250,"request_id":"32860ba4-7a07-4b67-92af-947f9693b2f9","event":"orderupdated"}
2026-09-03T01:37:03+00:00 INFO Central order received successfully. CONTEXT: {"store_id":"site1","source_order_id":367447,"central_order_id":250,"request_id":"74088a16-fee5-4388-a07a-312e24eb298f","event":"orderupdated"}
2026-09-03T01:37:32+00:00 INFO Central order received successfully. CONTEXT: {"store_id":"site1","source_order_id":367447,"central_order_id":250,"request_id":"492e748c-bc34-4d7d-a1a7-fc57520332fe","event":"orderupdated"}
2026-09-03T01:47:14+00:00 INFO Central order received successfully. CONTEXT: {"store_id":"site1","source_order_id":367525,"central_order_id":307,"request_id":"dbac57cc-96f4-4a98-a306-60945eea999b","event":"orderupdated"}
2026-09-03T01:48:04+00:00 INFO Central order received successfully. CONTEXT: {"store_id":"site1","source_order_id":367525,"central_order_id":307,"request_id":"bc63c4cd-46b2-4574-bb42-57d5f0cc0d08","event":"orderupdated"}
2026-09-03T01:48:29+00:00 INFO Central order received successfully. CONTEXT: {"store_id":"site1","source_order_id":367525,"central_order_id":307,"request_id":"d5f7a78e-66cf-45ed-9b90-f676ded9187f","event":"orderupdated"}
2026-09-03T01:48:59+00:00 INFO Central order received successfully. CONTEXT: {"store_id":"site1","source_order_id":367525,"central_order_id":307,"request_id":"920c2aea-54fb-417b-98c6-0f9eabcffea5","event":"orderupdated"}
2026-09-03T01:49:44+00:00 INFO Central order received successfully. CONTEXT: {"store_id":"site1","source_order_id":367525,"central_order_id":307,"request_id":"010f66a1-cdf6-4f08-b7af-48a8b15a68d6","event":"orderupdated"}
2026-09-03T01:50:45+00:00 INFO Central order received successfully. CONTEXT: {"store_id":"site1","source_order_id":367525,"central_order_id":307,"request_id":"55bc9643-8948-4742-a390-de32eab68980","event":"orderupdated"}
2026-09-03T01:51:25+00:00 INFO Central order received successfully. CONTEXT: {"store_id":"site1","source_order_id":367525,"central_order_id":307,"request_id":"67536560-fb84-452c-bbe4-cb8c55f6882b","event":"orderupdated"}
2026-09-03T01:52:04+00:00 INFO Central order received successfully. CONTEXT: {"store_id":"site1","source_order_id":367525,"central_order_id":307,"request_id":"70ae1e87-004f-4199-8a57-e4eb5798370b","event":"orderupdated"}
2026-09-03T01:52:48+00:00 INFO Central order received successfully. CONTEXT: {"store_id":"site1","source_order_id":367525,"central_order_id":307,"request_id":"86a4962f-a7c9-457a-aa15-4e48515d99dc","event":"orderupdated"}
2026-09-03T01:56:33+00:00 INFO Central order received successfully. CONTEXT: {"store_id":"site1","source_order_id":365962,"central_order_id":28,"request_id":"e4b8f62b-18eb-4ca5-9317-0d4ee556cd07","event":"orderupdated"}
2026-09-03T02:07:05+00:00 INFO Central order received successfully. CONTEXT: {"store_id":"site1","source_order_id":365722,"central_order_id":6476,"request_id":"941989e7-1377-45c2-bb75-3723443bf3c5","event":"orderupdated"}
2026-09-03T02:10:55+00:00 INFO Central order received successfully. CONTEXT: {"store_id":"site1","source_order_id":365722,"central_order_id":6476,"request_id":"99974433-dadf-4e93-9bfc-fed070417a4b","event":"orderupdated"}
2026-09-03T02:12:04+00:00 INFO Central order received successfully. CONTEXT: {"store_id":"site1","source_order_id":365722,"central_order_id":6476,"request_id":"225e9d46-c860-41b9-8c2e-fe4ed5461b10","event":"orderupdated"}
2026-09-03T02:13:35+00:00 INFO Central order received successfully. CONTEXT: {"store_id":"site1","source_order_id":374260,"central_order_id":6571,"request_id":"95e7d4d5-2fec-4986-a81a-dfb8fb891029","event":"orderupdated"}
2026-09-03T02:14:04+00:00 INFO Central order received successfully. CONTEXT: {"store_id":"site1","source_order_id":374260,"central_order_id":6571,"request_id":"18fb1cda-92b8-4a53-928d-bdb35e6dcb66","event":"orderupdated"}
2026-09-03T02:14:37+00:00 INFO Central order received successfully. CONTEXT: {"store_id":"site1","source_order_id":374260,"central_order_id":6571,"request_id":"57643f69-60d2-4e3e-9572-9f9deb372765","event":"orderupdated"}
2026-09-03T02:15:16+00:00 INFO Central order received successfully. CONTEXT: {"store_id":"site1","source_order_id":374260,"central_order_id":6571,"request_id":"2b16d038-a52c-480c-b083-127bc323ddd5","event":"orderupdated"}
2026-09-03T02:16:07+00:00 INFO Central order received successfully. CONTEXT: {"store_id":"site1","source_order_id":365722,"central_order_id":6476,"request_id":"c43aa2e8-f2a8-40c1-b81d-18ebecbab19d","event":"orderupdated"}
2026-09-03T02:16:32+00:00 INFO Central order received successfully. CONTEXT: {"store_id":"site1","source_order_id":365722,"central_order_id":6476,"request_id":"97797bd0-5cc4-473d-89b0-317151db4378","event":"orderupdated"}
2026-09-03T02:17:14+00:00 INFO Central order received successfully. CONTEXT: {"store_id":"site1","source_order_id":365722,"central_order_id":6476,"request_id":"fd97cb63-d937-4644-8b46-c117e45673ac","event":"orderupdated"}
2026-09-03T02:17:41+00:00 INFO Central order received successfully. CONTEXT: {"store_id":"site1","source_order_id":365722,"central_order_id":6476,"request_id":"bb445a32-f668-4c89-9bbc-a755430720c8","event":"orderupdated"}
2026-09-03T02:18:09+00:00 INFO Central order received successfully. CONTEXT: {"store_id":"site1","source_order_id":368573,"central_order_id":515,"request_id":"884af335-57bb-488b-8900-1736b05fbbd0","event":"orderupdated"}
2026-09-03T02:18:18+00:00 INFO Central order received successfully. CONTEXT: {"store_id":"site1","source_order_id":365722,"central_order_id":6476,"request_id":"a291bef6-a959-49b0-9075-c4d271741a2d","event":"orderupdated"}
2026-09-03T02:19:04+00:00 INFO Central order received successfully. CONTEXT: {"store_id":"site1","source_order_id":365722,"central_order_id":6476,"request_id":"9b181909-f210-42de-89e8-b96c2bbf8050","event":"orderupdated"}
2026-09-03T02:20:04+00:00 INFO Central order received successfully. CONTEXT: {"store_id":"site1","source_order_id":365722,"central_order_id":6476,"request_id":"93f5d420-3cc0-4654-9c28-5faac21bf55c","event":"orderupdated"}
2026-09-03T02:20:32+00:00 INFO Central order received successfully. CONTEXT: {"store_id":"site1","source_order_id":365722,"central_order_id":6476,"request_id":"a1109cde-97e5-40ff-a817-9365320024af","event":"orderupdated"}
2026-09-03T02:22:06+00:00 INFO Central order received successfully. CONTEXT: {"store_id":"site1","source_order_id":365722,"central_order_id":6476,"request_id":"c4e5d5ec-c6d5-48c1-b538-938bd83bc7e8","event":"orderupdated"}
2026-09-03T02:22:32+00:00 INFO Central order received successfully. CONTEXT: {"store_id":"site1","source_order_id":365722,"central_order_id":6476,"request_id":"3312f081-b4d8-474f-a6dc-6f121fbf4e19","event":"orderupdated"}
2026-09-03T02:24:05+00:00 INFO Central order received successfully. CONTEXT: {"store_id":"site1","source_order_id":365722,"central_order_id":6476,"request_id":"3aa38358-6428-4cda-855e-a45e2b19906b","event":"orderupdated"}
2026-09-03T02:24:32+00:00 INFO Central order received successfully. CONTEXT: {"store_id":"site1","source_order_id":365722,"central_order_id":6476,"request_id":"8ca3cd32-bde0-4447-b36e-205cabe0d075","event":"orderupdated"}
2026-09-03T02:25:13+00:00 INFO Central order received successfully. CONTEXT: {"store_id":"site1","source_order_id":365722,"central_order_id":6476,"request_id":"aede5891-70f9-4049-bd5a-361acf914c68","event":"orderupdated"}
2026-09-03T02:26:04+00:00 INFO Central order received successfully. CONTEXT: {"store_id":"site1","source_order_id":365722,"central_order_id":6476,"request_id":"ac4d336d-d23c-4039-b493-b0cc4b58ee06","event":"orderupdated"}
2026-09-03T02:26:32+00:00 INFO Central order received successfully. CONTEXT: {"store_id":"site1","source_order_id":365722,"central_order_id":6476,"request_id":"ab53250f-eba3-427e-a37d-8600b51a1c29","event":"orderupdated"}
2026-09-03T02:27:15+00:00 INFO Central order received successfully. CONTEXT: {"store_id":"site1","source_order_id":365722,"central_order_id":6476,"request_id":"5a42f601-ecf4-44f7-9474-4d3163b7fe4f","event":"orderupdated"}
2026-09-03T02:27:57+00:00 INFO Central order received successfully. CONTEXT: {"store_id":"site1","source_order_id":365722,"central_order_id":6476,"request_id":"d6d71678-b1e8-431f-8f2e-f23a46e7eb3e","event":"orderupdated"}
2026-09-03T02:29:04+00:00 INFO Central order received successfully. CONTEXT: {"store_id":"site1","source_order_id":365722,"central_order_id":6476,"request_id":"bebdd8ab-1786-4b6d-8662-ac8ae957d3ff","event":"orderupdated"}
2026-09-03T02:33:05+00:00 INFO Central order received successfully. CONTEXT: {"store_id":"site1","source_order_id":365722,"central_order_id":6476,"request_id":"6d6f6266-148d-43f1-a599-fcafd9ddbde5","event":"orderupdated"}
2026-09-03T02:34:04+00:00 INFO Central order received successfully. CONTEXT: {"store_id":"site1","source_order_id":365722,"central_order_id":6476,"request_id":"aa744a6a-214d-4e25-bd9c-462e123d93a3","event":"orderupdated"}
2026-09-03T02:34:32+00:00 INFO Central order received successfully. CONTEXT: {"store_id":"site1","source_order_id":365722,"central_order_id":6476,"request_id":"1a125d0e-95d9-48d5-980e-0875fd1b8c96","event":"orderupdated"}
2026-09-03T02:35:13+00:00 INFO Central order received successfully. CONTEXT: {"store_id":"site1","source_order_id":365722,"central_order_id":6476,"request_id":"144f266f-5bae-4c2d-844b-d834ac9c57de","event":"orderupdated"}
2026-09-03T02:35:50+00:00 INFO Central order received successfully. CONTEXT: {"store_id":"site1","source_order_id":365722,"central_order_id":6476,"request_id":"f9bbadc3-e3b7-4f34-a537-58212219d1d9","event":"orderupdated"}
2026-09-03T02:36:30+00:00 INFO Central order received successfully. CONTEXT: {"store_id":"site1","source_order_id":365722,"central_order_id":6476,"request_id":"27c94fdf-cd06-40dd-879f-a5f10de3fdbd","event":"orderupdated"}
2026-09-03T02:37:10+00:00 INFO Central order received successfully. CONTEXT: {"store_id":"site1","source_order_id":365722,"central_order_id":6476,"request_id":"003c78fb-56ee-4a75-9f51-b3d7705ad2d1","event":"orderupdated"}
2026-09-03T02:37:51+00:00 INFO Central order received successfully. CONTEXT: {"store_id":"site1","source_order_id":365722,"central_order_id":6476,"request_id":"2e34b0e4-386e-4a8b-aeb7-1086fc9a9842","event":"orderupdated"}
2026-09-03T02:45:00+00:00 INFO Central order received successfully. CONTEXT: {"store_id":"site1","source_order_id":365722,"central_order_id":6476,"request_id":"8f4de20a-6e95-4484-ab86-945017ce807b","event":"orderupdated"}
2026-09-03T02:46:04+00:00 INFO Central order received successfully. CONTEXT: {"store_id":"site1","source_order_id":365722,"central_order_id":6476,"request_id":"4e3a657a-23a5-4efc-aeac-ef26267e0dad","event":"orderupdated"}
2026-09-03T02:46:32+00:00 INFO Central order received successfully. CONTEXT: {"store_id":"site1","source_order_id":365722,"central_order_id":6476,"request_id":"94c89404-e3ac-4a96-a689-376b4231b251","event":"orderupdated"}
2026-09-03T02:47:09+00:00 INFO Central order received successfully. CONTEXT: {"store_id":"site1","source_order_id":365722,"central_order_id":6476,"request_id":"c2d8d09b-9e6b-42ce-8eb0-1e9d50a9c947","event":"orderupdated"}
2026-09-03T02:48:04+00:00 INFO Central order received successfully. CONTEXT: {"store_id":"site1","source_order_id":365722,"central_order_id":6476,"request_id":"16c39fd8-7b1c-4914-88a0-0095610b27f3","event":"orderupdated"}
2026-09-03T02:48:32+00:00 INFO Central order received successfully. CONTEXT: {"store_id":"site1","source_order_id":365722,"central_order_id":6476,"request_id":"a6c90b8e-f3cd-4dcf-9a9a-e5638c8ef43f","event":"orderupdated"}
2026-09-03T02:49:14+00:00 INFO Central order received successfully. CONTEXT: {"store_id":"site1","source_order_id":365722,"central_order_id":6476,"request_id":"1fdedf1d-610d-414c-b19f-023c22a6f668","event":"orderupdated"}
2026-09-03T02:49:54+00:00 INFO Central order received successfully. CONTEXT: {"store_id":"site1","source_order_id":365722,"central_order_id":6476,"request_id":"1b83e69a-f8aa-49c4-a608-dbfa03e6fb17","event":"orderupdated"}
2026-09-03T02:50:31+00:00 INFO Central order received successfully. CONTEXT: {"store_id":"site1","source_order_id":365722,"central_order_id":6476,"request_id":"abb29ae9-23f0-4b52-a657-39f8d85fbfc5","event":"orderupdated"}
2026-09-03T02:50:54+00:00 INFO Central order received successfully. CONTEXT: {"store_id":"site1","source_order_id":365722,"central_order_id":6476,"request_id":"54c65d7b-ac75-4f50-a7c5-c92ce51308e3","event":"orderupdated"}
2026-09-03T02:51:32+00:00 INFO Central order received successfully. CONTEXT: {"store_id":"site1","source_order_id":365722,"central_order_id":6476,"request_id":"f569ff03-3f36-4d2f-90a8-a6a5c6326587","event":"orderupdated"}
2026-09-03T02:51:44+00:00 INFO Central order received successfully. CONTEXT: {"store_id":"site1","source_order_id":370532,"central_order_id":6572,"request_id":"ece7e6a5-a399-4d77-9cb2-48c710f07e45","event":"orderupdated"}
2026-09-03T02:52:26+00:00 INFO Central order received successfully. CONTEXT: {"store_id":"site1","source_order_id":365722,"central_order_id":6476,"request_id":"6c03b9c8-7b10-4367-acd6-169e7919c359","event":"orderupdated"}
2026-09-03T02:53:04+00:00 INFO Central order received successfully. CONTEXT: {"store_id":"site1","source_order_id":365722,"central_order_id":6476,"request_id":"9c9f0992-72c9-46c6-bd6c-b32ba5155ed5","event":"orderupdated"}
2026-09-03T02:53:08+00:00 INFO Central order received successfully. CONTEXT: {"store_id":"site1","source_order_id":365722,"central_order_id":6476,"request_id":"0e1b9369-9751-46bb-a349-ca12324339f7","event":"orderupdated"}
2026-09-03T02:53:56+00:00 INFO Central order received successfully. CONTEXT: {"store_id":"site1","source_order_id":365722,"central_order_id":6476,"request_id":"d1bb692b-7bfe-487d-80b2-f68fde351356","event":"orderupdated"}
2026-09-03T02:54:39+00:00 INFO Central order received successfully. CONTEXT: {"store_id":"site1","source_order_id":367033,"central_order_id":152,"request_id":"f60e15ea-e1c7-4548-974b-6b5786f76687","event":"orderupdated"}
2026-09-03T02:55:04+00:00 INFO Central order received successfully. CONTEXT: {"store_id":"site1","source_order_id":367033,"central_order_id":152,"request_id":"897e0236-cf36-4a5c-8098-dedd2bf32f16","event":"orderupdated"}
2026-09-03T02:57:22+00:00 INFO Central order received successfully. CONTEXT: {"store_id":"site1","source_order_id":367033,"central_order_id":152,"request_id":"4f4159ef-bbb0-4f0d-9630-caa2ced8fd28","event":"orderupdated"}
2026-09-03T02:58:04+00:00 INFO Central order received successfully. CONTEXT: {"store_id":"site1","source_order_id":367033,"central_order_id":152,"request_id":"90fd748e-4c4a-415d-a6c3-bafda984b395","event":"orderupdated"}
2026-09-03T02:58:26+00:00 INFO Central order received successfully. CONTEXT: {"store_id":"site1","source_order_id":367033,"central_order_id":152,"request_id":"52843e28-983d-494e-9143-a7f4dab3f591","event":"orderupdated"}
2026-09-03T02:59:04+00:00 INFO Central order received successfully. CONTEXT: {"store_id":"site1","source_order_id":367033,"central_order_id":152,"request_id":"75c433e1-9efe-44f1-a65f-086af736d0e6","event":"orderupdated"}
2026-09-03T03:00:04+00:00 INFO Central order received successfully. CONTEXT: {"store_id":"site1","source_order_id":367033,"central_order_id":152,"request_id":"60483060-4e79-4cf9-bcfd-d933baff7ef3","event":"orderupdated"}
2026-09-03T03:04:06+00:00 INFO Central order received successfully. CONTEXT: {"store_id":"site1","source_order_id":367033,"central_order_id":152,"request_id":"7150a732-0c3b-4235-a0f2-6e86baff1c22","event":"orderupdated"}
2026-09-03T03:04:13+00:00 INFO Central order received successfully. CONTEXT: {"store_id":"site1","source_order_id":367033,"central_order_id":152,"request_id":"aed8dd0a-953c-44cd-b3b3-b5600a6eed50","event":"orderupdated"}
2026-09-03T03:04:53+00:00 INFO Central order received successfully. CONTEXT: {"store_id":"site1","source_order_id":367033,"central_order_id":152,"request_id":"917eca9b-70ea-46ea-8d37-40b2f4f5eb0f","event":"orderupdated"}
2026-09-03T03:05:31+00:00 INFO Central order received successfully. CONTEXT: {"store_id":"site1","source_order_id":367033,"central_order_id":152,"request_id":"1a896681-ee93-491f-b17c-46046ca31ca9","event":"orderupdated"}
2026-09-03T03:06:11+00:00 INFO Central order received successfully. CONTEXT: {"store_id":"site1","source_order_id":367033,"central_order_id":152,"request_id":"d8a593cc-f865-4144-bf98-ac18b5347c88","event":"orderupdated"}
2026-09-03T03:06:49+00:00 INFO Central order received successfully. CONTEXT: {"store_id":"site1","source_order_id":367033,"central_order_id":152,"request_id":"16204e8c-5ccb-491b-9a11-d532e279cf63","event":"orderupdated"}
2026-09-03T03:07:36+00:00 INFO Central order received successfully. CONTEXT: {"store_id":"site1","source_order_id":367033,"central_order_id":152,"request_id":"08bdf48f-0df5-4fe9-adde-c7e5b915d442","event":"orderupdated"}
2026-09-03T03:08:16+00:00 INFO Central order received successfully. CONTEXT: {"store_id":"site1","source_order_id":367033,"central_order_id":152,"request_id":"0b3663f8-5691-4080-a46f-51ee233a661a","event":"orderupdated"}
2026-09-03T03:08:53+00:00 INFO Central order received successfully. CONTEXT: {"store_id":"site1","source_order_id":367033,"central_order_id":152,"request_id":"2669880f-9827-4b6c-b97c-980aabfe95c3","event":"orderupdated"}
2026-09-03T03:09:58+00:00 INFO Central order received successfully. CONTEXT: {"store_id":"site1","source_order_id":367033,"central_order_id":152,"request_id":"05abdd06-46ca-488b-acb0-20939c06e967","event":"orderupdated"}
2026-09-03T03:10:27+00:00 INFO Central order received successfully. CONTEXT: {"store_id":"site1","source_order_id":365892,"central_order_id":6551,"request_id":"17c7471a-e04f-4cf5-9191-f7305994d655","event":"orderupdated"}
2026-09-03T03:10:39+00:00 INFO Central order received successfully. CONTEXT: {"store_id":"site1","source_order_id":367033,"central_order_id":152,"request_id":"82ebdf4f-bccc-4bf1-8d99-46214256e561","event":"orderupdated"}
2026-09-03T03:11:04+00:00 INFO Central order received successfully. CONTEXT: {"store_id":"site1","source_order_id":365892,"central_order_id":6551,"request_id":"3d1ffca0-d618-4936-b937-ffe841ed82f2","event":"orderupdated"}
2026-09-03T03:11:07+00:00 INFO Central order received successfully. CONTEXT: {"store_id":"site1","source_order_id":365892,"central_order_id":6551,"request_id":"59db7f70-9abf-4aae-8bbf-a8b8e0e3aecb","event":"orderupdated"}
2026-09-03T03:11:20+00:00 INFO Central order received successfully. CONTEXT: {"store_id":"site1","source_order_id":367033,"central_order_id":152,"request_id":"3fead16a-fab2-4dd2-a06a-e830d6579d5d","event":"orderupdated"}
2026-09-03T03:11:35+00:00 INFO Central order received successfully. CONTEXT: {"store_id":"site1","source_order_id":367033,"central_order_id":152,"request_id":"42314187-19d0-4ac8-80d2-7962f4571d4d","event":"orderupdated"}
2026-09-03T03:11:47+00:00 INFO Central order received successfully. CONTEXT: {"store_id":"site1","source_order_id":365892,"central_order_id":6551,"request_id":"b56ed54e-513a-4491-bea4-58a864cf75fe","event":"orderupdated"}
2026-09-03T03:12:04+00:00 INFO Central order received successfully. CONTEXT: {"store_id":"site1","source_order_id":365892,"central_order_id":6551,"request_id":"abc21b78-7a7e-47de-b7dc-32266c6871a2","event":"orderupdated"}
2026-09-03T03:12:59+00:00 INFO Central order received successfully. CONTEXT: {"store_id":"site1","source_order_id":365892,"central_order_id":6551,"request_id":"e7800362-84f0-434b-8918-48ba24885490","event":"orderupdated"}
2026-09-03T03:14:04+00:00 INFO Central order received successfully. CONTEXT: {"store_id":"site1","source_order_id":365892,"central_order_id":6551,"request_id":"a7ca9261-885e-4dab-bddc-4a3cebfcf4d1","event":"orderupdated"}
2026-09-03T03:14:22+00:00 INFO Central order received successfully. CONTEXT: {"store_id":"site1","source_order_id":365892,"central_order_id":6551,"request_id":"3b5a2e29-feb9-4c95-844c-fd5b4aa8f3ac","event":"orderupdated"}
2026-09-03T03:17:04+00:00 INFO Central order received successfully. CONTEXT: {"store_id":"site1","source_order_id":367839,"central_order_id":317,"request_id":"5f1645b5-5096-49eb-824a-ce97533dcc44","event":"orderupdated"}
2026-09-03T03:17:44+00:00 INFO Central order received successfully. CONTEXT: {"store_id":"site1","source_order_id":367839,"central_order_id":317,"request_id":"08a7f486-f6bb-42b7-8852-1505665deb76","event":"orderupdated"}
2026-09-03T03:18:24+00:00 INFO Central order received successfully. CONTEXT: {"store_id":"site1","source_order_id":367839,"central_order_id":317,"request_id":"cc433034-4ee0-445d-b1d1-b1f0097fbe08","event":"orderupdated"}
2026-09-03T03:19:03+00:00 INFO Central order received successfully. CONTEXT: {"store_id":"site1","source_order_id":367839,"central_order_id":317,"request_id":"018d3269-3f18-42d7-8ad3-6aa44a4d0478","event":"orderupdated"}
2026-09-03T03:19:42+00:00 INFO Central order received successfully. CONTEXT: {"store_id":"site1","source_order_id":367839,"central_order_id":317,"request_id":"1beae568-c3d3-46cc-90d4-6227d518b1fd","event":"orderupdated"}
2026-09-03T03:20:22+00:00 INFO Central order received successfully. CONTEXT: {"store_id":"site1","source_order_id":367839,"central_order_id":317,"request_id":"108c8951-ce2f-474b-a31e-7ce0d95f63d8","event":"orderupdated"}
2026-09-03T03:21:02+00:00 INFO Central order received successfully. CONTEXT: {"store_id":"site1","source_order_id":367839,"central_order_id":317,"request_id":"557aab4f-dc1b-481b-8854-f21f8bb1d3af","event":"orderupdated"}
2026-09-03T03:22:04+00:00 INFO Central order received successfully. CONTEXT: {"store_id":"site1","source_order_id":367839,"central_order_id":317,"request_id":"9a65d9be-4d06-4235-8f4f-a6a47832de8a","event":"orderupdated"}
2026-09-03T03:26:57+00:00 INFO Central order received successfully. CONTEXT: {"store_id":"site1","source_order_id":374261,"central_order_id":6573,"request_id":"4d55d606-7d3f-465f-8687-5328d4fee563","event":"orderupdated"}
2026-09-03T03:27:27+00:00 INFO Central order received successfully. CONTEXT: {"store_id":"site1","source_order_id":373294,"central_order_id":6568,"request_id":"d2fcb0d0-3c18-4d9a-9d3b-60604978b6b4","event":"orderupdated"}
2026-09-03T03:27:40+00:00 INFO Central order received successfully. CONTEXT: {"store_id":"site1","source_order_id":374261,"central_order_id":6573,"request_id":"cce035ba-a6c5-4aed-9136-c6c4e0a157c4","event":"orderupdated"}
2026-09-03T03:28:07+00:00 INFO Central order received successfully. CONTEXT: {"store_id":"site1","source_order_id":373294,"central_order_id":6568,"request_id":"7e3eabe8-70f7-4428-bd44-db92d88e8c01","event":"orderupdated"}
2026-09-03T03:28:20+00:00 INFO Central order received successfully. CONTEXT: {"store_id":"site1","source_order_id":374261,"central_order_id":6573,"request_id":"036691ca-e3b4-412d-b45d-91521b1b782d","event":"orderupdated"}
2026-09-03T03:29:04+00:00 INFO Central order received successfully. CONTEXT: {"store_id":"site1","source_order_id":373294,"central_order_id":6568,"request_id":"e82a4f44-8dcc-419f-80d0-65349e10e728","event":"orderupdated"}
2026-09-03T03:29:36+00:00 INFO Central order received successfully. CONTEXT: {"store_id":"site1","source_order_id":373294,"central_order_id":6568,"request_id":"e9dd335b-267c-4a60-9982-3518a80c9bfb","event":"orderupdated"}
2026-09-03T03:30:04+00:00 INFO Central order received successfully. CONTEXT: {"store_id":"site1","source_order_id":374261,"central_order_id":6573,"request_id":"d6cacb94-a203-40f7-aa29-f92d9d96219a","event":"orderupdated"}
2026-09-03T03:31:04+00:00 INFO Central order received successfully. CONTEXT: {"store_id":"site1","source_order_id":374261,"central_order_id":6573,"request_id":"49bd53d4-3e56-4563-91be-4175de250cd4","event":"orderupdated"}
2026-09-03T03:31:12+00:00 INFO Central order received successfully. CONTEXT: {"store_id":"site1","source_order_id":374261,"central_order_id":6573,"request_id":"e1d3e24a-7cbf-456e-9ab4-e67a9cc8c727","event":"orderupdated"}
2026-09-03T03:31:52+00:00 INFO Central order received successfully. CONTEXT: {"store_id":"site1","source_order_id":374261,"central_order_id":6573,"request_id":"0d81d75a-70d3-4dd2-b208-2897d6e83d3a","event":"orderupdated"}
2026-09-03T03:33:47+00:00 INFO Central order received successfully. CONTEXT: {"store_id":"site1","source_order_id":365700,"central_order_id":389,"request_id":"619a912d-c13a-4a00-9391-93e387cefb06","event":"orderupdated"}
2026-09-03T03:34:41+00:00 INFO Central order received successfully. CONTEXT: {"store_id":"site1","source_order_id":365700,"central_order_id":389,"request_id":"0ac1bb7c-4fb5-4a94-b71c-d08b2df63a24","event":"orderupdated"}
2026-09-03T03:35:04+00:00 INFO Central order received successfully. CONTEXT: {"store_id":"site1","source_order_id":365700,"central_order_id":389,"request_id":"430ad3fc-1e16-49e8-876c-3f3a0dfaaf79","event":"orderupdated"}
2026-09-03T03:36:04+00:00 INFO Central order received successfully. CONTEXT: {"store_id":"site1","source_order_id":365700,"central_order_id":389,"request_id":"dff7d558-7bec-4268-93ee-5f383ac17d01","event":"orderupdated"}
2026-09-03T03:36:14+00:00 INFO Central order received successfully. CONTEXT: {"store_id":"site1","source_order_id":365700,"central_order_id":389,"request_id":"4b6cde18-5496-4a93-bed3-795e5155b79d","event":"orderupdated"}
2026-09-03T03:37:04+00:00 INFO Central order received successfully. CONTEXT: {"store_id":"site1","source_order_id":365700,"central_order_id":389,"request_id":"170926d5-358e-4d23-8311-a0e68a63f953","event":"orderupdated"}
2026-09-03T03:37:20+00:00 INFO Central order received successfully. CONTEXT: {"store_id":"site1","source_order_id":365700,"central_order_id":389,"request_id":"4f49ed14-e1b4-4f42-b3d7-7090a64aed4f","event":"orderupdated"}
2026-09-03T03:38:04+00:00 INFO Central order received successfully. CONTEXT: {"store_id":"site1","source_order_id":365700,"central_order_id":389,"request_id":"46758756-2ab1-41f1-a1ac-f2048e4312f9","event":"orderupdated"}
2026-09-03T03:43:06+00:00 INFO Central order received successfully. CONTEXT: {"store_id":"site1","source_order_id":365700,"central_order_id":389,"request_id":"abd00a62-3170-4456-8e59-a7bdb8c94b80","event":"orderupdated"}
2026-09-03T03:43:13+00:00 INFO Central order received successfully. CONTEXT: {"store_id":"site1","source_order_id":365700,"central_order_id":389,"request_id":"7b5e3612-4479-40df-95a5-62285360d22f","event":"orderupdated"}
2026-09-03T03:44:04+00:00 INFO Central order received successfully. CONTEXT: {"store_id":"site1","source_order_id":365700,"central_order_id":389,"request_id":"b7c6ac5c-b1b0-418d-b32d-f0b4f6659686","event":"orderupdated"}
2026-09-03T03:45:04+00:00 INFO Central order received successfully. CONTEXT: {"store_id":"site1","source_order_id":365700,"central_order_id":389,"request_id":"6b1c55c7-cd93-49ac-ba17-d8071009291b","event":"orderupdated"}
2026-09-03T03:47:06+00:00 INFO Central order received successfully. CONTEXT: {"store_id":"site1","source_order_id":365700,"central_order_id":389,"request_id":"f6f2b849-70e1-4a55-866f-b66ccfc3eaa3","event":"orderupdated"}
2026-09-03T03:47:28+00:00 INFO Central order received successfully. CONTEXT: {"store_id":"site1","source_order_id":365700,"central_order_id":389,"request_id":"5e4dabcf-39c0-4e05-b14c-8d02b7785f2f","event":"orderupdated"}
2026-09-03T03:48:04+00:00 INFO Central order received successfully. CONTEXT: {"store_id":"site1","source_order_id":365700,"central_order_id":389,"request_id":"5b20c4fa-716e-4f10-8e42-48d5f7b25e57","event":"orderupdated"}
2026-09-03T03:48:36+00:00 INFO Central order received successfully. CONTEXT: {"store_id":"site1","source_order_id":365700,"central_order_id":389,"request_id":"75f03f91-b42a-471e-8d85-582e8177985b","event":"orderupdated"}
2026-09-03T03:49:04+00:00 INFO Central order received successfully. CONTEXT: {"store_id":"site1","source_order_id":365700,"central_order_id":389,"request_id":"51fde920-84d5-4ef3-b852-2affbbcff991","event":"orderupdated"}
2026-09-03T03:50:04+00:00 INFO Central order received successfully. CONTEXT: {"store_id":"site1","source_order_id":365700,"central_order_id":389,"request_id":"3aa9d326-042f-4857-824d-f3a2d8e59d54","event":"orderupdated"}
2026-09-03T03:50:18+00:00 INFO Central order received successfully. CONTEXT: {"store_id":"site1","source_order_id":365700,"central_order_id":389,"request_id":"462b421b-4b28-4b08-9163-9e73303d1dbd","event":"orderupdated"}
2026-09-03T03:51:04+00:00 INFO Central order received successfully. CONTEXT: {"store_id":"site1","source_order_id":365700,"central_order_id":389,"request_id":"ddc50f3a-1264-443a-b285-f86ec65ed916","event":"orderupdated"}
2026-09-03T03:51:49+00:00 INFO Central order received successfully. CONTEXT: {"store_id":"site1","source_order_id":365700,"central_order_id":389,"request_id":"bd9b60c9-0f91-401c-b6f0-e300bd1e4e24","event":"orderupdated"}
2026-09-03T03:54:38+00:00 INFO Central order received successfully. CONTEXT: {"store_id":"site1","source_order_id":365700,"central_order_id":389,"request_id":"1844f14c-6979-4ca1-af2f-9600d8f67ab6","event":"orderupdated"}
2026-09-03T03:55:05+00:00 INFO Central order received successfully. CONTEXT: {"store_id":"site1","source_order_id":365700,"central_order_id":389,"request_id":"29ccd73d-ee17-46e4-a8f1-6b230cdb3ca1","event":"orderupdated"}
2026-09-03T03:55:06+00:00 INFO Central order received successfully. CONTEXT: {"store_id":"site1","source_order_id":365700,"central_order_id":389,"request_id":"6a841970-e501-42fa-9e57-2b495be29339","event":"orderupdated"}
2026-09-03T03:55:14+00:00 INFO Central order received successfully. CONTEXT: {"store_id":"site1","source_order_id":368543,"central_order_id":438,"request_id":"b0828019-0ef8-4ac1-bab0-c60d0d2922b9","event":"orderupdated"}
2026-09-03T03:56:04+00:00 INFO Central order received successfully. CONTEXT: {"store_id":"site1","source_order_id":368543,"central_order_id":438,"request_id":"093c3e28-c904-4df3-b8b2-01f166970e24","event":"orderupdated"}
2026-09-03T03:57:04+00:00 INFO Central order received successfully. CONTEXT: {"store_id":"site1","source_order_id":368543,"central_order_id":438,"request_id":"0b1a46c2-c5cb-47b4-91ee-bb71c1e54a18","event":"orderupdated"}
2026-09-03T03:58:04+00:00 INFO Central order received successfully. CONTEXT: {"store_id":"site1","source_order_id":368543,"central_order_id":438,"request_id":"c2d34462-8eaf-464c-aec9-b9428892bccc","event":"orderupdated"}
2026-09-03T03:59:04+00:00 INFO Central order received successfully. CONTEXT: {"store_id":"site1","source_order_id":368543,"central_order_id":438,"request_id":"b9b46ce2-4758-401d-a19c-3d3bceb4d107","event":"orderupdated"}
2026-09-03T04:01:57+00:00 INFO Central order received successfully. CONTEXT: {"store_id":"site1","source_order_id":368543,"central_order_id":438,"request_id":"90a992af-6317-4e3b-8d07-514ff403691c","event":"orderupdated"}
2026-09-03T04:03:04+00:00 INFO Central order received successfully. CONTEXT: {"store_id":"site1","source_order_id":368543,"central_order_id":438,"request_id":"aedcd242-01c6-4c9f-ab6c-72cd39cc935b","event":"orderupdated"}
2026-09-03T04:04:04+00:00 INFO Central order received successfully. CONTEXT: {"store_id":"site1","source_order_id":368543,"central_order_id":438,"request_id":"e11863eb-2110-42c6-905a-336095204b9f","event":"orderupdated"}
2026-09-03T04:05:04+00:00 INFO Central order received successfully. CONTEXT: {"store_id":"site1","source_order_id":368543,"central_order_id":438,"request_id":"99cace71-ab27-4110-9214-197a8a5ae939","event":"orderupdated"}
2026-09-03T04:06:04+00:00 INFO Central order received successfully. CONTEXT: {"store_id":"site1","source_order_id":368543,"central_order_id":438,"request_id":"07af6129-e47b-4c8b-a9fd-9a5546134548","event":"orderupdated"}
2026-09-03T04:07:04+00:00 INFO Central order received successfully. CONTEXT: {"store_id":"site1","source_order_id":368543,"central_order_id":438,"request_id":"80900b4e-1236-4bc0-a34d-974ab4fc84fc","event":"orderupdated"}
2026-09-03T04:16:38+00:00 INFO Central order received successfully. CONTEXT: {"store_id":"site1","source_order_id":368543,"central_order_id":438,"request_id":"5111dee8-0444-48fd-bc06-d19a38a73471","event":"orderupdated"}
2026-09-03T04:17:04+00:00 INFO Central order received successfully. CONTEXT: {"store_id":"site1","source_order_id":368543,"central_order_id":438,"request_id":"55236d5d-a47f-47fc-ba4a-669f2d50f98d","event":"orderupdated"}
2026-09-03T04:18:05+00:00 INFO Central order received successfully. CONTEXT: {"store_id":"site1","source_order_id":368543,"central_order_id":438,"request_id":"3461087b-bb9e-47cb-a02c-c76968285f47","event":"orderupdated"}
2026-09-03T04:19:04+00:00 INFO Central order received successfully. CONTEXT: {"store_id":"site1","source_order_id":368543,"central_order_id":438,"request_id":"01d993f0-0600-4268-ba59-9d94891be73a","event":"orderupdated"}
2026-09-03T04:20:04+00:00 INFO Central order received successfully. CONTEXT: {"store_id":"site1","source_order_id":368543,"central_order_id":438,"request_id":"3ed81f33-5571-4bd3-8ee3-9112ff4767cd","event":"orderupdated"}
2026-09-03T04:20:59+00:00 INFO Central order received successfully. CONTEXT: {"store_id":"site1","source_order_id":368543,"central_order_id":438,"request_id":"c3de54f6-4812-420b-93f9-0f6a32ecd135","event":"orderupdated"}
2026-09-03T04:22:04+00:00 INFO Central order received successfully. CONTEXT: {"store_id":"site1","source_order_id":368543,"central_order_id":438,"request_id":"920bbd25-7ea9-4c2c-b432-5ae406bd3cfc","event":"orderupdated"}
2026-09-03T04:30:04+00:00 INFO Central order received successfully. CONTEXT: {"store_id":"site1","source_order_id":368543,"central_order_id":438,"request_id":"7b69e3e9-026a-4929-8eb8-84af4a0fa912","event":"orderupdated"}
2026-09-03T04:30:59+00:00 INFO Central order received successfully. CONTEXT: {"store_id":"site1","source_order_id":368543,"central_order_id":438,"request_id":"f4532f5c-dc0c-4a7f-bfd6-f7103b9511dd","event":"orderupdated"}
2026-09-03T04:37:42+00:00 INFO Central order received successfully. CONTEXT: {"store_id":"site1","source_order_id":368543,"central_order_id":438,"request_id":"6bae328f-9830-4190-96ac-a0be1feb0d8d","event":"orderupdated"}
2026-09-03T04:38:36+00:00 INFO Central order received successfully. CONTEXT: {"store_id":"site1","source_order_id":368543,"central_order_id":438,"request_id":"0a8e28e5-3969-46e4-b8fa-cfdd97af3d51","event":"orderupdated"}
2026-09-03T04:39:38+00:00 INFO Central order received successfully. CONTEXT: {"store_id":"site1","source_order_id":367445,"central_order_id":249,"request_id":"57698405-db52-4d87-ad90-b119f088bdd5","event":"orderupdated"}
2026-09-03T04:40:05+00:00 INFO Central order received successfully. CONTEXT: {"store_id":"site1","source_order_id":367445,"central_order_id":249,"request_id":"b5ce36e0-2200-4957-b9d8-4c4e690f32b1","event":"orderupdated"}
2026-09-03T04:40:33+00:00 INFO Central order received successfully. CONTEXT: {"store_id":"site1","source_order_id":367445,"central_order_id":249,"request_id":"f2240f28-f17f-45d3-9c5b-d16fcd0d90a3","event":"orderupdated"}
2026-09-03T04:42:10+00:00 INFO Order synchronization succeeded. CONTEXT: {"store_id":"site1","source_order_id":368530,"central_order_id":419,"event":"company_order_sync_push_central_status","request_id":"3ca9a0ca-c0fb-41b2-9b30-0325d1d78026"}
2026-09-03T04:43:09+00:00 INFO Order synchronization succeeded. CONTEXT: {"store_id":"site1","source_order_id":367933,"central_order_id":323,"event":"company_order_sync_push_central_status","request_id":"774c5b5a-6cb8-46d5-9973-423b6ac44a7c"}
2026-09-03T04:43:54+00:00 INFO Central order received successfully. CONTEXT: {"store_id":"site1","source_order_id":367445,"central_order_id":249,"request_id":"5cb07d50-868a-40a0-a152-f221da188675","event":"orderupdated"}
2026-09-03T04:44:09+00:00 INFO Order synchronization succeeded. CONTEXT: {"store_id":"site1","source_order_id":367525,"central_order_id":307,"event":"company_order_sync_push_central_status","request_id":"fef2a845-f7f7-4a6f-8aff-5d55a72dbf61"}
2026-09-03T04:44:10+00:00 INFO Central order received successfully. CONTEXT: {"store_id":"site1","source_order_id":367445,"central_order_id":249,"request_id":"26920376-c420-44ae-abcd-a8557422fb17","event":"orderupdated"}
2026-09-03T04:44:18+00:00 INFO Central order received successfully. CONTEXT: {"store_id":"site1","source_order_id":365584,"central_order_id":6418,"request_id":"05747e0a-8f3d-498c-927c-b39af2192928","event":"orderupdated"}
2026-09-03T04:45:10+00:00 INFO Order synchronization succeeded. CONTEXT: {"store_id":"site1","source_order_id":367447,"central_order_id":250,"event":"company_order_sync_push_central_status","request_id":"d1067e91-db63-4824-ab0c-7ffc27f8c434"}
2026-09-03T04:45:22+00:00 INFO Central order received successfully. CONTEXT: {"store_id":"site1","source_order_id":367445,"central_order_id":249,"request_id":"523d5931-281e-44bf-b042-d9bfc12dc65c","event":"orderupdated"}
2026-09-03T04:46:00+00:00 INFO Central order received successfully. CONTEXT: {"store_id":"site1","source_order_id":367445,"central_order_id":249,"request_id":"e2bdeab7-f512-4e9c-9f8d-3801b51337e7","event":"orderupdated"}
2026-09-03T04:46:09+00:00 INFO Order synchronization succeeded. CONTEXT: {"store_id":"site1","source_order_id":367406,"central_order_id":241,"event":"company_order_sync_push_central_status","request_id":"6be527b8-238f-4998-88ca-c26ce8e4ce0a"}
2026-09-03T04:47:04+00:00 INFO Central order received successfully. CONTEXT: {"store_id":"site1","source_order_id":367445,"central_order_id":249,"request_id":"c268f2f6-f0c0-4f14-8aa4-c661ffdd105a","event":"orderupdated"}
2026-09-03T04:47:09+00:00 INFO Central order received successfully. CONTEXT: {"store_id":"site1","source_order_id":367445,"central_order_id":249,"request_id":"ceaa1143-10a4-4c4f-8291-245fda105c14","event":"orderupdated"}
2026-09-03T04:47:09+00:00 INFO Order synchronization succeeded. CONTEXT: {"store_id":"site1","source_order_id":367339,"central_order_id":237,"event":"company_order_sync_push_central_status","request_id":"ee15db45-c61d-452c-8deb-eddb91bf21bc"}
2026-09-03T04:47:16+00:00 INFO Order synchronization succeeded. CONTEXT: {"store_id":"site1","source_order_id":367049,"central_order_id":168,"event":"company_order_sync_push_central_status","request_id":"5afd9c77-5017-4176-a74b-6059ab52d3a8"}
2026-09-03T04:47:58+00:00 INFO Central order received successfully. CONTEXT: {"store_id":"site1","source_order_id":367445,"central_order_id":249,"request_id":"f71248e7-bac6-4e39-9224-9c06b98783a6","event":"orderupdated"}
2026-09-03T04:48:04+00:00 INFO Order synchronization succeeded. CONTEXT: {"store_id":"site1","source_order_id":368612,"central_order_id":537,"event":"company_order_sync_push_central_status","request_id":"a7a64c17-f0f1-4af8-b4ca-26838d5d8120"}
2026-09-03T04:48:11+00:00 INFO Order synchronization succeeded. CONTEXT: {"store_id":"site1","source_order_id":366225,"central_order_id":40,"event":"company_order_sync_push_central_status","request_id":"1322ac1f-548a-41fc-94dc-59893b4757e6"}
2026-09-03T04:48:35+00:00 INFO Central order received successfully. CONTEXT: {"store_id":"site1","source_order_id":367445,"central_order_id":249,"request_id":"b24f32ac-80c0-4dae-a2e8-85b2a8d12fe0","event":"orderupdated"}
2026-09-03T04:49:06+00:00 INFO Central order received successfully. CONTEXT: {"store_id":"site1","source_order_id":368577,"central_order_id":519,"request_id":"c686c068-35f1-4127-91b2-97df8ecbe097","event":"orderupdated"}
2026-09-03T04:49:15+00:00 INFO Central order received successfully. CONTEXT: {"store_id":"site1","source_order_id":367445,"central_order_id":249,"request_id":"1a0284d1-9ac8-48fb-ac8e-9b7f7f2ae006","event":"orderupdated"}
2026-09-03T04:49:21+00:00 INFO Central order received successfully. CONTEXT: {"store_id":"site1","source_order_id":367445,"central_order_id":249,"request_id":"8bd16ad4-ccb7-4fe0-ba5e-429897a57e6b","event":"orderupdated"}
2026-09-03T04:50:07+00:00 INFO Central order received successfully. CONTEXT: {"store_id":"site1","source_order_id":367445,"central_order_id":249,"request_id":"7ceb9642-a4bd-49d3-a6ba-a7b13b10f661","event":"orderupdated"}
2026-09-03T04:50:22+00:00 INFO Central order received successfully. CONTEXT: {"store_id":"site1","source_order_id":367445,"central_order_id":249,"request_id":"8c69f4c4-a82d-430f-8d6f-287d55f0e2d1","event":"orderupdated"}
2026-09-03T04:50:36+00:00 INFO Central order received successfully. CONTEXT: {"store_id":"site1","source_order_id":367003,"central_order_id":136,"request_id":"5ac0aeb0-cd35-49e0-8eab-9b88d6571c5d","event":"orderupdated"}
2026-09-03T04:51:10+00:00 INFO Central order received successfully. CONTEXT: {"store_id":"site1","source_order_id":368580,"central_order_id":522,"request_id":"262dca43-026d-4f50-8ce7-9ef7392dbd47","event":"orderupdated"}
2026-09-03T04:51:25+00:00 INFO Central order received successfully. CONTEXT: {"store_id":"site1","source_order_id":368580,"central_order_id":522,"request_id":"25f111d5-63e4-40c7-88fe-17b924f87f60","event":"orderupdated"}
2026-09-03T04:51:39+00:00 INFO Central order received successfully. CONTEXT: {"store_id":"site1","source_order_id":367003,"central_order_id":136,"request_id":"6c87ecc5-a37f-4bb5-badf-a4913400212f","event":"orderupdated"}
2026-09-03T04:52:04+00:00 INFO Central order received successfully. CONTEXT: {"store_id":"site1","source_order_id":368580,"central_order_id":522,"request_id":"347ecd8e-60f4-48a2-9420-5b30bddd029e","event":"orderupdated"}
2026-09-03T04:52:36+00:00 INFO Central order received successfully. CONTEXT: {"store_id":"site1","source_order_id":368580,"central_order_id":522,"request_id":"4a5fb8f0-35cd-4d30-98fa-42c404eb4140","event":"orderupdated"}
2026-09-03T04:53:36+00:00 INFO Central order received successfully. CONTEXT: {"store_id":"site1","source_order_id":368580,"central_order_id":522,"request_id":"c6ea0c44-a935-4882-b6f8-be3e28ff28f0","event":"orderupdated"}
2026-09-03T04:54:13+00:00 INFO Central order received successfully. CONTEXT: {"store_id":"site1","source_order_id":368580,"central_order_id":522,"request_id":"2933c6ce-be84-431b-9438-331a5278d575","event":"orderupdated"}
2026-09-03T04:55:05+00:00 INFO Central order received successfully. CONTEXT: {"store_id":"site1","source_order_id":368580,"central_order_id":522,"request_id":"e8bd199d-6453-432b-adc9-808265753fc5","event":"orderupdated"}
2026-09-03T04:56:23+00:00 INFO Central order received successfully. CONTEXT: {"store_id":"site1","source_order_id":371792,"central_order_id":2782,"request_id":"26a888b0-d9f0-45b4-a0fe-3bdbeaa8297b","event":"orderupdated"}
2026-09-03T04:56:59+00:00 INFO Central order received successfully. CONTEXT: {"store_id":"site1","source_order_id":368580,"central_order_id":522,"request_id":"55b2fd4d-200a-4e9d-b6e1-7069b5c4768f","event":"orderupdated"}
2026-09-03T04:57:14+00:00 INFO Central order received successfully. CONTEXT: {"store_id":"site1","source_order_id":368580,"central_order_id":522,"request_id":"a99cd2f5-4afe-46df-bb41-3b9bce5e7db4","event":"orderupdated"}
2026-09-03T04:58:17+00:00 INFO Central order received successfully. CONTEXT: {"store_id":"site1","source_order_id":368580,"central_order_id":522,"request_id":"554b020f-4bf2-4558-b166-802986565aa4","event":"orderupdated"}
2026-09-03T04:59:11+00:00 INFO Central order received successfully. CONTEXT: {"store_id":"site1","source_order_id":368580,"central_order_id":522,"request_id":"3846321c-c125-4b3a-a24c-83e0146f66ab","event":"orderupdated"}
2026-09-03T05:01:07+00:00 INFO Central order received successfully. CONTEXT: {"store_id":"site1","source_order_id":368580,"central_order_id":522,"request_id":"99560cec-cba8-42f0-9603-5a5ba6ac8f3f","event":"orderupdated"}
2026-09-03T05:03:19+00:00 INFO Central order received successfully. CONTEXT: {"store_id":"site1","source_order_id":368580,"central_order_id":522,"request_id":"a1ebfd9d-19de-4cd4-a371-5ef266e5ac66","event":"orderupdated"}
2026-09-03T05:04:09+00:00 INFO Central order received successfully. CONTEXT: {"store_id":"site1","source_order_id":365722,"central_order_id":6476,"request_id":"c527fb58-ece4-446d-a8a6-2cb4185dafd0","event":"orderupdated"}
2026-09-03T05:04:51+00:00 INFO Central order received successfully. CONTEXT: {"store_id":"site1","source_order_id":365722,"central_order_id":6476,"request_id":"d23e8106-be89-4090-9f52-a5dd0e2f789a","event":"orderupdated"}
2026-09-03T05:06:04+00:00 INFO Central order received successfully. CONTEXT: {"store_id":"site1","source_order_id":365722,"central_order_id":6476,"request_id":"ecbf3980-43a6-4afc-a3b8-57c5764265ac","event":"orderupdated"}
2026-09-03T05:06:31+00:00 INFO Central order received successfully. CONTEXT: {"store_id":"site1","source_order_id":365722,"central_order_id":6476,"request_id":"dbb5e35b-6365-4383-bd75-c52981ea52e1","event":"orderupdated"}
2026-09-03T05:07:18+00:00 INFO Central order received successfully. CONTEXT: {"store_id":"site1","source_order_id":365722,"central_order_id":6476,"request_id":"fe2d4fbf-d29d-4830-9cba-97fd21b85f7c","event":"orderupdated"}
2026-09-03T05:08:11+00:00 INFO Central order received successfully. CONTEXT: {"store_id":"site1","source_order_id":365722,"central_order_id":6476,"request_id":"f1c8aa82-18bb-4fa2-b382-def99e17a8ca","event":"orderupdated"}
2026-09-03T05:09:44+00:00 INFO Central order received successfully. CONTEXT: {"store_id":"site1","source_order_id":365722,"central_order_id":6476,"request_id":"90794eb4-e2de-4fba-8043-61ab4e68baa2","event":"orderupdated"}
2026-09-03T05:10:28+00:00 INFO Central order received successfully. CONTEXT: {"store_id":"site1","source_order_id":368568,"central_order_id":6564,"request_id":"23fc03dc-9e16-4d9e-97fd-888d08fffd7a","event":"orderupdated"}
2026-09-03T05:10:31+00:00 INFO Central order received successfully. CONTEXT: {"store_id":"site1","source_order_id":368568,"central_order_id":6564,"request_id":"d6713a55-213f-42e8-8247-e0fad8584900","event":"orderupdated"}
2026-09-03T05:10:58+00:00 INFO Central order received successfully. CONTEXT: {"store_id":"site1","source_order_id":365722,"central_order_id":6476,"request_id":"bc05bd2e-9304-48c7-9256-4836425e46fd","event":"orderupdated"}
2026-09-03T05:12:23+00:00 INFO Central order received successfully. CONTEXT: {"store_id":"site1","source_order_id":368568,"central_order_id":6564,"request_id":"d436d75a-255d-4dd8-87c8-ede41da5fe0e","event":"orderupdated"}
2026-09-03T05:13:19+00:00 INFO Central order received successfully. CONTEXT: {"store_id":"site1","source_order_id":368568,"central_order_id":6564,"request_id":"85dad916-e1c4-453a-a605-41f2a46ccf9a","event":"orderupdated"}
2026-09-03T05:14:29+00:00 INFO Central order received successfully. CONTEXT: {"store_id":"site1","source_order_id":368568,"central_order_id":6564,"request_id":"db869a56-5f4c-45fb-bfd8-bc191f2c4ed8","event":"orderupdated"}
2026-09-03T05:15:06+00:00 INFO Central order received successfully. CONTEXT: {"store_id":"site1","source_order_id":368568,"central_order_id":6564,"request_id":"760d42f9-4e50-4482-ac62-68ced7e9537d","event":"orderupdated"}
2026-09-03T05:15:48+00:00 INFO Central order received successfully. CONTEXT: {"store_id":"site1","source_order_id":368568,"central_order_id":6564,"request_id":"6f1d5d33-aa51-41c7-8335-67a44c59b71e","event":"orderupdated"}
2026-09-03T05:16:34+00:00 INFO Central order received successfully. CONTEXT: {"store_id":"site1","source_order_id":368568,"central_order_id":6564,"request_id":"9a75d1f6-9556-4d33-8800-b3bd0ca18540","event":"orderupdated"}
2026-09-03T05:17:04+00:00 INFO Central order received successfully. CONTEXT: {"store_id":"site1","source_order_id":363537,"central_order_id":5967,"request_id":"2bae7a69-0569-4cc6-8f49-e4c588c18c91","event":"orderupdated"}
2026-09-03T05:17:14+00:00 INFO Central order received successfully. CONTEXT: {"store_id":"site1","source_order_id":368568,"central_order_id":6564,"request_id":"124cb7ba-7e82-4dee-a819-02fdcf750bce","event":"orderupdated"}
2026-09-03T05:17:19+00:00 INFO Central order received successfully. CONTEXT: {"store_id":"site1","source_order_id":365918,"central_order_id":1890,"request_id":"f35fecdb-3e59-4820-88e9-a263b3971959","event":"orderupdated"}
2026-09-03T05:17:26+00:00 INFO Central order received successfully. CONTEXT: {"store_id":"site1","source_order_id":368568,"central_order_id":6564,"request_id":"d7ba18fc-1145-405c-9282-daf4e3ec1071","event":"orderupdated"}
2026-09-03T05:18:01+00:00 INFO Central order received successfully. CONTEXT: {"store_id":"site1","source_order_id":365918,"central_order_id":1890,"request_id":"8340599c-66cd-4b22-80f5-a23aad552a2c","event":"orderupdated"}
2026-09-03T05:18:39+00:00 INFO Central order received successfully. CONTEXT: {"store_id":"site1","source_order_id":365918,"central_order_id":1890,"request_id":"ee2e2c0d-89a8-4707-8a41-729f25d1bd2f","event":"orderupdated"}
2026-09-03T05:18:48+00:00 INFO Central order received successfully. CONTEXT: {"store_id":"site1","source_order_id":365918,"central_order_id":1890,"request_id":"2d7f935b-1b37-440e-9795-538a2a186dae","event":"orderupdated"}
2026-09-03T05:19:13+00:00 INFO Central order received successfully. CONTEXT: {"store_id":"site1","source_order_id":365918,"central_order_id":1890,"request_id":"20716cb9-2bd3-4e94-8409-df8e789bbe92","event":"orderupdated"}
2026-09-03T05:19:54+00:00 INFO Central order received successfully. CONTEXT: {"store_id":"site1","source_order_id":365918,"central_order_id":1890,"request_id":"220781a2-bdcd-4900-8746-00c33b8f1699","event":"orderupdated"}
2026-09-03T05:20:57+00:00 INFO Central order received successfully. CONTEXT: {"store_id":"site1","source_order_id":365918,"central_order_id":1890,"request_id":"0dbc54db-36b1-4d46-9f8a-8953a34478a8","event":"orderupdated"}
2026-09-03T05:23:04+00:00 INFO Order synchronization succeeded. CONTEXT: {"store_id":"site1","source_order_id":372378,"central_order_id":5616,"event":"company_order_sync_push_central_status","request_id":"5b88357a-1e41-4606-beb9-825114e7fa8d"}
2026-09-03T05:23:07+00:00 INFO Order synchronization succeeded. CONTEXT: {"store_id":"site1","source_order_id":371960,"central_order_id":3865,"event":"company_order_sync_push_central_status","request_id":"243a5896-4d4a-42f4-86ee-ca44afbb5511"}
2026-09-03T05:23:08+00:00 INFO Order synchronization succeeded. CONTEXT: {"store_id":"site1","source_order_id":371792,"central_order_id":2782,"event":"company_order_sync_push_central_status","request_id":"436a3dd2-7242-4a9d-97f3-af6ea89dacdc"}
2026-09-03T05:23:10+00:00 INFO Order synchronization succeeded. CONTEXT: {"store_id":"site1","source_order_id":371778,"central_order_id":2372,"event":"company_order_sync_push_central_status","request_id":"399f8214-9b1d-43a7-91be-34ac2c31e1e2"}
2026-09-03T05:23:12+00:00 INFO Order synchronization succeeded. CONTEXT: {"store_id":"site1","source_order_id":370552,"central_order_id":1424,"event":"company_order_sync_push_central_status","request_id":"b877f16a-ee90-41ac-aad7-eccd76b5be32"}
2026-09-03T05:23:14+00:00 INFO Order synchronization succeeded. CONTEXT: {"store_id":"site1","source_order_id":369828,"central_order_id":658,"event":"company_order_sync_push_central_status","request_id":"e0547e10-5346-4d3d-8dc6-d776391e47e3"}
2026-09-03T05:23:15+00:00 INFO Order synchronization succeeded. CONTEXT: {"store_id":"site1","source_order_id":369535,"central_order_id":646,"event":"company_order_sync_push_central_status","request_id":"54ae6662-3172-4ed8-b269-09a042301ef2"}
2026-09-03T05:23:17+00:00 INFO Order synchronization succeeded. CONTEXT: {"store_id":"site1","source_order_id":368587,"central_order_id":530,"event":"company_order_sync_push_central_status","request_id":"7a93ad7c-3a29-46f5-a40c-6f2cdb087427"}
2026-09-03T05:23:19+00:00 INFO Order synchronization succeeded. CONTEXT: {"store_id":"site1","source_order_id":368573,"central_order_id":515,"event":"company_order_sync_push_central_status","request_id":"27ab7801-f813-47be-92c2-86c27541b4a7"}
2026-09-03T05:23:21+00:00 INFO Order synchronization succeeded. CONTEXT: {"store_id":"site1","source_order_id":368555,"central_order_id":474,"event":"company_order_sync_push_central_status","request_id":"f3bb559f-187e-44fc-b480-d20c62c21609"}
2026-09-03T05:23:22+00:00 INFO Order synchronization succeeded. CONTEXT: {"store_id":"site1","source_order_id":365932,"central_order_id":18,"event":"company_order_sync_push_central_status","request_id":"f481caa9-a065-49ac-a740-cbc272e189c4"}
2026-09-03T05:23:24+00:00 INFO Order synchronization succeeded. CONTEXT: {"store_id":"site1","source_order_id":365487,"central_order_id":6390,"event":"company_order_sync_push_central_status","request_id":"041e5504-c3d0-4fab-8580-c5993c6b86ee"}
2026-09-03T05:24:33+00:00 INFO Central order received successfully. CONTEXT: {"store_id":"site1","source_order_id":375177,"central_order_id":6574,"request_id":"89eac2ac-eb32-4d78-9edb-428b059b9be1","event":"orderupdated"}
2026-09-03T05:26:02+00:00 INFO Central order received successfully. CONTEXT: {"store_id":"site1","source_order_id":375177,"central_order_id":6574,"request_id":"ead40887-fc60-4c03-b033-f7cbd1d41162","event":"orderupdated"}
2026-09-03T05:26:40+00:00 INFO Central order received successfully. CONTEXT: {"store_id":"site1","source_order_id":375177,"central_order_id":6574,"request_id":"ecebd072-b1d2-4e42-99f4-4a7ca3cb1f46","event":"orderupdated"}
2026-09-03T05:27:17+00:00 INFO Central order received successfully. CONTEXT: {"store_id":"site1","source_order_id":365793,"central_order_id":6522,"request_id":"f383cd99-a09a-4126-9e0b-7f6f84cbc84c","event":"orderupdated"}
2026-09-03T05:27:36+00:00 INFO Central order received successfully. CONTEXT: {"store_id":"site1","source_order_id":375177,"central_order_id":6574,"request_id":"2da732c8-2fe5-43b9-8944-30fe15028926","event":"orderupdated"}
2026-09-03T05:28:05+00:00 INFO Central order received successfully. CONTEXT: {"store_id":"site1","source_order_id":365793,"central_order_id":6522,"request_id":"f6b4cacf-8ab6-46c4-8399-816f1d342689","event":"orderupdated"}
2026-09-03T05:28:36+00:00 INFO Central order received successfully. CONTEXT: {"store_id":"site1","source_order_id":365793,"central_order_id":6522,"request_id":"91bafdf4-e205-4e33-bf4c-cde0e07272dc","event":"orderupdated"}
2026-09-03T05:29:38+00:00 INFO Central order received successfully. CONTEXT: {"store_id":"site1","source_order_id":365793,"central_order_id":6522,"request_id":"004cef85-48d1-4823-a354-97daa48578fe","event":"orderupdated"}
2026-09-03T05:30:39+00:00 INFO Central order received successfully. CONTEXT: {"store_id":"site1","source_order_id":365793,"central_order_id":6522,"request_id":"4f5c95d5-5aeb-4ae7-88c1-8497777c4b9f","event":"orderupdated"}
2026-09-03T05:30:54+00:00 INFO Central order received successfully. CONTEXT: {"store_id":"site1","source_order_id":365793,"central_order_id":6522,"request_id":"a69864b5-b3dd-48af-a4d4-0bd74f6ecc9c","event":"orderupdated"}
2026-09-03T05:31:54+00:00 INFO Central order received successfully. CONTEXT: {"store_id":"site1","source_order_id":365793,"central_order_id":6522,"request_id":"6292847d-70fd-471a-b887-18d53f7007f2","event":"orderupdated"}
2026-09-03T05:32:20+00:00 INFO Central order received successfully. CONTEXT: {"store_id":"site1","source_order_id":366950,"central_order_id":107,"request_id":"56503f57-3a06-45df-9419-00d38f977605","event":"orderupdated"}
2026-09-03T05:32:31+00:00 INFO Central order received successfully. CONTEXT: {"store_id":"site1","source_order_id":365793,"central_order_id":6522,"request_id":"6f1fca36-afbf-4041-890b-459a96fd7c16","event":"orderupdated"}
2026-09-03T05:33:25+00:00 INFO Central order received successfully. CONTEXT: {"store_id":"site1","source_order_id":366950,"central_order_id":107,"request_id":"690665a6-a5ab-4a23-90c7-c55a7a19109d","event":"orderupdated"}
2026-09-03T05:34:11+00:00 INFO Central order received successfully. CONTEXT: {"store_id":"site1","source_order_id":366950,"central_order_id":107,"request_id":"e896d75a-8715-405f-85db-5273c7c97a04","event":"orderupdated"}
2026-09-03T05:34:50+00:00 INFO Central order received successfully. CONTEXT: {"store_id":"site1","source_order_id":366950,"central_order_id":107,"request_id":"41e1cb16-9a27-4f27-a5c5-6d0498ff0d27","event":"orderupdated"}
2026-09-03T05:39:15+00:00 INFO Central order received successfully. CONTEXT: {"store_id":"site1","source_order_id":363697,"central_order_id":85,"request_id":"ec028840-e906-43b3-af43-768d63f009ef","event":"orderupdated"}
2026-09-03T05:39:24+00:00 INFO Central order received successfully. CONTEXT: {"store_id":"site1","source_order_id":367322,"central_order_id":227,"request_id":"4ed6e16a-ec5b-4d4f-82b6-744875e8f35f","event":"orderupdated"}
2026-09-03T05:40:22+00:00 INFO Central order received successfully. CONTEXT: {"store_id":"site1","source_order_id":363697,"central_order_id":85,"request_id":"c168e2b8-9b6d-4ad6-be0c-d537b5f4175b","event":"orderupdated"}
2026-09-03T05:40:38+00:00 INFO Central order received successfully. CONTEXT: {"store_id":"site1","source_order_id":363697,"central_order_id":85,"request_id":"15af7474-ffa3-4276-9fd7-470e873dd690","event":"orderupdated"}
2026-09-03T05:46:59+00:00 INFO Central order received successfully. CONTEXT: {"store_id":"site1","source_order_id":375269,"central_order_id":6575,"request_id":"5f011566-da8f-4a79-a550-3806ef82be70","event":"orderupdated"}
2026-09-03T05:48:10+00:00 INFO Central order received successfully. CONTEXT: {"store_id":"site1","source_order_id":375269,"central_order_id":6575,"request_id":"266b43da-9631-4a72-be9f-f09647d9ec79","event":"orderupdated"}
2026-09-03T05:48:21+00:00 INFO Central order received successfully. CONTEXT: {"store_id":"site1","source_order_id":375269,"central_order_id":6575,"request_id":"9b28a8f3-0636-42d8-933b-ea0e7e3b7347","event":"orderupdated"}
2026-09-03T05:49:04+00:00 INFO Central order received successfully. CONTEXT: {"store_id":"site1","source_order_id":375269,"central_order_id":6575,"request_id":"92105281-17c7-42ef-845c-bedfb638e8c8","event":"orderupdated"}
2026-09-03T05:49:34+00:00 INFO Central order received successfully. CONTEXT: {"store_id":"site1","source_order_id":375269,"central_order_id":6575,"request_id":"25551c04-3c51-4feb-8f77-218d310158ac","event":"orderupdated"}
2026-09-03T05:50:04+00:00 INFO Central order received successfully. CONTEXT: {"store_id":"site1","source_order_id":375269,"central_order_id":6575,"request_id":"edb34509-05a1-49c0-8d0b-055db673f510","event":"orderupdated"}
2026-09-03T05:50:22+00:00 INFO Central order received successfully. CONTEXT: {"store_id":"site1","source_order_id":375269,"central_order_id":6575,"request_id":"a2d5f2b2-2971-4fee-87dd-f29ae4907157","event":"orderupdated"}
2026-09-03T05:51:35+00:00 INFO Central order received successfully. CONTEXT: {"store_id":"site1","source_order_id":375270,"central_order_id":6576,"request_id":"42b1e87b-282e-4948-a233-f3d32bae0552","event":"orderupdated"}
2026-09-03T05:52:39+00:00 INFO Central order received successfully. CONTEXT: {"store_id":"site1","source_order_id":375270,"central_order_id":6576,"request_id":"e6f06760-5905-450f-8692-5c038b81ace5","event":"orderupdated"}
2026-09-03T05:53:21+00:00 INFO Central order received successfully. CONTEXT: {"store_id":"site1","source_order_id":375270,"central_order_id":6576,"request_id":"e7a4c3ea-7d9a-42df-82b0-8077eaa79edd","event":"orderupdated"}
2026-09-03T05:53:47+00:00 INFO Central order received successfully. CONTEXT: {"store_id":"site1","source_order_id":375270,"central_order_id":6576,"request_id":"9c8f78dd-1a1b-4bd0-a522-5907b655d5da","event":"orderupdated"}
2026-09-03T05:54:55+00:00 INFO Central order received successfully. CONTEXT: {"store_id":"site1","source_order_id":363830,"central_order_id":495,"request_id":"72f93cb3-0112-458b-82b5-86f196760c0b","event":"orderupdated"}
2026-09-03T05:57:05+00:00 INFO Central order received successfully. CONTEXT: {"store_id":"site1","source_order_id":375270,"central_order_id":6576,"request_id":"56f8dfe2-1f2c-4ad3-89e9-a47595bfb1bf","event":"orderupdated"}
2026-09-03T05:57:10+00:00 INFO Central order received successfully. CONTEXT: {"store_id":"site1","source_order_id":375270,"central_order_id":6576,"request_id":"2b029b65-5714-48cc-848e-3088694b3635","event":"orderupdated"}
2026-09-03T05:58:05+00:00 INFO Central order received successfully. CONTEXT: {"store_id":"site1","source_order_id":375270,"central_order_id":6576,"request_id":"73fa1a4b-ba9d-4c13-94af-6af8fe89e2af","event":"orderupdated"}
2026-09-03T05:58:07+00:00 INFO Central order received successfully. CONTEXT: {"store_id":"site1","source_order_id":375270,"central_order_id":6576,"request_id":"eb06d125-cb22-4339-a61b-9ad8f3fc0c4e","event":"orderupdated"}
2026-09-03T05:59:05+00:00 INFO Central order received successfully. CONTEXT: {"store_id":"site1","source_order_id":375270,"central_order_id":6576,"request_id":"b3e03715-6f0d-4afd-ab07-99bca349a2be","event":"orderupdated"}
2026-09-03T05:59:31+00:00 INFO Central order received successfully. CONTEXT: {"store_id":"site1","source_order_id":375270,"central_order_id":6576,"request_id":"f07803b4-f76f-46f3-a6aa-85203f6d2e8a","event":"orderupdated"}
2026-09-03T06:00:05+00:00 INFO Central order received successfully. CONTEXT: {"store_id":"site1","source_order_id":375270,"central_order_id":6576,"request_id":"e38e626f-8d29-4693-92a6-59b6c4435f4c","event":"orderupdated"}
2026-09-03T06:04:02+00:00 INFO Central order received successfully. CONTEXT: {"store_id":"site1","source_order_id":375270,"central_order_id":6576,"request_id":"aaca4b40-31be-4638-8687-0e4e9ca5b5e7","event":"orderupdated"}
2026-09-03T06:04:53+00:00 INFO Central order received successfully. CONTEXT: {"store_id":"site1","source_order_id":375270,"central_order_id":6576,"request_id":"60c784c5-e20d-499e-a5d5-07ce57497013","event":"orderupdated"}
2026-09-03T06:05:57+00:00 INFO Central order received successfully. CONTEXT: {"store_id":"site1","source_order_id":375270,"central_order_id":6576,"request_id":"3c13992d-c407-48ab-b270-4928acc59d8d","event":"orderupdated"}
2026-09-03T06:06:37+00:00 INFO Central order received successfully. CONTEXT: {"store_id":"site1","source_order_id":375270,"central_order_id":6576,"request_id":"d6cd4a78-e195-4ad7-b0ba-d43cee923860","event":"orderupdated"}
2026-09-03T06:07:32+00:00 INFO Central order received successfully. CONTEXT: {"store_id":"site1","source_order_id":375270,"central_order_id":6576,"request_id":"c890e2a8-8112-4630-980e-101628f9c769","event":"orderupdated"}
2026-09-03T06:08:08+00:00 INFO Central order received successfully. CONTEXT: {"store_id":"site1","source_order_id":375270,"central_order_id":6576,"request_id":"2294d4cd-4994-4696-b036-0b3fcc16a194","event":"orderupdated"}
2026-09-03T06:08:49+00:00 INFO Central order received successfully. CONTEXT: {"store_id":"site1","source_order_id":375270,"central_order_id":6576,"request_id":"f33798da-37e8-4f96-9c3d-6c8885319712","event":"orderupdated"}
2026-09-03T06:09:05+00:00 INFO Central order received successfully. CONTEXT: {"store_id":"site1","source_order_id":368611,"central_order_id":536,"request_id":"a881a57b-75ab-4dc2-a68c-b01218e2ea6d","event":"orderupdated"}
2026-09-03T06:09:36+00:00 INFO Central order received successfully. CONTEXT: {"store_id":"site1","source_order_id":368611,"central_order_id":536,"request_id":"155b8b72-9e33-4ed5-8268-0054d98e00b7","event":"orderupdated"}
2026-09-03T06:10:10+00:00 INFO Central order received successfully. CONTEXT: {"store_id":"site1","source_order_id":368611,"central_order_id":536,"request_id":"a7387c1c-f73b-41cf-bcf3-0514c9d5a069","event":"orderupdated"}
2026-09-03T06:11:04+00:00 INFO Central order received successfully. CONTEXT: {"store_id":"site1","source_order_id":368611,"central_order_id":536,"request_id":"f58c3cf4-d46b-4f43-81ac-71662bedb144","event":"orderupdated"}
2026-09-03T06:11:18+00:00 INFO Central order received successfully. CONTEXT: {"store_id":"site1","source_order_id":368611,"central_order_id":536,"request_id":"f680c4a2-15d7-4cde-93c4-5d771f6343ac","event":"orderupdated"}
2026-09-03T06:12:04+00:00 INFO Central order received successfully. CONTEXT: {"store_id":"site1","source_order_id":368611,"central_order_id":536,"request_id":"8f400da6-e886-482e-bf10-b3372d790da0","event":"orderupdated"}
2026-09-03T06:12:27+00:00 INFO Central order received successfully. CONTEXT: {"store_id":"site1","source_order_id":368611,"central_order_id":536,"request_id":"d16d6f62-b517-4b69-a759-a0dc9895c830","event":"orderupdated"}
2026-09-03T06:13:04+00:00 INFO Central order received successfully. CONTEXT: {"store_id":"site1","source_order_id":368611,"central_order_id":536,"request_id":"fa9f2154-8a22-4b97-8791-0d4412d24694","event":"orderupdated"}
2026-09-03T06:13:28+00:00 INFO Central order received successfully. CONTEXT: {"store_id":"site1","source_order_id":368611,"central_order_id":536,"request_id":"f68fd1a9-e0dc-4a6c-b07d-87fbe6001c27","event":"orderupdated"}
2026-09-03T06:14:05+00:00 INFO Central order received successfully. CONTEXT: {"store_id":"site1","source_order_id":368611,"central_order_id":536,"request_id":"3fcd8e58-444f-4540-ac56-815b1bcc6a74","event":"orderupdated"}
2026-09-03T06:14:30+00:00 INFO Central order received successfully. CONTEXT: {"store_id":"site1","source_order_id":368611,"central_order_id":536,"request_id":"f2aeaa4e-fb65-4d12-9298-850ea8f23d9d","event":"orderupdated"}
2026-09-03T06:20:46+00:00 INFO Central order received successfully. CONTEXT: {"store_id":"site1","source_order_id":370527,"central_order_id":6617,"request_id":"a92e60b0-1473-4e8a-87f8-85bd9ad3dd58","event":"orderupdated"}
2026-09-03T06:21:44+00:00 INFO Central order received successfully. CONTEXT: {"store_id":"site1","source_order_id":368611,"central_order_id":536,"request_id":"b5f30181-46e5-477f-86cb-59ab05424610","event":"orderupdated"}
2026-09-03T06:22:06+00:00 INFO Central order received successfully. CONTEXT: {"store_id":"site1","source_order_id":344754,"central_order_id":5324,"request_id":"6b8834aa-de4f-4b6b-8644-1bb7f0f67400","event":"orderupdated"}
2026-09-03T06:22:08+00:00 INFO Central order received successfully. CONTEXT: {"store_id":"site1","source_order_id":344754,"central_order_id":5324,"request_id":"eb1050c5-d831-4d9e-a121-603d8b564b7b","event":"orderupdated"}
2026-09-03T06:22:20+00:00 INFO Central order received successfully. CONTEXT: {"store_id":"site1","source_order_id":344754,"central_order_id":5324,"request_id":"da50b1e5-43c9-471d-9a96-880b131f412e","event":"orderupdated"}
2026-09-03T06:22:22+00:00 INFO Central order received successfully. CONTEXT: {"store_id":"site1","source_order_id":344754,"central_order_id":5324,"request_id":"8f1719b9-7381-4ca7-ac2d-3c009bb525e5","event":"orderupdated"}
2026-09-03T06:22:35+00:00 INFO Central order received successfully. CONTEXT: {"store_id":"site1","source_order_id":344754,"central_order_id":5324,"request_id":"2d721679-451b-4111-ad75-07f053583391","event":"orderupdated"}
2026-09-03T06:22:44+00:00 INFO Central order received successfully. CONTEXT: {"store_id":"site1","source_order_id":368611,"central_order_id":536,"request_id":"a81413ad-1519-461b-8018-7e9d74e8da09","event":"orderupdated"}
2026-09-03T06:22:59+00:00 INFO Central order received successfully. CONTEXT: {"store_id":"site1","source_order_id":344754,"central_order_id":5324,"request_id":"04192483-19f3-449b-b140-c545e5496070","event":"orderupdated"}
2026-09-03T06:23:07+00:00 INFO Central order received successfully. CONTEXT: {"store_id":"site1","source_order_id":344754,"central_order_id":5324,"request_id":"bb3a26b4-080a-4396-96fc-eda6ea7a1726","event":"orderupdated"}
2026-09-03T06:23:14+00:00 INFO Central order received successfully. CONTEXT: {"store_id":"site1","source_order_id":344754,"central_order_id":5324,"request_id":"583c7ca3-d1b8-4f92-8b1d-26c05d48562c","event":"orderupdated"}
2026-09-03T06:23:15+00:00 INFO Central order received successfully. CONTEXT: {"store_id":"site1","source_order_id":344754,"central_order_id":5324,"request_id":"e1ee3c4c-d8e0-40f1-a476-8852d0f044f8","event":"orderupdated"}
2026-09-03T06:23:22+00:00 INFO Central order received successfully. CONTEXT: {"store_id":"site1","source_order_id":368611,"central_order_id":536,"request_id":"1c476484-7be0-4d4f-a900-640ca386837d","event":"orderupdated"}
2026-09-03T06:23:29+00:00 INFO Central order received successfully. CONTEXT: {"store_id":"site1","source_order_id":344754,"central_order_id":5324,"request_id":"22bb75bd-21f3-4e6e-bb32-828ce846b5e5","event":"orderupdated"}
2026-09-03T06:23:37+00:00 INFO Central order received successfully. CONTEXT: {"store_id":"site1","source_order_id":344754,"central_order_id":5324,"request_id":"a24c3635-9c40-48dd-a857-5c8a0da49fbb","event":"orderupdated"}
2026-09-03T06:25:24+00:00 INFO Central order received successfully. CONTEXT: {"store_id":"site1","source_order_id":344754,"central_order_id":5324,"request_id":"752bc8ae-8eda-4af6-8ac5-4046b9a72ea2","event":"orderupdated"}
2026-09-03T06:25:42+00:00 INFO Central order received successfully. CONTEXT: {"store_id":"site1","source_order_id":344754,"central_order_id":5324,"request_id":"f05f17c9-cf4d-463d-91bc-817ea25cf493","event":"orderupdated"}
2026-09-03T06:26:04+00:00 INFO Central order received successfully. CONTEXT: {"store_id":"site1","source_order_id":344754,"central_order_id":5324,"request_id":"2eb3d232-ad05-43b5-b295-5e9a0aa87c47","event":"orderupdated"}
2026-09-03T06:26:16+00:00 INFO Central order received successfully. CONTEXT: {"store_id":"site1","source_order_id":344754,"central_order_id":5324,"request_id":"371ff39f-db8d-4eee-83f6-2c83f4cb5cc1","event":"orderupdated"}
2026-09-03T06:27:05+00:00 INFO Central order received successfully. CONTEXT: {"store_id":"site1","source_order_id":344754,"central_order_id":5324,"request_id":"7d2bfa0d-fdbd-419a-be21-94739d02bb8f","event":"orderupdated"}
2026-09-03T06:27:07+00:00 INFO Central order received successfully. CONTEXT: {"store_id":"site1","source_order_id":344754,"central_order_id":5324,"request_id":"a8b9486c-33c3-476e-80bf-ea35848b94c0","event":"orderupdated"}
2026-09-03T06:29:10+00:00 INFO Central order received successfully. CONTEXT: {"store_id":"site1","source_order_id":344754,"central_order_id":5324,"request_id":"0d341f33-5220-4b03-bdaa-016a1ac4a2c0","event":"orderupdated"}
2026-09-03T06:31:40+00:00 INFO Central order received successfully. CONTEXT: {"store_id":"site1","source_order_id":344754,"central_order_id":5324,"request_id":"25d926e9-2a5b-4ff4-92cc-da81ce91cbc8","event":"orderupdated"}
2026-09-03T06:31:47+00:00 INFO Central order received successfully. CONTEXT: {"store_id":"site1","source_order_id":344754,"central_order_id":5324,"request_id":"290f9553-2b61-4619-88e1-ee975c488c3a","event":"orderupdated"}
2026-09-03T06:32:01+00:00 INFO Central order received successfully. CONTEXT: {"store_id":"site1","source_order_id":344754,"central_order_id":5324,"request_id":"41287725-c122-4185-af63-91535520f6b1","event":"orderupdated"}
2026-09-03T06:32:08+00:00 INFO Central order received successfully. CONTEXT: {"store_id":"site1","source_order_id":344754,"central_order_id":5324,"request_id":"198891eb-67ce-4ef9-93ef-45b2a8038da4","event":"orderupdated"}
2026-09-03T06:32:43+00:00 INFO Central order received successfully. CONTEXT: {"store_id":"site1","source_order_id":344754,"central_order_id":5324,"request_id":"fd433194-c09a-4112-b972-813bb23e336f","event":"orderupdated"}
2026-09-03T06:32:49+00:00 INFO Central order received successfully. CONTEXT: {"store_id":"site1","source_order_id":344754,"central_order_id":5324,"request_id":"4dab606f-a6da-4bd0-8b7f-746ff0a2e387","event":"orderupdated"}
2026-09-03T06:32:56+00:00 INFO Central order received successfully. CONTEXT: {"store_id":"site1","source_order_id":344754,"central_order_id":5324,"request_id":"62debef6-50a3-492f-8c37-c0309ed91651","event":"orderupdated"}
2026-09-03T06:33:03+00:00 INFO Central order received successfully. CONTEXT: {"store_id":"site1","source_order_id":344754,"central_order_id":5324,"request_id":"5c644ae1-ba70-46e7-b461-4fe90d5f176a","event":"orderupdated"}
2026-09-03T06:33:27+00:00 INFO Central order received successfully. CONTEXT: {"store_id":"site1","source_order_id":344754,"central_order_id":5324,"request_id":"c022a303-3242-44bc-9e87-1a59e8fb91ab","event":"orderupdated"}
2026-09-03T06:33:30+00:00 INFO Central order received successfully. CONTEXT: {"store_id":"site1","source_order_id":344754,"central_order_id":5324,"request_id":"577dcc87-fabc-4bcd-846e-bd5b0160e3ec","event":"orderupdated"}
2026-09-03T06:33:33+00:00 INFO Central order received successfully. CONTEXT: {"store_id":"site1","source_order_id":344754,"central_order_id":5324,"request_id":"150090cd-eab4-454a-83ed-326d78f8a671","event":"orderupdated"}
2026-09-03T06:34:04+00:00 INFO Central order received successfully. CONTEXT: {"store_id":"site1","source_order_id":344754,"central_order_id":5324,"request_id":"44278eeb-86da-4538-9647-8c2d8084a6c4","event":"orderupdated"}
2026-09-03T06:34:07+00:00 INFO Central order received successfully. CONTEXT: {"store_id":"site1","source_order_id":344754,"central_order_id":5324,"request_id":"03944ea1-aaeb-40f7-8e68-1a14c3786511","event":"orderupdated"}
2026-09-03T06:34:12+00:00 INFO Central order received successfully. CONTEXT: {"store_id":"site1","source_order_id":344754,"central_order_id":5324,"request_id":"1feb5958-5db9-4e37-a73e-ce9423ad350e","event":"orderupdated"}
2026-09-03T08:43:28+00:00 INFO Central order received successfully. CONTEXT: {"store_id":"site1","source_order_id":366282,"central_order_id":54,"request_id":"2afd7f49-574f-4279-a3dd-de35d455a943","event":"orderupdated"}
2026-09-03T08:43:28+00:00 INFO Central order received successfully. CONTEXT: {"store_id":"site1","source_order_id":366282,"central_order_id":54,"request_id":"9534ddb5-0e50-481b-851b-cd78f74aa340","event":"orderupdated"}
2026-09-03T08:43:28+00:00 INFO Central order received successfully. CONTEXT: {"store_id":"site1","source_order_id":366282,"central_order_id":54,"request_id":"59764039-1640-4ab8-b1fc-1ae64f2b06e9","event":"orderupdated"}
2026-09-03T08:43:28+00:00 ERROR Snapshot order mapping failed. CONTEXT: {"store_id":"site2","source_order_id":42120,"page":1,"attempt":0,"error":"This order is already being synchronized."}
2026-09-03T08:43:28+00:00 ERROR Snapshot order mapping failed. CONTEXT: {"store_id":"site2","source_order_id":42120,"page":1,"attempt":0,"error":"This order is already being synchronized."}
2026-09-03T08:43:28+00:00 ERROR Snapshot order mapping failed. CONTEXT: {"store_id":"site2","source_order_id":42666,"page":1,"attempt":0,"error":"This order is already being synchronized."}
2026-09-03T08:43:28+00:00 INFO Central order received successfully. CONTEXT: {"store_id":"site1","source_order_id":354830,"central_order_id":478,"request_id":"07141898-b216-4ede-832c-ad0fbb2a7bc0","event":"orderupdated"}
2026-09-03T08:43:28+00:00 INFO Central order received successfully. CONTEXT: {"store_id":"site1","source_order_id":354830,"central_order_id":478,"request_id":"12bcf74b-bb69-4c1a-af5a-af298a3adc96","event":"orderupdated"}
2026-09-03T08:43:29+00:00 INFO Central order received successfully. CONTEXT: {"store_id":"site1","source_order_id":354830,"central_order_id":478,"request_id":"ecd22b79-3b57-4ee2-9c86-b0f2a9fe5054","event":"orderupdated"}
2026-09-03T08:43:29+00:00 INFO Central order received successfully. CONTEXT: {"store_id":"site1","source_order_id":354830,"central_order_id":478,"request_id":"1fea25de-8768-48b8-9fb1-d04b9d31aa46","event":"orderupdated"}
2026-09-03T08:43:29+00:00 INFO Central order received successfully. CONTEXT: {"store_id":"site1","source_order_id":363737,"central_order_id":6071,"request_id":"d9d531df-cd16-4e00-bb7e-84ed766a093c","event":"orderupdated"}
2026-09-03T08:43:29+00:00 INFO Central order received successfully. CONTEXT: {"store_id":"site1","source_order_id":354830,"central_order_id":478,"request_id":"f5bb0072-aec8-4a75-bd91-4abba96d6644","event":"orderupdated"}
2026-09-03T08:43:29+00:00 INFO Central order received successfully. CONTEXT: {"store_id":"site1","source_order_id":363737,"central_order_id":6071,"request_id":"8e1be722-7253-4f67-aedf-ba86579d5397","event":"orderupdated"}
2026-09-03T08:43:29+00:00 ERROR Snapshot order mapping failed. CONTEXT: {"store_id":"site1","source_order_id":351423,"page":1,"attempt":0,"error":"This order is already being synchronized."}
2026-09-03T08:43:29+00:00 INFO Central order received successfully. CONTEXT: {"store_id":"site1","source_order_id":363737,"central_order_id":6071,"request_id":"52664b43-77da-4963-9003-d019f194ffba","event":"orderupdated"}
2026-09-03T08:43:29+00:00 INFO Central order received successfully. CONTEXT: {"store_id":"site1","source_order_id":354830,"central_order_id":478,"request_id":"d4fa4121-0dc7-4132-8d25-be7277fa87ce","event":"orderupdated"}
2026-09-03T08:43:29+00:00 INFO Central order received successfully. CONTEXT: {"store_id":"site1","source_order_id":354830,"central_order_id":478,"request_id":"ef3b24fe-69be-4ba3-9be0-fc65564532e3","event":"orderupdated"}
2026-09-03T08:43:29+00:00 ERROR Snapshot order mapping failed. CONTEXT: {"store_id":"site1","source_order_id":351423,"page":1,"attempt":0,"error":"This order is already being synchronized."}
2026-09-03T08:43:29+00:00 ERROR Snapshot order mapping failed. CONTEXT: {"store_id":"site1","source_order_id":351424,"page":1,"attempt":0,"error":"This order is already being synchronized."}
2026-09-03T08:43:29+00:00 INFO Central order received successfully. CONTEXT: {"store_id":"site1","source_order_id":354830,"central_order_id":478,"request_id":"0b9274b0-196a-4a82-b344-b52cb3b9a01e","event":"orderupdated"}
2026-09-03T08:43:29+00:00 ERROR Snapshot order mapping failed. CONTEXT: {"store_id":"site1","source_order_id":351423,"page":1,"attempt":0,"error":"This order is already being synchronized."}
2026-09-03T08:43:29+00:00 ERROR Snapshot order mapping failed. CONTEXT: {"store_id":"site1","source_order_id":351424,"page":1,"attempt":0,"error":"This order is already being synchronized."}
2026-09-03T08:43:29+00:00 ERROR Snapshot order mapping failed. CONTEXT: {"store_id":"site1","source_order_id":351425,"page":1,"attempt":0,"error":"This order is already being synchronized."}
2026-09-03T08:43:29+00:00 INFO Central order received successfully. CONTEXT: {"store_id":"site1","source_order_id":363737,"central_order_id":6071,"request_id":"51ea7518-2d49-47fa-9161-737e122493b2","event":"orderupdated"}
2026-09-03T08:43:29+00:00 INFO Central order received successfully. CONTEXT: {"store_id":"site1","source_order_id":363737,"central_order_id":6071,"request_id":"f72e424b-30af-43ad-a907-b3ce08adab21","event":"orderupdated"}
2026-09-03T08:43:29+00:00 INFO Central order received successfully. CONTEXT: {"store_id":"site1","source_order_id":363737,"central_order_id":6071,"request_id":"27730647-e352-4a3c-8d5d-cf7b3592bcb8","event":"orderupdated"}
2026-09-03T08:43:29+00:00 INFO Central order received successfully. CONTEXT: {"store_id":"site1","source_order_id":354830,"central_order_id":478,"request_id":"a4c105c2-690c-4dcc-8dbd-3bde817a5028","event":"orderupdated"}
2026-09-03T08:43:29+00:00 INFO Central order received successfully. CONTEXT: {"store_id":"site1","source_order_id":354830,"central_order_id":478,"request_id":"97611b13-6ddf-4a8d-a893-1fa7e8eb3f06","event":"orderupdated"}
2026-09-03T08:43:29+00:00 ERROR Snapshot order mapping failed. CONTEXT: {"store_id":"site1","source_order_id":351423,"page":1,"attempt":0,"error":"This order is already being synchronized."}
2026-09-03T08:43:29+00:00 ERROR Snapshot order mapping failed. CONTEXT: {"store_id":"site1","source_order_id":351424,"page":1,"attempt":0,"error":"This order is already being synchronized."}
2026-09-03T08:43:29+00:00 ERROR Snapshot order mapping failed. CONTEXT: {"store_id":"site1","source_order_id":351425,"page":1,"attempt":0,"error":"This order is already being synchronized."}
2026-09-03T08:43:29+00:00 ERROR Snapshot order mapping failed. CONTEXT: {"store_id":"site1","source_order_id":351426,"page":1,"attempt":0,"error":"This order is already being synchronized."}
2026-09-03T08:43:29+00:00 ERROR Snapshot order mapping failed. CONTEXT: {"store_id":"site2","source_order_id":42671,"page":1,"attempt":0,"error":"This order is already being synchronized."}
2026-09-03T08:43:29+00:00 ERROR Snapshot order mapping failed. CONTEXT: {"store_id":"site2","source_order_id":42687,"page":1,"attempt":0,"error":"This order is already being synchronized."}
2026-09-03T08:43:29+00:00 INFO Stale source order update was ignored. CONTEXT: {"store_id":"site1","source_order_id":367338,"incoming_revision":1788420954000000,"current_revision":1788423510245707,"request_id":"03329c06-3921-4b76-a784-792ac7ef939b:367338"}
2026-09-03T08:43:29+00:00 ERROR Snapshot order mapping failed. CONTEXT: {"store_id":"site1","source_order_id":351424,"page":1,"attempt":0,"error":"This order is already being synchronized."}
2026-09-03T08:43:29+00:00 ERROR Snapshot order mapping failed. CONTEXT: {"store_id":"site1","source_order_id":351425,"page":1,"attempt":0,"error":"This order is already being synchronized."}
2026-09-03T08:43:29+00:00 ERROR Snapshot order mapping failed. CONTEXT: {"store_id":"site1","source_order_id":351426,"page":1,"attempt":0,"error":"This order is already being synchronized."}
2026-09-03T08:43:29+00:00 ERROR Snapshot order mapping failed. CONTEXT: {"store_id":"site1","source_order_id":351427,"page":1,"attempt":0,"error":"This order is already being synchronized."}
2026-09-03T08:43:29+00:00 INFO Central order received successfully. CONTEXT: {"store_id":"site1","source_order_id":363721,"central_order_id":787,"request_id":"6dc9111b-8af7-4f21-99a7-6994013fb052","event":"orderupdated"}
2026-09-03T08:43:29+00:00 INFO Central order received successfully. CONTEXT: {"store_id":"site1","source_order_id":363721,"central_order_id":787,"request_id":"6d39f5ba-1ece-49a4-86fc-7785552e396a","event":"orderupdated"}
2026-09-03T08:43:29+00:00 INFO Central order received successfully. CONTEXT: {"store_id":"site1","source_order_id":363721,"central_order_id":787,"request_id":"e4eb4066-bb2c-44a5-8abc-bbe5810834a9","event":"orderupdated"}
2026-09-03T08:43:29+00:00 INFO Central order received successfully. CONTEXT: {"store_id":"site1","source_order_id":363721,"central_order_id":787,"request_id":"e2222a0f-9d0b-49de-b999-a8f39c249666","event":"orderupdated"}
2026-09-03T08:43:29+00:00 ERROR Snapshot order mapping failed. CONTEXT: {"store_id":"site1","source_order_id":351428,"page":1,"attempt":0,"error":"This order is already being synchronized."}
2026-09-03T08:43:29+00:00 ERROR Snapshot order mapping failed. CONTEXT: {"store_id":"site1","source_order_id":351425,"page":1,"attempt":0,"error":"This order is already being synchronized."}
2026-09-03T08:43:29+00:00 ERROR Snapshot order mapping failed. CONTEXT: {"store_id":"site1","source_order_id":351426,"page":1,"attempt":0,"error":"This order is already being synchronized."}
2026-09-03T08:43:29+00:00 ERROR Snapshot order mapping failed. CONTEXT: {"store_id":"site2","source_order_id":42689,"page":1,"attempt":0,"error":"This order is already being synchronized."}
2026-09-03T08:43:29+00:00 ERROR Snapshot order mapping failed. CONTEXT: {"store_id":"site2","source_order_id":42691,"page":1,"attempt":0,"error":"This order is already being synchronized."}
2026-09-03T08:43:29+00:00 ERROR Snapshot order mapping failed. CONTEXT: {"store_id":"site1","source_order_id":351427,"page":1,"attempt":0,"error":"This order is already being synchronized."}
2026-09-03T08:43:29+00:00 ERROR Snapshot order mapping failed. CONTEXT: {"store_id":"site1","source_order_id":351428,"page":1,"attempt":0,"error":"This order is already being synchronized."}
2026-09-03T08:43:29+00:00 ERROR Snapshot order mapping failed. CONTEXT: {"store_id":"site1","source_order_id":351429,"page":1,"attempt":0,"error":"This order is already being synchronized."}
2026-09-03T08:43:29+00:00 INFO Central order received successfully. CONTEXT: {"store_id":"site1","source_order_id":375884,"central_order_id":6724,"request_id":"bfe1b2a7-ab41-4f83-b11e-75861e5d62a2","event":"orderupdated"}
2026-09-03T08:43:29+00:00 INFO Central order received successfully. CONTEXT: {"store_id":"site1","source_order_id":375884,"central_order_id":6722,"request_id":"a2d8f862-29bd-4909-9c1f-9060a422beec","event":"orderupdated"}
2026-09-03T08:43:29+00:00 INFO Central order received successfully. CONTEXT: {"store_id":"site1","source_order_id":375884,"central_order_id":6723,"request_id":"b7f4182f-e172-4164-962b-125e4a61c447","event":"orderupdated"}
2026-09-03T08:43:29+00:00 INFO Central order received successfully. CONTEXT: {"store_id":"site1","source_order_id":375871,"central_order_id":6721,"request_id":"12822d34-79dc-4ec8-840e-70dda5dbe150","event":"orderupdated"}
2026-09-03T08:43:29+00:00 INFO Central order received successfully. CONTEXT: {"store_id":"site1","source_order_id":365933,"central_order_id":19,"request_id":"23956f21-157e-4d66-a0f8-5c42690eb5f0","event":"orderupdated"}
2026-09-03T08:43:29+00:00 INFO Central order received successfully. CONTEXT: {"store_id":"site1","source_order_id":365933,"central_order_id":19,"request_id":"93271d7e-3223-4575-a91b-fb2d40f3bd60","event":"orderupdated"}
2026-09-03T08:43:29+00:00 ERROR Snapshot order mapping failed. CONTEXT: {"store_id":"site1","source_order_id":351429,"page":1,"attempt":0,"error":"This order is already being synchronized."}
2026-09-03T08:43:29+00:00 ERROR Snapshot order mapping failed. CONTEXT: {"store_id":"site1","source_order_id":351430,"page":1,"attempt":0,"error":"This order is already being synchronized."}
2026-09-03T08:43:29+00:00 ERROR Snapshot order mapping failed. CONTEXT: {"store_id":"site1","source_order_id":351430,"page":1,"attempt":0,"error":"This order is already being synchronized."}
2026-09-03T08:43:29+00:00 ERROR Snapshot order mapping failed. CONTEXT: {"store_id":"site1","source_order_id":351431,"page":1,"attempt":0,"error":"This order is already being synchronized."}
2026-09-03T08:43:29+00:00 INFO Stale source order update was ignored. CONTEXT: {"store_id":"site1","source_order_id":364050,"incoming_revision":1788423037305602,"current_revision":1788423616000000,"request_id":"0b8308b5-bab5-4246-b0a9-a035013109c1:364050"}
2026-09-03T08:43:29+00:00 INFO Central order received successfully. CONTEXT: {"store_id":"site1","source_order_id":365933,"central_order_id":19,"request_id":"ea3f09b1-cbd8-4885-8cc5-3fb834bbf8cc","event":"orderupdated"}
2026-09-03T08:43:29+00:00 INFO Central order received successfully. CONTEXT: {"store_id":"site1","source_order_id":375943,"central_order_id":6728,"request_id":"af87ea0c-d415-4077-8570-8168af637b68","event":"orderupdated"}
2026-09-03T08:43:29+00:00 INFO Central order received successfully. CONTEXT: {"store_id":"site1","source_order_id":367472,"central_order_id":251,"request_id":"cd7ff347-4f05-4f2b-ba11-7be2155704f0","event":"orderupdated"}
2026-09-03T08:43:29+00:00 ERROR Snapshot order mapping failed. CONTEXT: {"store_id":"site1","source_order_id":351432,"page":1,"attempt":0,"error":"This order is already being synchronized."}
2026-09-03T08:43:29+00:00 INFO Central order received successfully. CONTEXT: {"store_id":"site1","source_order_id":365933,"central_order_id":19,"request_id":"1526434c-8e78-46df-a14c-a4805a275aae","event":"orderupdated"}
2026-09-03T08:43:29+00:00 ERROR Snapshot order mapping failed. CONTEXT: {"store_id":"site1","source_order_id":351433,"page":1,"attempt":0,"error":"This order is already being synchronized."}
2026-09-03T08:43:29+00:00 INFO Stale source order update was ignored. CONTEXT: {"store_id":"site1","source_order_id":366467,"incoming_revision":1788419854028373,"current_revision":1788419990539131,"request_id":"7852cf2f-2139-4521-afcd-258b4f97e4b2:366467"}
2026-09-03T08:43:29+00:00 INFO Stale source order update was ignored. CONTEXT: {"store_id":"site2","source_order_id":42693,"incoming_revision":1788417963616034,"current_revision":1788418683401455,"request_id":"snapshot-48106f16-7b70-4a62-b66c-3ea5eaea15c3-1"}
2026-09-03T08:43:29+00:00 INFO Stale source order update was ignored. CONTEXT: {"store_id":"site1","source_order_id":365868,"incoming_revision":1788423037827190,"current_revision":1788423617020117,"request_id":"0b8308b5-bab5-4246-b0a9-a035013109c1:365868"}
2026-09-03T08:43:29+00:00 INFO Stale source order update was ignored. CONTEXT: {"store_id":"site1","source_order_id":363090,"incoming_revision":1788422964625189,"current_revision":1788423517038997,"request_id":"5c649675-c616-453c-aedf-66d558eedca8:363090"}
2026-09-03T08:43:29+00:00 INFO Stale source order update was ignored. CONTEXT: {"store_id":"site1","source_order_id":366258,"incoming_revision":1788419541000000,"current_revision":1788419853415022,"request_id":"45ab48b7-ae1f-490c-988f-68d7b93726cc:366258"}
2026-09-03T08:43:29+00:00 INFO Stale source order update was ignored. CONTEXT: {"store_id":"site2","source_order_id":42694,"incoming_revision":1788417963837994,"current_revision":1788418683656799,"request_id":"snapshot-48106f16-7b70-4a62-b66c-3ea5eaea15c3-1"}
2026-09-03T08:43:29+00:00 ERROR Snapshot order mapping failed. CONTEXT: {"store_id":"site2","source_order_id":42695,"page":1,"attempt":0,"error":"This order is already being synchronized."}
2026-09-03T08:43:29+00:00 INFO Stale source order update was ignored. CONTEXT: {"store_id":"site1","source_order_id":366467,"incoming_revision":1788419542000000,"current_revision":1788419990539131,"request_id":"45ab48b7-ae1f-490c-988f-68d7b93726cc:366467"}
2026-09-03T08:43:29+00:00 INFO Central order received successfully. CONTEXT: {"store_id":"site1","source_order_id":367472,"central_order_id":251,"request_id":"597ef1f4-8dfc-4643-bb47-8602518d6df6","event":"orderupdated"}
2026-09-03T08:43:29+00:00 ERROR Snapshot order mapping failed. CONTEXT: {"store_id":"site2","source_order_id":42696,"page":1,"attempt":0,"error":"This order is already being synchronized."}
2026-09-03T08:43:29+00:00 ERROR Snapshot order mapping failed. CONTEXT: {"store_id":"site2","source_order_id":42697,"page":1,"attempt":0,"error":"This order is already being synchronized."}
2026-09-03T08:43:29+00:00 WARNING Central bulk source orders received. CONTEXT: {"store_id":"site1","received":20,"succeeded":5,"failed":15,"request_id":"fc0cca29-f945-4dda-b032-ab7dc0bc7240"}
2026-09-03T08:43:29+00:00 INFO Stale source order update was ignored. CONTEXT: {"store_id":"site1","source_order_id":367027,"incoming_revision":1788423039030178,"current_revision":1788423517691630,"request_id":"0b8308b5-bab5-4246-b0a9-a035013109c1:367027"}
2026-09-03T08:43:29+00:00 INFO Stale source order update was ignored. CONTEXT: {"store_id":"site1","source_order_id":365851,"incoming_revision":1788420971000000,"current_revision":1788422870000000,"request_id":"03329c06-3921-4b76-a784-792ac7ef939b:365851"}
2026-09-03T08:43:29+00:00 WARNING Central bulk source orders received. CONTEXT: {"store_id":"site1","received":20,"succeeded":6,"failed":14,"request_id":"03329c06-3921-4b76-a784-792ac7ef939b"}
2026-09-03T08:43:29+00:00 ERROR Snapshot order mapping failed. CONTEXT: {"store_id":"site2","source_order_id":42698,"page":1,"attempt":0,"error":"This order is already being synchronized."}
2026-09-03T08:43:29+00:00 ERROR Snapshot order mapping failed. CONTEXT: {"store_id":"site2","source_order_id":42699,"page":1,"attempt":0,"error":"This order is already being synchronized."}
2026-09-03T08:43:29+00:00 WARNING Central bulk source orders received. CONTEXT: {"store_id":"site1","received":20,"succeeded":6,"failed":14,"request_id":"5c649675-c616-453c-aedf-66d558eedca8"}
2026-09-03T08:43:29+00:00 INFO Stale source order update was ignored. CONTEXT: {"store_id":"site1","source_order_id":363604,"incoming_revision":1788423040025927,"current_revision":1788423175000000,"request_id":"0b8308b5-bab5-4246-b0a9-a035013109c1:363604"}
2026-09-03T08:43:29+00:00 WARNING Central bulk source orders received. CONTEXT: {"store_id":"site1","received":20,"succeeded":8,"failed":12,"request_id":"7852cf2f-2139-4521-afcd-258b4f97e4b2"}
2026-09-03T08:43:29+00:00 WARNING Central bulk source orders received. CONTEXT: {"store_id":"site1","received":20,"succeeded":9,"failed":11,"request_id":"45ab48b7-ae1f-490c-988f-68d7b93726cc"}
2026-09-03T08:43:29+00:00 WARNING Central bulk source orders received. CONTEXT: {"store_id":"site1","received":20,"succeeded":10,"failed":10,"request_id":"0b8308b5-bab5-4246-b0a9-a035013109c1"}
2026-09-03T08:43:29+00:00 WARNING Central bulk source orders received. CONTEXT: {"store_id":"site1","received":20,"succeeded":6,"failed":14,"request_id":"0654f877-930a-4c87-8bc7-1be4b34f5b27"}
2026-09-03T08:43:29+00:00 WARNING Central bulk source orders received. CONTEXT: {"store_id":"site1","received":20,"succeeded":8,"failed":12,"request_id":"1557ab66-31b5-4185-b893-c2e7147d086d"}
2026-09-03T08:43:29+00:00 ERROR Snapshot order mapping failed. CONTEXT: {"store_id":"site2","source_order_id":42703,"page":1,"attempt":0,"error":"This order is already being synchronized."}
2026-09-03T08:43:29+00:00 ERROR Snapshot order mapping failed. CONTEXT: {"store_id":"site2","source_order_id":42704,"page":1,"attempt":0,"error":"This order is already being synchronized."}
2026-09-03T08:43:29+00:00 WARNING Central bulk source orders received. CONTEXT: {"store_id":"site1","received":20,"succeeded":10,"failed":10,"request_id":"6f2f8462-5c84-4295-b89b-478b72874a6c"}
2026-09-03T08:43:30+00:00 WARNING Central bulk source orders received. CONTEXT: {"store_id":"site1","received":20,"succeeded":12,"failed":8,"request_id":"d44b237d-2abd-43ac-8337-296c1777194c"}
2026-09-03T08:43:30+00:00 WARNING Central bulk source orders received. CONTEXT: {"store_id":"site1","received":20,"succeeded":19,"failed":1,"request_id":"ca0aed69-b59b-4491-8c4c-88a5080c5ee4"}
2026-09-03T08:43:30+00:00 ERROR Snapshot order mapping failed. CONTEXT: {"store_id":"site1","source_order_id":351450,"page":1,"attempt":0,"error":"This order is already being synchronized."}
2026-09-03T08:43:30+00:00 ERROR Snapshot order mapping failed. CONTEXT: {"store_id":"site1","source_order_id":351451,"page":1,"attempt":0,"error":"This order is already being synchronized."}
2026-09-03T08:43:30+00:00 ERROR Snapshot order mapping failed. CONTEXT: {"store_id":"site1","source_order_id":351452,"page":1,"attempt":0,"error":"This order is already being synchronized."}
2026-09-03T08:43:30+00:00 ERROR Snapshot order mapping failed. CONTEXT: {"store_id":"site1","source_order_id":351461,"page":1,"attempt":0,"error":"This order is already being synchronized."}
2026-09-03T08:43:30+00:00 ERROR Snapshot order mapping failed. CONTEXT: {"store_id":"site1","source_order_id":351469,"page":1,"attempt":0,"error":"This order is already being synchronized."}
2026-09-03T08:43:30+00:00 ERROR Snapshot order mapping failed. CONTEXT: {"store_id":"site1","source_order_id":351469,"page":1,"attempt":0,"error":"This order is already being synchronized."}
2026-09-03T08:43:30+00:00 ERROR Snapshot order mapping failed. CONTEXT: {"store_id":"site1","source_order_id":351470,"page":1,"attempt":0,"error":"This order is already being synchronized."}
2026-09-03T08:43:30+00:00 ERROR Snapshot order mapping failed. CONTEXT: {"store_id":"site1","source_order_id":351470,"page":1,"attempt":0,"error":"This order is already being synchronized."}
2026-09-03T08:43:30+00:00 ERROR Snapshot order mapping failed. CONTEXT: {"store_id":"site1","source_order_id":351480,"page":1,"attempt":0,"error":"This order is already being synchronized."}
2026-09-03T08:43:30+00:00 ERROR Snapshot order mapping failed. CONTEXT: {"store_id":"site1","source_order_id":351480,"page":1,"attempt":0,"error":"This order is already being synchronized."}
2026-09-03T08:43:30+00:00 ERROR Snapshot order mapping failed. CONTEXT: {"store_id":"site1","source_order_id":351487,"page":1,"attempt":0,"error":"This order is already being synchronized."}
2026-09-03T08:43:30+00:00 ERROR Snapshot order mapping failed. CONTEXT: {"store_id":"site1","source_order_id":351487,"page":1,"attempt":0,"error":"This order is already being synchronized."}
2026-09-03T08:43:30+00:00 ERROR Snapshot order mapping failed. CONTEXT: {"store_id":"site1","source_order_id":351496,"page":1,"attempt":0,"error":"This order is already being synchronized."}
2026-09-03T08:43:30+00:00 ERROR Snapshot order mapping failed. CONTEXT: {"store_id":"site1","source_order_id":351496,"page":1,"attempt":0,"error":"This order is already being synchronized."}
2026-09-03T08:43:30+00:00 ERROR Snapshot order mapping failed. CONTEXT: {"store_id":"site1","source_order_id":351503,"page":1,"attempt":0,"error":"This order is already being synchronized."}
2026-09-03T08:43:30+00:00 ERROR Snapshot order mapping failed. CONTEXT: {"store_id":"site1","source_order_id":351503,"page":1,"attempt":0,"error":"This order is already being synchronized."}
2026-09-03T08:43:30+00:00 ERROR Snapshot order mapping failed. CONTEXT: {"store_id":"site1","source_order_id":351518,"page":1,"attempt":0,"error":"This order is already being synchronized."}
2026-09-03T08:43:30+00:00 ERROR Snapshot order mapping failed. CONTEXT: {"store_id":"site1","source_order_id":351518,"page":1,"attempt":0,"error":"This order is already being synchronized."}
2026-09-03T08:43:30+00:00 ERROR Snapshot order mapping failed. CONTEXT: {"store_id":"site1","source_order_id":351531,"page":1,"attempt":0,"error":"This order is already being synchronized."}
2026-09-03T08:43:30+00:00 ERROR Snapshot order mapping failed. CONTEXT: {"store_id":"site1","source_order_id":351531,"page":1,"attempt":0,"error":"This order is already being synchronized."}
2026-09-03T08:43:30+00:00 ERROR Snapshot order mapping failed. CONTEXT: {"store_id":"site1","source_order_id":351535,"page":1,"attempt":0,"error":"This order is already being synchronized."}
2026-09-03T08:43:30+00:00 ERROR Snapshot order mapping failed. CONTEXT: {"store_id":"site1","source_order_id":351535,"page":1,"attempt":0,"error":"This order is already being synchronized."}
2026-09-03T08:43:30+00:00 ERROR Snapshot order mapping failed. CONTEXT: {"store_id":"site1","source_order_id":351536,"page":1,"attempt":0,"error":"This order is already being synchronized."}
2026-09-03T08:43:30+00:00 ERROR Snapshot order mapping failed. CONTEXT: {"store_id":"site1","source_order_id":351536,"page":1,"attempt":0,"error":"This order is already being synchronized."}
2026-09-03T08:43:30+00:00 ERROR Snapshot order mapping failed. CONTEXT: {"store_id":"site1","source_order_id":351539,"page":1,"attempt":0,"error":"This order is already being synchronized."}
2026-09-03T08:43:30+00:00 ERROR Snapshot order mapping failed. CONTEXT: {"store_id":"site1","source_order_id":351539,"page":1,"attempt":0,"error":"This order is already being synchronized."}
2026-09-03T08:43:30+00:00 ERROR Snapshot order mapping failed. CONTEXT: {"store_id":"site1","source_order_id":351547,"page":1,"attempt":0,"error":"This order is already being synchronized."}
2026-09-03T08:43:30+00:00 ERROR Snapshot order mapping failed. CONTEXT: {"store_id":"site1","source_order_id":351548,"page":1,"attempt":0,"error":"This order is already being synchronized."}
2026-09-03T08:43:30+00:00 ERROR Snapshot order mapping failed. CONTEXT: {"store_id":"site1","source_order_id":351548,"page":1,"attempt":0,"error":"This order is already being synchronized."}
2026-09-03T08:43:30+00:00 ERROR Snapshot order mapping failed. CONTEXT: {"store_id":"site1","source_order_id":351549,"page":1,"attempt":0,"error":"This order is already being synchronized."}
2026-09-03T08:43:30+00:00 ERROR Snapshot order mapping failed. CONTEXT: {"store_id":"site1","source_order_id":351550,"page":1,"attempt":0,"error":"This order is already being synchronized."}
2026-09-03T08:43:30+00:00 ERROR Snapshot order mapping failed. CONTEXT: {"store_id":"site1","source_order_id":351551,"page":1,"attempt":0,"error":"This order is already being synchronized."}
2026-09-03T08:43:30+00:00 ERROR Snapshot order mapping failed. CONTEXT: {"store_id":"site1","source_order_id":351552,"page":1,"attempt":0,"error":"This order is already being synchronized."}
2026-09-03T08:43:30+00:00 ERROR Snapshot order mapping failed. CONTEXT: {"store_id":"site1","source_order_id":351553,"page":1,"attempt":0,"error":"This order is already being synchronized."}
2026-09-03T08:43:30+00:00 ERROR Snapshot order mapping failed. CONTEXT: {"store_id":"site1","source_order_id":351555,"page":1,"attempt":0,"error":"This order is already being synchronized."}
2026-09-03T08:43:31+00:00 ERROR Snapshot order mapping failed. CONTEXT: {"store_id":"site1","source_order_id":351549,"page":1,"attempt":0,"error":"This order is already being synchronized."}
2026-09-03T08:43:31+00:00 ERROR Snapshot order mapping failed. CONTEXT: {"store_id":"site1","source_order_id":351550,"page":1,"attempt":0,"error":"This order is already being synchronized."}
2026-09-03T08:43:31+00:00 ERROR Snapshot order mapping failed. CONTEXT: {"store_id":"site1","source_order_id":351551,"page":1,"attempt":0,"error":"This order is already being synchronized."}
2026-09-03T08:43:31+00:00 ERROR Snapshot order mapping failed. CONTEXT: {"store_id":"site1","source_order_id":351552,"page":1,"attempt":0,"error":"This order is already being synchronized."}
2026-09-03T08:43:31+00:00 ERROR Snapshot order mapping failed. CONTEXT: {"store_id":"site1","source_order_id":351553,"page":1,"attempt":0,"error":"This order is already being synchronized."}
2026-09-03T08:43:31+00:00 ERROR Snapshot order mapping failed. CONTEXT: {"store_id":"site1","source_order_id":351555,"page":1,"attempt":0,"error":"This order is already being synchronized."}
2026-09-03T08:43:34+00:00 INFO Stale source order update was ignored. CONTEXT: {"store_id":"site1","source_order_id":364870,"incoming_revision":1788422465000000,"current_revision":1788423771666929,"request_id":"22e85fdd-014e-4c6e-90a3-ea085888c387:364870"}
2026-09-03T08:43:34+00:00 INFO Stale source order update was ignored. CONTEXT: {"store_id":"site1","source_order_id":365737,"incoming_revision":1788422468000000,"current_revision":1788423772202112,"request_id":"22e85fdd-014e-4c6e-90a3-ea085888c387:365737"}
2026-09-03T08:43:34+00:00 INFO Stale source order update was ignored. CONTEXT: {"store_id":"site1","source_order_id":364050,"incoming_revision":1788422467000000,"current_revision":1788423773000000,"request_id":"22e85fdd-014e-4c6e-90a3-ea085888c387:364050"}
2026-09-03T08:43:34+00:00 INFO Stale source order update was ignored. CONTEXT: {"store_id":"site1","source_order_id":368543,"incoming_revision":1788422471000000,"current_revision":1788423773502634,"request_id":"22e85fdd-014e-4c6e-90a3-ea085888c387:368543"}
2026-09-03T08:43:34+00:00 INFO Stale source order update was ignored. CONTEXT: {"store_id":"site1","source_order_id":365868,"incoming_revision":1788422469000000,"current_revision":1788423774156784,"request_id":"22e85fdd-014e-4c6e-90a3-ea085888c387:365868"}
2026-09-03T08:43:34+00:00 INFO Stale source order update was ignored. CONTEXT: {"store_id":"site1","source_order_id":363494,"incoming_revision":1788422737000000,"current_revision":1788423775000000,"request_id":"22e85fdd-014e-4c6e-90a3-ea085888c387:363494"}
2026-09-03T08:43:34+00:00 INFO Stale source order update was ignored. CONTEXT: {"store_id":"site1","source_order_id":365446,"incoming_revision":1788422739000000,"current_revision":1788423775403418,"request_id":"22e85fdd-014e-4c6e-90a3-ea085888c387:365446"}
2026-09-03T08:43:34+00:00 INFO Stale source order update was ignored. CONTEXT: {"store_id":"site1","source_order_id":363090,"incoming_revision":1788422738000000,"current_revision":1788423776000000,"request_id":"22e85fdd-014e-4c6e-90a3-ea085888c387:363090"}
2026-09-03T08:43:34+00:00 INFO Central order received successfully. CONTEXT: {"store_id":"site1","source_order_id":375887,"central_order_id":6725,"request_id":"e91afe1c-9780-4389-a31d-4d8790d7de6f","event":"orderupdated"}
2026-09-03T08:43:34+00:00 INFO Stale source order update was ignored. CONTEXT: {"store_id":"site1","source_order_id":367027,"incoming_revision":1788422741000000,"current_revision":1788423776615836,"request_id":"22e85fdd-014e-4c6e-90a3-ea085888c387:367027"}
2026-09-03T08:43:34+00:00 INFO Stale source order update was ignored. CONTEXT: {"store_id":"site1","source_order_id":368582,"incoming_revision":1788422742000000,"current_revision":1788423777225278,"request_id":"22e85fdd-014e-4c6e-90a3-ea085888c387:368582"}
2026-09-03T08:43:34+00:00 INFO Stale source order update was ignored. CONTEXT: {"store_id":"site1","source_order_id":363582,"incoming_revision":1788422743000000,"current_revision":1788423778000000,"request_id":"22e85fdd-014e-4c6e-90a3-ea085888c387:363582"}
2026-09-03T08:43:34+00:00 INFO Stale source order update was ignored. CONTEXT: {"store_id":"site1","source_order_id":363604,"incoming_revision":1788422745000000,"current_revision":1788423778529928,"request_id":"22e85fdd-014e-4c6e-90a3-ea085888c387:363604"}
2026-09-03T08:43:34+00:00 INFO Central order received successfully. CONTEXT: {"store_id":"site1","source_order_id":375887,"central_order_id":6727,"request_id":"de71e019-1369-449f-ac0f-ba00e2ae6d37","event":"orderupdated"}
2026-09-03T08:43:34+00:00 INFO Stale source order update was ignored. CONTEXT: {"store_id":"site1","source_order_id":366349,"incoming_revision":1788422746000000,"current_revision":1788423779221509,"request_id":"22e85fdd-014e-4c6e-90a3-ea085888c387:366349"}
2026-09-03T08:43:34+00:00 INFO Stale source order update was ignored. CONTEXT: {"store_id":"site1","source_order_id":365851,"incoming_revision":1788422748000000,"current_revision":1788423780000000,"request_id":"22e85fdd-014e-4c6e-90a3-ea085888c387:365851"}
2026-09-03T08:43:34+00:00 INFO Stale source order update was ignored. CONTEXT: {"store_id":"site1","source_order_id":363967,"incoming_revision":1788422747000000,"current_revision":1788423780535626,"request_id":"22e85fdd-014e-4c6e-90a3-ea085888c387:363967"}
2026-09-03T08:43:34+00:00 WARNING Central bulk source orders received. CONTEXT: {"store_id":"site1","received":20,"succeeded":17,"failed":3,"request_id":"22e85fdd-014e-4c6e-90a3-ea085888c387"}
2026-09-03T08:43:34+00:00 INFO Central order received successfully. CONTEXT: {"store_id":"site1","source_order_id":375887,"central_order_id":6726,"request_id":"dfbebf58-81e1-4bbb-8bdf-16312ee5481d","event":"orderupdated"}
2026-09-03T08:43:34+00:00 WARNING Central bulk source orders received. CONTEXT: {"store_id":"site1","received":20,"succeeded":14,"failed":6,"request_id":"aa286aa8-7423-4b33-84b8-1045b34afba6"}
2026-09-03T08:43:41+00:00 INFO Central bulk source orders received. CONTEXT: {"store_id":"site1","received":20,"succeeded":20,"failed":0,"request_id":"19711050-b889-4719-a7b6-be2505a67e29"}
2026-09-03T08:44:02+00:00 INFO Central order received successfully. CONTEXT: {"store_id":"site1","source_order_id":375943,"central_order_id":6728,"request_id":"ee89d9bb-e488-4b5d-ae41-4a8c76420983","event":"orderupdated"}
2026-09-03T08:44:24+00:00 INFO Central bulk source orders received. CONTEXT: {"store_id":"site1","received":20,"succeeded":20,"failed":0,"request_id":"484f15ac-14ef-4c13-9a5c-caba288f0711"}
2026-09-03T08:44:53+00:00 INFO Central bulk source orders received. CONTEXT: {"store_id":"site1","received":20,"succeeded":20,"failed":0,"request_id":"c41437fa-d3c0-46b4-8e35-fdcea8acfa75"}
2026-09-03T08:45:04+00:00 INFO Central order received successfully. CONTEXT: {"store_id":"site1","source_order_id":363737,"central_order_id":6071,"request_id":"71d727ed-67a2-4649-bc31-496d310e9d29","event":"orderupdated"}
2026-09-03T08:45:14+00:00 INFO Central order received successfully. CONTEXT: {"store_id":"site1","source_order_id":363737,"central_order_id":6071,"request_id":"59bd5924-e825-455a-a631-1f2a5065b551","event":"orderupdated"}
2026-09-03T08:45:22+00:00 INFO Central order received successfully. CONTEXT: {"store_id":"site1","source_order_id":363737,"central_order_id":6071,"request_id":"a4a4a45c-5294-4118-86fa-2bd2316aa8bc","event":"orderupdated"}
2026-09-03T08:46:04+00:00 INFO Central order received successfully. CONTEXT: {"store_id":"site1","source_order_id":363737,"central_order_id":6071,"request_id":"84af8b56-6430-403d-abbe-0461b392e560","event":"orderupdated"}
2026-09-03T08:46:06+00:00 INFO Central bulk source orders received. CONTEXT: {"store_id":"site1","received":20,"succeeded":20,"failed":0,"request_id":"f3a98cf9-6461-4cee-85a4-2a753d9389be"}
2026-09-03T08:46:57+00:00 INFO Central bulk source orders received. CONTEXT: {"store_id":"site1","received":20,"succeeded":20,"failed":0,"request_id":"43f01913-9525-461f-bbc9-9b76858568c1"}
2026-09-03T08:47:34+00:00 INFO Central order received successfully. CONTEXT: {"store_id":"site1","source_order_id":375901,"central_order_id":6742,"request_id":"3d04457e-a05e-42bd-b19b-80c6e100ede5","event":"orderupdated"}
2026-09-03T08:48:05+00:00 INFO Central order received successfully. CONTEXT: {"store_id":"site1","source_order_id":367324,"central_order_id":228,"request_id":"aa3fae07-9d5d-44bc-b136-24a0d12275ac","event":"orderupdated"}
2026-09-03T08:48:48+00:00 INFO Central order received successfully. CONTEXT: {"store_id":"site1","source_order_id":367324,"central_order_id":228,"request_id":"97a49cdf-6c72-431c-bded-f616b61b50a5","event":"orderupdated"}
2026-09-03T08:48:57+00:00 INFO Central order received successfully. CONTEXT: {"store_id":"site1","source_order_id":363737,"central_order_id":6071,"request_id":"2ee6bd40-8a84-481f-9629-c7cbd4d64500","event":"orderupdated"}
2026-09-03T08:49:27+00:00 INFO Central order received successfully. CONTEXT: {"store_id":"site1","source_order_id":367324,"central_order_id":228,"request_id":"ac3265d2-fcb1-4fde-af52-0c90473b6699","event":"orderupdated"}
2026-09-03T08:49:34+00:00 INFO Central order received successfully. CONTEXT: {"store_id":"site1","source_order_id":363737,"central_order_id":6071,"request_id":"2c416c55-3e29-4fec-aad9-7628cd624bc8","event":"orderupdated"}
2026-09-03T08:49:43+00:00 INFO Central order received successfully. CONTEXT: {"store_id":"site1","source_order_id":375901,"central_order_id":6742,"request_id":"66e9335a-da60-4cfc-baab-8bfd8570e249","event":"orderupdated"}
2026-09-03T08:49:46+00:00 INFO Central bulk source orders received. CONTEXT: {"store_id":"site1","received":20,"succeeded":20,"failed":0,"request_id":"9aa07ada-0879-4472-a5fd-d2cd107c93dd"}
2026-09-03T08:50:11+00:00 INFO Central bulk source orders received. CONTEXT: {"store_id":"site1","received":20,"succeeded":20,"failed":0,"request_id":"34dcda5a-7992-46d4-8b44-72bdde643e40"}
2026-09-03T08:50:13+00:00 INFO Central order received successfully. CONTEXT: {"store_id":"site1","source_order_id":363737,"central_order_id":6071,"request_id":"576e2197-d1e5-4815-97e7-be0dc0f696de","event":"orderupdated"}
2026-09-03T08:50:20+00:00 INFO Central order received successfully. CONTEXT: {"store_id":"site1","source_order_id":375901,"central_order_id":6742,"request_id":"a5ec03af-c6a9-45cf-a32e-1d40fb35744d","event":"orderupdated"}
2026-09-03T08:50:29+00:00 INFO Central bulk source orders received. CONTEXT: {"store_id":"site1","received":20,"succeeded":20,"failed":0,"request_id":"66e1a799-8d38-4b66-afce-34b82a525b44"}
2026-09-03T08:50:49+00:00 INFO Central order received successfully. CONTEXT: {"store_id":"site1","source_order_id":367324,"central_order_id":228,"request_id":"606dc85b-9e84-42d7-979c-0f686b59601e","event":"orderupdated"}
2026-09-03T08:50:57+00:00 INFO Central order received successfully. CONTEXT: {"store_id":"site1","source_order_id":363737,"central_order_id":6071,"request_id":"7e2b26f3-e1ca-4c81-ada3-736f7153bcd8","event":"orderupdated"}
2026-09-03T08:51:04+00:00 INFO Central order received successfully. CONTEXT: {"store_id":"site1","source_order_id":363737,"central_order_id":6071,"request_id":"80e8fd81-8898-4e42-a631-88b80f1aca58","event":"orderupdated"}
2026-09-03T08:51:32+00:00 INFO Central order received successfully. CONTEXT: {"store_id":"site1","source_order_id":363737,"central_order_id":6071,"request_id":"0c52d024-a9d0-49bd-9312-4425292fa3f4","event":"orderupdated"}
2026-09-03T08:51:34+00:00 INFO Central bulk source orders received. CONTEXT: {"store_id":"site1","received":20,"succeeded":19,"failed":0,"request_id":"b2840b10-a5ad-466e-9429-8bd360c700b9"}
2026-09-03T08:52:04+00:00 INFO Central order received successfully. CONTEXT: {"store_id":"site1","source_order_id":375946,"central_order_id":6757,"request_id":"2c348c91-3cb6-453d-9e1f-4fcb1284794b","event":"orderupdated"}
2026-09-03T08:52:31+00:00 INFO Central order received successfully. CONTEXT: {"store_id":"site1","source_order_id":375948,"central_order_id":6758,"request_id":"88d1f4a7-d90f-4ef1-be62-c1c5f6b91b09","event":"orderupdated"}
2026-09-03T08:52:38+00:00 INFO Central order received successfully. CONTEXT: {"store_id":"site1","source_order_id":375948,"central_order_id":6758,"request_id":"c1ccc7d6-6605-4b49-9db3-26f1282d4064","event":"orderupdated"}
2026-09-03T08:52:41+00:00 INFO Central bulk source orders received. CONTEXT: {"store_id":"site1","received":20,"succeeded":20,"failed":0,"request_id":"c7fc488a-a1fe-4117-868f-607cec14abcd"}
2026-09-03T08:52:52+00:00 INFO Central order received successfully. CONTEXT: {"store_id":"site1","source_order_id":375890,"central_order_id":6759,"request_id":"ee42b37d-1e52-40a1-9caf-c237a9f372b8","event":"orderupdated"}
2026-09-03T08:53:02+00:00 INFO Central order received successfully. CONTEXT: {"store_id":"site1","source_order_id":363737,"central_order_id":6071,"request_id":"0f1f8a42-d0ca-463e-976f-7e62a3a9aee8","event":"orderupdated"}
2026-09-03T08:53:10+00:00 INFO Central order received successfully. CONTEXT: {"store_id":"site1","source_order_id":375948,"central_order_id":6758,"request_id":"1b5018cd-4610-4303-9e2e-bc56c76854e5","event":"orderupdated"}
2026-09-03T08:53:18+00:00 INFO Central order received successfully. CONTEXT: {"store_id":"site1","source_order_id":375948,"central_order_id":6758,"request_id":"e389a2ee-1566-4c0a-9ae3-f6473d4048bb","event":"orderupdated"}
2026-09-03T08:53:31+00:00 INFO Central order received successfully. CONTEXT: {"store_id":"site1","source_order_id":375890,"central_order_id":6759,"request_id":"5ea03f64-c5a0-4ee3-83a3-ad6a58b42325","event":"orderupdated"}
2026-09-03T08:53:33+00:00 INFO Central bulk source orders received. CONTEXT: {"store_id":"site1","received":20,"succeeded":20,"failed":0,"request_id":"d4c1c675-840e-458d-a2dd-baa4d87f619f"}
2026-09-03T08:53:40+00:00 INFO Central order received successfully. CONTEXT: {"store_id":"site1","source_order_id":367324,"central_order_id":228,"request_id":"b834a0ef-12f5-47d5-a4f1-52ebd0542ecb","event":"orderupdated"}
2026-09-03T08:53:41+00:00 INFO Central order received successfully. CONTEXT: {"store_id":"site1","source_order_id":375949,"central_order_id":6760,"request_id":"1e561ae0-4e94-45dd-a03a-2d270c01369b","event":"orderupdated"}
2026-09-03T08:53:50+00:00 INFO Central order received successfully. CONTEXT: {"store_id":"site1","source_order_id":367324,"central_order_id":228,"request_id":"03f5161e-3912-4e5f-80ef-9945585c4f0e","event":"orderupdated"}
2026-09-03T08:55:32+00:00 CRITICAL Duplicate source mapping detected. CONTEXT: {"store_id":"site1","source_order_id":375884}
2026-09-03T08:55:32+00:00 CRITICAL Duplicate source mapping detected. CONTEXT: {"store_id":"site1","source_order_id":375887}
2026-09-03T08:59:05+00:00 INFO Central bulk source orders received. CONTEXT: {"store_id":"site1","received":20,"succeeded":20,"failed":0,"request_id":"b457a3e8-defa-4676-a090-493d7368ab11"}
2026-09-03T08:59:13+00:00 INFO Central order received successfully. CONTEXT: {"store_id":"site1","source_order_id":375948,"central_order_id":6758,"request_id":"cb71a2bd-be21-46be-abaf-c486ed4e4510","event":"orderupdated"}
2026-09-03T08:59:36+00:00 INFO Central bulk source orders received. CONTEXT: {"store_id":"site1","received":20,"succeeded":20,"failed":0,"request_id":"730ef397-e919-4e40-b58a-927de247a5d6"}
2026-09-03T09:00:04+00:00 INFO Central order received successfully. CONTEXT: {"store_id":"site1","source_order_id":363737,"central_order_id":6071,"request_id":"d0721a68-0e62-40b1-82aa-b257d4316d4f","event":"orderupdated"}
2026-09-03T09:00:09+00:00 INFO Central order received successfully. CONTEXT: {"store_id":"site1","source_order_id":363737,"central_order_id":6071,"request_id":"ed0049b5-ffc0-40b3-9c4d-d76e4d7dcf0c","event":"orderupdated"}
2026-09-03T09:00:24+00:00 INFO Central order received successfully. CONTEXT: {"store_id":"site1","source_order_id":367324,"central_order_id":228,"request_id":"4791b76a-3f43-490a-9ebd-55c99128df8c","event":"orderupdated"}
2026-09-03T09:00:27+00:00 INFO Central bulk source orders received. CONTEXT: {"store_id":"site1","received":20,"succeeded":20,"failed":0,"request_id":"d97e34c2-7529-4f53-b3c4-231f7c5c8657"}
2026-09-03T09:01:22+00:00 INFO Central bulk source orders received. CONTEXT: {"store_id":"site1","received":20,"succeeded":20,"failed":0,"request_id":"ba7c8254-61ba-4565-ae42-4ce0115a19ca"}
2026-09-03T09:05:57+00:00 INFO Central bulk source orders received. CONTEXT: {"store_id":"site1","received":20,"succeeded":20,"failed":0,"request_id":"6ec1bed8-2266-42b0-895e-11097233f06d"}
2026-09-03T09:06:16+00:00 INFO Central order received successfully. CONTEXT: {"store_id":"site1","source_order_id":375950,"central_order_id":6767,"request_id":"b0a66588-d34b-4127-ad59-824cfa9b8b02","event":"orderupdated"}
2026-09-03T09:06:29+00:00 INFO Central order received successfully. CONTEXT: {"store_id":"site1","source_order_id":363737,"central_order_id":6071,"request_id":"70666c07-323d-49e3-8992-70d3bbcc73a4","event":"orderupdated"}
2026-09-03T09:06:35+00:00 INFO Central bulk source orders received. CONTEXT: {"store_id":"site1","received":20,"succeeded":20,"failed":0,"request_id":"6aee9ba6-9d74-4e3e-9043-0115dc3973b6"}
2026-09-03T09:06:54+00:00 INFO Central order received successfully. CONTEXT: {"store_id":"site1","source_order_id":367324,"central_order_id":228,"request_id":"94015e9a-f004-40ff-bbba-bcb185b6e449","event":"orderupdated"}
2026-09-03T09:06:59+00:00 INFO Central order received successfully. CONTEXT: {"store_id":"site1","source_order_id":363737,"central_order_id":6071,"request_id":"058a5167-8327-4776-a0f6-47f9f5754e90","event":"orderupdated"}
2026-09-03T09:07:14+00:00 INFO Central bulk source orders received. CONTEXT: {"store_id":"site1","received":20,"succeeded":20,"failed":0,"request_id":"44143ca5-7af3-492c-8036-e6801eb16cfb"}
2026-09-03T09:07:33+00:00 INFO Central order received successfully. CONTEXT: {"store_id":"site1","source_order_id":367324,"central_order_id":228,"request_id":"ae9e2199-e682-4cf4-95fb-2b7c22e87828","event":"orderupdated"}
2026-09-03T09:07:40+00:00 INFO Central order received successfully. CONTEXT: {"store_id":"site1","source_order_id":363737,"central_order_id":6071,"request_id":"0e6da9af-e90c-4051-8c9c-90cab22b11f4","event":"orderupdated"}
2026-09-03T09:08:18+00:00 INFO Central order received successfully. CONTEXT: {"store_id":"site1","source_order_id":363737,"central_order_id":6071,"request_id":"42980638-64fd-4500-9647-2705c3eded6c","event":"orderupdated"}
2026-09-03T09:08:33+00:00 INFO Central order received successfully. CONTEXT: {"store_id":"site1","source_order_id":363737,"central_order_id":6071,"request_id":"41497ac2-bfbe-4f27-912c-e83fed4bf6c5","event":"orderupdated"}
2026-09-03T09:08:43+00:00 INFO Central order received successfully. CONTEXT: {"store_id":"site1","source_order_id":363737,"central_order_id":6071,"request_id":"62b91566-4671-4b47-94ec-d60ad24a1de9","event":"orderupdated"}
2026-09-03T09:08:50+00:00 INFO Central bulk source orders received. CONTEXT: {"store_id":"site1","received":20,"succeeded":20,"failed":0,"request_id":"4a27c902-ae1e-446a-9fc8-1d2bf2b0bec1"}
2026-09-03T09:09:03+00:00 INFO Central order received successfully. CONTEXT: {"store_id":"site1","source_order_id":363737,"central_order_id":6071,"request_id":"4d1d69f0-c063-4323-b55b-34cfd729febd","event":"orderupdated"}
2026-09-03T09:09:08+00:00 INFO Central order received successfully. CONTEXT: {"store_id":"site1","source_order_id":375946,"central_order_id":6757,"request_id":"e52875f2-7eaa-404e-9c99-f1cda628fff6","event":"orderupdated"}
2026-09-03T09:09:10+00:00 INFO Central order received successfully. CONTEXT: {"store_id":"site1","source_order_id":363737,"central_order_id":6071,"request_id":"efe79fe1-fdff-4806-9507-4669ff63ef01","event":"orderupdated"}
2026-09-03T09:09:23+00:00 INFO Central bulk source orders received. CONTEXT: {"store_id":"site1","received":20,"succeeded":20,"failed":0,"request_id":"f7012bc0-b78e-4b33-ae77-633ed48e1852"}
2026-09-03T09:10:09+00:00 CRITICAL Duplicate source mapping detected. CONTEXT: {"store_id":"site1","source_order_id":375884}
2026-09-03T09:10:09+00:00 CRITICAL Duplicate source mapping detected. CONTEXT: {"store_id":"site1","source_order_id":375887}
2026-09-03T09:13:57+00:00 INFO Central order received successfully. CONTEXT: {"store_id":"site1","source_order_id":363737,"central_order_id":6071,"request_id":"81bbc702-831a-42c8-a82b-3afa895e09e8","event":"orderupdated"}
2026-09-03T09:14:22+00:00 INFO Central bulk source orders received. CONTEXT: {"store_id":"site1","received":19,"succeeded":19,"failed":0,"request_id":"f3db3dd9-5c8b-42a6-930f-d2e88927b61e"}
2026-09-03T09:20:10+00:00 INFO Central order received successfully. CONTEXT: {"store_id":"site1","source_order_id":358270,"central_order_id":957,"request_id":"26c8b1ba-70f3-49a3-86ae-3f40ca965eac","event":"orderupdated"}
2026-09-03T09:20:12+00:00 INFO Central bulk source orders received. CONTEXT: {"store_id":"site1","received":20,"succeeded":20,"failed":0,"request_id":"fc507188-686c-482b-9f9d-a9a376cacf53"}
2026-09-03T09:20:46+00:00 CRITICAL Duplicate source mapping detected. CONTEXT: {"store_id":"site1","source_order_id":375884}
2026-09-03T09:20:46+00:00 INFO Central bulk source orders received. CONTEXT: {"store_id":"site1","received":20,"succeeded":20,"failed":0,"request_id":"a855d8d0-9f43-40c2-ba4c-8d1df91e2e54"}
2026-09-03T09:21:03+00:00 INFO Central order received successfully. CONTEXT: {"store_id":"site1","source_order_id":363737,"central_order_id":6071,"request_id":"02229674-23f6-478c-a760-eee6d08617d6","event":"orderupdated"}
2026-09-03T09:21:20+00:00 INFO Central bulk source orders received. CONTEXT: {"store_id":"site1","received":20,"succeeded":20,"failed":0,"request_id":"e49ebf32-e7fc-4be0-826e-ef9a26fb9c52"}
2026-09-03T09:21:20+00:00 INFO Central order received successfully. CONTEXT: {"store_id":"site1","source_order_id":358270,"central_order_id":957,"request_id":"5f17045f-bb35-4c9c-8c3d-c4e25134e677","event":"orderupdated"}
2026-09-03T09:21:41+00:00 INFO Central order received successfully. CONTEXT: {"store_id":"site1","source_order_id":363737,"central_order_id":6071,"request_id":"06d2f7fc-6603-4c4e-a489-be34e6aa229e","event":"orderupdated"}
2026-09-03T09:21:42+00:00 CRITICAL Duplicate source mapping detected. CONTEXT: {"store_id":"site1","source_order_id":375884}
2026-09-03T09:21:42+00:00 INFO Central bulk source orders received. CONTEXT: {"store_id":"site1","received":20,"succeeded":20,"failed":0,"request_id":"f5b65b74-0534-4e65-bdc4-f256481e5882"}
2026-09-03T09:22:12+00:00 INFO Central bulk source orders received. CONTEXT: {"store_id":"site1","received":20,"succeeded":20,"failed":0,"request_id":"14607c7e-b0f6-4dc7-bc39-2ec79bb79622"}
2026-09-03T09:22:50+00:00 CRITICAL Duplicate source mapping detected. CONTEXT: {"store_id":"site1","source_order_id":375884}
2026-09-03T09:22:51+00:00 INFO Central bulk source orders received. CONTEXT: {"store_id":"site1","received":20,"succeeded":20,"failed":0,"request_id":"b2f2ebb0-6ef0-47bd-acfc-f124955fc108"}
2026-09-03T09:23:05+00:00 INFO Central order received successfully. CONTEXT: {"store_id":"site1","source_order_id":363737,"central_order_id":6071,"request_id":"8606c87d-a7f6-4367-bf43-9088dfe8fd40","event":"orderupdated"}
2026-09-03T09:23:12+00:00 INFO Central order received successfully. CONTEXT: {"store_id":"site1","source_order_id":363737,"central_order_id":6071,"request_id":"f34246c2-3b3c-4841-8a42-7f3902f745af","event":"orderupdated"}
2026-09-03T09:23:22+00:00 INFO Central order received successfully. CONTEXT: {"store_id":"site1","source_order_id":358270,"central_order_id":957,"request_id":"c65a5c85-57a6-49bb-a165-da60750b110e","event":"orderupdated"}
2026-09-03T09:23:37+00:00 INFO Central order received successfully. CONTEXT: {"store_id":"site1","source_order_id":363737,"central_order_id":6071,"request_id":"0bc201e4-4508-4dc3-bc52-67f69301a7d6","event":"orderupdated"}
2026-09-03T09:23:42+00:00 CRITICAL Duplicate source mapping detected. CONTEXT: {"store_id":"site1","source_order_id":375884}
2026-09-03T09:23:43+00:00 INFO Central bulk source orders received. CONTEXT: {"store_id":"site1","received":20,"succeeded":20,"failed":0,"request_id":"e5ac8d70-7f25-4465-beae-e9ed814f7c2e"}
2026-09-03T09:23:50+00:00 INFO Central order received successfully. CONTEXT: {"store_id":"site1","source_order_id":363737,"central_order_id":6071,"request_id":"2d0068d5-0831-4d78-801f-d7bfb6dcc969","event":"orderupdated"}
2026-09-03T09:24:01+00:00 INFO Central order received successfully. CONTEXT: {"store_id":"site1","source_order_id":358270,"central_order_id":957,"request_id":"13024b0a-0a6a-4a79-8118-6d933473fdba","event":"orderupdated"}
2026-09-03T09:24:31+00:00 INFO Central order received successfully. CONTEXT: {"store_id":"site1","source_order_id":363737,"central_order_id":6071,"request_id":"b8b77a33-9a34-41c7-bafa-eaeac328ee52","event":"orderupdated"}
2026-09-03T09:24:41+00:00 INFO Central order received successfully. CONTEXT: {"store_id":"site1","source_order_id":358270,"central_order_id":957,"request_id":"23a9b161-b22a-4812-ba17-87781c4d1bae","event":"orderupdated"}
2026-09-03T09:24:53+00:00 INFO Central order received successfully. CONTEXT: {"store_id":"site1","source_order_id":375946,"central_order_id":6757,"request_id":"41819f94-1141-44e2-ab3e-883c71748b39","event":"orderupdated"}
2026-09-03T09:24:55+00:00 CRITICAL Duplicate source mapping detected. CONTEXT: {"store_id":"site1","source_order_id":375884}
2026-09-03T09:24:56+00:00 INFO Central bulk source orders received. CONTEXT: {"store_id":"site1","received":20,"succeeded":20,"failed":0,"request_id":"1e5cc384-7b4b-4f3a-81fd-8ea42633f78c"}
2026-09-03T09:25:11+00:00 INFO Central order received successfully. CONTEXT: {"store_id":"site1","source_order_id":363737,"central_order_id":6071,"request_id":"eb80e013-165b-4fec-b3d7-bbf9416c91a6","event":"orderupdated"}
2026-09-03T09:25:19+00:00 INFO Central order received successfully. CONTEXT: {"store_id":"site1","source_order_id":358270,"central_order_id":957,"request_id":"decbce61-be44-4edc-bf60-5fe149a92ab6","event":"orderupdated"}
2026-09-03T09:25:24+00:00 INFO Central order received successfully. CONTEXT: {"store_id":"site1","source_order_id":358270,"central_order_id":957,"request_id":"824c13b7-1da6-400d-9707-98b4060cf85b","event":"orderupdated"}
2026-09-03T09:25:40+00:00 INFO Central order received successfully. CONTEXT: {"store_id":"site1","source_order_id":363737,"central_order_id":6071,"request_id":"389ccd0a-ba63-43f9-8ee6-1c5eca322456","event":"orderupdated"}
2026-09-03T09:25:47+00:00 CRITICAL Duplicate source mapping detected. CONTEXT: {"store_id":"site1","source_order_id":375884}
2026-09-03T09:25:47+00:00 INFO Central bulk source orders received. CONTEXT: {"store_id":"site1","received":20,"succeeded":20,"failed":0,"request_id":"ebb2dc86-c8ca-4dbb-9a8e-458615209622"}
2026-09-03T09:25:48+00:00 INFO Central order received successfully. CONTEXT: {"store_id":"site1","source_order_id":363737,"central_order_id":6071,"request_id":"deec8234-fe4e-404a-aee8-df92347ff645","event":"orderupdated"}
2026-09-03T09:25:56+00:00 INFO Central order received successfully. CONTEXT: {"store_id":"site1","source_order_id":358270,"central_order_id":957,"request_id":"fa5c77f0-26fe-42ec-b073-7efef667f8db","event":"orderupdated"}
2026-09-03T09:26:01+00:00 INFO Central order received successfully. CONTEXT: {"store_id":"site1","source_order_id":358270,"central_order_id":957,"request_id":"3545a033-eb02-4fb7-83e6-62d71305f8e5","event":"orderupdated"}
2026-09-03T09:26:17+00:00 INFO Central order received successfully. CONTEXT: {"store_id":"site1","source_order_id":363737,"central_order_id":6071,"request_id":"fb1cb194-41e2-4be6-808a-517d2ea91836","event":"orderupdated"}
2026-09-03T09:26:26+00:00 INFO Central order received successfully. CONTEXT: {"store_id":"site1","source_order_id":363737,"central_order_id":6071,"request_id":"6ddb6020-3f60-406a-a0e2-599bc13df57a","event":"orderupdated"}
2026-09-03T09:26:33+00:00 INFO Central order received successfully. CONTEXT: {"store_id":"site1","source_order_id":358270,"central_order_id":957,"request_id":"1027d492-ce45-4182-9944-a1e9d7e07569","event":"orderupdated"}
2026-09-03T09:26:39+00:00 CRITICAL Duplicate source mapping detected. CONTEXT: {"store_id":"site1","source_order_id":375884}
2026-09-03T09:26:40+00:00 INFO Central bulk source orders received. CONTEXT: {"store_id":"site1","received":20,"succeeded":20,"failed":0,"request_id":"26a457f3-c949-4df7-81f8-77ca687997ee"}
2026-09-03T09:26:54+00:00 INFO Central order received successfully. CONTEXT: {"store_id":"site1","source_order_id":363737,"central_order_id":6071,"request_id":"d3c90c8e-9758-44ec-a80a-fba4670d0d18","event":"orderupdated"}
2026-09-03T09:27:11+00:00 INFO Central order received successfully. CONTEXT: {"store_id":"site1","source_order_id":358270,"central_order_id":957,"request_id":"dd9f4a57-4d0c-4168-80cb-3954b0522f7e","event":"orderupdated"}
2026-09-03T09:27:24+00:00 INFO Central order received successfully. CONTEXT: {"store_id":"site1","source_order_id":358270,"central_order_id":957,"request_id":"55a9d6cb-3a2d-49eb-bd46-b9ef52c31576","event":"orderupdated"}
2026-09-03T09:27:29+00:00 CRITICAL Duplicate source mapping detected. CONTEXT: {"store_id":"site1","source_order_id":375884}
2026-09-03T09:27:30+00:00 INFO Central bulk source orders received. CONTEXT: {"store_id":"site1","received":20,"succeeded":20,"failed":0,"request_id":"d79c0fa2-115a-410c-9174-1d13468afc23"}
2026-09-03T09:27:32+00:00 INFO Central order received successfully. CONTEXT: {"store_id":"site1","source_order_id":363737,"central_order_id":6071,"request_id":"be0d91de-100e-42b7-84c4-bf3ca2cd8859","event":"orderupdated"}
2026-09-03T09:28:20+00:00 CRITICAL Duplicate source mapping detected. CONTEXT: {"store_id":"site1","source_order_id":375884}
2026-09-03T09:28:20+00:00 INFO Central bulk source orders received. CONTEXT: {"store_id":"site1","received":20,"succeeded":20,"failed":0,"request_id":"25052386-136b-461b-8155-2778f6df0a4f"}
2026-09-03T09:29:13+00:00 CRITICAL Duplicate source mapping detected. CONTEXT: {"store_id":"site1","source_order_id":375884}
2026-09-03T09:29:14+00:00 INFO Central bulk source orders received. CONTEXT: {"store_id":"site1","received":20,"succeeded":20,"failed":0,"request_id":"df0eae9b-150f-4a10-ad25-58541474b3bc"}
2026-09-03T09:29:52+00:00 INFO Central order received successfully. CONTEXT: {"store_id":"site1","source_order_id":363737,"central_order_id":6071,"request_id":"a570ce35-2643-4597-8c23-5e8c54c3ea1e","event":"orderupdated"}
2026-09-03T09:29:54+00:00 INFO Central bulk source orders received. CONTEXT: {"store_id":"site1","received":20,"succeeded":20,"failed":0,"request_id":"2e705aa5-7a80-44e4-b3c7-0d5d5403d7bb"}
2026-09-03T09:30:40+00:00 CRITICAL Duplicate source mapping detected. CONTEXT: {"store_id":"site1","source_order_id":375884}
2026-09-03T09:31:54+00:00 INFO Central order received successfully. CONTEXT: {"store_id":"site1","source_order_id":363737,"central_order_id":6071,"request_id":"217c9760-56c8-4086-a06b-aab1af3fe78a","event":"orderupdated"}
2026-09-03T09:35:15+00:00 INFO Central order received successfully. CONTEXT: {"store_id":"site1","source_order_id":363737,"central_order_id":6071,"request_id":"dc3d5a8e-f1c4-4042-8d4e-858bac80b362","event":"orderupdated"}
2026-09-03T09:35:36+00:00 INFO Central bulk source orders received. CONTEXT: {"store_id":"site1","received":20,"succeeded":20,"failed":0,"request_id":"f23b79a4-261b-4029-8d9a-de0e5ee729de"}
2026-09-03T09:35:53+00:00 INFO Central order received successfully. CONTEXT: {"store_id":"site1","source_order_id":363737,"central_order_id":6071,"request_id":"4eda5eb9-3ded-4131-a297-8700e66071f8","event":"orderupdated"}
2026-09-03T09:36:14+00:00 INFO Central bulk source orders received. CONTEXT: {"store_id":"site1","received":20,"succeeded":20,"failed":0,"request_id":"c62e377b-e87f-4622-a524-0141dddd16a4"}
2026-09-03T09:36:19+00:00 INFO Central order received successfully. CONTEXT: {"store_id":"site1","source_order_id":363737,"central_order_id":6071,"request_id":"614867fa-e66f-42b1-b417-6d414f9c64e8","event":"orderupdated"}
2026-09-03T09:36:52+00:00 INFO Central order received successfully. CONTEXT: {"store_id":"site1","source_order_id":363737,"central_order_id":6071,"request_id":"d05a3eeb-1b00-4370-8a2c-9101c5bd6fd3","event":"orderupdated"}
2026-09-03T09:37:00+00:00 INFO Central order received successfully. CONTEXT: {"store_id":"site1","source_order_id":363737,"central_order_id":6071,"request_id":"5b8f2580-9d78-426c-b7a9-5c8e4a943965","event":"orderupdated"}
2026-09-03T09:37:09+00:00 INFO Central bulk source orders received. CONTEXT: {"store_id":"site1","received":20,"succeeded":20,"failed":0,"request_id":"f30f4ac7-7f21-4e4c-a06b-004709712742"}
2026-09-03T09:37:30+00:00 INFO Central order received successfully. CONTEXT: {"store_id":"site1","source_order_id":363737,"central_order_id":6071,"request_id":"ee2c7588-c4bc-4489-98c3-d983dd879e14","event":"orderupdated"}
2026-09-03T09:37:47+00:00 INFO Central order received successfully. CONTEXT: {"store_id":"site1","source_order_id":363737,"central_order_id":6071,"request_id":"cb93672d-6023-4f71-8ff4-0c42d22afcc6","event":"orderupdated"}
2026-09-03T09:38:12+00:00 INFO Central bulk source orders received. CONTEXT: {"store_id":"site1","received":20,"succeeded":20,"failed":0,"request_id":"6cec31c1-1155-4355-8303-02222ad1ed04"}
2026-09-03T09:38:20+00:00 INFO Central order received successfully. CONTEXT: {"store_id":"site1","source_order_id":363737,"central_order_id":6071,"request_id":"2cb02c87-936d-4eab-8098-312ed39ab705","event":"orderupdated"}
2026-09-03T09:38:37+00:00 INFO Central order received successfully. CONTEXT: {"store_id":"site1","source_order_id":363737,"central_order_id":6071,"request_id":"721b7ae7-edc8-426e-864d-7c1185c3d097","event":"orderupdated"}
2026-09-03T09:38:58+00:00 INFO Central order received successfully. CONTEXT: {"store_id":"site1","source_order_id":363737,"central_order_id":6071,"request_id":"4cf6f3e1-bf24-4b7e-8f05-5a7795f49e06","event":"orderupdated"}
2026-09-03T09:39:24+00:00 INFO Central bulk source orders received. CONTEXT: {"store_id":"site1","received":20,"succeeded":20,"failed":0,"request_id":"877ea51d-f6ec-4074-93d4-ed20f162903c"}
2026-09-03T09:39:31+00:00 INFO Central order received successfully. CONTEXT: {"store_id":"site1","source_order_id":363737,"central_order_id":6071,"request_id":"556d873f-4bad-47ba-8371-00bca4f957bb","event":"orderupdated"}
2026-09-03T09:39:34+00:00 INFO Central bulk source orders received. CONTEXT: {"store_id":"site1","received":20,"succeeded":20,"failed":0,"request_id":"4ec963cd-7e22-493b-94c0-2baddd6a8cf0"}
2026-09-03T09:39:38+00:00 INFO Central order received successfully. CONTEXT: {"store_id":"site1","source_order_id":363737,"central_order_id":6071,"request_id":"05398fad-0a3d-4a0a-9743-1ac4ebb6f122","event":"orderupdated"}
2026-09-03T09:40:15+00:00 INFO Central order received successfully. CONTEXT: {"store_id":"site1","source_order_id":363737,"central_order_id":6071,"request_id":"bd9841b1-3994-405d-ab27-3275b79aff73","event":"orderupdated"}
2026-09-03T09:40:25+00:00 INFO Central order received successfully. CONTEXT: {"store_id":"site1","source_order_id":363737,"central_order_id":6071,"request_id":"ec83bc5a-ba91-4f9b-ae80-a72d6dd733e3","event":"orderupdated"}
2026-09-03T09:40:27+00:00 INFO Central bulk source orders received. CONTEXT: {"store_id":"site1","received":20,"succeeded":20,"failed":0,"request_id":"bd60a561-16d5-446a-b709-8cefe6278113"}
2026-09-03T09:40:40+00:00 INFO Central order received successfully. CONTEXT: {"store_id":"site1","source_order_id":368572,"central_order_id":514,"request_id":"d0b89ca8-df9e-46a2-9f84-97059ba016fe","event":"orderupdated"}
2026-09-03T09:41:23+00:00 INFO Central bulk source orders received. CONTEXT: {"store_id":"site1","received":20,"succeeded":20,"failed":0,"request_id":"9d9dc574-19de-42cf-8e52-e7dc787e747a"}
2026-09-03T09:42:18+00:00 INFO Central bulk source orders received. CONTEXT: {"store_id":"site1","received":20,"succeeded":20,"failed":0,"request_id":"dc0be58d-f19e-414e-a2e6-e4339545876b"}
2026-09-03T09:43:12+00:00 INFO Central bulk source orders received. CONTEXT: {"store_id":"site1","received":20,"succeeded":20,"failed":0,"request_id":"4fb250c0-8272-4e40-b8a0-d7c52c4e89cb"}
2026-09-03T09:43:57+00:00 INFO Central bulk source orders received. CONTEXT: {"store_id":"site1","received":20,"succeeded":20,"failed":0,"request_id":"ce5399d1-3abd-4f8a-87ba-5a61d57a0c1b"}
2026-09-03T09:45:45+00:00 INFO Central bulk source orders received. CONTEXT: {"store_id":"site1","received":20,"succeeded":20,"failed":0,"request_id":"1e64f685-3596-448a-8fb5-7387accf7b60"}
2026-09-03T09:48:08+00:00 INFO Central order received successfully. CONTEXT: {"store_id":"site1","source_order_id":368572,"central_order_id":514,"request_id":"3c1bf07c-c117-4060-bb6e-0ed836c7a44c","event":"orderupdated"}
2026-09-03T09:48:34+00:00 INFO Central order received successfully. CONTEXT: {"store_id":"site1","source_order_id":368572,"central_order_id":514,"request_id":"18d54420-c7ea-4d48-ba51-03768c648019","event":"orderupdated"}
2026-09-03T09:48:46+00:00 INFO Central order received successfully. CONTEXT: {"store_id":"site1","source_order_id":368572,"central_order_id":514,"request_id":"57e4de27-3379-4df9-926e-573d978930de","event":"orderupdated"}
2026-09-03T09:49:12+00:00 INFO Central order received successfully. CONTEXT: {"store_id":"site1","source_order_id":368572,"central_order_id":514,"request_id":"7edaf2fa-aa4b-4cf7-b0ae-8044774602f1","event":"orderupdated"}
2026-09-03T09:49:21+00:00 INFO Central order received successfully. CONTEXT: {"store_id":"site1","source_order_id":368572,"central_order_id":514,"request_id":"c864c925-3869-46a1-b7a9-4cede6ef304c","event":"orderupdated"}
2026-09-03T09:49:55+00:00 INFO Central order received successfully. CONTEXT: {"store_id":"site1","source_order_id":368572,"central_order_id":514,"request_id":"74b263b4-44ef-4736-b5be-d4aae0972ae6","event":"orderupdated"}
2026-09-03T09:50:14+00:00 INFO Central order received successfully. CONTEXT: {"store_id":"site1","source_order_id":368572,"central_order_id":514,"request_id":"b7b7cb7d-2256-4dc4-987e-c16197783bd2","event":"orderupdated"}
2026-09-03T09:50:20+00:00 INFO Central order received successfully. CONTEXT: {"store_id":"site1","source_order_id":368572,"central_order_id":514,"request_id":"775a950a-0d16-4abb-8981-f7d890f68ed5","event":"orderupdated"}
2026-09-03T09:50:31+00:00 INFO Central order received successfully. CONTEXT: {"store_id":"site1","source_order_id":368572,"central_order_id":514,"request_id":"7e2df573-1824-4ab2-a9ed-7b5f3aa81495","event":"orderupdated"}
2026-09-03T09:50:53+00:00 INFO Central order received successfully. CONTEXT: {"store_id":"site1","source_order_id":368572,"central_order_id":514,"request_id":"c29d41b0-5b8d-47c4-9074-5e61b5ad8393","event":"orderupdated"}
2026-09-03T09:52:15+00:00 INFO Central bulk source orders received. CONTEXT: {"store_id":"site1","received":20,"succeeded":20,"failed":0,"request_id":"47c4fdf7-2eec-4e0d-be70-2fd1198ae1e8"}
2026-09-03T09:54:46+00:00 INFO Central order received successfully. CONTEXT: {"store_id":"site1","source_order_id":368572,"central_order_id":514,"request_id":"3695b5a7-72e5-4faf-8490-707a6cc5a02f","event":"orderupdated"}
2026-09-03T09:55:52+00:00 INFO Central order received successfully. CONTEXT: {"store_id":"site1","source_order_id":376020,"central_order_id":6771,"request_id":"5ee0526b-912e-422f-9f05-c42cafb5fdf6","event":"orderupdated"}
2026-09-03T09:56:48+00:00 INFO Central order received successfully. CONTEXT: {"store_id":"site1","source_order_id":376020,"central_order_id":6771,"request_id":"b264acae-30c8-4da9-ba0a-8d3c00946ffb","event":"orderupdated"}
2026-09-03T09:57:30+00:00 INFO Central order received successfully. CONTEXT: {"store_id":"site1","source_order_id":376020,"central_order_id":6771,"request_id":"cc9d8518-f6e6-4ae3-b78c-aa8fb25e75e8","event":"orderupdated"}
2026-09-03T09:58:07+00:00 INFO Central order received successfully. CONTEXT: {"store_id":"site1","source_order_id":376020,"central_order_id":6771,"request_id":"2a027b64-cd88-402b-840d-26b8f2e342f7","event":"orderupdated"}
2026-09-03T09:58:47+00:00 INFO Central bulk source orders received. CONTEXT: {"store_id":"site1","received":20,"succeeded":20,"failed":0,"request_id":"ca65bb3b-20e3-4186-9791-afd57d6b2b5a"}
2026-09-03T09:59:32+00:00 INFO Central order received successfully. CONTEXT: {"store_id":"site1","source_order_id":376020,"central_order_id":6771,"request_id":"e9a9eba7-27cd-4967-9e94-2ff3c99f0b84","event":"orderupdated"}
2026-09-03T10:00:00+00:00 INFO Central bulk source orders received. CONTEXT: {"store_id":"site1","received":20,"succeeded":20,"failed":0,"request_id":"4be444e2-750a-4adb-9137-9a914b14f1c7"}
2026-09-03T10:00:32+00:00 INFO Central bulk source orders received. CONTEXT: {"store_id":"site1","received":20,"succeeded":20,"failed":0,"request_id":"2543feba-d643-4ad7-a082-8a8a3465c8ec"}
2026-09-03T10:00:38+00:00 INFO Central order received successfully. CONTEXT: {"store_id":"site1","source_order_id":376020,"central_order_id":6771,"request_id":"82980743-90c7-4e73-8bae-855517356044","event":"orderupdated"}
2026-09-03T10:01:50+00:00 INFO Central order received successfully. CONTEXT: {"store_id":"site1","source_order_id":376020,"central_order_id":6771,"request_id":"46b5b2ce-7319-4974-95b1-6398ac64cb4a","event":"orderupdated"}
2026-09-03T10:02:49+00:00 INFO Central order received successfully. CONTEXT: {"store_id":"site1","source_order_id":376020,"central_order_id":6771,"request_id":"842bbd4e-e94c-45fc-993b-a6c274a8fc62","event":"orderupdated"}
2026-09-03T10:03:07+00:00 INFO Central bulk source orders received. CONTEXT: {"store_id":"site1","received":20,"succeeded":20,"failed":0,"request_id":"00ea7251-661a-481e-832b-e50833969014"}
2026-09-03T10:03:28+00:00 INFO Central order received successfully. CONTEXT: {"store_id":"site1","source_order_id":376020,"central_order_id":6771,"request_id":"d3bd726d-2ba4-46ec-8da8-af7b7eba6b93","event":"orderupdated"}
2026-09-03T10:03:29+00:00 INFO Central bulk source orders received. CONTEXT: {"store_id":"site1","received":20,"succeeded":20,"failed":0,"request_id":"68e0fa04-29e4-4911-8eac-f69f8553fd9b"}
2026-09-03T10:03:57+00:00 INFO Central bulk source orders received. CONTEXT: {"store_id":"site1","received":20,"succeeded":20,"failed":0,"request_id":"e1cf4bf9-19f6-4193-9e84-17792067d05f"}
2026-09-03T10:05:34+00:00 INFO Central bulk source orders received. CONTEXT: {"store_id":"site1","received":20,"succeeded":20,"failed":0,"request_id":"f6478f89-2ec2-47af-83a6-0b1bd0102924"}
2026-09-03T10:05:35+00:00 INFO Central order received successfully. CONTEXT: {"store_id":"site1","source_order_id":376031,"central_order_id":6772,"request_id":"d0f7cc9a-935a-404b-a6fa-e7ae3fef5b61","event":"orderupdated"}
2026-09-03T10:05:44+00:00 INFO Central order received successfully. CONTEXT: {"store_id":"site1","source_order_id":376031,"central_order_id":6772,"request_id":"adecd5fd-7f98-41bb-9803-8f44f387576d","event":"orderupdated"}
2026-09-03T10:06:19+00:00 INFO Central order received successfully. CONTEXT: {"store_id":"site1","source_order_id":376031,"central_order_id":6772,"request_id":"24af8075-3d7c-435c-8cce-0a545db227cf","event":"orderupdated"}
2026-09-03T10:06:22+00:00 INFO Central order received successfully. CONTEXT: {"store_id":"site1","source_order_id":376031,"central_order_id":6772,"request_id":"b3814848-c601-4107-b565-8de5ad537d1b","event":"orderupdated"}
2026-09-03T10:11:05+00:00 INFO Central bulk source orders received. CONTEXT: {"store_id":"site1","received":20,"succeeded":20,"failed":0,"request_id":"7a9184ee-8501-42b0-a0b5-24163c26fec3"}
2026-09-03T10:11:33+00:00 INFO Central order received successfully. CONTEXT: {"store_id":"site1","source_order_id":376031,"central_order_id":6772,"request_id":"6a13b70b-c0f1-40d9-a952-d33525fc8f5a","event":"orderupdated"}
2026-09-03T10:12:11+00:00 INFO Central order received successfully. CONTEXT: {"store_id":"site1","source_order_id":376020,"central_order_id":6771,"request_id":"2f530d7f-5098-4d21-b7b2-c3f285e5d095","event":"orderupdated"}
2026-09-03T10:13:53+00:00 INFO Central bulk source orders received. CONTEXT: {"store_id":"site1","received":20,"succeeded":20,"failed":0,"request_id":"2f8e814f-1d49-46d7-bbec-6887e60c0b19"}
2026-09-03T10:14:18+00:00 INFO Central bulk source orders received. CONTEXT: {"store_id":"site1","received":20,"succeeded":20,"failed":0,"request_id":"79acfcde-b7d9-4001-bda9-7f86515571fa"}
2026-09-03T10:14:58+00:00 INFO Central bulk source orders received. CONTEXT: {"store_id":"site1","received":20,"succeeded":20,"failed":0,"request_id":"8fcea0d4-4f7b-4fe1-88a1-0cb8bf6b8d03"}
2026-09-03T10:15:53+00:00 INFO Central bulk source orders received. CONTEXT: {"store_id":"site1","received":19,"succeeded":19,"failed":0,"request_id":"d4014422-5835-43ca-a8f6-776e627abca8"}
2026-09-03T10:16:36+00:00 INFO Central order received successfully. CONTEXT: {"store_id":"site1","source_order_id":376020,"central_order_id":6771,"request_id":"5ebec018-b42e-423c-90f7-880c9581d2d8","event":"orderupdated"}
2026-09-03T10:16:47+00:00 INFO Central bulk source orders received. CONTEXT: {"store_id":"site1","received":19,"succeeded":19,"failed":0,"request_id":"59499da8-be89-41c9-a04e-1f15eda529c2"}
2026-09-03T10:16:49+00:00 INFO Central order received successfully. CONTEXT: {"store_id":"site1","source_order_id":376020,"central_order_id":6771,"request_id":"5da7174b-c008-4c43-8455-6118eee5d030","event":"orderupdated"}
2026-09-03T10:16:59+00:00 INFO Central order received successfully. CONTEXT: {"store_id":"site1","source_order_id":376020,"central_order_id":6771,"request_id":"26ff6fc5-3a28-4e39-94c2-ab86340e6b56","event":"orderupdated"}
2026-09-03T10:17:02+00:00 INFO Central bulk source orders received. CONTEXT: {"store_id":"site1","received":20,"succeeded":20,"failed":0,"request_id":"919cb309-ca9d-4af9-8373-48dc469cdd28"}
2026-09-03T10:17:11+00:00 INFO Central order received successfully. CONTEXT: {"store_id":"site1","source_order_id":376020,"central_order_id":6771,"request_id":"8b211437-4805-4b10-9ca6-b2d8c1fe44d3","event":"orderupdated"}
2026-09-03T10:17:52+00:00 INFO Central bulk source orders received. CONTEXT: {"store_id":"site1","received":20,"succeeded":20,"failed":0,"request_id":"ae2d2a1c-8ceb-4976-98f8-2aa45cf47d72"}
2026-09-03T10:19:06+00:00 INFO Central bulk source orders received. CONTEXT: {"store_id":"site1","received":20,"succeeded":20,"failed":0,"request_id":"fbdc38aa-5f2d-4d5d-9021-5defb72008be"}
2026-09-03T10:22:47+00:00 INFO Central order received successfully. CONTEXT: {"store_id":"site1","source_order_id":376020,"central_order_id":6771,"request_id":"9eee121e-b90d-4a33-a719-8cc7673c6f6a","event":"orderupdated"}
2026-09-03T10:22:52+00:00 INFO Central bulk source orders received. CONTEXT: {"store_id":"site1","received":20,"succeeded":20,"failed":0,"request_id":"c66b24d5-92a1-4c67-a4cc-5307646a0cf1"}
2026-09-03T10:23:13+00:00 INFO Central bulk source orders received. CONTEXT: {"store_id":"site1","received":20,"succeeded":20,"failed":0,"request_id":"f053823d-a0bb-4619-8ea5-eafae761bb41"}
2026-09-03T10:23:37+00:00 INFO Central bulk source orders received. CONTEXT: {"store_id":"site1","received":20,"succeeded":20,"failed":0,"request_id":"269dea85-2b31-4e6a-b1ff-f20eb3cd5876"}
2026-09-03T10:34:02+00:00 INFO Central order received successfully. CONTEXT: {"store_id":"site1","source_order_id":368572,"central_order_id":514,"request_id":"ed5a88e0-0063-4767-90cf-b552c5fa2644","event":"orderupdated"}
2026-09-03T10:34:15+00:00 INFO Central order received successfully. CONTEXT: {"store_id":"site1","source_order_id":366236,"central_order_id":45,"request_id":"57941285-efad-4064-88a0-eea833d9980b","event":"orderupdated"}
2026-09-03T10:34:31+00:00 INFO Central order received successfully. CONTEXT: {"store_id":"site1","source_order_id":366236,"central_order_id":45,"request_id":"b5e986bd-76a8-430f-9b4f-4f76a08c893a","event":"orderupdated"}
2026-09-03T10:34:39+00:00 INFO Central order received successfully. CONTEXT: {"store_id":"site1","source_order_id":368572,"central_order_id":514,"request_id":"15a46e3f-a3d8-48bc-ade5-1566f5a9ee23","event":"orderupdated"}
2026-09-03T10:34:46+00:00 INFO Central order received successfully. CONTEXT: {"store_id":"site1","source_order_id":366236,"central_order_id":45,"request_id":"4de5b941-476d-480c-89fe-2571f9a5309d","event":"orderupdated"}
2026-09-03T10:34:53+00:00 INFO Central order received successfully. CONTEXT: {"store_id":"site1","source_order_id":366236,"central_order_id":45,"request_id":"ceb03e40-5a89-465d-8918-8941ce1bad2b","event":"orderupdated"}
2026-09-03T10:35:04+00:00 INFO Central order received successfully. CONTEXT: {"store_id":"site1","source_order_id":366236,"central_order_id":45,"request_id":"fce311ba-fda8-4916-9796-6a25833b80a9","event":"orderupdated"}
2026-09-03T10:35:09+00:00 INFO Central order received successfully. CONTEXT: {"store_id":"site1","source_order_id":366236,"central_order_id":45,"request_id":"f8262107-5213-4a33-b8f6-3dde0023a307","event":"orderupdated"}
2026-09-03T10:35:17+00:00 INFO Central order received successfully. CONTEXT: {"store_id":"site1","source_order_id":368572,"central_order_id":514,"request_id":"f2f1afe5-6f9c-4afe-8035-acfcb90385ce","event":"orderupdated"}
2026-09-03T10:37:43+00:00 INFO Central order received successfully. CONTEXT: {"store_id":"site1","source_order_id":366236,"central_order_id":45,"request_id":"3b687fe6-1099-4d09-93f6-718bc67930cf","event":"orderupdated"}
2026-09-03T10:38:25+00:00 INFO Central order received successfully. CONTEXT: {"store_id":"site1","source_order_id":366236,"central_order_id":45,"request_id":"bc6f533c-46f1-4acf-b0a8-d07d8bafe74f","event":"orderupdated"}
2026-09-03T10:38:48+00:00 INFO Central bulk source orders received. CONTEXT: {"store_id":"site1","received":20,"succeeded":20,"failed":0,"request_id":"b2501752-b6ac-4242-afff-90bb08e72a3f"}
2026-09-03T10:39:35+00:00 INFO Central bulk source orders received. CONTEXT: {"store_id":"site1","received":20,"succeeded":20,"failed":0,"request_id":"02e1c5a2-907b-48b4-9c66-e8e37b96c7ea"}
2026-09-03T10:39:35+00:00 INFO Central order received successfully. CONTEXT: {"store_id":"site1","source_order_id":366236,"central_order_id":45,"request_id":"fe740c15-f18b-4d81-a253-8c61e3abdaf0","event":"orderupdated"}
2026-09-03T10:40:04+00:00 INFO Central order received successfully. CONTEXT: {"store_id":"site1","source_order_id":376128,"central_order_id":6774,"request_id":"0d4ef18e-3e55-4217-b9a6-f0139f07cb3c","event":"orderupdated"}
2026-09-03T10:40:29+00:00 INFO Central bulk source orders received. CONTEXT: {"store_id":"site1","received":20,"succeeded":20,"failed":0,"request_id":"1f78eb74-ceb7-432d-aae1-cc3f608aa1ba"}
2026-09-03T10:41:23+00:00 INFO Central bulk source orders received. CONTEXT: {"store_id":"site1","received":20,"succeeded":20,"failed":0,"request_id":"a326af69-a299-4c31-99ca-fc5a2b9760e2"}
2026-09-03T10:42:29+00:00 INFO Central bulk source orders received. CONTEXT: {"store_id":"site1","received":20,"succeeded":20,"failed":0,"request_id":"8e531f9c-6bff-4d29-a5be-b4987112777b"}
2026-09-03T10:42:48+00:00 INFO Central order received successfully. CONTEXT: {"store_id":"site1","source_order_id":376128,"central_order_id":6774,"request_id":"d9dbcaa9-6e38-457f-87eb-9415ed9a2c30","event":"orderupdated"}
2026-09-03T10:42:56+00:00 INFO Central bulk source orders received. CONTEXT: {"store_id":"site1","received":20,"succeeded":20,"failed":0,"request_id":"ec6ee155-7af4-424e-8365-89a77bc96aea"}
2026-09-03T10:47:29+00:00 INFO Central bulk source orders received. CONTEXT: {"store_id":"site1","received":20,"succeeded":20,"failed":0,"request_id":"da982240-e409-484d-bbf0-58a0715bbdcc"}
2026-09-03T10:48:29+00:00 INFO Central bulk source orders received. CONTEXT: {"store_id":"site1","received":20,"succeeded":20,"failed":0,"request_id":"df7e98f6-1cf7-4acd-85f5-52363be6e087"}
2026-09-03T10:49:11+00:00 INFO Central bulk source orders received. CONTEXT: {"store_id":"site1","received":20,"succeeded":20,"failed":0,"request_id":"9f6201af-dddc-4c3b-9ada-f7673580a1a2"}
2026-09-03T10:50:38+00:00 INFO Central bulk source orders received. CONTEXT: {"store_id":"site1","received":20,"succeeded":20,"failed":0,"request_id":"c0f1e5f7-286f-4373-a218-c830f4815e30"}
2026-09-03T10:51:50+00:00 INFO Central bulk source orders received. CONTEXT: {"store_id":"site1","received":20,"succeeded":20,"failed":0,"request_id":"cc34ea83-b602-4494-8a9a-5a938e19ad91"}
2026-09-03T10:52:47+00:00 INFO Central bulk source orders received. CONTEXT: {"store_id":"site1","received":20,"succeeded":20,"failed":0,"request_id":"d40113d8-67b6-4e20-8fd9-0d11bde691a3"}
2026-09-03T10:53:39+00:00 INFO Central bulk source orders received. CONTEXT: {"store_id":"site1","received":20,"succeeded":20,"failed":0,"request_id":"2c8db987-e80d-4976-892b-6d55807de8ab"}
2026-09-03T10:54:05+00:00 INFO Central bulk source orders received. CONTEXT: {"store_id":"site1","received":20,"succeeded":20,"failed":0,"request_id":"5c5274e5-963a-41d2-8b8e-005beecddf0f"}
2026-09-03T10:54:14+00:00 INFO Central bulk source orders received. CONTEXT: {"store_id":"site1","received":20,"succeeded":20,"failed":0,"request_id":"539181c5-dcdd-424b-9b8b-6de6b168424a"}
2026-09-03T10:54:44+00:00 INFO Central bulk source orders received. CONTEXT: {"store_id":"site1","received":20,"succeeded":20,"failed":0,"request_id":"d24da93a-e2c5-4a66-baec-9994d48109c3"}
2026-09-03T10:59:05+00:00 INFO Central bulk source orders received. CONTEXT: {"store_id":"site1","received":20,"succeeded":20,"failed":0,"request_id":"7fa2bde5-88b5-4b88-b687-04ea014b350d"}
2026-09-03T11:01:37+00:00 INFO Central bulk source orders received. CONTEXT: {"store_id":"site1","received":20,"succeeded":20,"failed":0,"request_id":"f789cf35-636e-4457-8272-378f155dac9a"}
2026-09-03T11:02:16+00:00 INFO Central order received successfully. CONTEXT: {"store_id":"site1","source_order_id":376130,"central_order_id":6776,"request_id":"44ede7be-42c1-4dfb-98c8-89dc7481d111","event":"orderupdated"}
2026-09-03T11:02:27+00:00 INFO Central bulk source orders received. CONTEXT: {"store_id":"site1","received":20,"succeeded":20,"failed":0,"request_id":"99676c5e-c7fb-4ee0-933b-c4b183893ff5"}
2026-09-03T11:02:44+00:00 INFO Central order received successfully. CONTEXT: {"store_id":"site1","source_order_id":376130,"central_order_id":6776,"request_id":"dd5ef741-3913-4c8e-89d8-a56ec26785ab","event":"orderupdated"}
2026-09-03T11:03:00+00:00 INFO Central order received successfully. CONTEXT: {"store_id":"site1","source_order_id":376130,"central_order_id":6776,"request_id":"01a1e3a9-78ff-4796-9245-e774e2592c59","event":"orderupdated"}
2026-09-03T11:03:02+00:00 INFO Central bulk source orders received. CONTEXT: {"store_id":"site1","received":20,"succeeded":20,"failed":0,"request_id":"a8588aa8-7634-4821-9aad-2f19a6dc0cd2"}
2026-09-03T11:05:26+00:00 INFO Central order received successfully. CONTEXT: {"store_id":"site1","source_order_id":376132,"central_order_id":6777,"request_id":"2b92e094-616e-43b9-99c9-dce33121823d","event":"orderupdated"}
2026-09-03T11:06:06+00:00 INFO Central order received successfully. CONTEXT: {"store_id":"site1","source_order_id":376132,"central_order_id":6777,"request_id":"d855af5c-433c-4f2f-afff-964419ae8705","event":"orderupdated"}
2026-09-03T11:07:06+00:00 INFO Central order received successfully. CONTEXT: {"store_id":"site1","source_order_id":376132,"central_order_id":6777,"request_id":"96beee26-21db-47e2-801d-d6b1be2ad143","event":"orderupdated"}
2026-09-03T11:09:26+00:00 INFO Central bulk source orders received. CONTEXT: {"store_id":"site1","received":20,"succeeded":20,"failed":0,"request_id":"d338056e-f51f-4053-8a8d-3c141e3d5b59"}
2026-09-03T11:14:20+00:00 INFO Central order received successfully. CONTEXT: {"store_id":"site1","source_order_id":376132,"central_order_id":6777,"request_id":"cc382b6b-df2b-4c97-abaa-b1006848958d","event":"orderupdated"}
2026-09-03T11:14:23+00:00 INFO Central bulk source orders received. CONTEXT: {"store_id":"site1","received":20,"succeeded":20,"failed":0,"request_id":"53ee58bc-1508-48f2-acfe-9bba87edc4da"}
2026-09-03T11:15:13+00:00 INFO Central bulk source orders received. CONTEXT: {"store_id":"site1","received":20,"succeeded":20,"failed":0,"request_id":"6a8bcf2a-538d-48ce-9b65-1ddd7eb530e5"}
2026-09-03T11:16:11+00:00 INFO Central bulk source orders received. CONTEXT: {"store_id":"site1","received":20,"succeeded":20,"failed":0,"request_id":"93be3712-757f-489a-ad2f-39a266789526"}
2026-09-03T11:17:44+00:00 INFO Central bulk source orders received. CONTEXT: {"store_id":"site1","received":20,"succeeded":20,"failed":0,"request_id":"5c98112b-8fdd-47e5-8581-7a253b565808"}
2026-09-03T11:22:40+00:00 INFO Central order received successfully. CONTEXT: {"store_id":"site1","source_order_id":365707,"central_order_id":660,"request_id":"f112b8ab-1843-4987-ba12-6b8edd339ef3","event":"orderupdated"}
2026-09-03T11:22:49+00:00 INFO Central order received successfully. CONTEXT: {"store_id":"site1","source_order_id":365707,"central_order_id":660,"request_id":"2772e786-e5ac-429e-ac46-e43b63e7247c","event":"orderupdated"}
2026-09-03T11:23:04+00:00 INFO Central order received successfully. CONTEXT: {"store_id":"site1","source_order_id":365707,"central_order_id":660,"request_id":"b6166c71-8ff6-46d8-a351-1fa56304dec9","event":"orderupdated"}
2026-09-03T11:23:12+00:00 INFO Central order received successfully. CONTEXT: {"store_id":"site1","source_order_id":365707,"central_order_id":660,"request_id":"ba25c74f-b4b1-48d1-8a01-baa44d1f5da9","event":"orderupdated"}
2026-09-03T11:23:20+00:00 INFO Central order received successfully. CONTEXT: {"store_id":"site1","source_order_id":365707,"central_order_id":660,"request_id":"63602de2-c566-4c9e-9ec2-9c0b2470b8a9","event":"orderupdated"}
2026-09-03T11:24:06+00:00 INFO Central bulk source orders received. CONTEXT: {"store_id":"site1","received":20,"succeeded":20,"failed":0,"request_id":"ee422fd5-ab35-443c-b5aa-bfa2e4a4b63d"}
2026-09-03T11:24:21+00:00 INFO Central order received successfully. CONTEXT: {"store_id":"site1","source_order_id":365707,"central_order_id":660,"request_id":"d55902cd-1b29-40cd-85e7-512cc71ebf18","event":"orderupdated"}
2026-09-03T11:25:24+00:00 INFO Central bulk source orders received. CONTEXT: {"store_id":"site1","received":20,"succeeded":20,"failed":0,"request_id":"c590dc32-154a-4755-8a22-c31db7ebf8f2"}
2026-09-03T11:26:05+00:00 INFO Central order received successfully. CONTEXT: {"store_id":"site1","source_order_id":365707,"central_order_id":660,"request_id":"67c2872e-7c2e-463a-ba57-d9b7e9915aad","event":"orderupdated"}
2026-09-03T11:26:09+00:00 INFO Central order received successfully. CONTEXT: {"store_id":"site1","source_order_id":365707,"central_order_id":660,"request_id":"bec7af51-4f73-4b21-b9b4-9b13862f2d37","event":"orderupdated"}
2026-09-03T11:26:31+00:00 INFO Central bulk source orders received. CONTEXT: {"store_id":"site1","received":20,"succeeded":20,"failed":0,"request_id":"51bcd3c4-8181-42d6-995b-80f78e6cf503"}
2026-09-03T11:27:22+00:00 INFO Central bulk source orders received. CONTEXT: {"store_id":"site1","received":20,"succeeded":20,"failed":0,"request_id":"27e42dfc-20cf-44c4-8eee-f19dff734523"}
2026-09-03T11:36:53+00:00 INFO Central order received successfully. CONTEXT: {"store_id":"site1","source_order_id":365707,"central_order_id":660,"request_id":"09de4384-d7d8-483f-8ac8-360c84b84505","event":"orderupdated"}
2026-09-03T11:36:55+00:00 INFO Central bulk source orders received. CONTEXT: {"store_id":"site1","received":20,"succeeded":20,"failed":0,"request_id":"108c1023-5c63-4580-8f52-43a0dce72901"}
2026-09-03T11:37:56+00:00 INFO Central bulk source orders received. CONTEXT: {"store_id":"site1","received":20,"succeeded":20,"failed":0,"request_id":"72de1597-affa-42b4-8ea8-b95e97b83d81"}
2026-09-03T11:38:35+00:00 INFO Central order received successfully. CONTEXT: {"store_id":"site1","source_order_id":376141,"central_order_id":6780,"request_id":"65fc072d-bd93-40a1-8742-06e6b5425c30","event":"orderupdated"}
2026-09-03T11:38:43+00:00 INFO Central order received successfully. CONTEXT: {"store_id":"site1","source_order_id":376141,"central_order_id":6780,"request_id":"43609066-734c-4c06-9d34-b8d8492e527e","event":"orderupdated"}
2026-09-03T11:38:50+00:00 INFO Central bulk source orders received. CONTEXT: {"store_id":"site1","received":20,"succeeded":20,"failed":0,"request_id":"9f6d38d6-c72e-40af-8454-777bd635f0d1"}
2026-09-03T11:38:56+00:00 INFO Central order received successfully. CONTEXT: {"store_id":"site1","source_order_id":365707,"central_order_id":660,"request_id":"268b86ae-b90f-447c-8404-f7e2463ecb79","event":"orderupdated"}
2026-09-03T11:39:16+00:00 INFO Central order received successfully. CONTEXT: {"store_id":"site1","source_order_id":376141,"central_order_id":6780,"request_id":"2693f023-ddfb-467a-8e13-8e33a21ed06a","event":"orderupdated"}
2026-09-03T11:39:40+00:00 INFO Central bulk source orders received. CONTEXT: {"store_id":"site1","received":20,"succeeded":20,"failed":0,"request_id":"926eca8e-b9a3-4db7-aa65-2940ea811561"}
2026-09-03T11:40:03+00:00 INFO Central bulk source orders received. CONTEXT: {"store_id":"site1","received":20,"succeeded":20,"failed":0,"request_id":"15be1be9-4304-4360-aad4-d3347b1f5898"}
2026-09-03T11:40:40+00:00 INFO Central order received successfully. CONTEXT: {"store_id":"site1","source_order_id":365642,"central_order_id":1520,"request_id":"0eb5ba29-c2d8-4954-87e1-bf006389fa7c","event":"orderupdated"}
2026-09-03T11:41:15+00:00 INFO Central order received successfully. CONTEXT: {"store_id":"site1","source_order_id":365642,"central_order_id":1520,"request_id":"6373e088-4671-412b-b7ab-06e65ee350f8","event":"orderupdated"}
2026-09-03T11:41:17+00:00 INFO Central order received successfully. CONTEXT: {"store_id":"site1","source_order_id":365642,"central_order_id":1520,"request_id":"8351762c-aa3e-432b-a93b-489546577415","event":"orderupdated"}
2026-09-03T11:41:25+00:00 INFO Central order received successfully. CONTEXT: {"store_id":"site1","source_order_id":365642,"central_order_id":1520,"request_id":"3c001a47-07e7-4dae-bd6a-7153c2050b56","event":"orderupdated"}
2026-09-03T11:41:40+00:00 INFO Central order received successfully. CONTEXT: {"store_id":"site1","source_order_id":365642,"central_order_id":1520,"request_id":"c4e0c314-b636-48fb-b1bb-06db1b983d88","event":"orderupdated"}
2026-09-03T11:41:49+00:00 INFO Central order received successfully. CONTEXT: {"store_id":"site1","source_order_id":365642,"central_order_id":1520,"request_id":"478ddce2-0285-4fd8-b6e6-73ac4913351e","event":"orderupdated"}
2026-09-03T11:41:59+00:00 INFO Central order received successfully. CONTEXT: {"store_id":"site1","source_order_id":365642,"central_order_id":1520,"request_id":"1cdddb0e-82ae-4a46-a16c-d71e42492330","event":"orderupdated"}
2026-09-03T11:42:02+00:00 INFO Central order received successfully. CONTEXT: {"store_id":"site1","source_order_id":365642,"central_order_id":1520,"request_id":"2f0d5ef6-8633-4866-abd2-16daee26ca33","event":"orderupdated"}
2026-09-03T11:42:04+00:00 INFO Central order received successfully. CONTEXT: {"store_id":"site1","source_order_id":365642,"central_order_id":1520,"request_id":"d2fb80f7-9a38-4a39-8c99-a6d2acac497b","event":"orderupdated"}
2026-09-03T11:42:07+00:00 INFO Central order received successfully. CONTEXT: {"store_id":"site1","source_order_id":365642,"central_order_id":1520,"request_id":"2c79819f-0c21-4d94-860b-eb345849a048","event":"orderupdated"}
2026-09-03T11:42:15+00:00 INFO Central order received successfully. CONTEXT: {"store_id":"site1","source_order_id":365642,"central_order_id":1520,"request_id":"5724a8e4-ac24-4ebd-a053-7f4c01c1b207","event":"orderupdated"}
2026-09-03T11:42:16+00:00 INFO Central order received successfully. CONTEXT: {"store_id":"site1","source_order_id":365642,"central_order_id":1520,"request_id":"7f3e1a5c-4ae1-44f0-899f-3b7a07c8c9b1","event":"orderupdated"}
2026-09-03T11:42:28+00:00 INFO Central bulk source orders received. CONTEXT: {"store_id":"site1","received":20,"succeeded":20,"failed":0,"request_id":"7deabda1-a134-45a7-9735-6d8449fe3b18"}
2026-09-03T11:42:44+00:00 INFO Central order received successfully. CONTEXT: {"store_id":"site1","source_order_id":365642,"central_order_id":1520,"request_id":"6ec6c789-725f-4353-af92-bf40c6d0a795","event":"orderupdated"}
2026-09-03T11:42:55+00:00 INFO Central order received successfully. CONTEXT: {"store_id":"site1","source_order_id":365642,"central_order_id":1520,"request_id":"940f7af2-6ca5-4a31-8269-22c131a9e947","event":"orderupdated"}
2026-09-03T11:42:56+00:00 INFO Central order received successfully. CONTEXT: {"store_id":"site1","source_order_id":365642,"central_order_id":1520,"request_id":"ed4d20ce-f6e2-4194-a5ea-07687584bf62","event":"orderupdated"}
2026-09-03T11:43:03+00:00 INFO Central order received successfully. CONTEXT: {"store_id":"site1","source_order_id":365642,"central_order_id":1520,"request_id":"ad2dd3f2-efbd-435b-975a-297363389b4d","event":"orderupdated"}
2026-09-03T11:43:19+00:00 INFO Central order received successfully. CONTEXT: {"store_id":"site1","source_order_id":365642,"central_order_id":1520,"request_id":"cd22ad18-78f1-4b76-9dd9-9cff5f4ef05c","event":"orderupdated"}
2026-09-03T11:43:21+00:00 INFO Central bulk source orders received. CONTEXT: {"store_id":"site1","received":19,"succeeded":19,"failed":0,"request_id":"e47c23ca-5157-4899-a983-8a099cba4d5f"}
2026-09-03T11:43:27+00:00 INFO Central order received successfully. CONTEXT: {"store_id":"site1","source_order_id":365642,"central_order_id":1520,"request_id":"513532b8-d0e4-4a23-a533-e720dba2c032","event":"orderupdated"}
2026-09-03T11:43:35+00:00 INFO Central order received successfully. CONTEXT: {"store_id":"site1","source_order_id":365642,"central_order_id":1520,"request_id":"79bc18a8-f12a-4b3f-a909-0e47eb2a3b57","event":"orderupdated"}
2026-09-03T11:43:43+00:00 INFO Central order received successfully. CONTEXT: {"store_id":"site1","source_order_id":365642,"central_order_id":1520,"request_id":"bd04f740-7e90-43a7-98ae-f28ec1d53bb0","event":"orderupdated"}
2026-09-03T11:43:59+00:00 INFO Central order received successfully. CONTEXT: {"store_id":"site1","source_order_id":365642,"central_order_id":1520,"request_id":"58232242-a177-4ad1-ae4a-f890546ae6ea","event":"orderupdated"}
2026-09-03T11:44:01+00:00 INFO Central bulk source orders received. CONTEXT: {"store_id":"site1","received":20,"succeeded":20,"failed":0,"request_id":"5008603f-f23c-4911-af76-070f8faf2469"}
2026-09-03T11:44:04+00:00 INFO Central order received successfully. CONTEXT: {"store_id":"site1","source_order_id":365642,"central_order_id":1520,"request_id":"354ea661-3487-47eb-b82a-0c6a9d5788a7","event":"orderupdated"}
2026-09-03T11:44:19+00:00 INFO Central order received successfully. CONTEXT: {"store_id":"site1","source_order_id":365642,"central_order_id":1520,"request_id":"0894dc29-cc3a-49c0-97f1-515bcef1ac0f","event":"orderupdated"}
2026-09-03T11:45:14+00:00 INFO Central bulk source orders received. CONTEXT: {"store_id":"site1","received":20,"succeeded":20,"failed":0,"request_id":"480562a0-8571-4330-8033-21287cff077d"}
2026-09-03T11:46:05+00:00 INFO Central bulk source orders received. CONTEXT: {"store_id":"site1","received":20,"succeeded":20,"failed":0,"request_id":"3d03f948-a098-4047-b80f-5e804fd13af6"}
2026-09-03T11:47:25+00:00 INFO Central order received successfully. CONTEXT: {"store_id":"site1","source_order_id":365642,"central_order_id":1520,"request_id":"04f0006b-5ea7-4f5f-a3a6-bd57da5e5eb4","event":"orderupdated"}
2026-09-03T11:47:37+00:00 INFO Central order received successfully. CONTEXT: {"store_id":"site1","source_order_id":365642,"central_order_id":1520,"request_id":"a5d8000b-fc53-4508-bd6c-b9ed8981acc6","event":"orderupdated"}
2026-09-03T11:47:45+00:00 INFO Central order received successfully. CONTEXT: {"store_id":"site1","source_order_id":376142,"central_order_id":6781,"request_id":"e9ed2fd6-e410-475f-a920-621e47ce4d37","event":"orderupdated"}
2026-09-03T11:49:41+00:00 INFO Central bulk source statuses received. CONTEXT: {"store_id":"site1","received":1,"succeeded":1,"missing":0,"failed":0,"request_id":"18ce481b-e5fb-43ac-a67f-a94f98b22485"}
2026-09-03T11:51:14+00:00 INFO Central bulk source orders received. CONTEXT: {"store_id":"site1","received":20,"succeeded":20,"failed":0,"request_id":"293e7f13-1a45-4e6e-9918-540479c4efa8"}
2026-09-03T11:51:46+00:00 INFO Central order received successfully. CONTEXT: {"store_id":"site1","source_order_id":365642,"central_order_id":1520,"request_id":"89394abe-1db1-461e-98fb-7e19de42a615","event":"orderupdated"}
2026-09-03T11:52:12+00:00 INFO Central bulk source orders received. CONTEXT: {"store_id":"site1","received":20,"succeeded":20,"failed":0,"request_id":"3f47724b-a256-4b85-ac4e-cbef24c0661a"}
2026-09-03T11:53:21+00:00 INFO Central order received successfully. CONTEXT: {"store_id":"site1","source_order_id":365642,"central_order_id":1520,"request_id":"b563a7d0-a89c-4998-b955-702bc9f30873","event":"orderupdated"}
2026-09-03T11:53:22+00:00 INFO Central bulk source statuses received. CONTEXT: {"store_id":"site1","received":1,"succeeded":1,"missing":0,"failed":0,"request_id":"db04b471-ba0f-45ce-b2fa-b1c8682c35b9"}
2026-09-03T11:53:24+00:00 INFO Central bulk source orders received. CONTEXT: {"store_id":"site1","received":20,"succeeded":20,"failed":0,"request_id":"b647c582-946c-4045-9c84-8f07cdad3a4d"}
2026-09-03T11:54:24+00:00 INFO Central bulk source orders received. CONTEXT: {"store_id":"site1","received":20,"succeeded":20,"failed":0,"request_id":"e9f56e3b-9064-4dc7-aa13-f70979c9fa2a"}
2026-09-03T11:54:38+00:00 INFO Central bulk source orders received. CONTEXT: {"store_id":"site1","received":20,"succeeded":20,"failed":0,"request_id":"76b21159-24c5-4b9f-b060-884bb50eb355"}
2026-09-03T11:55:04+00:00 INFO Central bulk source orders received. CONTEXT: {"store_id":"site1","received":20,"succeeded":20,"failed":0,"request_id":"30578f56-3241-44d9-84ad-7a3699b0bda7"}
2026-09-03T11:55:13+00:00 INFO Central order received successfully. CONTEXT: {"store_id":"site1","source_order_id":365642,"central_order_id":1520,"request_id":"44a4ea49-6c44-46a2-b46c-dd8e85e7bb84","event":"orderupdated"}
2026-09-03T11:55:51+00:00 INFO Central order received successfully. CONTEXT: {"store_id":"site1","source_order_id":365642,"central_order_id":1520,"request_id":"4b80c6ab-965d-4b63-8e2b-fecb544afb17","event":"orderupdated"}
2026-09-03T12:00:17+00:00 INFO Central bulk source orders received. CONTEXT: {"store_id":"site1","received":20,"succeeded":20,"failed":0,"request_id":"f67b9538-b6c7-4c0e-b5c1-2fd324f180e0"}
2026-09-03T12:00:31+00:00 INFO Central order received successfully. CONTEXT: {"store_id":"site1","source_order_id":365642,"central_order_id":1520,"request_id":"2dfc4f03-1bbf-4375-bb37-1ac812184403","event":"orderupdated"}
2026-09-03T12:00:48+00:00 INFO Central bulk source orders received. CONTEXT: {"store_id":"site1","received":20,"succeeded":20,"failed":0,"request_id":"207327d7-4a33-4d4c-a097-f8d441e25335"}
2026-09-03T12:01:38+00:00 INFO Central bulk source orders received. CONTEXT: {"store_id":"site1","received":20,"succeeded":20,"failed":0,"request_id":"d5131dc5-4f17-4c9e-b3b0-54acdfadd1c4"}
2026-09-03T12:02:13+00:00 INFO Central order received successfully. CONTEXT: {"store_id":"site1","source_order_id":376159,"central_order_id":6782,"request_id":"9b370b9c-1e2a-4790-aa26-c431fe1b0932","event":"orderupdated"}
2026-09-03T12:02:23+00:00 INFO Central bulk source orders received. CONTEXT: {"store_id":"site1","received":20,"succeeded":20,"failed":0,"request_id":"25e87548-7fee-4214-bea5-ae73969c3464"}
2026-09-03T12:02:36+00:00 INFO Central order received successfully. CONTEXT: {"store_id":"site1","source_order_id":376159,"central_order_id":6782,"request_id":"75ebc965-dc58-4a59-9174-e6ba30cc6559","event":"orderupdated"}
2026-09-03T12:02:54+00:00 INFO Central order received successfully. CONTEXT: {"store_id":"site1","source_order_id":376159,"central_order_id":6782,"request_id":"45d9c967-38c3-402c-b5de-01768ac6b49b","event":"orderupdated"}
2026-09-03T12:03:18+00:00 INFO Central bulk source orders received. CONTEXT: {"store_id":"site1","received":20,"succeeded":20,"failed":0,"request_id":"8777670f-83d3-48b9-829e-f0655007bb72"}
2026-09-03T12:03:31+00:00 INFO Central order received successfully. CONTEXT: {"store_id":"site1","source_order_id":376159,"central_order_id":6782,"request_id":"28c0c364-6ceb-4600-b77c-3a88d38455aa","event":"orderupdated"}
2026-09-03T12:03:35+00:00 INFO Central bulk source orders received. CONTEXT: {"store_id":"site1","received":20,"succeeded":20,"failed":0,"request_id":"0cf72ff6-9326-4b13-aea4-3421daebb1a7"}
2026-09-03T12:03:46+00:00 INFO Central bulk source orders received. CONTEXT: {"store_id":"site1","received":20,"succeeded":20,"failed":0,"request_id":"77ee28e9-a782-4d9b-a35b-3cc39cd60d98"}
2026-09-03T12:05:29+00:00 INFO Central order received successfully. CONTEXT: {"store_id":"site1","source_order_id":365642,"central_order_id":1520,"request_id":"a91ba3c4-f780-428c-aac5-a6c4c4fe3b20","event":"orderupdated"}
2026-09-03T12:06:09+00:00 INFO Central order received successfully. CONTEXT: {"store_id":"site1","source_order_id":365642,"central_order_id":1520,"request_id":"e8377327-e9f9-40dd-b16f-593d357c65f2","event":"orderupdated"}
2026-09-03T12:06:52+00:00 INFO Central order received successfully. CONTEXT: {"store_id":"site1","source_order_id":365642,"central_order_id":1520,"request_id":"9ee19e5e-3531-460d-986b-a61bbcdc5b81","event":"orderupdated"}
2026-09-03T12:07:04+00:00 INFO Central order received successfully. CONTEXT: {"store_id":"site1","source_order_id":365642,"central_order_id":1520,"request_id":"3da13614-f2b7-468d-bc4e-39922bdcf550","event":"orderupdated"}
2026-09-03T12:07:34+00:00 INFO Central order received successfully. CONTEXT: {"store_id":"site1","source_order_id":365642,"central_order_id":1520,"request_id":"868d8d56-8b9b-4b28-8f9d-358715108629","event":"orderupdated"}
2026-09-03T12:10:16+00:00 INFO Central bulk source orders received. CONTEXT: {"store_id":"site1","received":20,"succeeded":20,"failed":0,"request_id":"abc0700a-a58e-49eb-8507-2615e41a0039"}
2026-09-03T12:11:05+00:00 INFO Central bulk source orders received. CONTEXT: {"store_id":"site1","received":20,"succeeded":20,"failed":0,"request_id":"986178eb-eb4b-45b8-bc9f-10d05a5cdbe2"}
2026-09-03T12:11:33+00:00 INFO Central bulk source orders received. CONTEXT: {"store_id":"site1","received":20,"succeeded":20,"failed":0,"request_id":"8c185b91-f660-4613-a3fe-58f872c32fad"}
2026-09-03T12:15:59+00:00 INFO Central bulk source statuses received. CONTEXT: {"store_id":"site1","received":4,"succeeded":4,"missing":0,"failed":0,"request_id":"45ed394a-5a66-45eb-b343-cd8b53c63770"}
2026-09-03T12:16:56+00:00 INFO Central order received successfully. CONTEXT: {"store_id":"site1","source_order_id":365642,"central_order_id":1520,"request_id":"b0dc6623-3895-4b3f-a2d1-ef20213aea1e","event":"orderupdated"}
2026-09-03T12:17:03+00:00 INFO Central bulk source statuses received. CONTEXT: {"store_id":"site1","received":2,"succeeded":2,"missing":0,"failed":0,"request_id":"619ced29-be52-48bf-a9c8-bac2c8f863de"}
2026-09-03T12:17:06+00:00 INFO Central order received successfully. CONTEXT: {"store_id":"site1","source_order_id":369828,"central_order_id":658,"request_id":"3a4f4575-a6bd-4b8a-905a-b276414fcb6f","event":"orderupdated"}
2026-09-03T12:17:19+00:00 INFO Central order received successfully. CONTEXT: {"store_id":"site1","source_order_id":376175,"central_order_id":6784,"request_id":"3a02ff36-41fd-4c04-921f-e345707b0893","event":"orderupdated"}
2026-09-03T12:17:37+00:00 INFO Central bulk source orders received. CONTEXT: {"store_id":"site1","received":20,"succeeded":20,"failed":0,"request_id":"71a4505e-8e08-4d8b-94fd-400eafddba2a"}
2026-09-03T12:18:00+00:00 INFO Central order received successfully. CONTEXT: {"store_id":"site1","source_order_id":376175,"central_order_id":6784,"request_id":"742c34e0-9722-4573-bc5a-1acded735c5c","event":"orderupdated"}
2026-09-03T12:18:15+00:00 INFO Central order received successfully. CONTEXT: {"store_id":"site1","source_order_id":365642,"central_order_id":1520,"request_id":"fd553c6d-b79d-44fb-a2ed-3ca213fa74a5","event":"orderupdated"}
2026-09-03T12:18:37+00:00 INFO Central order received successfully. CONTEXT: {"store_id":"site1","source_order_id":376175,"central_order_id":6784,"request_id":"4db36524-9171-4fd1-b673-77a1d6b8f6fa","event":"orderupdated"}
2026-09-03T12:18:46+00:00 INFO Central bulk source orders received. CONTEXT: {"store_id":"site1","received":20,"succeeded":20,"failed":0,"request_id":"f07b57aa-8f20-4b8b-a091-c89aea152a9a"}
2026-09-03T12:18:53+00:00 INFO Central order received successfully. CONTEXT: {"store_id":"site1","source_order_id":376176,"central_order_id":6785,"request_id":"4c8e38cb-2648-4cc4-a4c5-54b93bfb4907","event":"orderupdated"}
2026-09-03T12:18:57+00:00 INFO Central order received successfully. CONTEXT: {"store_id":"site1","source_order_id":376176,"central_order_id":6785,"request_id":"3b549d8f-6f06-4fca-8050-b530dfd69ed9","event":"orderupdated"}
2026-09-03T12:19:07+00:00 INFO Central order received successfully. CONTEXT: {"store_id":"site1","source_order_id":363959,"central_order_id":6212,"request_id":"5e3da266-c611-4fc3-a5df-9860b7e46ef6","event":"orderupdated"}
2026-09-03T12:19:14+00:00 INFO Central order received successfully. CONTEXT: {"store_id":"site1","source_order_id":365642,"central_order_id":1520,"request_id":"90fe7d27-049e-4f0d-97e8-aa34e8b5d20a","event":"orderupdated"}
2026-09-03T12:19:33+00:00 INFO Central order received successfully. CONTEXT: {"store_id":"site1","source_order_id":376177,"central_order_id":6786,"request_id":"3ce230b3-9635-49f7-9144-f7550b7e17fe","event":"orderupdated"}
2026-09-03T12:19:38+00:00 INFO Central bulk source orders received. CONTEXT: {"store_id":"site1","received":20,"succeeded":20,"failed":0,"request_id":"4011ed85-fe6f-4bd5-8047-0ef9d967b15e"}
2026-09-03T12:19:42+00:00 INFO Central order received successfully. CONTEXT: {"store_id":"site1","source_order_id":376177,"central_order_id":6786,"request_id":"e431ae24-9f77-4816-aa64-c61d607676c7","event":"orderupdated"}
2026-09-03T12:19:50+00:00 INFO Central order received successfully. CONTEXT: {"store_id":"site1","source_order_id":376176,"central_order_id":6785,"request_id":"da4e64a9-c6ed-482c-a01c-321b2bf52dc4","event":"orderupdated"}
2026-09-03T12:20:21+00:00 INFO Central order received successfully. CONTEXT: {"store_id":"site1","source_order_id":376177,"central_order_id":6786,"request_id":"b65f0d75-5d5d-4ed1-bb3c-147c7adc1602","event":"orderupdated"}
2026-09-03T12:20:26+00:00 INFO Central order received successfully. CONTEXT: {"store_id":"site1","source_order_id":376176,"central_order_id":6785,"request_id":"220a7d67-1b7f-48da-8767-8a885bb1dc90","event":"orderupdated"}
2026-09-03T12:20:33+00:00 INFO Central bulk source orders received. CONTEXT: {"store_id":"site1","received":20,"succeeded":20,"failed":0,"request_id":"39f6f3dc-35df-4b19-94ec-d874ed1f1c6d"}
2026-09-03T12:20:58+00:00 INFO Central order received successfully. CONTEXT: {"store_id":"site1","source_order_id":376177,"central_order_id":6786,"request_id":"db195663-fc89-418f-a700-73041631020c","event":"orderupdated"}
2026-09-03T12:21:04+00:00 INFO Central order received successfully. CONTEXT: {"store_id":"site1","source_order_id":376176,"central_order_id":6785,"request_id":"950142ab-bf82-4fe4-9056-fa50f8e2704a","event":"orderupdated"}
2026-09-03T12:21:22+00:00 INFO Central bulk source orders received. CONTEXT: {"store_id":"site1","received":20,"succeeded":20,"failed":0,"request_id":"9579273b-79c0-4529-aee8-a64d6e2309cd"}
2026-09-03T12:21:37+00:00 INFO Central order received successfully. CONTEXT: {"store_id":"site1","source_order_id":376177,"central_order_id":6786,"request_id":"766424f4-68cf-4037-a116-44c96ddaf1f2","event":"orderupdated"}
2026-09-03T12:21:43+00:00 INFO Central order received successfully. CONTEXT: {"store_id":"site1","source_order_id":376176,"central_order_id":6785,"request_id":"441d6eb1-a568-40fa-b53c-cdb605fef48a","event":"orderupdated"}
2026-09-03T12:22:11+00:00 INFO Central order received successfully. CONTEXT: {"store_id":"site1","source_order_id":376177,"central_order_id":6786,"request_id":"70190d52-d6dc-491d-9421-d0e4bea8250a","event":"orderupdated"}
2026-09-03T12:22:13+00:00 INFO Central bulk source orders received. CONTEXT: {"store_id":"site1","received":20,"succeeded":20,"failed":0,"request_id":"ddd0d3e0-7c6c-4376-b8bf-a431a1617cca"}
2026-09-03T12:22:14+00:00 INFO Central order received successfully. CONTEXT: {"store_id":"site1","source_order_id":376177,"central_order_id":6786,"request_id":"ebb8446d-ece2-4791-89f1-6f6d00c565e3","event":"orderupdated"}
2026-09-03T12:22:19+00:00 INFO Central order received successfully. CONTEXT: {"store_id":"site1","source_order_id":376176,"central_order_id":6785,"request_id":"83bbf510-7d88-499c-904c-0c627635d3dc","event":"orderupdated"}
2026-09-03T12:22:34+00:00 INFO Central order received successfully. CONTEXT: {"store_id":"site1","source_order_id":376179,"central_order_id":6787,"request_id":"490a0c64-ff97-4f74-9d55-6a7b8c1f9c84","event":"orderupdated"}
2026-09-03T12:22:40+00:00 INFO Central order received successfully. CONTEXT: {"store_id":"site1","source_order_id":376179,"central_order_id":6787,"request_id":"9638df6f-3220-4ab8-97ee-c7618ce9e6a9","event":"orderupdated"}
2026-09-03T12:22:47+00:00 INFO Central order received successfully. CONTEXT: {"store_id":"site1","source_order_id":376180,"central_order_id":6788,"request_id":"d3992b54-a93a-4bca-b815-240aabe576db","event":"orderupdated"}
2026-09-03T12:23:22+00:00 INFO Central bulk source orders received. CONTEXT: {"store_id":"site1","received":20,"succeeded":20,"failed":0,"request_id":"c3a54ad4-35dd-4156-a8cf-0f18401fb936"}
2026-09-03T12:24:17+00:00 INFO Central bulk source orders received. CONTEXT: {"store_id":"site1","received":20,"succeeded":20,"failed":0,"request_id":"d1a038e8-e1d1-4843-a54e-6f212f511af4"}
2026-09-03T12:25:08+00:00 INFO Central bulk source orders received. CONTEXT: {"store_id":"site1","received":20,"succeeded":20,"failed":0,"request_id":"272646f1-d28a-4216-83ec-6d040f96fba2"}
2026-09-03T12:26:00+00:00 INFO Central bulk source orders received. CONTEXT: {"store_id":"site1","received":20,"succeeded":20,"failed":0,"request_id":"e7b44c11-add9-474f-9d83-b63bec772b2c"}
2026-09-03T12:26:37+00:00 INFO Central bulk source orders received. CONTEXT: {"store_id":"site1","received":20,"succeeded":20,"failed":0,"request_id":"861e375e-2ac1-484d-8bab-1c27274ecae2"}
2026-09-03T12:27:26+00:00 INFO Central bulk source orders received. CONTEXT: {"store_id":"site1","received":20,"succeeded":20,"failed":0,"request_id":"32283e43-5fed-4d2a-84c9-960a6a48ab4e"}
2026-09-03T12:30:30+00:00 INFO Central bulk source orders received. CONTEXT: {"store_id":"site1","received":20,"succeeded":20,"failed":0,"request_id":"b6ade48f-9fe4-4431-b33f-c5297819d632"}
2026-09-03T12:31:06+00:00 INFO Central order received successfully. CONTEXT: {"store_id":"site1","source_order_id":376177,"central_order_id":6786,"request_id":"6c8676bc-d090-4cd7-814e-4f34706aef19","event":"orderupdated"}
2026-09-03T12:31:10+00:00 INFO Central order received successfully. CONTEXT: {"store_id":"site1","source_order_id":363737,"central_order_id":6071,"request_id":"00b341bf-0f64-4aaf-8201-7db337d25619","event":"orderupdated"}
2026-09-03T12:31:43+00:00 INFO Central order received successfully. CONTEXT: {"store_id":"site1","source_order_id":376177,"central_order_id":6786,"request_id":"79ed778d-f7b3-4b5a-8e5a-6e2c159a429f","event":"orderupdated"}
2026-09-03T12:31:48+00:00 INFO Central order received successfully. CONTEXT: {"store_id":"site1","source_order_id":363737,"central_order_id":6071,"request_id":"0a4ae003-31bd-400f-8b02-47b968427762","event":"orderupdated"}
2026-09-03T12:32:21+00:00 INFO Central order received successfully. CONTEXT: {"store_id":"site1","source_order_id":376177,"central_order_id":6786,"request_id":"30fc2d89-bde6-4309-9f82-1d2930194813","event":"orderupdated"}
2026-09-03T12:32:25+00:00 INFO Central order received successfully. CONTEXT: {"store_id":"site1","source_order_id":363737,"central_order_id":6071,"request_id":"3b54e649-c6bc-4804-bbd5-0394316d0daf","event":"orderupdated"}
2026-09-03T12:32:47+00:00 INFO Central order received successfully. CONTEXT: {"store_id":"site1","source_order_id":376182,"central_order_id":6789,"request_id":"a0d856a9-7933-4054-86b6-5dcfdd78f94c","event":"orderupdated"}
2026-09-03T12:32:56+00:00 INFO Central order received successfully. CONTEXT: {"store_id":"site1","source_order_id":376182,"central_order_id":6789,"request_id":"9006b559-3eea-41b7-aa7b-3bd8b50a3ed6","event":"orderupdated"}
2026-09-03T12:33:00+00:00 INFO Central order received successfully. CONTEXT: {"store_id":"site1","source_order_id":376177,"central_order_id":6786,"request_id":"67698dba-a8f3-485b-94e3-5230147e4b2b","event":"orderupdated"}
2026-09-03T12:33:04+00:00 INFO Central order received successfully. CONTEXT: {"store_id":"site1","source_order_id":363737,"central_order_id":6071,"request_id":"8f159d2a-3068-428a-98e8-7da0ae34cfcb","event":"orderupdated"}
2026-09-03T12:33:07+00:00 INFO Central order received successfully. CONTEXT: {"store_id":"site1","source_order_id":363737,"central_order_id":6071,"request_id":"4f448ee8-4d35-44f5-a0db-7a7a4f29d064","event":"orderupdated"}
2026-09-03T12:33:27+00:00 INFO Central order received successfully. CONTEXT: {"store_id":"site1","source_order_id":376182,"central_order_id":6789,"request_id":"70182437-05aa-4510-9ca7-f133c82e2268","event":"orderupdated"}
2026-09-03T12:33:34+00:00 INFO Central order received successfully. CONTEXT: {"store_id":"site1","source_order_id":376182,"central_order_id":6789,"request_id":"d7f445de-e354-409e-8077-0ca5573e8f14","event":"orderupdated"}
2026-09-03T12:33:37+00:00 INFO Central order received successfully. CONTEXT: {"store_id":"site1","source_order_id":376177,"central_order_id":6786,"request_id":"914bb38f-f4af-4ff3-a912-f7f9b08c213c","event":"orderupdated"}
2026-09-03T12:33:42+00:00 INFO Central order received successfully. CONTEXT: {"store_id":"site1","source_order_id":363737,"central_order_id":6071,"request_id":"79f7ea2e-5728-4b3f-9062-f044040bb3cb","event":"orderupdated"}
2026-09-03T12:34:03+00:00 INFO Central bulk source orders received. CONTEXT: {"store_id":"site1","received":20,"succeeded":20,"failed":0,"request_id":"81a50316-7422-45e1-b7ef-b484dbf0872a"}
2026-09-03T12:34:04+00:00 INFO Central order received successfully. CONTEXT: {"store_id":"site1","source_order_id":376182,"central_order_id":6789,"request_id":"3aa3045f-bf46-4a88-bf8e-534795ba9849","event":"orderupdated"}
2026-09-03T12:34:12+00:00 INFO Central order received successfully. CONTEXT: {"store_id":"site1","source_order_id":376182,"central_order_id":6789,"request_id":"539795f2-6d43-4eaf-a0e4-4ab0a138039c","event":"orderupdated"}
2026-09-03T12:34:14+00:00 INFO Central order received successfully. CONTEXT: {"store_id":"site1","source_order_id":376177,"central_order_id":6786,"request_id":"ce43097e-f4ea-4e12-adf2-6ad0f1e02f16","event":"orderupdated"}
2026-09-03T12:34:20+00:00 INFO Central order received successfully. CONTEXT: {"store_id":"site1","source_order_id":363737,"central_order_id":6071,"request_id":"44bdb632-3f8e-453a-89d2-f12d4801d4e8","event":"orderupdated"}
2026-09-03T12:34:37+00:00 INFO Central bulk source orders received. CONTEXT: {"store_id":"site1","received":20,"succeeded":20,"failed":0,"request_id":"cf355a42-b318-44d4-a48d-14575747e09c"}
2026-09-03T12:34:41+00:00 INFO Central order received successfully. CONTEXT: {"store_id":"site1","source_order_id":376182,"central_order_id":6789,"request_id":"78110fdb-8a12-4b81-873d-054ed33e5190","event":"orderupdated"}
2026-09-03T12:34:49+00:00 INFO Central order received successfully. CONTEXT: {"store_id":"site1","source_order_id":376182,"central_order_id":6789,"request_id":"4bc56994-d0e4-49d9-9d60-0fe108629e50","event":"orderupdated"}
2026-09-03T12:34:53+00:00 INFO Central order received successfully. CONTEXT: {"store_id":"site1","source_order_id":376177,"central_order_id":6786,"request_id":"975043f4-c7fc-4d3b-a19a-20e12373d979","event":"orderupdated"}
2026-09-03T12:34:57+00:00 INFO Central order received successfully. CONTEXT: {"store_id":"site1","source_order_id":363737,"central_order_id":6071,"request_id":"200fe1e0-f513-4f89-8eb8-[redacted-phone]bd","event":"orderupdated"}
2026-09-03T12:35:04+00:00 INFO Central order received successfully. CONTEXT: {"store_id":"site1","source_order_id":376183,"central_order_id":6790,"request_id":"c5bc25e7-42ed-4297-bd39-cf90c45e92ce","event":"orderupdated"}
2026-09-03T12:35:05+00:00 INFO Central order received successfully. CONTEXT: {"store_id":"site1","source_order_id":376183,"central_order_id":6790,"request_id":"4b1cac9d-0d8a-49f6-aef5-66c9fea18e34","event":"orderupdated"}
2026-09-03T12:35:14+00:00 INFO Central order received successfully. CONTEXT: {"store_id":"site1","source_order_id":363737,"central_order_id":6071,"request_id":"1fe74b16-c0cc-4d52-8030-234c52ef57b1","event":"orderupdated"}
2026-09-03T12:35:25+00:00 INFO Central order received successfully. CONTEXT: {"store_id":"site1","source_order_id":376182,"central_order_id":6789,"request_id":"0b27da6e-2714-4443-a55d-dae24b1ad99b","event":"orderupdated"}
2026-09-03T12:35:33+00:00 INFO Central bulk source orders received. CONTEXT: {"store_id":"site1","received":20,"succeeded":20,"failed":0,"request_id":"059224db-61ea-4dec-b4bc-dd2aba98225f"}
2026-09-03T12:35:34+00:00 INFO Central order received successfully. CONTEXT: {"store_id":"site1","source_order_id":363737,"central_order_id":6071,"request_id":"54d97ec3-6880-42ef-be21-3f4952a35661","event":"orderupdated"}
2026-09-03T12:35:43+00:00 INFO Central order received successfully. CONTEXT: {"store_id":"site1","source_order_id":376183,"central_order_id":6790,"request_id":"6669d259-0c12-4436-9558-be7cfe6aea0e","event":"orderupdated"}
2026-09-03T12:35:51+00:00 INFO Central order received successfully. CONTEXT: {"store_id":"site1","source_order_id":363737,"central_order_id":6071,"request_id":"5aeee02f-36e9-4453-aba6-1f7adbf9b71f","event":"orderupdated"}
2026-09-03T12:35:55+00:00 INFO Central bulk source orders received. CONTEXT: {"store_id":"site1","received":20,"succeeded":20,"failed":0,"request_id":"1afe583f-1e75-4df6-b8cf-cfcec05c325a"}
2026-09-03T12:36:04+00:00 INFO Central order received successfully. CONTEXT: {"store_id":"site1","source_order_id":376182,"central_order_id":6789,"request_id":"9c85dbc7-e749-4acc-99ea-46c48757320b","event":"orderupdated"}
2026-09-03T12:36:06+00:00 INFO Central order received successfully. CONTEXT: {"store_id":"site1","source_order_id":376182,"central_order_id":6789,"request_id":"3d474d88-15b1-4c07-8a60-39dbc7ed7be7","event":"orderupdated"}
2026-09-03T12:36:14+00:00 INFO Central order received successfully. CONTEXT: {"store_id":"site1","source_order_id":363737,"central_order_id":6071,"request_id":"8005b141-420b-4f79-bcdb-2aa80510af75","event":"orderupdated"}
2026-09-03T12:41:03+00:00 INFO Central order received successfully. CONTEXT: {"store_id":"site1","source_order_id":376183,"central_order_id":6790,"request_id":"e730a98b-0aab-4042-a391-af7c4e6653bc","event":"orderupdated"}
2026-09-03T12:41:05+00:00 INFO Central bulk source orders received. CONTEXT: {"store_id":"site1","received":20,"succeeded":20,"failed":0,"request_id":"69070092-cc17-4210-9cec-0b5f489b9838"}
2026-09-03T12:41:07+00:00 INFO Central order received successfully. CONTEXT: {"store_id":"site1","source_order_id":365823,"central_order_id":3767,"request_id":"8d329065-1a4c-4df3-9c9e-171e329d8708","event":"orderupdated"}
2026-09-03T12:41:08+00:00 INFO Central order received successfully. CONTEXT: {"store_id":"site1","source_order_id":365823,"central_order_id":3767,"request_id":"4887a474-66f5-48c5-bb21-27c99004e0b5","event":"orderupdated"}
2026-09-03T12:41:17+00:00 INFO Central order received successfully. CONTEXT: {"store_id":"site1","source_order_id":363737,"central_order_id":6071,"request_id":"d70e5454-88f6-438c-a94b-f492855fe596","event":"orderupdated"}
2026-09-03T12:41:34+00:00 INFO Central order received successfully. CONTEXT: {"store_id":"site1","source_order_id":365823,"central_order_id":3767,"request_id":"ecb475d7-dfb7-4c32-8243-fcf74807ef20","event":"orderupdated"}
2026-09-03T12:41:35+00:00 INFO Central bulk source orders received. CONTEXT: {"store_id":"site1","received":20,"succeeded":20,"failed":0,"request_id":"4513f89b-b96e-4886-8739-33d44230d2a9"}
2026-09-03T12:41:41+00:00 INFO Central order received successfully. CONTEXT: {"store_id":"site1","source_order_id":365823,"central_order_id":3767,"request_id":"270bdcf5-8fea-442b-bb17-b764bbe6ac74","event":"orderupdated"}
2026-09-03T12:41:49+00:00 INFO Central order received successfully. CONTEXT: {"store_id":"site1","source_order_id":365823,"central_order_id":3767,"request_id":"871a7555-23c8-4a6b-95df-c2bd080bfcb1","event":"orderupdated"}
2026-09-03T12:41:55+00:00 INFO Central order received successfully. CONTEXT: {"store_id":"site1","source_order_id":363737,"central_order_id":6071,"request_id":"d496de4e-7760-4a6b-826c-ed0781f92a3d","event":"orderupdated"}
2026-09-03T12:42:03+00:00 INFO Central order received successfully. CONTEXT: {"store_id":"site1","source_order_id":365823,"central_order_id":3767,"request_id":"9b5362ed-a487-4511-ba57-ca4ea443e451","event":"orderupdated"}
2026-09-03T12:42:11+00:00 INFO Central order received successfully. CONTEXT: {"store_id":"site1","source_order_id":365823,"central_order_id":3767,"request_id":"3c1785c4-3f38-4cba-ae63-a19cdeee05fe","event":"orderupdated"}
2026-09-03T12:42:18+00:00 INFO Central order received successfully. CONTEXT: {"store_id":"site1","source_order_id":365823,"central_order_id":3767,"request_id":"e743b7dd-5685-4cab-afdc-abc94fa5e8d2","event":"orderupdated"}
2026-09-03T12:42:46+00:00 INFO Central order received successfully. CONTEXT: {"store_id":"site1","source_order_id":365823,"central_order_id":3767,"request_id":"686b167e-3d3e-4d97-ba66-ef823bf0924d","event":"orderupdated"}
2026-09-03T12:42:54+00:00 INFO Central order received successfully. CONTEXT: {"store_id":"site1","source_order_id":376187,"central_order_id":6791,"request_id":"5cb6aac9-ea89-4fde-95bd-587c8a5d3ad6","event":"orderupdated"}
2026-09-03T12:43:03+00:00 INFO Central order received successfully. CONTEXT: {"store_id":"site1","source_order_id":365823,"central_order_id":3767,"request_id":"d0c18d3c-afae-43ea-affb-1a3748b6cc49","event":"orderupdated"}
2026-09-03T12:43:11+00:00 INFO Central order received successfully. CONTEXT: {"store_id":"site1","source_order_id":363959,"central_order_id":6212,"request_id":"0bb4bf5b-4c31-4371-b67f-833aa786acac","event":"orderupdated"}
2026-09-03T12:43:19+00:00 INFO Central order received successfully. CONTEXT: {"store_id":"site1","source_order_id":363737,"central_order_id":6071,"request_id":"0a176062-8ba0-4d7d-b6ed-006fe66f3a25","event":"orderupdated"}
2026-09-03T12:43:20+00:00 INFO Central order received successfully. CONTEXT: {"store_id":"site1","source_order_id":365823,"central_order_id":3767,"request_id":"72c7e497-6e01-43ab-b609-613c9d1dd349","event":"orderupdated"}
2026-09-03T12:47:57+00:00 INFO Central order received successfully. CONTEXT: {"store_id":"site1","source_order_id":365823,"central_order_id":3767,"request_id":"15aebffe-42bb-403e-a40f-c9701e540227","event":"orderupdated"}
2026-09-03T12:48:05+00:00 INFO Central order received successfully. CONTEXT: {"store_id":"site1","source_order_id":365823,"central_order_id":3767,"request_id":"ae829982-9272-49c0-8034-72eaa817447d","event":"orderupdated"}
2026-09-03T12:48:13+00:00 INFO Central order received successfully. CONTEXT: {"store_id":"site1","source_order_id":376194,"central_order_id":6792,"request_id":"1018f2b7-95e7-48a7-bf48-f2e9f0e4451b","event":"orderupdated"}
2026-09-03T12:48:23+00:00 INFO Central order received successfully. CONTEXT: {"store_id":"site1","source_order_id":365823,"central_order_id":3767,"request_id":"5ac22c6a-61a7-4b6b-afed-3205486ff89e","event":"orderupdated"}
2026-09-03T12:51:27+00:00 INFO Central bulk source orders received. CONTEXT: {"store_id":"site1","received":20,"succeeded":20,"failed":0,"request_id":"8d4ef128-1592-4a07-abc3-365447fa6d65"}
2026-09-03T12:51:30+00:00 INFO Central order received successfully. CONTEXT: {"store_id":"site1","source_order_id":365823,"central_order_id":3767,"request_id":"a9a8ffc1-0107-481a-96d2-31aa5870dcd8","event":"orderupdated"}
2026-09-03T12:51:38+00:00 INFO Central order received successfully. CONTEXT: {"store_id":"site1","source_order_id":365823,"central_order_id":3767,"request_id":"11982cc8-397a-4e94-9ef1-5641740ef28b","event":"orderupdated"}
2026-09-03T12:52:08+00:00 INFO Central bulk source orders received. CONTEXT: {"store_id":"site1","received":20,"succeeded":20,"failed":0,"request_id":"6552d862-0a90-4167-971d-e38b9b1cc43e"}
2026-09-03T12:52:28+00:00 INFO Central order received successfully. CONTEXT: {"store_id":"site1","source_order_id":365823,"central_order_id":3767,"request_id":"9961b594-aeb7-4270-be8d-396219ea8864","event":"orderupdated"}
2026-09-03T12:52:41+00:00 INFO Central bulk source orders received. CONTEXT: {"store_id":"site1","received":20,"succeeded":20,"failed":0,"request_id":"013c01cf-e0a4-41b1-929f-4caf4fe85ce6"}
2026-09-03T12:52:42+00:00 INFO Central order received successfully. CONTEXT: {"store_id":"site1","source_order_id":376194,"central_order_id":6792,"request_id":"23fb767e-58c0-4ffb-bb2c-3561debb4e85","event":"orderupdated"}
2026-09-03T12:52:55+00:00 INFO Central order received successfully. CONTEXT: {"store_id":"site1","source_order_id":365823,"central_order_id":3767,"request_id":"5ed86f2e-4b00-4473-b56e-7daa43ce2404","event":"orderupdated"}
2026-09-03T12:53:05+00:00 INFO Central bulk source orders received. CONTEXT: {"store_id":"site1","received":20,"succeeded":20,"failed":0,"request_id":"a130ea4b-bd3c-4f9f-9419-dae826d01072"}
2026-09-03T12:53:19+00:00 INFO Central order received successfully. CONTEXT: {"store_id":"site1","source_order_id":376194,"central_order_id":6792,"request_id":"c1090bad-a6c5-4d33-a757-627af3cb725a","event":"orderupdated"}
2026-09-03T12:53:35+00:00 INFO Central bulk source orders received. CONTEXT: {"store_id":"site1","received":20,"succeeded":20,"failed":0,"request_id":"59ed1319-e41f-48ce-800e-0964ac5842dd"}
2026-09-03T12:53:58+00:00 INFO Central order received successfully. CONTEXT: {"store_id":"site1","source_order_id":365823,"central_order_id":3767,"request_id":"9ddeca2b-436e-4113-ad60-d1d3edb79da8","event":"orderupdated"}
2026-09-03T12:54:27+00:00 INFO Central bulk source orders received. CONTEXT: {"store_id":"site1","received":20,"succeeded":20,"failed":0,"request_id":"3ce5779b-2a5f-4605-ab4f-81f3264e07ac"}
2026-09-03T12:54:40+00:00 INFO Central order received successfully. CONTEXT: {"store_id":"site1","source_order_id":365823,"central_order_id":3767,"request_id":"4eec03f1-ec9f-4b88-80d4-dfef788b19f5","event":"orderupdated"}
2026-09-03T12:55:57+00:00 INFO Central order received successfully. CONTEXT: {"store_id":"site1","source_order_id":365823,"central_order_id":3767,"request_id":"d989db87-2286-4d0b-af73-a185e5b526a4","event":"orderupdated"}
2026-09-03T12:58:00+00:00 INFO Central order received successfully. CONTEXT: {"store_id":"site1","source_order_id":365823,"central_order_id":3767,"request_id":"b48bf3ed-5754-4fcd-904a-fe2586119140","event":"orderupdated"}
2026-09-03T12:59:05+00:00 INFO Central order received successfully. CONTEXT: {"store_id":"site1","source_order_id":365823,"central_order_id":3767,"request_id":"216951d8-26e3-4dff-810f-eb8a360ea1a5","event":"orderupdated"}
2026-09-03T13:00:06+00:00 INFO Central bulk source orders received. CONTEXT: {"store_id":"site1","received":20,"succeeded":20,"failed":0,"request_id":"0e8d787c-61af-492a-a87a-8f504990afa2"}
2026-09-03T13:00:21+00:00 INFO Central bulk source orders received. CONTEXT: {"store_id":"site1","received":20,"succeeded":20,"failed":0,"request_id":"f2609a4c-2b89-4297-9dc3-1e5db4f5611d"}
2026-09-03T13:01:44+00:00 INFO Central order received successfully. CONTEXT: {"store_id":"site1","source_order_id":363737,"central_order_id":6071,"request_id":"e78c576a-070c-4a39-8ff9-b57c220861d2","event":"orderupdated"}
2026-09-03T13:02:06+00:00 INFO Central order received successfully. CONTEXT: {"store_id":"site1","source_order_id":372348,"central_order_id":6749,"request_id":"6283dc39-12e6-43b5-9c7d-774a1005f69c","event":"orderupdated"}
2026-09-03T13:02:46+00:00 INFO Central order received successfully. CONTEXT: {"store_id":"site1","source_order_id":372348,"central_order_id":6749,"request_id":"6a997ebc-08df-4ce3-8917-f4ce56b9714a","event":"orderupdated"}
2026-09-03T13:03:06+00:00 INFO Central order received successfully. CONTEXT: {"store_id":"site1","source_order_id":376187,"central_order_id":6791,"request_id":"b2f1db90-a0ae-4598-84a2-10cc0d9feffb","event":"orderupdated"}
2026-09-03T13:03:15+00:00 INFO Central bulk source orders received. CONTEXT: {"store_id":"site1","received":20,"succeeded":20,"failed":0,"request_id":"7efd783e-db20-4743-b28f-e7fb95ec405e"}
2026-09-03T13:03:39+00:00 INFO Central bulk source orders received. CONTEXT: {"store_id":"site1","received":20,"succeeded":20,"failed":0,"request_id":"ea0cda47-0c9e-49d5-9f3e-7b843f99af04"}
2026-09-03T13:05:38+00:00 INFO Central order received successfully. CONTEXT: {"store_id":"site1","source_order_id":376187,"central_order_id":6791,"request_id":"9807823b-a7a5-4532-94d8-718a19699b14","event":"orderupdated"}
2026-09-03T13:05:56+00:00 INFO Central order received successfully. CONTEXT: {"store_id":"site1","source_order_id":372348,"central_order_id":6749,"request_id":"135675b7-9bb9-4abc-ac50-0a11e101cabf","event":"orderupdated"}
2026-09-03T13:07:01+00:00 INFO Central bulk source orders received. CONTEXT: {"store_id":"site1","received":20,"succeeded":20,"failed":0,"request_id":"727bc9ef-db30-4881-a21d-1ff5640ae610"}
2026-09-03T13:16:43+00:00 INFO Central bulk source orders received. CONTEXT: {"store_id":"site1","received":19,"succeeded":19,"failed":0,"request_id":"bb1d0866-9733-42f4-a328-71838173beb2"}
2026-09-03T13:16:56+00:00 INFO Central order received successfully. CONTEXT: {"store_id":"site1","source_order_id":372348,"central_order_id":6749,"request_id":"aec195ff-0ab7-4479-8b65-d40bd06e554d","event":"orderupdated"}
2026-09-03T13:17:21+00:00 INFO Central bulk source orders received. CONTEXT: {"store_id":"site1","received":20,"succeeded":20,"failed":0,"request_id":"04765205-eadb-49ba-9248-4a4b11d624f7"}
2026-09-03T13:18:11+00:00 INFO Central order received successfully. CONTEXT: {"store_id":"site1","source_order_id":372348,"central_order_id":6749,"request_id":"5c387006-9062-4af1-9974-8936fab27678","event":"orderupdated"}
2026-09-03T13:18:20+00:00 INFO Central bulk source orders received. CONTEXT: {"store_id":"site1","received":20,"succeeded":20,"failed":0,"request_id":"0b50d6ce-9be9-4997-8a6f-ed64e2aa3497"}
2026-09-03T13:18:40+00:00 INFO Central order received successfully. CONTEXT: {"store_id":"site1","source_order_id":372348,"central_order_id":6749,"request_id":"c4e7b291-440d-4a43-8be6-c95d2644e2b9","event":"orderupdated"}
2026-09-03T13:19:09+00:00 INFO Central bulk source orders received. CONTEXT: {"store_id":"site1","received":20,"succeeded":20,"failed":0,"request_id":"aaba8b09-8943-4e0f-a85f-13d7664d6dae"}
2026-09-03T13:19:42+00:00 INFO Central order received successfully. CONTEXT: {"store_id":"site1","source_order_id":372348,"central_order_id":6749,"request_id":"863029af-6cca-4303-aabb-8cf75a4806b6","event":"orderupdated"}
2026-09-03T13:20:22+00:00 INFO Central order received successfully. CONTEXT: {"store_id":"site1","source_order_id":372348,"central_order_id":6749,"request_id":"bee6b4e4-a039-4f44-b03b-17f735ea5338","event":"orderupdated"}
2026-09-03T13:20:43+00:00 INFO Central order received successfully. CONTEXT: {"store_id":"site1","source_order_id":372348,"central_order_id":6749,"request_id":"e4a1cea2-71bf-4722-a1a4-811f027c3e28","event":"orderupdated"}
2026-09-03T13:21:00+00:00 INFO Central order received successfully. CONTEXT: {"store_id":"site1","source_order_id":372348,"central_order_id":6749,"request_id":"a8072cdf-6aea-41ae-9a8a-b8d0383ef7f2","event":"orderupdated"}
2026-09-03T13:21:19+00:00 INFO Central order received successfully. CONTEXT: {"store_id":"site1","source_order_id":372348,"central_order_id":6749,"request_id":"3d8142a5-9362-4fef-b483-ee1aaf175164","event":"orderupdated"}
2026-09-03T13:21:23+00:00 INFO Central bulk source orders received. CONTEXT: {"store_id":"site1","received":20,"succeeded":20,"failed":0,"request_id":"580246e7-9362-48fb-a62d-efd10510e094"}
2026-09-03T13:22:10+00:00 INFO Central bulk source orders received. CONTEXT: {"store_id":"site1","received":20,"succeeded":20,"failed":0,"request_id":"bcb1100b-435f-403a-9dfa-b6f463ef64ac"}
2026-09-03T13:22:35+00:00 INFO Central order received successfully. CONTEXT: {"store_id":"site1","source_order_id":376250,"central_order_id":6796,"request_id":"4164356c-0d97-41b6-a6f4-d60efe1a1152","event":"orderupdated"}
2026-09-03T13:23:06+00:00 INFO Central bulk source orders received. CONTEXT: {"store_id":"site1","received":20,"succeeded":20,"failed":0,"request_id":"5c62886f-7c36-4c12-ac9b-1afd79e75d6a"}
2026-09-03T13:23:44+00:00 INFO Central order received successfully. CONTEXT: {"store_id":"site1","source_order_id":372348,"central_order_id":6749,"request_id":"332f050a-d81c-401a-9d29-c0e1d8bed512","event":"orderupdated"}
2026-09-03T13:23:45+00:00 INFO Central bulk source orders received. CONTEXT: {"store_id":"site1","received":20,"succeeded":20,"failed":0,"request_id":"2ec3db79-d5e9-4758-880c-e6159d94b8f9"}
2026-09-03T13:24:28+00:00 INFO Central order received successfully. CONTEXT: {"store_id":"site1","source_order_id":376253,"central_order_id":6797,"request_id":"d63a5feb-1bb7-4458-8bee-59b797533014","event":"orderupdated"}
2026-09-03T13:24:37+00:00 INFO Central order received successfully. CONTEXT: {"store_id":"site1","source_order_id":376253,"central_order_id":6797,"request_id":"2be5f2c6-de91-4d6e-a2c5-918a2134f8b7","event":"orderupdated"}
2026-09-03T13:24:39+00:00 INFO Central bulk source orders received. CONTEXT: {"store_id":"site1","received":20,"succeeded":20,"failed":0,"request_id":"0e82d087-b690-442e-851c-13a3631c46e1"}
2026-09-03T13:25:14+00:00 INFO Central order received successfully. CONTEXT: {"store_id":"site1","source_order_id":372348,"central_order_id":6749,"request_id":"3696cfca-2d35-4d16-9cb2-1b619f6fa8ea","event":"orderupdated"}
2026-09-03T13:25:24+00:00 INFO Central order received successfully. CONTEXT: {"store_id":"site1","source_order_id":376253,"central_order_id":6797,"request_id":"05411e87-c8ad-4d45-b5ed-ac6bd0ce23c6","event":"orderupdated"}
2026-09-03T13:25:47+00:00 INFO Central bulk source orders received. CONTEXT: {"store_id":"site1","received":20,"succeeded":20,"failed":0,"request_id":"2c1ed25f-ede0-40f5-b6f0-1a438921d63f"}
2026-09-03T13:26:04+00:00 INFO Central order received successfully. CONTEXT: {"store_id":"site1","source_order_id":376253,"central_order_id":6797,"request_id":"b965377e-26d6-4a5a-8ec5-d0671c45bf4f","event":"orderupdated"}
2026-09-03T13:26:30+00:00 INFO Central order received successfully. CONTEXT: {"store_id":"site1","source_order_id":372348,"central_order_id":6749,"request_id":"a3a421f7-7a7f-4305-8080-20ad3cf5e61a","event":"orderupdated"}
2026-09-03T13:26:37+00:00 INFO Central bulk source orders received. CONTEXT: {"store_id":"site1","received":20,"succeeded":20,"failed":0,"request_id":"99d3b789-e4ae-4618-a9f7-ed7a08a056d4"}
2026-09-03T13:26:50+00:00 INFO Central order received successfully. CONTEXT: {"store_id":"site1","source_order_id":372348,"central_order_id":6749,"request_id":"387d2804-e99d-43cb-a598-320528f3800a","event":"orderupdated"}
2026-09-03T13:27:01+00:00 INFO Central order received successfully. CONTEXT: {"store_id":"site1","source_order_id":372348,"central_order_id":6749,"request_id":"f20d1f24-18f4-4757-99b0-8109dcc35b8e","event":"orderupdated"}
2026-09-03T13:27:25+00:00 INFO Central order received successfully. CONTEXT: {"store_id":"site1","source_order_id":372348,"central_order_id":6749,"request_id":"188dbdf0-d9fc-4654-8da8-37bee2e5ec35","event":"orderupdated"}
2026-09-03T13:29:38+00:00 INFO Central bulk source orders received. CONTEXT: {"store_id":"site1","received":20,"succeeded":20,"failed":0,"request_id":"c9221221-ce99-45aa-a95b-b743f18770d5"}
2026-09-03T13:29:52+00:00 INFO Central order received successfully. CONTEXT: {"store_id":"site1","source_order_id":372348,"central_order_id":6749,"request_id":"dfad20bb-da44-43fc-85dd-8726fe2420a5","event":"orderupdated"}
2026-09-03T13:30:07+00:00 INFO Central order received successfully. CONTEXT: {"store_id":"site1","source_order_id":371778,"central_order_id":2372,"request_id":"8a131f42-a23f-4ae3-9c52-7793d455b6ce","event":"orderupdated"}
2026-09-03T13:30:14+00:00 INFO Central bulk source orders received. CONTEXT: {"store_id":"site1","received":20,"succeeded":20,"failed":0,"request_id":"a9f1eeef-c7d5-4e33-80a4-8f4dc6805993"}
2026-09-03T13:30:30+00:00 INFO Central bulk source orders received. CONTEXT: {"store_id":"site1","received":20,"succeeded":20,"failed":0,"request_id":"ae969d7f-0394-42dd-820c-c5bf5947be50"}
2026-09-03T13:30:32+00:00 INFO Central order received successfully. CONTEXT: {"store_id":"site1","source_order_id":376254,"central_order_id":6798,"request_id":"fc017939-df7b-40a7-b6b2-99552f4b529c","event":"orderupdated"}
2026-09-03T13:30:51+00:00 INFO Central order received successfully. CONTEXT: {"store_id":"site1","source_order_id":376256,"central_order_id":6799,"request_id":"240ad34a-2c47-46d8-acdb-c5708df65172","event":"orderupdated"}
2026-09-03T13:30:54+00:00 INFO Central bulk source orders received. CONTEXT: {"store_id":"site1","received":20,"succeeded":20,"failed":0,"request_id":"3dfb1ba4-1bb7-46dc-88b6-8ba2fc48e90d"}
2026-09-03T13:31:22+00:00 INFO Central bulk source orders received. CONTEXT: {"store_id":"site1","received":20,"succeeded":20,"failed":0,"request_id":"68767b37-82f3-4ea1-b0d5-caf0b381b35c"}
2026-09-03T13:31:37+00:00 INFO Central bulk source statuses received. CONTEXT: {"store_id":"site1","received":4,"succeeded":4,"missing":0,"failed":0,"request_id":"30358fb9-56cd-4a84-98a7-1020d529bb72"}
2026-09-03T13:31:44+00:00 INFO Central bulk source orders received. CONTEXT: {"store_id":"site1","received":20,"succeeded":20,"failed":0,"request_id":"8b76e644-ffa7-48fa-b871-b03aefeb8f06"}
2026-09-03T13:32:39+00:00 INFO Central bulk source orders received. CONTEXT: {"store_id":"site1","received":20,"succeeded":20,"failed":0,"request_id":"38c1adb6-203b-4b9e-acce-dfb0143f11da"}
2026-09-03T13:33:04+00:00 INFO Central order received successfully. CONTEXT: {"store_id":"site1","source_order_id":371778,"central_order_id":2372,"request_id":"ae447a27-4416-45ed-a258-be6c32bcc521","event":"orderupdated"}
2026-09-03T13:33:31+00:00 INFO Central bulk source orders received. CONTEXT: {"store_id":"site1","received":20,"succeeded":20,"failed":0,"request_id":"f71fadd7-3b4e-4d55-8591-35e94188d432"}
2026-09-03T13:33:39+00:00 INFO Central order received successfully. CONTEXT: {"store_id":"site1","source_order_id":376136,"central_order_id":6800,"request_id":"bc5d655e-a799-4474-adb6-9e67d39d0668","event":"orderupdated"}
2026-09-03T13:33:50+00:00 INFO Central order received successfully. CONTEXT: {"store_id":"site1","source_order_id":376136,"central_order_id":6800,"request_id":"923e1a5c-0e91-4614-a800-e493d94f996d","event":"orderupdated"}
2026-09-03T13:34:00+00:00 INFO Central order received successfully. CONTEXT: {"store_id":"site1","source_order_id":376136,"central_order_id":6800,"request_id":"a3c13e79-1488-47e2-bda4-cda298a60e73","event":"orderupdated"}
2026-09-03T13:34:09+00:00 INFO Central order received successfully. CONTEXT: {"store_id":"site1","source_order_id":376136,"central_order_id":6800,"request_id":"938ceeff-c640-4889-8750-244a8349d619","event":"orderupdated"}
2026-09-03T13:34:21+00:00 INFO Central order received successfully. CONTEXT: {"store_id":"site1","source_order_id":376136,"central_order_id":6800,"request_id":"17171e15-3459-48f9-8339-f1aa7c5f5248","event":"orderupdated"}
2026-09-03T13:34:30+00:00 INFO Central bulk source orders received. CONTEXT: {"store_id":"site1","received":20,"succeeded":20,"failed":0,"request_id":"97c13b55-88ed-4c5c-89ca-b108151dc52e"}
2026-09-03T13:34:44+00:00 INFO Central order received successfully. CONTEXT: {"store_id":"site1","source_order_id":376136,"central_order_id":6800,"request_id":"0a161026-ddf4-43a9-a7de-64d1e329011f","event":"orderupdated"}
2026-09-03T13:34:45+00:00 INFO Central order received successfully. CONTEXT: {"store_id":"site1","source_order_id":376136,"central_order_id":6800,"request_id":"14931f5d-ea6e-478d-b835-60772094453c","event":"orderupdated"}
2026-09-03T13:34:55+00:00 INFO Central order received successfully. CONTEXT: {"store_id":"site1","source_order_id":376136,"central_order_id":6800,"request_id":"fa0ffbda-dbc3-4ce7-8af7-147051722c61","event":"orderupdated"}
2026-09-03T13:35:05+00:00 INFO Central order received successfully. CONTEXT: {"store_id":"site1","source_order_id":376136,"central_order_id":6800,"request_id":"42d82eaa-c054-4809-b7a9-222a5a225023","event":"orderupdated"}
2026-09-03T13:35:12+00:00 INFO Central order received successfully. CONTEXT: {"store_id":"site1","source_order_id":376136,"central_order_id":6800,"request_id":"11ac81a8-5b86-47a3-a9cb-7b7324043d01","event":"orderupdated"}
2026-09-03T13:35:26+00:00 INFO Central bulk source orders received. CONTEXT: {"store_id":"site1","received":20,"succeeded":20,"failed":0,"request_id":"10546e47-5862-45b0-a335-7ac00cce0745"}
2026-09-03T13:35:40+00:00 INFO Central order received successfully. CONTEXT: {"store_id":"site1","source_order_id":376136,"central_order_id":6800,"request_id":"4b021d79-2665-495c-be44-f2e71bdb1540","event":"orderupdated"}
2026-09-03T13:35:47+00:00 INFO Central order received successfully. CONTEXT: {"store_id":"site1","source_order_id":376136,"central_order_id":6800,"request_id":"34b52929-5665-4c0a-9c25-3c167215a3ab","event":"orderupdated"}
2026-09-03T13:35:59+00:00 INFO Central order received successfully. CONTEXT: {"store_id":"site1","source_order_id":376136,"central_order_id":6800,"request_id":"ed11b38d-aab8-42cf-9c3e-da32cdb27a5e","event":"orderupdated"}
2026-09-03T13:36:05+00:00 INFO Central order received successfully. CONTEXT: {"store_id":"site1","source_order_id":376136,"central_order_id":6800,"request_id":"ec0382e2-f31b-4c87-8356-f62ebb8959e6","event":"orderupdated"}
2026-09-03T13:36:26+00:00 INFO Central order received successfully. CONTEXT: {"store_id":"site1","source_order_id":376136,"central_order_id":6800,"request_id":"6c9c1e1f-568d-4503-acb2-d04ac955e86e","event":"orderupdated"}
2026-09-03T13:36:36+00:00 INFO Central order received successfully. CONTEXT: {"store_id":"site1","source_order_id":376277,"central_order_id":6801,"request_id":"af4f75cd-0d91-4d4a-9df6-15a4a4f308de","event":"orderupdated"}
2026-09-03T13:36:44+00:00 INFO Central order received successfully. CONTEXT: {"store_id":"site1","source_order_id":376136,"central_order_id":6800,"request_id":"3a2acb4d-aa24-4a7f-a538-08a40d74c32c","event":"orderupdated"}
2026-09-03T13:37:05+00:00 INFO Central order received successfully. CONTEXT: {"store_id":"site1","source_order_id":376136,"central_order_id":6800,"request_id":"ca54b1e0-9ea4-45f4-ace6-b4415cec3fb4","event":"orderupdated"}
2026-09-03T13:37:07+00:00 INFO Central order received successfully. CONTEXT: {"store_id":"site1","source_order_id":376136,"central_order_id":6800,"request_id":"45321794-2c1c-43b2-9098-12fbb82b669c","event":"orderupdated"}
2026-09-03T13:37:15+00:00 INFO Central order received successfully. CONTEXT: {"store_id":"site1","source_order_id":376277,"central_order_id":6801,"request_id":"3e7b7714-0e32-4320-9443-6b835d3ca733","event":"orderupdated"}
2026-09-03T13:37:24+00:00 INFO Central order received successfully. CONTEXT: {"store_id":"site1","source_order_id":376136,"central_order_id":6800,"request_id":"293d9940-d489-4296-b443-9a6813db401c","event":"orderupdated"}
2026-09-03T13:37:46+00:00 INFO Central order received successfully. CONTEXT: {"store_id":"site1","source_order_id":376136,"central_order_id":6800,"request_id":"07178842-c387-48f8-a957-45748dd3118d","event":"orderupdated"}
2026-09-03T13:38:04+00:00 INFO Central order received successfully. CONTEXT: {"store_id":"site1","source_order_id":376277,"central_order_id":6801,"request_id":"a5a5f1b5-506d-4d47-877c-5cf2af863f03","event":"orderupdated"}
2026-09-03T13:38:14+00:00 INFO Central order received successfully. CONTEXT: {"store_id":"site1","source_order_id":376277,"central_order_id":6801,"request_id":"28f17989-2299-43df-9c35-782c9778f28a","event":"orderupdated"}
2026-09-03T13:38:16+00:00 INFO Central bulk source orders received. CONTEXT: {"store_id":"site1","received":20,"succeeded":20,"failed":0,"request_id":"ca99efc6-006f-4d0a-9852-f4a251dcdd4a"}
2026-09-03T13:39:09+00:00 INFO Central bulk source orders received. CONTEXT: {"store_id":"site1","received":20,"succeeded":20,"failed":0,"request_id":"d204e4df-1623-4aa9-aa91-6c90e61dc173"}
2026-09-03T13:39:31+00:00 INFO Central bulk source orders received. CONTEXT: {"store_id":"site1","received":20,"succeeded":20,"failed":0,"request_id":"60d184ec-d516-4096-96a6-97042413de4e"}
2026-09-03T13:40:01+00:00 INFO Central bulk source orders received. CONTEXT: {"store_id":"site1","received":20,"succeeded":20,"failed":0,"request_id":"91337dca-9553-4e85-8281-0cb53fa1763a"}
2026-09-03T13:40:41+00:00 INFO Central bulk source orders received. CONTEXT: {"store_id":"site1","received":20,"succeeded":20,"failed":0,"request_id":"026cc00e-0788-4dea-9608-4ff0283bbe24"}
2026-09-03T13:41:34+00:00 INFO Central bulk source orders received. CONTEXT: {"store_id":"site1","received":20,"succeeded":20,"failed":0,"request_id":"b6b18b42-4b63-4f4b-a6b0-5c4c5f8faf40"}
2026-09-03T13:42:27+00:00 INFO Central bulk source orders received. CONTEXT: {"store_id":"site1","received":20,"succeeded":20,"failed":0,"request_id":"d622e72d-f558-4aa0-8cfb-684fa3a2d9ee"}
2026-09-03T13:42:39+00:00 INFO Central order received successfully. CONTEXT: {"store_id":"site1","source_order_id":376136,"central_order_id":6800,"request_id":"40b59f07-3c15-4e46-98cb-18b69aa4b27b","event":"orderupdated"}
2026-09-03T13:43:13+00:00 INFO Central bulk source orders received. CONTEXT: {"store_id":"site1","received":20,"succeeded":20,"failed":0,"request_id":"77d0afbb-aa23-45ba-ab4c-9b38e1c5432c"}
2026-09-03T13:44:03+00:00 INFO Central bulk source orders received. CONTEXT: {"store_id":"site1","received":20,"succeeded":20,"failed":0,"request_id":"840e7621-0f6d-43cf-841e-f4d5729c5906"}
2026-09-03T13:44:55+00:00 INFO Central bulk source orders received. CONTEXT: {"store_id":"site1","received":20,"succeeded":20,"failed":0,"request_id":"070299fa-b84e-4a80-b537-43cb87419c85"}
2026-09-03T13:44:58+00:00 INFO Central order received successfully. CONTEXT: {"store_id":"site1","source_order_id":376282,"central_order_id":6804,"request_id":"340343e5-9dbf-4e74-907d-a26c61a229de","event":"orderupdated"}
2026-09-03T13:45:39+00:00 WARNING Central bulk source orders received. CONTEXT: {"store_id":"site1","received":2,"succeeded":1,"failed":1,"request_id":"7ddeaa0f-4da2-4e72-9a7a-fad964a7f8a8"}
2026-09-03T13:45:42+00:00 INFO Central order received successfully. CONTEXT: {"store_id":"site1","source_order_id":376282,"central_order_id":6804,"request_id":"9cfffd37-c3a0-4445-a96a-aa9076ed9d48","event":"orderupdated"}
2026-09-03T13:45:44+00:00 INFO Central bulk source orders received. CONTEXT: {"store_id":"site1","received":20,"succeeded":20,"failed":0,"request_id":"93508fb5-4437-47b7-b502-035325cc3f76"}
2026-09-03T13:46:02+00:00 INFO Central bulk source orders received. CONTEXT: {"store_id":"site1","received":20,"succeeded":20,"failed":0,"request_id":"8f6cfad5-979b-4415-9efd-b47b894dea98"}
2026-09-03T13:46:18+00:00 INFO Central order received successfully. CONTEXT: {"store_id":"site1","source_order_id":376283,"central_order_id":6805,"request_id":"e10e51fa-a16c-4de3-949b-837f6d79ad15","event":"orderupdated"}
2026-09-03T13:46:38+00:00 INFO Central bulk source orders received. CONTEXT: {"store_id":"site1","received":20,"succeeded":20,"failed":0,"request_id":"54b606d8-af66-408d-ab76-84483bb8214d"}
2026-09-03T13:46:52+00:00 INFO Central order received successfully. CONTEXT: {"store_id":"site1","source_order_id":376284,"central_order_id":6806,"request_id":"2f160a66-a693-4651-8646-7234df85d74c","event":"orderupdated"}
2026-09-03T13:47:28+00:00 INFO Central bulk source orders received. CONTEXT: {"store_id":"site1","received":20,"succeeded":20,"failed":0,"request_id":"749146b9-ab87-4419-a639-93dd73ccffc7"}
2026-09-03T13:47:31+00:00 INFO Central order received successfully. CONTEXT: {"store_id":"site1","source_order_id":376284,"central_order_id":6806,"request_id":"b4e815c5-aca0-4eb3-a418-2a75fa014fe3","event":"orderupdated"}
2026-09-03T13:48:09+00:00 INFO Central order received successfully. CONTEXT: {"store_id":"site1","source_order_id":376284,"central_order_id":6806,"request_id":"66c984ae-50e0-4211-9f7f-5f068ad0ee98","event":"orderupdated"}
2026-09-03T13:48:21+00:00 INFO Central bulk source orders received. CONTEXT: {"store_id":"site1","received":20,"succeeded":20,"failed":0,"request_id":"da1fd50f-7c99-4779-9f84-8ca961142e31"}
2026-09-03T13:48:45+00:00 INFO Central order received successfully. CONTEXT: {"store_id":"site1","source_order_id":376284,"central_order_id":6806,"request_id":"fde1fb28-8891-43cb-aee2-0e33a7bd0268","event":"orderupdated"}
2026-09-03T13:49:11+00:00 INFO Central bulk source orders received. CONTEXT: {"store_id":"site1","received":20,"succeeded":20,"failed":0,"request_id":"dc9c8312-bc68-48d2-bca1-5b3f284160d9"}
2026-09-03T13:49:23+00:00 INFO Central order received successfully. CONTEXT: {"store_id":"site1","source_order_id":376284,"central_order_id":6806,"request_id":"805a6565-1986-4efd-a3ce-df5f208b6ce2","event":"orderupdated"}
2026-09-03T13:49:40+00:00 INFO Central bulk source orders received. CONTEXT: {"store_id":"site1","received":20,"succeeded":20,"failed":0,"request_id":"2b1ba39d-5708-4716-a4d7-618276e69492"}
2026-09-03T13:49:59+00:00 INFO Central order received successfully. CONTEXT: {"store_id":"site1","source_order_id":376284,"central_order_id":6806,"request_id":"c461fd1e-f02d-4827-8acf-1e46fe6a8778","event":"orderupdated"}
2026-09-03T13:50:01+00:00 INFO Central bulk source orders received. CONTEXT: {"store_id":"site1","received":20,"succeeded":20,"failed":0,"request_id":"6eb5ee9c-c5a2-460f-a13a-b7e4c1975fcf"}
2026-09-03T13:51:30+00:00 INFO Central bulk source orders received. CONTEXT: {"store_id":"site1","received":20,"succeeded":20,"failed":0,"request_id":"1d4bc155-8757-4258-a453-68c034722dcb"}
2026-09-03T13:52:16+00:00 INFO Central bulk source orders received. CONTEXT: {"store_id":"site1","received":20,"succeeded":20,"failed":0,"request_id":"f588ead1-3971-4da8-933d-634f43c4623e"}
2026-09-03T13:52:27+00:00 INFO Central order received successfully. CONTEXT: {"store_id":"site1","source_order_id":376285,"central_order_id":6807,"request_id":"d3537dd8-00f8-45dc-8b2b-a4b712f27467","event":"orderupdated"}
2026-09-03T13:53:05+00:00 INFO Central order received successfully. CONTEXT: {"store_id":"site1","source_order_id":376285,"central_order_id":6807,"request_id":"fc2c0c45-f9fe-44e1-acbe-0bc49cf9adb7","event":"orderupdated"}
2026-09-03T13:53:07+00:00 INFO Central bulk source orders received. CONTEXT: {"store_id":"site1","received":20,"succeeded":20,"failed":0,"request_id":"9174fddc-a07f-4001-be35-5ea9e5f44711"}
2026-09-03T13:53:57+00:00 INFO Central bulk source orders received. CONTEXT: {"store_id":"site1","received":20,"succeeded":20,"failed":0,"request_id":"af23c7d5-2e84-4893-95b0-d0dd83602ca9"}
2026-09-03T13:54:48+00:00 INFO Central bulk source orders received. CONTEXT: {"store_id":"site1","received":20,"succeeded":20,"failed":0,"request_id":"712c3d07-fb46-44bb-8dbd-1ed9f6635aed"}
2026-09-03T13:55:06+00:00 INFO Central bulk source orders received. CONTEXT: {"store_id":"site1","received":20,"succeeded":20,"failed":0,"request_id":"4e2c79b2-d2d4-401c-94a0-eebbab7be9af"}
2026-09-03T13:55:57+00:00 INFO Central bulk source orders received. CONTEXT: {"store_id":"site1","received":20,"succeeded":20,"failed":0,"request_id":"1ca019aa-49be-4484-841f-59469d60c31a"}
2026-09-03T13:56:20+00:00 INFO Central bulk source statuses received. CONTEXT: {"store_id":"site1","received":2,"succeeded":2,"missing":0,"failed":0,"request_id":"504597fa-556f-42ba-abf9-3286bafa6caa"}
2026-09-03T13:56:23+00:00 INFO Central bulk source orders received. CONTEXT: {"store_id":"site1","received":2,"succeeded":2,"failed":0,"request_id":"53d0e405-c1b4-486c-8b32-31db8f1b0502"}
2026-09-03T13:57:00+00:00 INFO Central bulk source orders received. CONTEXT: {"store_id":"site1","received":2,"succeeded":2,"failed":0,"request_id":"bcb9a4b6-c128-458e-adb9-a8c10190abc8"}
2026-09-03T13:57:06+00:00 INFO Central bulk source orders received. CONTEXT: {"store_id":"site1","received":20,"succeeded":20,"failed":0,"request_id":"b00cdbd6-9e91-48e3-85de-216e8313506c"}
2026-09-03T13:57:14+00:00 INFO Central bulk source orders received. CONTEXT: {"store_id":"site1","received":20,"succeeded":20,"failed":0,"request_id":"edb6f9d7-16b6-4a75-965c-a2385e32fe6d"}
2026-09-03T13:58:04+00:00 INFO Central bulk source orders received. CONTEXT: {"store_id":"site1","received":20,"succeeded":20,"failed":0,"request_id":"1ba8d98e-6659-40c9-b8f1-41262be69391"}
2026-09-03T13:58:41+00:00 INFO Central bulk source orders received. CONTEXT: {"store_id":"site1","received":20,"succeeded":20,"failed":0,"request_id":"612893cf-6b16-496f-9231-96b01f52d857"}
2026-09-03T13:59:11+00:00 INFO Central bulk source orders received. CONTEXT: {"store_id":"site1","received":20,"succeeded":20,"failed":0,"request_id":"88c52f48-1364-4c71-baa3-3ef47e7280e2"}
2026-09-03T13:59:30+00:00 INFO Central bulk source orders received. CONTEXT: {"store_id":"site1","received":18,"succeeded":18,"failed":0,"request_id":"065cb534-a1d5-4a88-b3c8-9181edfc0101"}
2026-09-03T13:59:55+00:00 INFO Central order received successfully. CONTEXT: {"store_id":"site1","source_order_id":376286,"central_order_id":6808,"request_id":"3e7ed1e4-d090-46bc-b419-aaa6da61dacc","event":"orderupdated"}
2026-09-03T14:00:04+00:00 INFO Central bulk source orders received. CONTEXT: {"store_id":"site1","received":20,"succeeded":20,"failed":0,"request_id":"f9a3d4e1-7787-4201-9911-10f46cb0ff8c"}
2026-09-03T14:00:24+00:00 INFO Central order received successfully. CONTEXT: {"store_id":"site1","source_order_id":376286,"central_order_id":6808,"request_id":"21c21831-42e7-4808-bb5e-9d7b309b5979","event":"orderupdated"}
2026-09-03T14:00:33+00:00 INFO Central order received successfully. CONTEXT: {"store_id":"site1","source_order_id":376286,"central_order_id":6808,"request_id":"f1df36de-51e8-4ffd-a5d4-0b74920f7597","event":"orderupdated"}
2026-09-03T14:01:03+00:00 INFO Central order received successfully. CONTEXT: {"store_id":"site1","source_order_id":376287,"central_order_id":6809,"request_id":"93d630d4-13fe-43fd-9244-882d348a73ab","event":"orderupdated"}
2026-09-03T14:01:03+00:00 INFO Central bulk source orders received. CONTEXT: {"store_id":"site1","received":20,"succeeded":20,"failed":0,"request_id":"efdc6cc2-114a-46d4-95ee-7f1c33f08642"}
2026-09-03T14:01:12+00:00 INFO Central order received successfully. CONTEXT: {"store_id":"site1","source_order_id":376286,"central_order_id":6808,"request_id":"960d72a7-54f9-4a46-8be9-4456073f2d17","event":"orderupdated"}
2026-09-03T14:01:34+00:00 INFO Central bulk source orders received. CONTEXT: {"store_id":"site1","received":20,"succeeded":20,"failed":0,"request_id":"1f1db32d-4650-41a0-8b8f-663e8ca3adc1"}
2026-09-03T14:01:42+00:00 INFO Central order received successfully. CONTEXT: {"store_id":"site1","source_order_id":376287,"central_order_id":6809,"request_id":"0414be81-6332-4367-a3ed-425d0715de5c","event":"orderupdated"}
2026-09-03T14:02:05+00:00 INFO Central bulk source orders received. CONTEXT: {"store_id":"site1","received":20,"succeeded":20,"failed":0,"request_id":"d12bc1d8-ffc0-4944-ad17-12b0cb905883"}
2026-09-03T14:02:07+00:00 INFO Central order received successfully. CONTEXT: {"store_id":"site1","source_order_id":376286,"central_order_id":6808,"request_id":"38b22165-122e-4fb4-abe1-c450ab5476c0","event":"orderupdated"}
2026-09-03T14:02:15+00:00 INFO Central bulk source orders received. CONTEXT: {"store_id":"site1","received":19,"succeeded":19,"failed":0,"request_id":"d1b00880-d573-4db4-9edf-01c4859854dc"}
2026-09-03T14:02:20+00:00 INFO Central order received successfully. CONTEXT: {"store_id":"site1","source_order_id":376287,"central_order_id":6809,"request_id":"749e01a8-4d32-4841-8451-2f1b1fb69cc6","event":"orderupdated"}
2026-09-03T14:02:42+00:00 INFO Central order received successfully. CONTEXT: {"store_id":"site1","source_order_id":376287,"central_order_id":6809,"request_id":"80c89068-bb93-4b9e-ad25-a6d9a5fd06f5","event":"orderupdated"}
2026-09-03T14:03:05+00:00 INFO Central order received successfully. CONTEXT: {"store_id":"site1","source_order_id":358270,"central_order_id":957,"request_id":"226ea76c-38a1-4eb2-9108-4c555d841df1","event":"orderupdated"}
2026-09-03T14:03:06+00:00 INFO Central bulk source orders received. CONTEXT: {"store_id":"site1","received":19,"succeeded":19,"failed":0,"request_id":"d6e15587-b3fa-4079-8378-0a00ddf44800"}
2026-09-03T14:03:14+00:00 INFO Central bulk source orders received. CONTEXT: {"store_id":"site1","received":20,"succeeded":20,"failed":0,"request_id":"ca67b2e9-df7b-43e4-a524-3bbaabe2ea24"}
2026-09-03T14:03:15+00:00 INFO Central order received successfully. CONTEXT: {"store_id":"site1","source_order_id":358270,"central_order_id":957,"request_id":"bec551a3-d6e9-4ea7-9610-edd64ee1c3de","event":"orderupdated"}
2026-09-03T14:03:22+00:00 INFO Central order received successfully. CONTEXT: {"store_id":"site1","source_order_id":358270,"central_order_id":957,"request_id":"f86c3e20-b497-4d14-9b64-01aac6cd4552","event":"orderupdated"}
2026-09-03T14:03:27+00:00 INFO Central order received successfully. CONTEXT: {"store_id":"site1","source_order_id":358270,"central_order_id":957,"request_id":"1528c5b3-82fa-4ee1-827e-893dae994585","event":"orderupdated"}
2026-09-03T14:03:29+00:00 INFO Central order received successfully. CONTEXT: {"store_id":"site1","source_order_id":358270,"central_order_id":957,"request_id":"3d225255-142f-41ca-95fb-79c6da85442e","event":"orderupdated"}
2026-09-03T14:03:42+00:00 INFO Central order received successfully. CONTEXT: {"store_id":"site1","source_order_id":358270,"central_order_id":957,"request_id":"9f8886b2-cd34-42db-a543-446d15fe6235","event":"orderupdated"}
2026-09-03T14:03:50+00:00 INFO Central order received successfully. CONTEXT: {"store_id":"site1","source_order_id":376288,"central_order_id":6811,"request_id":"adabf3ac-47e0-42fe-9abd-4345a31761c7","event":"orderupdated"}
2026-09-03T14:03:59+00:00 INFO Central order received successfully. CONTEXT: {"store_id":"site1","source_order_id":358270,"central_order_id":957,"request_id":"e532aaa9-c170-4c23-81b7-97fd39e2699d","event":"orderupdated"}
2026-09-03T14:04:04+00:00 INFO Central order received successfully. CONTEXT: {"store_id":"site1","source_order_id":358270,"central_order_id":957,"request_id":"4d75a5b6-1b02-4c57-825c-754deebfa06e","event":"orderupdated"}
2026-09-03T14:04:06+00:00 INFO Central bulk source orders received. CONTEXT: {"store_id":"site1","received":20,"succeeded":20,"failed":0,"request_id":"00193cb0-658f-4c95-83df-6b1fc77db7a1"}
2026-09-03T14:04:07+00:00 INFO Central order received successfully. CONTEXT: {"store_id":"site1","source_order_id":358270,"central_order_id":957,"request_id":"2ce3a9c2-f1e4-4e1e-aa20-98a12ccc6d33","event":"orderupdated"}
2026-09-03T14:04:15+00:00 INFO Central order received successfully. CONTEXT: {"store_id":"site1","source_order_id":358270,"central_order_id":957,"request_id":"2626b0b0-c7fc-4fed-937e-a98f43c2f41b","event":"orderupdated"}
2026-09-03T14:04:29+00:00 INFO Central order received successfully. CONTEXT: {"store_id":"site1","source_order_id":376287,"central_order_id":6809,"request_id":"308eefb8-ef9c-4284-8f3d-376007bd0acf","event":"orderupdated"}
2026-09-03T14:04:38+00:00 INFO Central order received successfully. CONTEXT: {"store_id":"site1","source_order_id":363721,"central_order_id":787,"request_id":"172c2d3c-286d-460f-b294-2d4374572111","event":"orderupdated"}
2026-09-03T14:04:45+00:00 INFO Central order received successfully. CONTEXT: {"store_id":"site1","source_order_id":368534,"central_order_id":429,"request_id":"7f3d8dce-399d-48ce-b4d8-5bdbaffe21e9","event":"orderupdated"}
2026-09-03T14:04:53+00:00 INFO Central order received successfully. CONTEXT: {"store_id":"site1","source_order_id":363721,"central_order_id":787,"request_id":"9c3c8e3b-8efe-41f6-90ac-2223be682d87","event":"orderupdated"}
2026-09-03T14:04:55+00:00 INFO Central bulk source orders received. CONTEXT: {"store_id":"site1","received":20,"succeeded":20,"failed":0,"request_id":"0325de92-dc05-43b8-835e-a2a9e352c5bd"}
2026-09-03T14:05:00+00:00 INFO Central order received successfully. CONTEXT: {"store_id":"site1","source_order_id":368534,"central_order_id":429,"request_id":"d32bac35-0cec-4f00-9b53-345d624899c6","event":"orderupdated"}
2026-09-03T14:05:07+00:00 INFO Central order received successfully. CONTEXT: {"store_id":"site1","source_order_id":376287,"central_order_id":6809,"request_id":"2845eb08-e63c-4f64-80a3-d10a6182cec5","event":"orderupdated"}
2026-09-03T14:05:09+00:00 INFO Central order received successfully. CONTEXT: {"store_id":"site1","source_order_id":368534,"central_order_id":429,"request_id":"68654c62-6034-4166-9cb1-9cb0fb090b5c","event":"orderupdated"}
2026-09-03T14:05:17+00:00 INFO Central bulk source orders received. CONTEXT: {"store_id":"site1","received":20,"succeeded":20,"failed":0,"request_id":"9e52b493-6959-476e-bf3a-6f700c77941c"}
2026-09-03T14:05:31+00:00 INFO Central order received successfully. CONTEXT: {"store_id":"site1","source_order_id":363721,"central_order_id":787,"request_id":"a681e484-1da2-4bc5-a357-bbd952640298","event":"orderupdated"}
2026-09-03T14:05:35+00:00 INFO Central order received successfully. CONTEXT: {"store_id":"site1","source_order_id":367515,"central_order_id":291,"request_id":"632992cf-049a-493c-bb79-9b6fb8995d07","event":"orderupdated"}
2026-09-03T14:05:37+00:00 INFO Central order received successfully. CONTEXT: {"store_id":"site1","source_order_id":368534,"central_order_id":429,"request_id":"1400b8d3-9069-407b-9c68-0fcbc668ce97","event":"orderupdated"}
2026-09-03T14:05:48+00:00 INFO Central bulk source orders received. CONTEXT: {"store_id":"site1","received":20,"succeeded":20,"failed":0,"request_id":"135e1239-a7c6-4eff-89e1-ed50acc348ce"}
2026-09-03T14:06:10+00:00 INFO Central bulk source orders received. CONTEXT: {"store_id":"site1","received":20,"succeeded":20,"failed":0,"request_id":"a49f168f-3429-4c45-a72f-0458ab65e9d7"}
2026-09-03T14:06:40+00:00 INFO Central bulk source orders received. CONTEXT: {"store_id":"site1","received":20,"succeeded":20,"failed":0,"request_id":"e15da6f1-bb4d-411c-9937-004997634234"}
2026-09-03T14:07:41+00:00 INFO Central order received successfully. CONTEXT: {"store_id":"site1","source_order_id":368534,"central_order_id":429,"request_id":"4effc791-7a0d-44e0-9938-9df20b20878e","event":"orderupdated"}
2026-09-03T14:07:43+00:00 INFO Central bulk source orders received. CONTEXT: {"store_id":"site1","received":20,"succeeded":20,"failed":0,"request_id":"680da57b-9330-4b7e-8b48-f249fe925f4c"}
2026-09-03T14:07:45+00:00 INFO Central order received successfully. CONTEXT: {"store_id":"site1","source_order_id":367413,"central_order_id":242,"request_id":"9efb860b-86b7-4218-a6c1-764acaff13de","event":"orderupdated"}
2026-09-03T14:07:54+00:00 INFO Central order received successfully. CONTEXT: {"store_id":"site1","source_order_id":367413,"central_order_id":242,"request_id":"1eb2c1d5-a714-4aed-bc49-663fc5517b33","event":"orderupdated"}
2026-09-03T14:07:57+00:00 INFO Central bulk source orders received. CONTEXT: {"store_id":"site1","received":20,"succeeded":20,"failed":0,"request_id":"0e58296c-6994-49bd-9107-172baad5e08a"}
2026-09-03T14:08:10+00:00 INFO Central order received successfully. CONTEXT: {"store_id":"site1","source_order_id":367413,"central_order_id":242,"request_id":"902d5172-fed1-48ef-ba36-f736bae69bb4","event":"orderupdated"}
2026-09-03T14:08:11+00:00 INFO Central order received successfully. CONTEXT: {"store_id":"site1","source_order_id":367413,"central_order_id":242,"request_id":"03bf046c-096d-4a14-83bd-6fe70911aa52","event":"orderupdated"}
2026-09-03T14:08:54+00:00 INFO Central bulk source orders received. CONTEXT: {"store_id":"site1","received":20,"succeeded":20,"failed":0,"request_id":"9577c0f6-0947-4bd0-bcd3-bdc2b9e04fad"}
2026-09-03T14:09:15+00:00 INFO Central bulk source orders received. CONTEXT: {"store_id":"site1","received":20,"succeeded":20,"failed":0,"request_id":"0be3133e-0d44-41c0-80aa-e420632534f4"}
2026-09-03T14:09:56+00:00 INFO Central bulk source orders received. CONTEXT: {"store_id":"site1","received":20,"succeeded":20,"failed":0,"request_id":"74ffb367-587c-45b1-be69-1af62f115e74"}
2026-09-03T14:10:49+00:00 INFO Central bulk source orders received. CONTEXT: {"store_id":"site1","received":20,"succeeded":20,"failed":0,"request_id":"a05f5c1b-fd11-47eb-9c11-08d30189b628"}
2026-09-03T14:11:32+00:00 INFO Central bulk source orders received. CONTEXT: {"store_id":"site1","received":20,"succeeded":20,"failed":0,"request_id":"3b4adebc-4374-4c0e-bdb6-ba67e7be9382"}
2026-09-03T14:12:25+00:00 INFO Central bulk source orders received. CONTEXT: {"store_id":"site1","received":20,"succeeded":20,"failed":0,"request_id":"db4612de-7187-4352-92d8-65cf83b0f0e6"}
2026-09-03T14:13:22+00:00 INFO Central bulk source orders received. CONTEXT: {"store_id":"site1","received":20,"succeeded":20,"failed":0,"request_id":"fc3075d3-2e00-4a31-8865-f86a460bd53a"}
2026-09-03T14:13:35+00:00 INFO Central order received successfully. CONTEXT: {"store_id":"site1","source_order_id":367413,"central_order_id":242,"request_id":"04227c2e-92fc-4ea8-8261-e534edf2fc10","event":"orderupdated"}
2026-09-03T14:13:45+00:00 INFO Central order received successfully. CONTEXT: {"store_id":"site1","source_order_id":370525,"central_order_id":790,"request_id":"92c28900-ead4-4362-954f-bfd28de850d0","event":"orderupdated"}
2026-09-03T14:13:52+00:00 INFO Central order received successfully. CONTEXT: {"store_id":"site1","source_order_id":370525,"central_order_id":790,"request_id":"c9505b4a-fe70-491a-806d-98b93259454c","event":"orderupdated"}
2026-09-03T14:13:53+00:00 INFO Central bulk source orders received. CONTEXT: {"store_id":"site1","received":20,"succeeded":20,"failed":0,"request_id":"4edec89d-e144-44d5-944f-0f5ce5de8484"}
2026-09-03T14:13:56+00:00 INFO Central order received successfully. CONTEXT: {"store_id":"site1","source_order_id":367837,"central_order_id":314,"request_id":"8694afe5-622f-4ec9-98e0-4aaa039a1c95","event":"orderupdated"}
2026-09-03T14:14:05+00:00 INFO Central order received successfully. CONTEXT: {"store_id":"site1","source_order_id":376288,"central_order_id":6811,"request_id":"4c259252-0d67-4dae-bdc6-695c0e8e7c2a","event":"orderupdated"}
2026-09-03T14:14:19+00:00 INFO Central bulk source orders received. CONTEXT: {"store_id":"site1","received":20,"succeeded":20,"failed":0,"request_id":"b0f08e72-85f9-4048-875a-39cb60178eaf"}
2026-09-03T14:15:11+00:00 INFO Central bulk source orders received. CONTEXT: {"store_id":"site1","received":20,"succeeded":20,"failed":0,"request_id":"84d3ab89-2f36-4f99-8f96-492a83fbd739"}
2026-09-03T14:15:51+00:00 INFO Central bulk source orders received. CONTEXT: {"store_id":"site1","received":20,"succeeded":20,"failed":0,"request_id":"91f3523b-1ae6-4760-819f-750c60ba52b0"}
2026-09-03T14:16:13+00:00 INFO Central bulk source orders received. CONTEXT: {"store_id":"site1","received":20,"succeeded":20,"failed":0,"request_id":"65ae42c9-20a0-4417-bfa1-c473644633c5"}
2026-09-03T14:17:18+00:00 INFO Central bulk source orders received. CONTEXT: {"store_id":"site1","received":20,"succeeded":20,"failed":0,"request_id":"a1d7f82d-7664-4bea-997e-422d85d71e20"}
2026-09-03T14:17:43+00:00 INFO Central bulk source orders received. CONTEXT: {"store_id":"site1","received":20,"succeeded":20,"failed":0,"request_id":"9c14cd0d-4557-4229-ac71-375ae141e10f"}
2026-09-03T14:18:00+00:00 INFO Central bulk source orders received. CONTEXT: {"store_id":"site1","received":20,"succeeded":20,"failed":0,"request_id":"47d7f116-d807-4ad8-97a3-cd2375d02c59"}
2026-09-03T14:18:25+00:00 INFO Central order received successfully. CONTEXT: {"store_id":"site1","source_order_id":376288,"central_order_id":6811,"request_id":"747b1093-bb05-4318-835a-19de1ac36333","event":"orderupdated"}
2026-09-03T14:18:27+00:00 INFO Central order received successfully. CONTEXT: {"store_id":"site1","source_order_id":368457,"central_order_id":405,"request_id":"14a0c75a-e3e1-4971-ad5d-bda168d66fce","event":"orderupdated"}
2026-09-03T14:18:33+00:00 INFO Central bulk source orders received. CONTEXT: {"store_id":"site1","received":20,"succeeded":20,"failed":0,"request_id":"5716a689-e95c-414c-8e5d-6211c47d076c"}
2026-09-03T14:18:35+00:00 INFO Central order received successfully. CONTEXT: {"store_id":"site1","source_order_id":367837,"central_order_id":314,"request_id":"18d18905-407f-4242-a8db-e5649cad69c9","event":"orderupdated"}
2026-09-03T14:18:44+00:00 INFO Central order received successfully. CONTEXT: {"store_id":"site1","source_order_id":367837,"central_order_id":314,"request_id":"9dc3cfd8-8a85-40f0-849d-16f7abb4c7cf","event":"orderupdated"}
2026-09-03T14:18:52+00:00 INFO Central bulk source orders received. CONTEXT: {"store_id":"site1","received":20,"succeeded":20,"failed":0,"request_id":"5b005651-3333-4fc7-9b10-2b2034c962d2"}
2026-09-03T14:18:59+00:00 INFO Central order received successfully. CONTEXT: {"store_id":"site1","source_order_id":367837,"central_order_id":314,"request_id":"1f95733f-bf11-4ea4-9321-82537efc764d","event":"orderupdated"}
2026-09-03T14:22:15+00:00 INFO Central order received successfully. CONTEXT: {"store_id":"site1","source_order_id":367837,"central_order_id":314,"request_id":"9d45d1e0-2f48-42a5-ac89-dc3dd5092a95","event":"orderupdated"}
2026-09-03T14:22:19+00:00 INFO Central bulk source orders received. CONTEXT: {"store_id":"site1","received":20,"succeeded":20,"failed":0,"request_id":"cfdde6bd-275e-4d4b-be9f-b8783caae56c"}
2026-09-03T14:22:23+00:00 INFO Central order received successfully. CONTEXT: {"store_id":"site1","source_order_id":365889,"central_order_id":6484,"request_id":"977c1f4d-9f9b-4619-b098-fe8c17b1dc26","event":"orderupdated"}
2026-09-03T14:22:34+00:00 INFO Central order received successfully. CONTEXT: {"store_id":"site1","source_order_id":367837,"central_order_id":314,"request_id":"95194696-3331-46ed-9a20-89a76d83ee5e","event":"orderupdated"}
2026-09-03T14:22:36+00:00 INFO Central bulk source orders received. CONTEXT: {"store_id":"site1","received":20,"succeeded":20,"failed":0,"request_id":"c9fe7e14-420e-4aa6-b3df-4faea6a2a099"}
2026-09-03T14:22:39+00:00 INFO Central order received successfully. CONTEXT: {"store_id":"site1","source_order_id":354730,"central_order_id":5686,"request_id":"24c8bd03-8149-445b-9f9e-1f3985c01461","event":"orderupdated"}
2026-09-03T14:22:45+00:00 INFO Central order received successfully. CONTEXT: {"store_id":"site1","source_order_id":367837,"central_order_id":314,"request_id":"dc074455-4afd-43aa-ab19-46cb6cb9fb09","event":"orderupdated"}
2026-09-03T14:22:54+00:00 INFO Central order received successfully. CONTEXT: {"store_id":"site1","source_order_id":367837,"central_order_id":314,"request_id":"b6f793d2-60dd-4c35-b361-a7fb7ec2bb37","event":"orderupdated"}
2026-09-03T14:23:00+00:00 INFO Central order received successfully. CONTEXT: {"store_id":"site1","source_order_id":365889,"central_order_id":6484,"request_id":"91da9df6-f4ff-40f9-94aa-03e9cdb9de5d","event":"orderupdated"}
2026-09-03T14:23:07+00:00 INFO Central order received successfully. CONTEXT: {"store_id":"site1","source_order_id":376293,"central_order_id":6815,"request_id":"31e4a28d-155d-4a39-aad9-e1a999553f62","event":"orderupdated"}
2026-09-03T14:23:14+00:00 INFO Central order received successfully. CONTEXT: {"store_id":"site1","source_order_id":370538,"central_order_id":847,"request_id":"b8a44142-c79b-40b9-b636-4ba1d6827238","event":"orderupdated"}
2026-09-03T14:23:24+00:00 INFO Central order received successfully. CONTEXT: {"store_id":"site1","source_order_id":367837,"central_order_id":314,"request_id":"8720aa57-83b7-4c87-9021-9720e6b544be","event":"orderupdated"}
2026-09-03T14:23:30+00:00 INFO Central order received successfully. CONTEXT: {"store_id":"site1","source_order_id":366236,"central_order_id":45,"request_id":"453c4351-c4af-418d-b274-bf4e0efb138a","event":"orderupdated"}
2026-09-03T14:23:34+00:00 INFO Central order received successfully. CONTEXT: {"store_id":"site1","source_order_id":376294,"central_order_id":6817,"request_id":"664c8dc0-d8eb-4d36-8e7a-236c7b09fc48","event":"orderupdated"}
2026-09-03T14:23:38+00:00 INFO Central order received successfully. CONTEXT: {"store_id":"site1","source_order_id":365889,"central_order_id":6484,"request_id":"7ebd2393-b832-4fa7-82ae-d3f235c1675a","event":"orderupdated"}
2026-09-03T14:23:42+00:00 INFO Central order received successfully. CONTEXT: {"store_id":"site1","source_order_id":363959,"central_order_id":6212,"request_id":"55f3f14a-bda3-428c-81b5-542778fd0dfb","event":"orderupdated"}
2026-09-03T14:23:46+00:00 INFO Central order received successfully. CONTEXT: {"store_id":"site1","source_order_id":367837,"central_order_id":314,"request_id":"bc3bfb7a-5a63-4269-a98a-1275f0d40cdc","event":"orderupdated"}
2026-09-03T14:23:54+00:00 INFO Central order received successfully. CONTEXT: {"store_id":"site1","source_order_id":363959,"central_order_id":6212,"request_id":"1553824f-de9c-4ca1-97c2-020ae6e658fd","event":"orderupdated"}
2026-09-03T14:24:02+00:00 INFO Central order received successfully. CONTEXT: {"store_id":"site1","source_order_id":368457,"central_order_id":405,"request_id":"270b6684-46ae-473a-9c3e-43eeb90dc1d2","event":"orderupdated"}
2026-09-03T14:24:04+00:00 INFO Central order received successfully. CONTEXT: {"store_id":"site1","source_order_id":367837,"central_order_id":314,"request_id":"7097cc82-749c-4582-b134-4f7a8ae24d23","event":"orderupdated"}
2026-09-03T14:24:11+00:00 INFO Central order received successfully. CONTEXT: {"store_id":"site1","source_order_id":367837,"central_order_id":314,"request_id":"7dae6f34-981f-481a-a062-1f1ddc56e08e","event":"orderupdated"}
2026-09-03T14:24:15+00:00 INFO Central order received successfully. CONTEXT: {"store_id":"site1","source_order_id":365889,"central_order_id":6484,"request_id":"b6c4a4c9-8563-4d58-9dda-d4ff66fbe463","event":"orderupdated"}
2026-09-03T14:24:23+00:00 INFO Central order received successfully. CONTEXT: {"store_id":"site1","source_order_id":367837,"central_order_id":314,"request_id":"66e084dc-8d45-4614-ad83-e3f23e6aadc4","event":"orderupdated"}
2026-09-03T14:24:32+00:00 INFO Central order received successfully. CONTEXT: {"store_id":"site1","source_order_id":363959,"central_order_id":6212,"request_id":"4d5a6f60-22b1-4b43-b0c7-84f1daa9abc0","event":"orderupdated"}
2026-09-03T14:24:40+00:00 INFO Central order received successfully. CONTEXT: {"store_id":"site1","source_order_id":368457,"central_order_id":405,"request_id":"66f339a2-34d4-48bf-ac37-f06abc46d138","event":"orderupdated"}
2026-09-03T14:24:43+00:00 INFO Central order received successfully. CONTEXT: {"store_id":"site1","source_order_id":367837,"central_order_id":314,"request_id":"d06099ef-fbfe-4c73-88ae-dd7a64023e33","event":"orderupdated"}
2026-09-03T14:24:48+00:00 INFO Central order received successfully. CONTEXT: {"store_id":"site1","source_order_id":367837,"central_order_id":314,"request_id":"5081bc6a-12ad-4f2d-98ba-21177f465a7a","event":"orderupdated"}
2026-09-03T14:24:52+00:00 INFO Central order received successfully. CONTEXT: {"store_id":"site1","source_order_id":365889,"central_order_id":6484,"request_id":"df554dfb-64c6-4d8f-9be7-bdb938601c44","event":"orderupdated"}
2026-09-03T14:25:01+00:00 INFO Central order received successfully. CONTEXT: {"store_id":"site1","source_order_id":367837,"central_order_id":314,"request_id":"ce75924b-6f8a-4525-9eef-8f124df31384","event":"orderupdated"}
2026-09-03T14:25:09+00:00 INFO Central order received successfully. CONTEXT: {"store_id":"site1","source_order_id":363959,"central_order_id":6212,"request_id":"efe50ad9-9427-45c9-a63b-391f82a341bb","event":"orderupdated"}
2026-09-03T14:25:16+00:00 INFO Central order received successfully. CONTEXT: {"store_id":"site1","source_order_id":368457,"central_order_id":405,"request_id":"8bed7883-cd51-400f-af4c-7368d1f4560c","event":"orderupdated"}
2026-09-03T14:25:23+00:00 INFO Central order received successfully. CONTEXT: {"store_id":"site1","source_order_id":367837,"central_order_id":314,"request_id":"8707d731-1b8b-41dd-be0b-b74482ea7964","event":"orderupdated"}
2026-09-03T14:25:24+00:00 INFO Central order received successfully. CONTEXT: {"store_id":"site1","source_order_id":367837,"central_order_id":314,"request_id":"3cb0ed73-79c2-41df-9e95-798025933c1f","event":"orderupdated"}
2026-09-03T14:25:31+00:00 INFO Central order received successfully. CONTEXT: {"store_id":"site1","source_order_id":365889,"central_order_id":6484,"request_id":"3dab51d9-30dc-4c78-af1a-524bca8410fa","event":"orderupdated"}
2026-09-03T14:25:39+00:00 INFO Central order received successfully. CONTEXT: {"store_id":"site1","source_order_id":368580,"central_order_id":522,"request_id":"a3d48c27-626e-4543-8ce9-545f2a8524c5","event":"orderupdated"}
2026-09-03T14:25:46+00:00 INFO Central order received successfully. CONTEXT: {"store_id":"site1","source_order_id":368572,"central_order_id":514,"request_id":"fed7f6c2-6791-4653-b401-4a99079b8e0c","event":"orderupdated"}
2026-09-03T14:25:53+00:00 INFO Central order received successfully. CONTEXT: {"store_id":"site1","source_order_id":368580,"central_order_id":522,"request_id":"9aea469c-bb7d-49aa-9695-7ae39fde89ab","event":"orderupdated"}
2026-09-03T14:25:55+00:00 INFO Central order received successfully. CONTEXT: {"store_id":"site1","source_order_id":363959,"central_order_id":6212,"request_id":"04923acb-a02d-4255-9f22-5fdce7a75d0b","event":"orderupdated"}
2026-09-03T14:26:01+00:00 INFO Central order received successfully. CONTEXT: {"store_id":"site1","source_order_id":368580,"central_order_id":522,"request_id":"83b0cc73-3358-4624-9d8d-9fb272e15ea7","event":"orderupdated"}
2026-09-03T14:26:15+00:00 INFO Central order received successfully. CONTEXT: {"store_id":"site1","source_order_id":365889,"central_order_id":6484,"request_id":"c1a7d78f-6f43-4787-ba26-742274642f99","event":"orderupdated"}
2026-09-03T14:26:24+00:00 INFO Central order received successfully. CONTEXT: {"store_id":"site1","source_order_id":368580,"central_order_id":522,"request_id":"8f415d11-65b3-49a3-ab4c-047e6b2ac9d1","event":"orderupdated"}
2026-09-03T14:26:31+00:00 INFO Central order received successfully. CONTEXT: {"store_id":"site1","source_order_id":365889,"central_order_id":6484,"request_id":"b77d7db6-d464-4140-ae10-5b3f0a1fa250","event":"orderupdated"}
2026-09-03T14:26:38+00:00 INFO Central order received successfully. CONTEXT: {"store_id":"site1","source_order_id":368580,"central_order_id":522,"request_id":"5e3cd817-e264-456f-9c08-e53a821cd723","event":"orderupdated"}
2026-09-03T14:26:45+00:00 INFO Central order received successfully. CONTEXT: {"store_id":"site1","source_order_id":368580,"central_order_id":522,"request_id":"a3dc3170-ab34-4399-9746-8c30cd9c20dc","event":"orderupdated"}
2026-09-03T14:31:54+00:00 INFO Central order received successfully. CONTEXT: {"store_id":"site1","source_order_id":368580,"central_order_id":522,"request_id":"67575e82-92ca-4fa0-a1c4-0b5817e381ab","event":"orderupdated"}
2026-09-03T14:31:58+00:00 INFO Central order received successfully. CONTEXT: {"store_id":"site1","source_order_id":368554,"central_order_id":473,"request_id":"f9c7f4b9-7968-4225-99eb-ced6b6622bbf","event":"orderupdated"}
2026-09-03T14:32:08+00:00 INFO Central order received successfully. CONTEXT: {"store_id":"site1","source_order_id":368554,"central_order_id":473,"request_id":"061d3419-5a93-4aaa-8cdf-acdcc455745f","event":"orderupdated"}
2026-09-03T14:32:12+00:00 INFO Central order received successfully. CONTEXT: {"store_id":"site1","source_order_id":367325,"central_order_id":231,"request_id":"f2b80878-06ba-4d7e-9924-9710d7836152","event":"orderupdated"}
2026-09-03T14:32:23+00:00 INFO Central order received successfully. CONTEXT: {"store_id":"site1","source_order_id":368554,"central_order_id":473,"request_id":"2d0f6650-36df-4f9c-b0bf-43145d3d566c","event":"orderupdated"}
2026-09-03T14:32:26+00:00 INFO Central order received successfully. CONTEXT: {"store_id":"site1","source_order_id":368554,"central_order_id":473,"request_id":"1273aa16-c0b5-4ed2-8f02-b039350e30b2","event":"orderupdated"}
2026-09-03T14:37:36+00:00 INFO Central order received successfully. CONTEXT: {"store_id":"site1","source_order_id":368580,"central_order_id":522,"request_id":"0b8f4565-29d0-4d05-be01-a9a8708ab347","event":"orderupdated"}
2026-09-03T14:37:52+00:00 INFO Central order received successfully. CONTEXT: {"store_id":"site1","source_order_id":368580,"central_order_id":522,"request_id":"c6ca8e5c-e1da-46f3-a3e1-b041b267da9d","event":"orderupdated"}
2026-09-03T14:38:07+00:00 INFO Central order received successfully. CONTEXT: {"store_id":"site1","source_order_id":367043,"central_order_id":162,"request_id":"b8b79fdc-96a4-4803-af42-8a5a50637f4a","event":"orderupdated"}
2026-09-03T14:39:04+00:00 INFO Central order received successfully. CONTEXT: {"store_id":"site1","source_order_id":368540,"central_order_id":434,"request_id":"d7fcf1dd-eff4-4ab6-a6b2-40ba18e73551","event":"orderupdated"}
2026-09-03T14:39:07+00:00 INFO Central order received successfully. CONTEXT: {"store_id":"site1","source_order_id":376376,"central_order_id":6818,"request_id":"d74a59d3-a257-453a-99bb-a9d1e2ae1dd6","event":"orderupdated"}
2026-09-03T14:39:16+00:00 INFO Central order received successfully. CONTEXT: {"store_id":"site1","source_order_id":371792,"central_order_id":2782,"request_id":"d28a3998-2c0f-4108-98bb-21877c3388da","event":"orderupdated"}
2026-09-03T14:39:24+00:00 INFO Central bulk source orders received. CONTEXT: {"store_id":"site1","received":20,"succeeded":20,"failed":0,"request_id":"0a8015e2-ea0d-4631-a030-69ee8f997376"}
2026-09-03T14:39:45+00:00 INFO Central order received successfully. CONTEXT: {"store_id":"site1","source_order_id":368540,"central_order_id":434,"request_id":"b329cbc6-cb85-4830-bf64-f9407ef93d3a","event":"orderupdated"}
2026-09-03T14:39:47+00:00 INFO Central bulk source orders received. CONTEXT: {"store_id":"site1","received":2,"succeeded":2,"failed":0,"request_id":"a202099a-a678-4360-a108-a7827dbe1291"}
2026-09-03T14:39:51+00:00 INFO Central order received successfully. CONTEXT: {"store_id":"site1","source_order_id":363721,"central_order_id":787,"request_id":"f258bad4-ced8-411a-a973-76e3f9187cad","event":"orderupdated"}
2026-09-03T14:40:00+00:00 INFO Central bulk source orders received. CONTEXT: {"store_id":"site1","received":20,"succeeded":20,"failed":0,"request_id":"ae966425-4be2-4e93-b6a5-519ef90a16e3"}
2026-09-03T14:40:05+00:00 INFO Central order received successfully. CONTEXT: {"store_id":"site1","source_order_id":368570,"central_order_id":512,"request_id":"726b0db4-b5fa-4002-b498-da2b378eb103","event":"orderupdated"}
2026-09-03T14:40:07+00:00 INFO Central order received successfully. CONTEXT: {"store_id":"site1","source_order_id":368570,"central_order_id":512,"request_id":"07ca89aa-347f-4ead-af84-88eb23b47820","event":"orderupdated"}
2026-09-03T14:40:09+00:00 INFO Central order received successfully. CONTEXT: {"store_id":"site1","source_order_id":365482,"central_order_id":788,"request_id":"41143f5e-e91a-43cc-8832-6e764ce3e7ba","event":"orderupdated"}
2026-09-03T14:40:12+00:00 INFO Central order received successfully. CONTEXT: {"store_id":"site1","source_order_id":368570,"central_order_id":512,"request_id":"62f44022-4902-4504-b2b2-76e118f2217e","event":"orderupdated"}
2026-09-03T14:40:17+00:00 INFO Central order received successfully. CONTEXT: {"store_id":"site1","source_order_id":367976,"central_order_id":329,"request_id":"5c5e76da-ba30-409f-9ba1-66c2b0a17207","event":"orderupdated"}
2026-09-03T14:40:48+00:00 INFO Central bulk source orders received. CONTEXT: {"store_id":"site1","received":20,"succeeded":20,"failed":0,"request_id":"e1a6d350-c012-47d6-8ce0-2542b4bc7cd5"}
2026-09-03T14:42:34+00:00 INFO Central bulk source orders received. CONTEXT: {"store_id":"site1","received":19,"succeeded":19,"failed":0,"request_id":"76565fc6-9aed-4e5e-8929-daaa6d507ede"}
2026-09-03T14:42:55+00:00 INFO Central bulk source orders received. CONTEXT: {"store_id":"site1","received":20,"succeeded":20,"failed":0,"request_id":"de0d59bc-afbc-4951-9731-314be8946dd6"}
2026-09-03T14:44:04+00:00 INFO Central order received successfully. CONTEXT: {"store_id":"site1","source_order_id":363721,"central_order_id":787,"request_id":"fca5515f-450d-4383-b684-3442f9b7d6d2","event":"orderupdated"}
2026-09-03T14:44:09+00:00 INFO Central order received successfully. CONTEXT: {"store_id":"site1","source_order_id":368575,"central_order_id":517,"request_id":"2da19d82-3d24-40b3-a33b-18c407cfee6c","event":"orderupdated"}
2026-09-03T14:44:17+00:00 INFO Central order received successfully. CONTEXT: {"store_id":"site1","source_order_id":365798,"central_order_id":6525,"request_id":"c885b207-3841-4cdd-876f-dca1a66bf666","event":"orderupdated"}
2026-09-03T14:44:19+00:00 INFO Central order received successfully. CONTEXT: {"store_id":"site1","source_order_id":365954,"central_order_id":23,"request_id":"b9399ebc-0d46-4967-8162-246ab061a12b","event":"orderupdated"}
2026-09-03T14:44:27+00:00 INFO Central order received successfully. CONTEXT: {"store_id":"site1","source_order_id":365482,"central_order_id":788,"request_id":"0ada4232-9b43-45a7-a712-e62f9fa0bff2","event":"orderupdated"}
2026-09-03T14:44:28+00:00 INFO Central order received successfully. CONTEXT: {"store_id":"site1","source_order_id":365954,"central_order_id":23,"request_id":"21ff5183-f63e-46d1-9f98-c65a5d7b87ce","event":"orderupdated"}
2026-09-03T14:44:38+00:00 INFO Central order received successfully. CONTEXT: {"store_id":"site1","source_order_id":365482,"central_order_id":788,"request_id":"09d891e0-d406-42b6-9cc7-2ad8aea74932","event":"orderupdated"}
2026-09-03T14:44:50+00:00 INFO Central order received successfully. CONTEXT: {"store_id":"site1","source_order_id":367043,"central_order_id":162,"request_id":"a58e2ed7-775e-4057-a752-f50b3c155189","event":"orderupdated"}
2026-09-03T14:44:53+00:00 INFO Central order received successfully. CONTEXT: {"store_id":"site1","source_order_id":365482,"central_order_id":788,"request_id":"c7c816a0-125f-4ecc-901e-a5b7835f892a","event":"orderupdated"}
2026-09-03T14:45:04+00:00 INFO Central order received successfully. CONTEXT: {"store_id":"site1","source_order_id":368400,"central_order_id":396,"request_id":"ac4fcabf-452a-49ca-a314-5c5cbd65912b","event":"orderupdated"}
2026-09-03T14:47:23+00:00 INFO Central bulk source orders received. CONTEXT: {"store_id":"site1","received":19,"succeeded":19,"failed":0,"request_id":"8b16026e-9ef9-458c-83fd-1d77d9e01bb3"}
2026-09-03T14:47:36+00:00 INFO Central order received successfully. CONTEXT: {"store_id":"site1","source_order_id":368400,"central_order_id":396,"request_id":"4714f3ac-4b0e-43e5-8dac-cc34d656c0c4","event":"orderupdated"}
2026-09-03T14:47:38+00:00 INFO Central order received successfully. CONTEXT: {"store_id":"site1","source_order_id":376405,"central_order_id":6821,"request_id":"069aa0f1-d21f-4270-8929-d904f835df80","event":"orderupdated"}
2026-09-03T14:47:47+00:00 INFO Central order received successfully. CONTEXT: {"store_id":"site1","source_order_id":376405,"central_order_id":6821,"request_id":"9560985a-bb7a-4568-9fdd-6ac6b6e2a1b9","event":"orderupdated"}
2026-09-03T14:47:52+00:00 INFO Central order received successfully. CONTEXT: {"store_id":"site1","source_order_id":367043,"central_order_id":162,"request_id":"93dea218-939d-43e8-9818-01e952c8514c","event":"orderupdated"}
2026-09-03T14:48:14+00:00 INFO Central bulk source orders received. CONTEXT: {"store_id":"site1","received":20,"succeeded":20,"failed":0,"request_id":"d3828e9b-cb15-4cd8-9d0b-fbf7209b7d9f"}
2026-09-03T14:48:36+00:00 INFO Central order received successfully. CONTEXT: {"store_id":"site1","source_order_id":368577,"central_order_id":519,"request_id":"38bd8ebc-497e-4497-8d55-c1e053544987","event":"orderupdated"}
2026-09-03T14:48:44+00:00 INFO Central bulk source orders received. CONTEXT: {"store_id":"site1","received":20,"succeeded":20,"failed":0,"request_id":"e0121a18-7df1-4223-99ab-cba6acdf80b2"}
2026-09-03T14:49:14+00:00 INFO Central order received successfully. CONTEXT: {"store_id":"site1","source_order_id":376408,"central_order_id":6822,"request_id":"05f4b77d-f981-4108-81fd-af169a95f686","event":"orderupdated"}
2026-09-03T14:49:49+00:00 INFO Central order received successfully. CONTEXT: {"store_id":"site1","source_order_id":367482,"central_order_id":265,"request_id":"61628505-037e-44f4-8d3b-470ec81d1f8e","event":"orderupdated"}
2026-09-03T14:49:53+00:00 INFO Central order received successfully. CONTEXT: {"store_id":"site1","source_order_id":376408,"central_order_id":6822,"request_id":"f920f0f8-47e1-4abd-81c3-e3f1a77bd725","event":"orderupdated"}
2026-09-03T14:49:58+00:00 INFO Central order received successfully. CONTEXT: {"store_id":"site1","source_order_id":367482,"central_order_id":265,"request_id":"4d0c47be-7764-40e8-b610-a451ed52f417","event":"orderupdated"}
2026-09-03T14:50:03+00:00 INFO Central order received successfully. CONTEXT: {"store_id":"site1","source_order_id":367482,"central_order_id":265,"request_id":"9de47e48-6fed-4259-9ee4-ea3cbfaa460e","event":"orderupdated"}
2026-09-03T14:51:08+00:00 INFO Central bulk source orders received. CONTEXT: {"store_id":"site1","received":20,"succeeded":20,"failed":0,"request_id":"ed8209c8-8e67-4497-9bc4-c629d0a2897a"}
2026-09-03T14:51:46+00:00 INFO Central bulk source orders received. CONTEXT: {"store_id":"site1","received":20,"succeeded":20,"failed":0,"request_id":"c6a73c52-19c7-4b18-91a7-a67046def379"}
2026-09-03T14:53:43+00:00 INFO Central order received successfully. CONTEXT: {"store_id":"site1","source_order_id":367482,"central_order_id":265,"request_id":"983d77f6-b52d-4917-a03a-537c968a1df6","event":"orderupdated"}
2026-09-03T14:53:45+00:00 INFO Central bulk source orders received. CONTEXT: {"store_id":"site1","received":20,"succeeded":20,"failed":0,"request_id":"bbe3577a-aca1-443d-b7bd-931aa77f84d6"}
2026-09-03T14:53:48+00:00 INFO Central order received successfully. CONTEXT: {"store_id":"site1","source_order_id":367592,"central_order_id":309,"request_id":"75d3f454-ab19-4a65-b2bd-40f31d8fcff3","event":"orderupdated"}
2026-09-03T14:53:51+00:00 INFO Central order received successfully. CONTEXT: {"store_id":"site1","source_order_id":367043,"central_order_id":162,"request_id":"8895e5a3-bb8e-4209-b5cc-4fcf41d1bae3","event":"orderupdated"}
2026-09-03T14:54:03+00:00 INFO Central order received successfully. CONTEXT: {"store_id":"site1","source_order_id":363721,"central_order_id":787,"request_id":"3a969187-fd9e-42f8-a537-05f69595e7a4","event":"orderupdated"}
2026-09-03T14:54:14+00:00 INFO Central bulk source orders received. CONTEXT: {"store_id":"site1","received":20,"succeeded":20,"failed":0,"request_id":"cdd78c68-7410-4ae4-b0b1-381ab190b5dc"}
2026-09-03T14:54:28+00:00 INFO Central order received successfully. CONTEXT: {"store_id":"site1","source_order_id":367043,"central_order_id":162,"request_id":"5a66d7e1-f63a-4706-928e-c216036f29eb","event":"orderupdated"}
2026-09-03T14:54:44+00:00 INFO Central order received successfully. CONTEXT: {"store_id":"site1","source_order_id":363721,"central_order_id":787,"request_id":"0b02ec6e-a72d-4c86-bf0b-20c54422f3ea","event":"orderupdated"}
2026-09-03T14:55:04+00:00 INFO Central order received successfully. CONTEXT: {"store_id":"site1","source_order_id":368559,"central_order_id":499,"request_id":"095fb978-bab1-4a16-80c8-d8c5af9af79d","event":"orderupdated"}
2026-09-03T14:55:19+00:00 INFO Central order received successfully. CONTEXT: {"store_id":"site1","source_order_id":368559,"central_order_id":499,"request_id":"d9fd8998-56e3-420f-a7c6-85b346878b68","event":"orderupdated"}
2026-09-03T14:55:27+00:00 INFO Central order received successfully. CONTEXT: {"store_id":"site1","source_order_id":367592,"central_order_id":309,"request_id":"582131ea-234c-42ca-8081-037f944ac465","event":"orderupdated"}
2026-09-03T14:55:40+00:00 INFO Central order received successfully. CONTEXT: {"store_id":"site1","source_order_id":368559,"central_order_id":499,"request_id":"55729818-d1f7-4983-854f-2291dc6f644b","event":"orderupdated"}
2026-09-03T14:55:44+00:00 INFO Central order received successfully. CONTEXT: {"store_id":"site1","source_order_id":368559,"central_order_id":499,"request_id":"12d47c03-59fa-48ae-82e4-1df383b8a534","event":"orderupdated"}
2026-09-03T14:55:46+00:00 INFO Central order received successfully. CONTEXT: {"store_id":"site1","source_order_id":367043,"central_order_id":162,"request_id":"7f9940a8-3683-4444-8e1c-a3214f307c62","event":"orderupdated"}
2026-09-03T14:55:49+00:00 INFO Central order received successfully. CONTEXT: {"store_id":"site1","source_order_id":368559,"central_order_id":499,"request_id":"8ca7af58-e613-488c-b247-3508215de891","event":"orderupdated"}
2026-09-03T14:55:55+00:00 INFO Central order received successfully. CONTEXT: {"store_id":"site1","source_order_id":368559,"central_order_id":499,"request_id":"a4a5240d-6d1e-48b3-b03f-7078d37db737","event":"orderupdated"}
2026-09-03T14:56:03+00:00 INFO Central order received successfully. CONTEXT: {"store_id":"site1","source_order_id":368559,"central_order_id":499,"request_id":"a8ac52db-b109-4534-955d-9295b526f61b","event":"orderupdated"}
2026-09-03T14:56:06+00:00 INFO Central order received successfully. CONTEXT: {"store_id":"site1","source_order_id":363705,"central_order_id":6050,"request_id":"21c842d3-4233-4da2-b2e6-34df8f82f211","event":"orderupdated"}
2026-09-03T14:56:24+00:00 INFO Central order received successfully. CONTEXT: {"store_id":"site1","source_order_id":368559,"central_order_id":499,"request_id":"c5734c08-c1b5-414e-9add-9e9ac2c07196","event":"orderupdated"}
2026-09-03T14:56:39+00:00 INFO Central order received successfully. CONTEXT: {"store_id":"site1","source_order_id":363705,"central_order_id":6050,"request_id":"2b35a6b7-eff1-4271-95e1-aff569581114","event":"orderupdated"}
2026-09-03T14:56:44+00:00 INFO Central order received successfully. CONTEXT: {"store_id":"site1","source_order_id":363705,"central_order_id":6050,"request_id":"d918e307-7fd3-473a-af11-66c6c17f3fd2","event":"orderupdated"}
2026-09-03T14:56:46+00:00 INFO Central order received successfully. CONTEXT: {"store_id":"site1","source_order_id":363705,"central_order_id":6050,"request_id":"e6e70c26-9a71-45ff-acec-cee24d836463","event":"orderupdated"}
2026-09-03T14:56:48+00:00 INFO Central order received successfully. CONTEXT: {"store_id":"site1","source_order_id":363705,"central_order_id":6050,"request_id":"3e34c30d-b090-44fb-8bc6-fb1119e82e45","event":"orderupdated"}
2026-09-03T14:56:56+00:00 INFO Central order received successfully. CONTEXT: {"store_id":"site1","source_order_id":368556,"central_order_id":475,"request_id":"f9ff04bd-cd90-44f9-9530-347e9de9474a","event":"orderupdated"}
2026-09-03T14:57:00+00:00 INFO Central order received successfully. CONTEXT: {"store_id":"site1","source_order_id":368559,"central_order_id":499,"request_id":"e93635d8-3768-47c9-b4c2-48b29f2648b5","event":"orderupdated"}
2026-09-03T14:57:05+00:00 INFO Central order received successfully. CONTEXT: {"store_id":"site1","source_order_id":363705,"central_order_id":6050,"request_id":"2a98b6d0-6306-45b0-935c-e7e7a83d5e93","event":"orderupdated"}
2026-09-03T14:57:12+00:00 INFO Central order received successfully. CONTEXT: {"store_id":"site1","source_order_id":368556,"central_order_id":475,"request_id":"a9e412f0-45e3-447a-805d-5dec43618642","event":"orderupdated"}
2026-09-03T14:57:16+00:00 INFO Central order received successfully. CONTEXT: {"store_id":"site1","source_order_id":363705,"central_order_id":6050,"request_id":"f919e903-90e4-4f01-8544-43bfb8359201","event":"orderupdated"}
2026-09-03T14:57:49+00:00 INFO Central bulk source statuses received. CONTEXT: {"store_id":"site1","received":1,"succeeded":1,"missing":0,"failed":0,"request_id":"200c4a25-358e-480c-a5ed-97266d9de797"}
2026-09-03T15:11:19+00:00 INFO Central bulk source orders received. CONTEXT: {"store_id":"site1","received":20,"succeeded":20,"failed":0,"request_id":"e321ea17-11a1-41a5-9906-153f9cfea5d4"}
2026-09-03T15:12:05+00:00 INFO Central bulk source orders received. CONTEXT: {"store_id":"site1","received":20,"succeeded":20,"failed":0,"request_id":"9061c6f6-a237-4cc7-a1c2-a98133be0f03"}
2026-09-03T15:12:20+00:00 INFO Central bulk source statuses received. CONTEXT: {"store_id":"site1","received":1,"succeeded":1,"missing":0,"failed":0,"request_id":"bc31a2e6-3ef2-46ec-a7b3-3ccd24ffdd6f"}
2026-09-03T15:12:41+00:00 INFO Central bulk source orders received. CONTEXT: {"store_id":"site1","received":20,"succeeded":20,"failed":0,"request_id":"3c5215e0-22af-40ae-86e3-2d0014db9a9e"}
2026-09-03T15:13:35+00:00 INFO Central bulk source orders received. CONTEXT: {"store_id":"site1","received":20,"succeeded":20,"failed":0,"request_id":"fc364e4f-378f-4528-91cd-7ac0c7c28c7e"}
2026-09-03T15:14:42+00:00 INFO Central order received successfully. CONTEXT: {"store_id":"site1","source_order_id":368556,"central_order_id":475,"request_id":"58117262-1b84-4228-8e06-bd9cdd81748e","event":"orderupdated"}
2026-09-03T15:14:45+00:00 INFO Central bulk source orders received. CONTEXT: {"store_id":"site1","received":20,"succeeded":20,"failed":0,"request_id":"9dd913da-25af-4dd0-ba49-45ed63986cd3"}
2026-09-03T15:15:11+00:00 INFO Central bulk source orders received. CONTEXT: {"store_id":"site1","received":20,"succeeded":20,"failed":0,"request_id":"7017eff3-c204-4222-b6a2-ef59c9ee7436"}
2026-09-03T15:17:15+00:00 INFO Central order received successfully. CONTEXT: {"store_id":"site1","source_order_id":376414,"central_order_id":6824,"request_id":"d68da84e-0cd6-4098-ae1a-835bebb3d1ab","event":"orderupdated"}
2026-09-03T15:17:22+00:00 INFO Central order received successfully. CONTEXT: {"store_id":"site1","source_order_id":376414,"central_order_id":6824,"request_id":"e7839b13-17f8-49b1-a8b5-ae76e16f9d22","event":"orderupdated"}
2026-09-03T15:17:50+00:00 INFO Central order received successfully. CONTEXT: {"store_id":"site1","source_order_id":376414,"central_order_id":6824,"request_id":"63c990b6-3bba-4ee9-b266-89109e710631","event":"orderupdated"}
2026-09-03T15:17:55+00:00 INFO Central order received successfully. CONTEXT: {"store_id":"site1","source_order_id":376414,"central_order_id":6824,"request_id":"e90f3296-5eb6-410d-856f-e9e1475afe65","event":"orderupdated"}
2026-09-03T15:18:30+00:00 INFO Central order received successfully. CONTEXT: {"store_id":"site1","source_order_id":376414,"central_order_id":6824,"request_id":"8e603a60-9ce2-4f01-be8f-3e29011e7f14","event":"orderupdated"}
2026-09-03T15:19:20+00:00 INFO Central order received successfully. CONTEXT: {"store_id":"site1","source_order_id":376414,"central_order_id":6824,"request_id":"8d9467b4-c4cb-4fbc-998e-f9c86a428a01","event":"orderupdated"}
2026-09-03T15:21:09+00:00 INFO Central order received successfully. CONTEXT: {"store_id":"site1","source_order_id":376415,"central_order_id":6825,"request_id":"eb6870b5-ecbf-43b9-a662-f93efaf8762c","event":"orderupdated"}
2026-09-03T15:21:19+00:00 INFO Central order received successfully. CONTEXT: {"store_id":"site1","source_order_id":376415,"central_order_id":6825,"request_id":"ad68cd14-03ab-4036-b2ae-aea63c3e8236","event":"orderupdated"}
2026-09-03T15:21:34+00:00 INFO Central order received successfully. CONTEXT: {"store_id":"site1","source_order_id":368584,"central_order_id":526,"request_id":"e80600cb-88f0-4f24-a022-5e39e7bc60ac","event":"orderupdated"}
2026-09-03T15:21:48+00:00 INFO Central order received successfully. CONTEXT: {"store_id":"site1","source_order_id":376415,"central_order_id":6825,"request_id":"b24ad343-02c0-4f12-8c03-e429f4608c58","event":"orderupdated"}
2026-09-03T15:21:57+00:00 INFO Central order received successfully. CONTEXT: {"store_id":"site1","source_order_id":376415,"central_order_id":6825,"request_id":"6e56c0fc-5063-40a4-93a6-cb56141d8171","event":"orderupdated"}
2026-09-03T15:22:12+00:00 INFO Central order received successfully. CONTEXT: {"store_id":"site1","source_order_id":368584,"central_order_id":526,"request_id":"bbb79a07-c740-4708-9f7f-45b88dbea3ad","event":"orderupdated"}
2026-09-03T15:22:21+00:00 INFO Central bulk source orders received. CONTEXT: {"store_id":"site1","received":20,"succeeded":20,"failed":0,"request_id":"388f7bfe-3c43-4405-a98f-48a0a6a3902a"}
2026-09-03T15:22:40+00:00 INFO Central order received successfully. CONTEXT: {"store_id":"site1","source_order_id":368584,"central_order_id":526,"request_id":"90e41dd5-e5b7-48b9-888e-6dd58dc7834c","event":"orderupdated"}
2026-09-03T15:22:55+00:00 INFO Central order received successfully. CONTEXT: {"store_id":"site1","source_order_id":368584,"central_order_id":526,"request_id":"0ac359fb-a415-4f63-906d-ca2818075d47","event":"orderupdated"}
2026-09-03T15:33:11+00:00 INFO Central order received successfully. CONTEXT: {"store_id":"site1","source_order_id":368584,"central_order_id":526,"request_id":"eb558017-5a94-4bee-b9a6-083052b32a4b","event":"orderupdated"}
2026-09-03T15:33:13+00:00 INFO Central bulk source orders received. CONTEXT: {"store_id":"site1","received":20,"succeeded":20,"failed":0,"request_id":"4f6eb873-0133-406c-95e8-7570adc8ffc4"}
2026-09-03T15:33:58+00:00 INFO Central order received successfully. CONTEXT: {"store_id":"site1","source_order_id":376417,"central_order_id":6826,"request_id":"dd3f25d3-ad15-4719-83a9-53e916098c88","event":"orderupdated"}
2026-09-03T15:34:09+00:00 INFO Central bulk source orders received. CONTEXT: {"store_id":"site1","received":20,"succeeded":20,"failed":0,"request_id":"77562298-e44a-4a88-b109-59300a30521e"}
2026-09-03T15:34:37+00:00 INFO Central order received successfully. CONTEXT: {"store_id":"site1","source_order_id":376417,"central_order_id":6826,"request_id":"94a952a5-08d7-4d26-82b5-78d5371c3c0e","event":"orderupdated"}
2026-09-03T15:35:00+00:00 INFO Central bulk source orders received. CONTEXT: {"store_id":"site1","received":20,"succeeded":20,"failed":0,"request_id":"33f34857-5fbc-478c-accb-fe47ef703378"}
2026-09-03T15:35:14+00:00 INFO Central order received successfully. CONTEXT: {"store_id":"site1","source_order_id":376417,"central_order_id":6826,"request_id":"6e02e7ad-1311-4d64-abee-1b6c2c659d6b","event":"orderupdated"}
2026-09-03T15:35:28+00:00 INFO Central order received successfully. CONTEXT: {"store_id":"site1","source_order_id":376419,"central_order_id":6827,"request_id":"e52f95ee-534f-4431-a1a1-a8136cb33536","event":"orderupdated"}
2026-09-03T15:35:50+00:00 INFO Central bulk source orders received. CONTEXT: {"store_id":"site1","received":20,"succeeded":20,"failed":0,"request_id":"235b66cd-81da-4847-bb53-9782cab76dcc"}
2026-09-03T15:35:50+00:00 INFO Central order received successfully. CONTEXT: {"store_id":"site1","source_order_id":376417,"central_order_id":6826,"request_id":"d564f912-ce7c-43ff-b59b-e31440db11ef","event":"orderupdated"}
2026-09-03T15:36:09+00:00 INFO Central order received successfully. CONTEXT: {"store_id":"site1","source_order_id":376419,"central_order_id":6827,"request_id":"eaf0db3d-9459-40da-bc4f-b11e6eb6672a","event":"orderupdated"}
2026-09-03T15:36:28+00:00 INFO Central order received successfully. CONTEXT: {"store_id":"site1","source_order_id":376417,"central_order_id":6826,"request_id":"a04e61b1-9bd5-4a79-aeb0-80ffc97e08b7","event":"orderupdated"}
2026-09-03T15:36:37+00:00 INFO Central bulk source orders received. CONTEXT: {"store_id":"site1","received":20,"succeeded":20,"failed":0,"request_id":"18b36243-db42-4ebb-95c6-68ba39cbf06b"}
2026-09-03T15:36:39+00:00 INFO Central order received successfully. CONTEXT: {"store_id":"site1","source_order_id":376421,"central_order_id":6828,"request_id":"9200c8d5-1ef6-436c-8016-15e53c2bd76d","event":"orderupdated"}
2026-09-03T15:36:49+00:00 INFO Central order received successfully. CONTEXT: {"store_id":"site1","source_order_id":376419,"central_order_id":6827,"request_id":"65464b16-649f-4a67-ba45-9a681f52add7","event":"orderupdated"}
2026-09-03T15:37:05+00:00 INFO Central order received successfully. CONTEXT: {"store_id":"site1","source_order_id":376417,"central_order_id":6826,"request_id":"2827e137-ef94-4b41-a161-aa1d690427b2","event":"orderupdated"}
2026-09-03T15:37:19+00:00 INFO Central order received successfully. CONTEXT: {"store_id":"site1","source_order_id":376421,"central_order_id":6828,"request_id":"14a178bf-14c6-4461-9f09-7e2ceb1848e5","event":"orderupdated"}
2026-09-03T15:37:28+00:00 INFO Central bulk source orders received. CONTEXT: {"store_id":"site1","received":20,"succeeded":20,"failed":0,"request_id":"ccea1a5d-ffec-4579-af46-46c205da3bdf"}
2026-09-03T15:37:41+00:00 INFO Central order received successfully. CONTEXT: {"store_id":"site1","source_order_id":376421,"central_order_id":6828,"request_id":"22c28b16-b47c-431c-9012-5f32ea3d1ddc","event":"orderupdated"}
2026-09-03T15:38:17+00:00 INFO Central bulk source orders received. CONTEXT: {"store_id":"site1","received":20,"succeeded":20,"failed":0,"request_id":"c925d5a1-6990-4dad-b9ef-fc95d5243876"}
2026-09-03T15:38:53+00:00 INFO Central bulk source orders received. CONTEXT: {"store_id":"site1","received":20,"succeeded":20,"failed":0,"request_id":"88c49230-9ae5-4ee3-8051-6b4a6234348c"}
2026-09-03T15:39:14+00:00 INFO Central bulk source orders received. CONTEXT: {"store_id":"site1","received":20,"succeeded":20,"failed":0,"request_id":"cab98a3c-7bd0-4490-8a30-4a6cc51d700e"}
2026-09-03T15:39:36+00:00 INFO Central order received successfully. CONTEXT: {"store_id":"site1","source_order_id":376423,"central_order_id":6830,"request_id":"218f6bcb-2cb4-4bc7-bccc-86c3b82d1cb6","event":"orderupdated"}
2026-09-03T15:39:49+00:00 INFO Central order received successfully. CONTEXT: {"store_id":"site1","source_order_id":376423,"central_order_id":6830,"request_id":"00facadd-23b9-40d0-9db7-632cf0398111","event":"orderupdated"}
2026-09-03T15:39:51+00:00 INFO Central bulk source orders received. CONTEXT: {"store_id":"site1","received":20,"succeeded":20,"failed":0,"request_id":"abf99bff-fdef-4c3e-810a-845c8a259417"}
2026-09-03T15:40:20+00:00 INFO Central order received successfully. CONTEXT: {"store_id":"site1","source_order_id":376423,"central_order_id":6830,"request_id":"d13f0c82-f2be-43d1-a3ac-1b79e16aeb26","event":"orderupdated"}
2026-09-03T15:40:44+00:00 INFO Central bulk source orders received. CONTEXT: {"store_id":"site1","received":20,"succeeded":20,"failed":0,"request_id":"488aa77a-92f6-4d94-9ffb-c4f094bbc23a"}
2026-09-03T15:40:57+00:00 INFO Central order received successfully. CONTEXT: {"store_id":"site1","source_order_id":376423,"central_order_id":6830,"request_id":"15bc4d9f-4776-481c-8360-18f020d81386","event":"orderupdated"}
2026-09-03T15:41:25+00:00 INFO Central order received successfully. CONTEXT: {"store_id":"site1","source_order_id":376423,"central_order_id":6830,"request_id":"2b57059e-7721-475f-ac5c-74af4df42ded","event":"orderupdated"}
2026-09-03T15:41:27+00:00 INFO Central bulk source orders received. CONTEXT: {"store_id":"site1","received":20,"succeeded":20,"failed":0,"request_id":"322459e6-10cd-43bd-8284-8010b229a89b"}
2026-09-03T15:42:03+00:00 INFO Central order received successfully. CONTEXT: {"store_id":"site1","source_order_id":376424,"central_order_id":6831,"request_id":"37a7dfce-532d-43fa-a9f4-d4f44200d3ef","event":"orderupdated"}
2026-09-03T15:42:25+00:00 INFO Central bulk source orders received. CONTEXT: {"store_id":"site1","received":20,"succeeded":20,"failed":0,"request_id":"5c1cd335-6950-4e2c-9a34-7f67cbb273dd"}
2026-09-03T15:42:46+00:00 INFO Central order received successfully. CONTEXT: {"store_id":"site1","source_order_id":376424,"central_order_id":6831,"request_id":"5db68831-789c-4213-830b-5dd1a5a73f9a","event":"orderupdated"}
2026-09-03T15:43:16+00:00 INFO Central bulk source orders received. CONTEXT: {"store_id":"site1","received":20,"succeeded":20,"failed":0,"request_id":"74ead926-279c-49b9-be4a-c27483a8aa28"}
2026-09-03T15:43:26+00:00 INFO Central order received successfully. CONTEXT: {"store_id":"site1","source_order_id":376424,"central_order_id":6831,"request_id":"39ab2eed-c8de-4eeb-8c64-6d66d62c8588","event":"orderupdated"}
2026-09-03T15:44:05+00:00 INFO Central order received successfully. CONTEXT: {"store_id":"site1","source_order_id":376424,"central_order_id":6831,"request_id":"73857071-e06a-4b3b-91a4-cca47410393f","event":"orderupdated"}
2026-09-03T15:44:06+00:00 INFO Central bulk source orders received. CONTEXT: {"store_id":"site1","received":20,"succeeded":20,"failed":0,"request_id":"ec65da29-e022-4db1-a1f9-b875d10b1916"}
2026-09-03T15:44:15+00:00 INFO Central bulk source orders received. CONTEXT: {"store_id":"site1","received":20,"succeeded":20,"failed":0,"request_id":"488d0f22-c679-4f72-9cd0-9e441589fc91"}
2026-09-03T15:44:45+00:00 INFO Central bulk source orders received. CONTEXT: {"store_id":"site1","received":20,"succeeded":20,"failed":0,"request_id":"2d2a7dc1-d154-489c-9525-11d89b7f9645"}
2026-09-03T15:45:04+00:00 INFO Central bulk source orders received. CONTEXT: {"store_id":"site1","received":20,"succeeded":20,"failed":0,"request_id":"45e6860c-4ac5-44c3-b245-7564bb2a08b5"}
2026-09-03T15:45:54+00:00 INFO Central bulk source orders received. CONTEXT: {"store_id":"site1","received":20,"succeeded":20,"failed":0,"request_id":"410dee4d-2a03-4732-8949-87df87fc3c83"}
2026-09-03T15:49:19+00:00 INFO Central bulk source orders received. CONTEXT: {"store_id":"site1","received":20,"succeeded":20,"failed":0,"request_id":"d2dfcfbf-8b7c-4541-83c6-36390868c482"}
2026-09-03T15:49:53+00:00 INFO Central bulk source orders received. CONTEXT: {"store_id":"site1","received":20,"succeeded":20,"failed":0,"request_id":"cbabeb41-c4e6-470b-87e0-39ae37164664"}
2026-09-03T15:50:44+00:00 INFO Central bulk source orders received. CONTEXT: {"store_id":"site1","received":20,"succeeded":20,"failed":0,"request_id":"3b9d23fc-cb59-4461-badb-71817ed5d51e"}
2026-09-03T15:51:35+00:00 INFO Central bulk source orders received. CONTEXT: {"store_id":"site1","received":20,"succeeded":20,"failed":0,"request_id":"19c7450c-24ab-4987-8ec3-c7dafc0f4300"}
2026-09-03T15:52:24+00:00 INFO Central bulk source orders received. CONTEXT: {"store_id":"site1","received":20,"succeeded":20,"failed":0,"request_id":"4c01574d-a91c-4fff-b228-adb6562f5200"}
2026-09-03T15:52:59+00:00 INFO Central bulk source orders received. CONTEXT: {"store_id":"site1","received":20,"succeeded":20,"failed":0,"request_id":"82173853-f072-4d82-a8d9-500542cfa9c7"}
2026-09-03T15:53:52+00:00 INFO Central bulk source orders received. CONTEXT: {"store_id":"site1","received":19,"succeeded":19,"failed":0,"request_id":"56dc061a-d323-4584-8856-7e46e5ec3960"}
2026-09-03T15:54:43+00:00 INFO Central bulk source orders received. CONTEXT: {"store_id":"site1","received":19,"succeeded":19,"failed":0,"request_id":"cd39582c-01c8-420f-88e7-d5d73a0b0764"}
2026-09-03T15:59:22+00:00 INFO Central order received successfully. CONTEXT: {"store_id":"site1","source_order_id":376426,"central_order_id":6832,"request_id":"8515cc60-e47e-4a14-958d-711994616358","event":"orderupdated"}
2026-09-03T15:59:59+00:00 INFO Central order received successfully. CONTEXT: {"store_id":"site1","source_order_id":376426,"central_order_id":6832,"request_id":"103011ba-a000-425c-b790-94aa4307f0d8","event":"orderupdated"}
2026-09-03T16:00:36+00:00 INFO Central order received successfully. CONTEXT: {"store_id":"site1","source_order_id":376426,"central_order_id":6832,"request_id":"a09673c0-c069-4142-a976-93b1ec608a80","event":"orderupdated"}
2026-09-03T16:01:13+00:00 INFO Central order received successfully. CONTEXT: {"store_id":"site1","source_order_id":376426,"central_order_id":6832,"request_id":"20c6c2a4-c641-462c-be65-01faa48f2c7c","event":"orderupdated"}
2026-09-03T16:01:51+00:00 INFO Central order received successfully. CONTEXT: {"store_id":"site1","source_order_id":376426,"central_order_id":6832,"request_id":"2308045b-f474-4618-b8d2-08bce8e02aeb","event":"orderupdated"}
2026-09-03T16:02:28+00:00 INFO Central order received successfully. CONTEXT: {"store_id":"site1","source_order_id":376426,"central_order_id":6832,"request_id":"4ad3af0d-e7ad-4070-b547-602ff2fccaae","event":"orderupdated"}
2026-09-03T16:02:53+00:00 INFO Central order received successfully. CONTEXT: {"store_id":"site1","source_order_id":376426,"central_order_id":6832,"request_id":"c4c9ae41-af67-474e-a67b-2dec97902eb7","event":"orderupdated"}
2026-09-03T16:03:06+00:00 INFO Central order received successfully. CONTEXT: {"store_id":"site1","source_order_id":376426,"central_order_id":6832,"request_id":"6b2a3d17-221b-4c93-b17a-692c683a9fc0","event":"orderupdated"}
2026-09-03T16:03:30+00:00 INFO Central order received successfully. CONTEXT: {"store_id":"site1","source_order_id":376426,"central_order_id":6832,"request_id":"62964a1d-8f95-4f59-8624-4e101061ec7b","event":"orderupdated"}
2026-09-03T16:03:43+00:00 INFO Central order received successfully. CONTEXT: {"store_id":"site1","source_order_id":376426,"central_order_id":6832,"request_id":"c19d25af-7848-4909-bc8f-36c3ce0ce910","event":"orderupdated"}
2026-09-03T16:04:20+00:00 INFO Central order received successfully. CONTEXT: {"store_id":"site1","source_order_id":376426,"central_order_id":6832,"request_id":"e55bcb76-8f9c-403e-accc-02762f7c7a5d","event":"orderupdated"}
2026-09-03T16:04:58+00:00 INFO Central order received successfully. CONTEXT: {"store_id":"site1","source_order_id":376426,"central_order_id":6832,"request_id":"8662a13a-7a19-49a0-91ce-d28a2ae5ea32","event":"orderupdated"}
2026-09-03T16:05:28+00:00 INFO Central bulk source orders received. CONTEXT: {"store_id":"site1","received":20,"succeeded":20,"failed":0,"request_id":"c8504838-b30f-434d-bd4b-e8321c46b664"}
2026-09-03T16:05:35+00:00 INFO Central order received successfully. CONTEXT: {"store_id":"site1","source_order_id":376426,"central_order_id":6832,"request_id":"d9fa5139-77aa-4c99-9acb-d203e0299181","event":"orderupdated"}
2026-09-03T16:05:51+00:00 INFO Central bulk source orders received. CONTEXT: {"store_id":"site1","received":20,"succeeded":20,"failed":0,"request_id":"e5040628-907e-4289-a9ff-b594b64456c9"}
2026-09-03T16:06:22+00:00 INFO Central bulk source orders received. CONTEXT: {"store_id":"site1","received":20,"succeeded":20,"failed":0,"request_id":"15726c4b-a804-43d5-8b20-98557f41466e"}
2026-09-03T16:07:14+00:00 INFO Central bulk source orders received. CONTEXT: {"store_id":"site1","received":20,"succeeded":20,"failed":0,"request_id":"26cdbc76-739e-4532-9bc4-b7b9701d2047"}
2026-09-03T16:07:21+00:00 INFO Central order received successfully. CONTEXT: {"store_id":"site1","source_order_id":376426,"central_order_id":6832,"request_id":"f5fe4675-5862-440b-b2ca-8f80241d3003","event":"orderupdated"}
2026-09-03T16:07:29+00:00 INFO Central order received successfully. CONTEXT: {"store_id":"site1","source_order_id":376426,"central_order_id":6832,"request_id":"4536fbd5-e744-449b-9929-db2b7443c83c","event":"orderupdated"}
2026-09-03T16:07:30+00:00 INFO Central bulk source orders received. CONTEXT: {"store_id":"site1","received":20,"succeeded":20,"failed":0,"request_id":"5e85be0c-88a1-4d2d-82ef-473dfb1a954c"}
2026-09-03T16:08:02+00:00 INFO Central bulk source orders received. CONTEXT: {"store_id":"site1","received":20,"succeeded":20,"failed":0,"request_id":"0f8a33d8-ff4b-4ae6-aa1e-63a53f818569"}
2026-09-03T16:11:29+00:00 INFO Central order received successfully. CONTEXT: {"store_id":"site1","source_order_id":376427,"central_order_id":6833,"request_id":"4ee6ab25-cb82-4384-8406-0b1a155a75bc","event":"orderupdated"}
2026-09-03T16:11:37+00:00 INFO Central order received successfully. CONTEXT: {"store_id":"site1","source_order_id":376427,"central_order_id":6833,"request_id":"4dde0207-ec16-4242-8674-20b7edf8b2b8","event":"orderupdated"}
2026-09-03T16:12:12+00:00 INFO Central order received successfully. CONTEXT: {"store_id":"site1","source_order_id":376427,"central_order_id":6833,"request_id":"c5aeb79e-5427-4144-8802-5020590ff302","event":"orderupdated"}
2026-09-03T16:12:15+00:00 INFO Central order received successfully. CONTEXT: {"store_id":"site1","source_order_id":376427,"central_order_id":6833,"request_id":"9f6af585-d81e-49b6-a16e-851beb0f65ef","event":"orderupdated"}
2026-09-03T16:12:50+00:00 INFO Central order received successfully. CONTEXT: {"store_id":"site1","source_order_id":376427,"central_order_id":6833,"request_id":"6075f0ed-a66e-4186-8602-070ef0be9880","event":"orderupdated"}
2026-09-03T16:12:53+00:00 INFO Central order received successfully. CONTEXT: {"store_id":"site1","source_order_id":376427,"central_order_id":6833,"request_id":"a653c783-6697-4dee-9c58-cab3a9e155dc","event":"orderupdated"}
2026-09-03T16:14:42+00:00 INFO Central bulk source orders received. CONTEXT: {"store_id":"site1","received":20,"succeeded":20,"failed":0,"request_id":"a2569074-ab68-4287-b116-8a86bbed60af"}
2026-09-03T16:15:15+00:00 INFO Central bulk source orders received. CONTEXT: {"store_id":"site1","received":20,"succeeded":20,"failed":0,"request_id":"6e4d2d3a-ae71-401b-9084-dadfba0372ca"}
2026-09-03T16:15:35+00:00 INFO Central bulk source orders received. CONTEXT: {"store_id":"site1","received":20,"succeeded":20,"failed":0,"request_id":"65f5878c-3e11-4133-940c-e2f0b1bb2aa4"}
2026-09-03T16:16:05+00:00 INFO Central bulk source orders received. CONTEXT: {"store_id":"site1","received":20,"succeeded":20,"failed":0,"request_id":"5c74fd15-6cb9-4bf7-85ce-28d00f12802f"}
2026-09-03T16:16:16+00:00 INFO Central bulk source orders received. CONTEXT: {"store_id":"site1","received":20,"succeeded":20,"failed":0,"request_id":"0579f7bc-626d-4692-841b-d58bdd9eed52"}
2026-09-03T16:16:58+00:00 INFO Central bulk source orders received. CONTEXT: {"store_id":"site1","received":20,"succeeded":20,"failed":0,"request_id":"b1cf6422-26f4-4a99-ae77-43d68a624134"}
2026-09-03T16:17:52+00:00 INFO Central bulk source orders received. CONTEXT: {"store_id":"site1","received":20,"succeeded":20,"failed":0,"request_id":"53536b84-7c94-4bdd-a0cd-b0fc121e350a"}
2026-09-03T16:18:41+00:00 INFO Central bulk source orders received. CONTEXT: {"store_id":"site1","received":20,"succeeded":20,"failed":0,"request_id":"d4afca95-aa35-4660-b386-86130a936dae"}
2026-09-03T16:19:30+00:00 INFO Central bulk source orders received. CONTEXT: {"store_id":"site1","received":20,"succeeded":20,"failed":0,"request_id":"d42ed53a-226b-4f55-8aed-9ece55cec22b"}
2026-09-03T16:20:24+00:00 INFO Central bulk source orders received. CONTEXT: {"store_id":"site1","received":20,"succeeded":20,"failed":0,"request_id":"9158131b-7a5b-47c9-8431-12051b7b0b9f"}
2026-09-03T16:21:17+00:00 INFO Central bulk source orders received. CONTEXT: {"store_id":"site1","received":20,"succeeded":20,"failed":0,"request_id":"d2874a1a-4363-4fc9-b312-8d3ec58e8827"}
2026-09-03T16:22:06+00:00 INFO Central bulk source orders received. CONTEXT: {"store_id":"site1","received":20,"succeeded":20,"failed":0,"request_id":"3d5e689d-62b7-40cb-aa6b-182bbf4a881d"}
2026-09-03T16:22:44+00:00 INFO Central bulk source orders received. CONTEXT: {"store_id":"site1","received":20,"succeeded":20,"failed":0,"request_id":"ab7b3392-4d65-4504-b961-63b40be1ce90"}
2026-09-03T16:23:37+00:00 INFO Central bulk source orders received. CONTEXT: {"store_id":"site1","received":20,"succeeded":20,"failed":0,"request_id":"df5f845f-b7fc-43f6-b351-f36d6eccf67e"}
2026-09-03T16:24:30+00:00 INFO Central bulk source orders received. CONTEXT: {"store_id":"site1","received":20,"succeeded":20,"failed":0,"request_id":"72d49faa-378b-4732-bf33-bf2e4930d89e"}
2026-09-03T16:25:20+00:00 INFO Central bulk source orders received. CONTEXT: {"store_id":"site1","received":20,"succeeded":20,"failed":0,"request_id":"680c627f-93ef-4a55-bca2-dffd6bb4d928"}
2026-09-03T16:25:44+00:00 INFO Central bulk source orders received. CONTEXT: {"store_id":"site1","received":20,"succeeded":20,"failed":0,"request_id":"66f476dc-ee81-409b-a2ee-4f9362f52a21"}
2026-09-03T16:26:09+00:00 INFO Central bulk source orders received. CONTEXT: {"store_id":"site1","received":20,"succeeded":20,"failed":0,"request_id":"3e6b020d-dd96-4c19-8d26-f8dc175a2b78"}
2026-09-03T16:26:36+00:00 INFO Central bulk source orders received. CONTEXT: {"store_id":"site1","received":20,"succeeded":20,"failed":0,"request_id":"c4e47a01-12c7-4244-a718-f31138ed8d99"}
2026-09-03T16:26:58+00:00 INFO Central bulk source orders received. CONTEXT: {"store_id":"site1","received":20,"succeeded":20,"failed":0,"request_id":"301544fb-bca9-42a6-b2d5-12e651704b85"}
2026-09-03T16:27:27+00:00 INFO Central bulk source orders received. CONTEXT: {"store_id":"site1","received":20,"succeeded":20,"failed":0,"request_id":"b7d889d4-5384-45f8-ae7c-dddbff55d4ce"}
2026-09-03T16:27:29+00:00 INFO Central order received successfully. CONTEXT: {"store_id":"site1","source_order_id":376428,"central_order_id":6837,"request_id":"01c13e54-1ca3-4635-93d3-206b9f774290","event":"orderupdated"}
2026-09-03T16:27:48+00:00 INFO Central bulk source orders received. CONTEXT: {"store_id":"site1","received":20,"succeeded":20,"failed":0,"request_id":"123a692b-424b-4e18-bbcb-2d178f7eaa0e"}
2026-09-03T16:28:08+00:00 INFO Central order received successfully. CONTEXT: {"store_id":"site1","source_order_id":376428,"central_order_id":6837,"request_id":"7adbc261-2881-430a-a10d-6a0054be805a","event":"orderupdated"}
2026-09-03T16:28:14+00:00 INFO Central bulk source orders received. CONTEXT: {"store_id":"site1","received":20,"succeeded":20,"failed":0,"request_id":"ba351a3d-0c31-4be6-af57-ea4c8113ef80"}
2026-09-03T16:28:45+00:00 INFO Central order received successfully. CONTEXT: {"store_id":"site1","source_order_id":376428,"central_order_id":6837,"request_id":"3da2e825-c789-4cf8-b271-b3e1700ef332","event":"orderupdated"}
2026-09-03T16:29:05+00:00 INFO Central order received successfully. CONTEXT: {"store_id":"site1","source_order_id":376428,"central_order_id":6837,"request_id":"3d02b498-7184-46a6-99d7-56ddf99c3022","event":"orderupdated"}
2026-09-03T16:29:44+00:00 INFO Central order received successfully. CONTEXT: {"store_id":"site1","source_order_id":376428,"central_order_id":6837,"request_id":"88d8a748-1541-4e7a-80ab-62729822dc0b","event":"orderupdated"}
2026-09-03T16:30:20+00:00 INFO Central order received successfully. CONTEXT: {"store_id":"site1","source_order_id":376428,"central_order_id":6837,"request_id":"feba31ba-4026-480c-9453-dddfef548f3e","event":"orderupdated"}
2026-09-03T16:30:58+00:00 INFO Central order received successfully. CONTEXT: {"store_id":"site1","source_order_id":376428,"central_order_id":6837,"request_id":"de5914af-d38c-4d5a-9903-c72abc936737","event":"orderupdated"}
2026-09-03T16:31:35+00:00 INFO Central order received successfully. CONTEXT: {"store_id":"site1","source_order_id":376428,"central_order_id":6837,"request_id":"bfefeedf-63fc-4a36-b7b3-02211daa6752","event":"orderupdated"}
2026-09-03T16:32:09+00:00 INFO Central order received successfully. CONTEXT: {"store_id":"site1","source_order_id":376432,"central_order_id":6838,"request_id":"12dd2875-3cbb-4d5d-89cc-1064951a86d6","event":"orderupdated"}
2026-09-03T16:32:11+00:00 INFO Central order received successfully. CONTEXT: {"store_id":"site1","source_order_id":376428,"central_order_id":6837,"request_id":"5a2943e7-c280-483d-9ba8-b53273d59d78","event":"orderupdated"}
2026-09-03T16:32:19+00:00 INFO Central order received successfully. CONTEXT: {"store_id":"site1","source_order_id":376432,"central_order_id":6838,"request_id":"a5ca4966-4898-4022-bc4d-8d1244ffc18d","event":"orderupdated"}
2026-09-03T16:32:50+00:00 INFO Central order received successfully. CONTEXT: {"store_id":"site1","source_order_id":376432,"central_order_id":6838,"request_id":"338e8fbc-36de-4301-ba39-7017e8cd2299","event":"orderupdated"}
2026-09-03T16:32:56+00:00 INFO Central order received successfully. CONTEXT: {"store_id":"site1","source_order_id":376432,"central_order_id":6838,"request_id":"7569e4c4-d824-4a73-a1f6-ff7638566fd8","event":"orderupdated"}
2026-09-03T16:33:10+00:00 INFO Central order received successfully. CONTEXT: {"store_id":"site1","source_order_id":376432,"central_order_id":6838,"request_id":"ec42bf01-5270-43fe-9174-e706638666a8","event":"orderupdated"}
2026-09-03T16:33:27+00:00 INFO Central order received successfully. CONTEXT: {"store_id":"site1","source_order_id":376432,"central_order_id":6838,"request_id":"3b529211-f015-4c5d-9664-3dc46061677e","event":"orderupdated"}
2026-09-03T16:33:50+00:00 INFO Central order received successfully. CONTEXT: {"store_id":"site1","source_order_id":376432,"central_order_id":6838,"request_id":"78a73911-1c55-4c3c-a6ed-af7eefa3cce8","event":"orderupdated"}
2026-09-03T16:34:04+00:00 INFO Central order received successfully. CONTEXT: {"store_id":"site1","source_order_id":376432,"central_order_id":6838,"request_id":"1e8f4a2d-82ce-4d78-a208-b58591e8f4ef","event":"orderupdated"}
2026-09-03T16:35:38+00:00 INFO Central order received successfully. CONTEXT: {"store_id":"site1","source_order_id":376432,"central_order_id":6838,"request_id":"7f09687d-9d17-473f-b4c2-97fd08cdfb18","event":"orderupdated"}
2026-09-03T16:36:16+00:00 INFO Central order received successfully. CONTEXT: {"store_id":"site1","source_order_id":376432,"central_order_id":6838,"request_id":"fa03893a-fa30-4a74-a459-a98b80b378c0","event":"orderupdated"}
2026-09-03T16:36:53+00:00 INFO Central order received successfully. CONTEXT: {"store_id":"site1","source_order_id":376432,"central_order_id":6838,"request_id":"a4c1c9d1-12a3-42cd-bb0d-a190b7b35d99","event":"orderupdated"}
2026-09-03T16:37:30+00:00 INFO Central order received successfully. CONTEXT: {"store_id":"site1","source_order_id":376432,"central_order_id":6838,"request_id":"3c709610-5e01-4f61-957e-ff5ae7b1a97d","event":"orderupdated"}
2026-09-03T16:38:05+00:00 INFO Central bulk source orders received. CONTEXT: {"store_id":"site1","received":20,"succeeded":20,"failed":0,"request_id":"4554b31a-c17a-4d48-a75c-8c21102eff1e"}
2026-09-03T16:38:13+00:00 INFO Central order received successfully. CONTEXT: {"store_id":"site1","source_order_id":376432,"central_order_id":6838,"request_id":"fc2b3571-3636-4f40-a5da-13a126426114","event":"orderupdated"}
2026-09-03T16:38:18+00:00 INFO Central order received successfully. CONTEXT: {"store_id":"site1","source_order_id":376432,"central_order_id":6838,"request_id":"aa3986bd-485e-4b1a-a18c-142ade86cc01","event":"orderupdated"}
2026-09-03T16:38:51+00:00 INFO Central order received successfully. CONTEXT: {"store_id":"site1","source_order_id":376432,"central_order_id":6838,"request_id":"519a1618-77de-452c-b560-84385948bac3","event":"orderupdated"}
2026-09-03T16:38:57+00:00 INFO Central order received successfully. CONTEXT: {"store_id":"site1","source_order_id":376432,"central_order_id":6838,"request_id":"9f0f2dc1-1256-4fff-a0ae-5721d75b7dae","event":"orderupdated"}
2026-09-03T16:38:58+00:00 INFO Central bulk source orders received. CONTEXT: {"store_id":"site1","received":20,"succeeded":20,"failed":0,"request_id":"1ffbcca4-cc53-4c51-952e-428c0bbfcdfd"}
2026-09-03T16:39:28+00:00 INFO Central order received successfully. CONTEXT: {"store_id":"site1","source_order_id":376432,"central_order_id":6838,"request_id":"850abc7a-e3a2-4dea-bd70-d29c8eb4b7ac","event":"orderupdated"}
2026-09-03T16:39:49+00:00 INFO Central bulk source orders received. CONTEXT: {"store_id":"site1","received":20,"succeeded":20,"failed":0,"request_id":"86f113d7-cf23-4cab-97e6-afd9ed92773d"}
2026-09-03T16:40:04+00:00 INFO Central order received successfully. CONTEXT: {"store_id":"site1","source_order_id":376432,"central_order_id":6838,"request_id":"90870fa8-a446-4fdd-8c11-1daf1f408862","event":"orderupdated"}
2026-09-03T16:40:38+00:00 INFO Central bulk source orders received. CONTEXT: {"store_id":"site1","received":20,"succeeded":20,"failed":0,"request_id":"89c1b459-2f43-49f7-b432-b814c3a64164"}
2026-09-03T16:40:41+00:00 INFO Central order received successfully. CONTEXT: {"store_id":"site1","source_order_id":376432,"central_order_id":6838,"request_id":"a7d22400-c8e7-479b-830c-3048ebfeb382","event":"orderupdated"}
2026-09-03T16:40:55+00:00 INFO Central order received successfully. CONTEXT: {"store_id":"site1","source_order_id":376433,"central_order_id":6839,"request_id":"03cde258-6868-4524-b2b8-29bee7d53524","event":"orderupdated"}
2026-09-03T16:41:22+00:00 INFO Central order received successfully. CONTEXT: {"store_id":"site1","source_order_id":376432,"central_order_id":6838,"request_id":"3af6a4b3-eb6d-4591-affa-e7da8023abb6","event":"orderupdated"}
2026-09-03T16:41:29+00:00 INFO Central bulk source orders received. CONTEXT: {"store_id":"site1","received":20,"succeeded":20,"failed":0,"request_id":"d8233fdb-21a7-4923-928f-715b29dea4eb"}
2026-09-03T16:41:42+00:00 INFO Central order received successfully. CONTEXT: {"store_id":"site1","source_order_id":376433,"central_order_id":6839,"request_id":"523457e4-a426-4275-b361-01044605a3ed","event":"orderupdated"}
2026-09-03T16:41:50+00:00 INFO Central order received successfully. CONTEXT: {"store_id":"site1","source_order_id":376434,"central_order_id":6840,"request_id":"5c2e7752-4582-4aec-9248-e979746d491d","event":"orderupdated"}
2026-09-03T16:41:59+00:00 INFO Central order received successfully. CONTEXT: {"store_id":"site1","source_order_id":376432,"central_order_id":6838,"request_id":"2e9a65dd-141d-4249-9a86-b1a4bd5a7579","event":"orderupdated"}
2026-09-03T16:42:13+00:00 INFO Central order received successfully. CONTEXT: {"store_id":"site1","source_order_id":376435,"central_order_id":6841,"request_id":"7baab016-fb8c-4fff-9a26-6aad424fc0cd","event":"orderupdated"}
2026-09-03T16:42:21+00:00 INFO Central bulk source orders received. CONTEXT: {"store_id":"site1","received":20,"succeeded":20,"failed":0,"request_id":"d63d5115-d0d9-4359-8336-f42dac7681b5"}
2026-09-03T16:42:38+00:00 INFO Central order received successfully. CONTEXT: {"store_id":"site1","source_order_id":376435,"central_order_id":6841,"request_id":"a427769c-a4f0-420c-969d-c53cdcd15978","event":"orderupdated"}
2026-09-03T16:42:53+00:00 INFO Central order received successfully. CONTEXT: {"store_id":"site1","source_order_id":376435,"central_order_id":6841,"request_id":"11b6db62-be7a-43cd-a2ac-9152a4d8d1b9","event":"orderupdated"}
2026-09-03T16:43:18+00:00 INFO Central bulk source orders received. CONTEXT: {"store_id":"site1","received":20,"succeeded":20,"failed":0,"request_id":"3e9dc804-f41c-489b-8e6f-cbfdf1cc86e8"}
2026-09-03T16:43:29+00:00 INFO Central order received successfully. CONTEXT: {"store_id":"site1","source_order_id":376435,"central_order_id":6841,"request_id":"b5aa5c36-590e-47cb-9710-8869a353d030","event":"orderupdated"}
2026-09-03T16:43:43+00:00 INFO Central bulk source orders received. CONTEXT: {"store_id":"site1","received":20,"succeeded":20,"failed":0,"request_id":"295ce57e-89a7-411d-acaf-db7cd92ca534"}
2026-09-03T16:44:06+00:00 INFO Central order received successfully. CONTEXT: {"store_id":"site1","source_order_id":376435,"central_order_id":6841,"request_id":"2afeb12d-93f0-456b-b084-59b635aea9e4","event":"orderupdated"}
2026-09-03T16:44:35+00:00 INFO Central bulk source orders received. CONTEXT: {"store_id":"site1","received":20,"succeeded":20,"failed":0,"request_id":"cee9a972-78ce-4b6a-9d8b-17ce19dda472"}
2026-09-03T16:44:43+00:00 INFO Central order received successfully. CONTEXT: {"store_id":"site1","source_order_id":376435,"central_order_id":6841,"request_id":"6a6ea9f9-8fdb-4b7c-9ad0-817d0734be0c","event":"orderupdated"}
2026-09-03T16:45:05+00:00 INFO Central order received successfully. CONTEXT: {"store_id":"site1","source_order_id":376435,"central_order_id":6841,"request_id":"ea319643-1306-4c84-9bff-3248957b470b","event":"orderupdated"}
2026-09-03T16:45:09+00:00 INFO Central order received successfully. CONTEXT: {"store_id":"site1","source_order_id":376435,"central_order_id":6841,"request_id":"87be61df-efbe-45ff-a541-4a1184a36f06","event":"orderupdated"}
2026-09-03T16:45:17+00:00 INFO Central bulk source orders received. CONTEXT: {"store_id":"site1","received":20,"succeeded":20,"failed":0,"request_id":"bfed4d23-545b-494e-adce-5626502efa95"}
2026-09-03T16:45:44+00:00 INFO Central bulk source orders received. CONTEXT: {"store_id":"site1","received":20,"succeeded":20,"failed":0,"request_id":"adc645f6-1491-4c23-9a5d-bedc701b1667"}
2026-09-03T16:45:57+00:00 INFO Central order received successfully. CONTEXT: {"store_id":"site1","source_order_id":376435,"central_order_id":6841,"request_id":"8485828a-c45e-4bcf-a93a-9db032738e29","event":"orderupdated"}
2026-09-03T16:46:12+00:00 INFO Central bulk source orders received. CONTEXT: {"store_id":"site1","received":17,"succeeded":17,"failed":0,"request_id":"1b237b24-73f2-41ef-aacd-763f0f098317"}
2026-09-03T16:46:39+00:00 INFO Central bulk source orders received. CONTEXT: {"store_id":"site1","received":20,"succeeded":20,"failed":0,"request_id":"03e64af5-6fbf-4184-836f-e3f01c13aee0"}
2026-09-03T16:46:50+00:00 INFO Central order received successfully. CONTEXT: {"store_id":"site1","source_order_id":376435,"central_order_id":6841,"request_id":"15eb991c-cfdd-40ed-83af-f5a472610c55","event":"orderupdated"}
2026-09-03T16:47:05+00:00 INFO Central bulk source orders received. CONTEXT: {"store_id":"site1","received":17,"succeeded":17,"failed":0,"request_id":"aca379f0-4a38-48e6-a8c9-89c25d80da92"}
2026-09-03T16:47:21+00:00 INFO Central bulk source orders received. CONTEXT: {"store_id":"site1","received":17,"succeeded":17,"failed":0,"request_id":"ec2edadf-2c60-44b5-9f2f-94d8a37c7f2d"}
2026-09-03T16:48:02+00:00 INFO Central bulk source orders received. CONTEXT: {"store_id":"site1","received":20,"succeeded":20,"failed":0,"request_id":"65085e0c-468e-4625-a885-fdd03d6ce517"}
2026-09-03T16:48:42+00:00 INFO Central bulk source orders received. CONTEXT: {"store_id":"site1","received":20,"succeeded":20,"failed":0,"request_id":"69a16ab1-0bf1-4728-9fe3-97134ad3bb82"}
2026-09-03T16:49:41+00:00 INFO Central bulk source orders received. CONTEXT: {"store_id":"site1","received":20,"succeeded":20,"failed":0,"request_id":"23b5757b-3165-4c9d-9c9b-0f6c1c8780cc"}
2026-09-03T16:50:33+00:00 INFO Central bulk source orders received. CONTEXT: {"store_id":"site1","received":20,"succeeded":20,"failed":0,"request_id":"3f332f5f-3751-4c4b-880c-8ab220378bd8"}
2026-09-03T16:51:03+00:00 INFO Central bulk source orders received. CONTEXT: {"store_id":"site1","received":20,"succeeded":20,"failed":0,"request_id":"4fbe4c8a-0735-43b8-a736-f6b59f8790bf"}
2026-09-03T16:51:23+00:00 INFO Central bulk source orders received. CONTEXT: {"store_id":"site1","received":20,"succeeded":20,"failed":0,"request_id":"87e8fc13-5534-40fe-bfc2-3c9344d08d09"}
2026-09-03T16:51:52+00:00 INFO Central bulk source orders received. CONTEXT: {"store_id":"site1","received":20,"succeeded":20,"failed":0,"request_id":"cc23c011-1f4c-414f-8487-7d182a195553"}
2026-09-03T16:52:04+00:00 INFO Central order received successfully. CONTEXT: {"store_id":"site1","source_order_id":376438,"central_order_id":6847,"request_id":"f2f052c4-330f-4921-9c05-7b54f9839da6","event":"orderupdated"}
2026-09-03T16:52:13+00:00 INFO Central bulk source orders received. CONTEXT: {"store_id":"site1","received":20,"succeeded":20,"failed":0,"request_id":"5fc586a3-b5d2-4b90-ab90-a18fbca54d84"}
2026-09-03T16:52:47+00:00 INFO Central bulk source orders received. CONTEXT: {"store_id":"site1","received":20,"succeeded":20,"failed":0,"request_id":"a31c2a87-111a-4bd8-bb10-53c811c730aa"}
2026-09-03T16:53:42+00:00 INFO Central bulk source orders received. CONTEXT: {"store_id":"site1","received":20,"succeeded":20,"failed":0,"request_id":"a120eac7-cfa8-4949-9ed0-7462bdbc7a21"}
2026-09-03T16:54:08+00:00 INFO Central order received successfully. CONTEXT: {"store_id":"site1","source_order_id":376438,"central_order_id":6847,"request_id":"df39da07-cff3-4880-a264-fa7ce06b2b48","event":"orderupdated"}
2026-09-03T16:54:32+00:00 INFO Central bulk source orders received. CONTEXT: {"store_id":"site1","received":20,"succeeded":20,"failed":0,"request_id":"6ac99005-43a7-475e-9f87-102d6c892e89"}
2026-09-03T16:54:46+00:00 INFO Central order received successfully. CONTEXT: {"store_id":"site1","source_order_id":376438,"central_order_id":6847,"request_id":"fc548c79-ff99-49d1-9528-f022e0304dc9","event":"orderupdated"}
2026-09-03T16:55:21+00:00 INFO Central bulk source orders received. CONTEXT: {"store_id":"site1","received":20,"succeeded":20,"failed":0,"request_id":"1e443fe0-4d0c-43ee-9520-7253cc8b6c51"}
2026-09-03T16:55:26+00:00 INFO Central order received successfully. CONTEXT: {"store_id":"site1","source_order_id":376438,"central_order_id":6847,"request_id":"243aac00-f48b-4205-bab4-a20c7c570318","event":"orderupdated"}
2026-09-03T16:56:03+00:00 INFO Central order received successfully. CONTEXT: {"store_id":"site1","source_order_id":376438,"central_order_id":6847,"request_id":"e3170dea-02ae-4f86-b8ce-905a9ab28ebc","event":"orderupdated"}
2026-09-03T16:56:40+00:00 INFO Central order received successfully. CONTEXT: {"store_id":"site1","source_order_id":376438,"central_order_id":6847,"request_id":"e1442a55-2880-4394-bf5b-bb7d47a9041a","event":"orderupdated"}
2026-09-03T16:58:45+00:00 INFO Central bulk source orders received. CONTEXT: {"store_id":"site1","received":20,"succeeded":20,"failed":0,"request_id":"63ca161e-161f-44b7-ab12-bdab956df427"}
2026-09-03T16:58:59+00:00 INFO Central order received successfully. CONTEXT: {"store_id":"site1","source_order_id":376438,"central_order_id":6847,"request_id":"f4a0e79f-28ba-45c5-84e7-8b1024d9563b","event":"orderupdated"}
2026-09-03T17:00:43+00:00 INFO Central bulk source orders received. CONTEXT: {"store_id":"site1","received":20,"succeeded":20,"failed":0,"request_id":"22c017de-4a18-4c9b-a78e-e3916d89807b"}
2026-09-03T17:01:15+00:00 INFO Central bulk source orders received. CONTEXT: {"store_id":"site1","received":20,"succeeded":20,"failed":0,"request_id":"95b290cb-3d3d-4ed8-8053-582afd478848"}
2026-09-03T17:08:48+00:00 INFO Central order received successfully. CONTEXT: {"store_id":"site1","source_order_id":376439,"central_order_id":6849,"request_id":"11e8aa73-5c00-40dd-b678-b0e7f531405c","event":"orderupdated"}
2026-09-03T17:08:56+00:00 INFO Central order received successfully. CONTEXT: {"store_id":"site1","source_order_id":376439,"central_order_id":6849,"request_id":"3ed44cad-2c48-415a-9086-e5a6064954ab","event":"orderupdated"}
2026-09-03T17:09:11+00:00 INFO Central order received successfully. CONTEXT: {"store_id":"site1","source_order_id":376440,"central_order_id":6850,"request_id":"eabd9dd6-9651-4cbe-adf7-e30d1458da5a","event":"orderupdated"}
2026-09-03T17:09:27+00:00 INFO Central order received successfully. CONTEXT: {"store_id":"site1","source_order_id":376439,"central_order_id":6849,"request_id":"190a8005-afb7-4582-b463-e119bbcc7c41","event":"orderupdated"}
2026-09-03T17:09:29+00:00 INFO Central bulk source orders received. CONTEXT: {"store_id":"site1","received":20,"succeeded":20,"failed":0,"request_id":"5b660c17-9bbb-4a14-9c6a-6724687b95b8"}
2026-09-03T17:09:34+00:00 INFO Central order received successfully. CONTEXT: {"store_id":"site1","source_order_id":376439,"central_order_id":6849,"request_id":"8b41e934-d1c4-4121-bac4-1143fc2828e3","event":"orderupdated"}
2026-09-03T17:09:50+00:00 INFO Central order received successfully. CONTEXT: {"store_id":"site1","source_order_id":376440,"central_order_id":6850,"request_id":"935f8226-b55f-4118-a3ab-1280052edf32","event":"orderupdated"}
2026-09-03T17:10:03+00:00 INFO Central bulk source orders received. CONTEXT: {"store_id":"site1","received":20,"succeeded":20,"failed":0,"request_id":"3403f46b-8907-4645-9cf9-30ced15d0c49"}
2026-09-03T17:10:11+00:00 INFO Central order received successfully. CONTEXT: {"store_id":"site1","source_order_id":376439,"central_order_id":6849,"request_id":"17d36d88-d1b0-43a0-bfa8-84d89b237dde","event":"orderupdated"}
2026-09-03T17:10:21+00:00 INFO Central bulk source orders received. CONTEXT: {"store_id":"site1","received":20,"succeeded":20,"failed":0,"request_id":"3d37b038-2dcd-419f-bbc4-8a1eb6e4061a"}
2026-09-03T17:10:59+00:00 INFO Central bulk source orders received. CONTEXT: {"store_id":"site1","received":20,"succeeded":20,"failed":0,"request_id":"dea65edc-184d-4b0c-b9cf-05ce5b7c315b"}
2026-09-03T17:13:21+00:00 INFO Central bulk source orders received. CONTEXT: {"store_id":"site1","received":20,"succeeded":20,"failed":0,"request_id":"fc5d3a67-47c3-4d0b-9fe9-253d40e73105"}
2026-09-03T17:13:50+00:00 INFO Central bulk source orders received. CONTEXT: {"store_id":"site1","received":20,"succeeded":20,"failed":0,"request_id":"d3da4e93-1a78-464a-b693-83ab511ef7bb"}
2026-09-03T17:14:12+00:00 INFO Central bulk source orders received. CONTEXT: {"store_id":"site1","received":20,"succeeded":20,"failed":0,"request_id":"5a02bc07-3a2f-4147-a4a2-1b696aeaabb8"}
2026-09-03T17:15:55+00:00 INFO Central bulk source orders received. CONTEXT: {"store_id":"site1","received":20,"succeeded":20,"failed":0,"request_id":"8ef04629-02a8-4a2f-9631-e4b5ac74e07f"}
2026-09-03T17:16:20+00:00 INFO Central order received successfully. CONTEXT: {"store_id":"site1","source_order_id":376440,"central_order_id":6850,"request_id":"83364319-b8f6-4f65-b92c-8b85c38f5e0f","event":"orderupdated"}
2026-09-03T17:16:27+00:00 INFO Central bulk source orders received. CONTEXT: {"store_id":"site1","received":20,"succeeded":20,"failed":0,"request_id":"328b9324-f4a5-4aef-a4b6-dca6d76ae8d4"}
2026-09-03T17:16:43+00:00 INFO Central order received successfully. CONTEXT: {"store_id":"site1","source_order_id":376443,"central_order_id":6851,"request_id":"34f70f1d-55b7-494f-bf21-699d4e096c2f","event":"orderupdated"}
2026-09-03T17:16:59+00:00 INFO Central order received successfully. CONTEXT: {"store_id":"site1","source_order_id":376440,"central_order_id":6850,"request_id":"c27e0d61-0223-490c-b0cf-438709f0ec38","event":"orderupdated"}
2026-09-03T17:17:31+00:00 INFO Central order received successfully. CONTEXT: {"store_id":"site1","source_order_id":376440,"central_order_id":6850,"request_id":"36b8568c-3e7b-40f0-b330-19d3ab31b9ed","event":"orderupdated"}
2026-09-03T17:18:14+00:00 INFO Central order received successfully. CONTEXT: {"store_id":"site1","source_order_id":376440,"central_order_id":6850,"request_id":"a84932ab-c888-4172-a1a2-3f543652e985","event":"orderupdated"}
2026-09-03T17:18:54+00:00 INFO Central order received successfully. CONTEXT: {"store_id":"site1","source_order_id":376440,"central_order_id":6850,"request_id":"d5a5c64b-dc84-4195-9eab-8dfc43b59063","event":"orderupdated"}
2026-09-03T17:19:08+00:00 INFO Central order received successfully. CONTEXT: {"store_id":"site1","source_order_id":376444,"central_order_id":6852,"request_id":"49bbf230-04c8-49c8-81d3-138f1aa27bbe","event":"orderupdated"}
2026-09-03T17:19:16+00:00 INFO Central order received successfully. CONTEXT: {"store_id":"site1","source_order_id":376444,"central_order_id":6852,"request_id":"57a40eb6-337e-4440-a5b4-c759f8f759b3","event":"orderupdated"}
2026-09-03T17:19:30+00:00 INFO Central order received successfully. CONTEXT: {"store_id":"site1","source_order_id":376443,"central_order_id":6851,"request_id":"f3a7a86a-9b54-4cb6-8ec6-3e023299c972","event":"orderupdated"}
2026-09-03T17:19:53+00:00 INFO Central order received successfully. CONTEXT: {"store_id":"site1","source_order_id":376444,"central_order_id":6852,"request_id":"b2fc1602-3ed4-4ed4-a28d-eba1fd2eda0b","event":"orderupdated"}
2026-09-03T17:20:08+00:00 INFO Central order received successfully. CONTEXT: {"store_id":"site1","source_order_id":376443,"central_order_id":6851,"request_id":"01b222a4-dc08-46c2-b845-29aa6f49c7b2","event":"orderupdated"}
2026-09-03T17:20:36+00:00 INFO Central order received successfully. CONTEXT: {"store_id":"site1","source_order_id":376444,"central_order_id":6852,"request_id":"4f32b085-c81f-431e-8db9-ca833a3f38d7","event":"orderupdated"}
2026-09-03T17:20:59+00:00 INFO Central order received successfully. CONTEXT: {"store_id":"site1","source_order_id":376444,"central_order_id":6852,"request_id":"721380ea-5cd2-4f52-959f-ab991c6176af","event":"orderupdated"}
2026-09-03T17:21:22+00:00 INFO Central order received successfully. CONTEXT: {"store_id":"site1","source_order_id":376444,"central_order_id":6852,"request_id":"e639891e-cf2a-47da-872e-afd1cfa083cb","event":"orderupdated"}
2026-09-03T17:21:37+00:00 INFO Central order received successfully. CONTEXT: {"store_id":"site1","source_order_id":376444,"central_order_id":6852,"request_id":"0257db9c-f2c5-4972-8891-096ce3701c5b","event":"orderupdated"}
2026-09-03T17:21:51+00:00 INFO Central bulk source orders received. CONTEXT: {"store_id":"site1","received":20,"succeeded":20,"failed":0,"request_id":"23e24c6d-92a2-4f42-b5e7-d380f281785d"}
2026-09-03T17:22:22+00:00 INFO Central bulk source orders received. CONTEXT: {"store_id":"site1","received":20,"succeeded":20,"failed":0,"request_id":"54dbeea5-9bdd-4020-901d-8fe4c9e465a1"}
2026-09-03T17:22:42+00:00 INFO Central bulk source orders received. CONTEXT: {"store_id":"site1","received":20,"succeeded":20,"failed":0,"request_id":"d283d9cc-aed3-4d88-a6a1-358a49e05cb7"}
2026-09-03T17:23:13+00:00 INFO Central bulk source orders received. CONTEXT: {"store_id":"site1","received":20,"succeeded":20,"failed":0,"request_id":"1872191b-a01b-4d29-8b02-2d6f3a6de659"}
2026-09-03T17:24:05+00:00 INFO Central bulk source orders received. CONTEXT: {"store_id":"site1","received":20,"succeeded":20,"failed":0,"request_id":"9b826022-f7b3-4c12-8a45-d64ae5050e30"}
2026-09-03T17:27:03+00:00 INFO Central order received successfully. CONTEXT: {"store_id":"site1","source_order_id":376444,"central_order_id":6852,"request_id":"0c34bb89-99cb-4e42-a9b5-3e4ce5429bdb","event":"orderupdated"}
2026-09-03T17:27:42+00:00 INFO Central order received successfully. CONTEXT: {"store_id":"site1","source_order_id":376444,"central_order_id":6852,"request_id":"a2ee9c22-ca92-46af-945a-d7389395b667","event":"orderupdated"}
2026-09-03T17:28:24+00:00 INFO Central order received successfully. CONTEXT: {"store_id":"site1","source_order_id":376444,"central_order_id":6852,"request_id":"d2a3ad0a-2e22-441a-823b-b8dee7056afb","event":"orderupdated"}
2026-09-03T17:29:02+00:00 INFO Central order received successfully. CONTEXT: {"store_id":"site1","source_order_id":376444,"central_order_id":6852,"request_id":"ae7a4c5d-5b51-4e05-b65f-e5dd16572a99","event":"orderupdated"}
2026-09-03T17:29:39+00:00 INFO Central order received successfully. CONTEXT: {"store_id":"site1","source_order_id":376444,"central_order_id":6852,"request_id":"81378884-dced-4045-8c89-c16072f22209","event":"orderupdated"}
2026-09-03T17:30:03+00:00 INFO Central bulk source orders received. CONTEXT: {"store_id":"site1","received":20,"succeeded":20,"failed":0,"request_id":"bdbb7358-50f2-484d-9c4d-341c1761d5b2"}
2026-09-03T17:30:08+00:00 INFO Central order received successfully. CONTEXT: {"store_id":"site1","source_order_id":376444,"central_order_id":6852,"request_id":"701ab6d1-3fe8-4707-a3cf-b79c34ae44f0","event":"orderupdated"}
2026-09-03T17:30:51+00:00 INFO Central order received successfully. CONTEXT: {"store_id":"site1","source_order_id":376444,"central_order_id":6852,"request_id":"44f22f09-bc46-4356-9420-08af64e36198","event":"orderupdated"}
2026-09-03T17:31:30+00:00 INFO Central order received successfully. CONTEXT: {"store_id":"site1","source_order_id":376444,"central_order_id":6852,"request_id":"371917a4-f429-4ae5-89d1-b8b93cd92d46","event":"orderupdated"}
2026-09-03T17:32:09+00:00 INFO Central order received successfully. CONTEXT: {"store_id":"site1","source_order_id":376444,"central_order_id":6852,"request_id":"134dae3b-3765-497b-9a6e-9ea05b542187","event":"orderupdated"}
2026-09-03T17:33:46+00:00 INFO Central bulk source orders received. CONTEXT: {"store_id":"site1","received":20,"succeeded":20,"failed":0,"request_id":"ad8266fd-373e-416f-981f-12eb2c04e450"}
2026-09-03T17:34:21+00:00 INFO Central bulk source orders received. CONTEXT: {"store_id":"site1","received":20,"succeeded":20,"failed":0,"request_id":"f962aeff-0457-4aac-8681-2b793a4f5171"}
2026-09-03T17:34:42+00:00 INFO Central order received successfully. CONTEXT: {"store_id":"site1","source_order_id":376444,"central_order_id":6852,"request_id":"afcf4b06-6170-4b6d-baef-cd75cea3e692","event":"orderupdated"}
2026-09-03T17:35:00+00:00 INFO Central bulk source orders received. CONTEXT: {"store_id":"site1","received":20,"succeeded":20,"failed":0,"request_id":"bcc2ba58-cca3-4ed8-b4a2-f667e0aaf9fb"}
2026-09-03T17:35:04+00:00 INFO Central order received successfully. CONTEXT: {"store_id":"site1","source_order_id":376444,"central_order_id":6852,"request_id":"ef78a7e1-ed03-4670-8be1-71f4e38ba702","event":"orderupdated"}
2026-09-03T17:35:16+00:00 INFO Central order received successfully. CONTEXT: {"store_id":"site1","source_order_id":376444,"central_order_id":6852,"request_id":"999324f1-451e-4d69-86e6-75faf3b851ee","event":"orderupdated"}
2026-09-03T17:38:36+00:00 INFO Central bulk source orders received. CONTEXT: {"store_id":"site1","received":20,"succeeded":20,"failed":0,"request_id":"978a63b8-72c5-4a50-b7f7-cd1f916ef5b2"}
2026-09-03T17:38:52+00:00 INFO Central order received successfully. CONTEXT: {"store_id":"site1","source_order_id":365707,"central_order_id":660,"request_id":"6e15d666-2aea-43c0-84e9-5f4d82aea44c","event":"orderupdated"}
2026-09-03T17:38:59+00:00 INFO Central bulk source orders received. CONTEXT: {"store_id":"site1","received":20,"succeeded":20,"failed":0,"request_id":"c692b3d0-aeb2-4fbb-ab7c-1cf95b645491"}
2026-09-03T17:39:15+00:00 INFO Central order received successfully. CONTEXT: {"store_id":"site1","source_order_id":365707,"central_order_id":660,"request_id":"1998819b-7fdf-47a2-83dc-793631eee486","event":"orderupdated"}
2026-09-03T17:39:54+00:00 INFO Central order received successfully. CONTEXT: {"store_id":"site1","source_order_id":365707,"central_order_id":660,"request_id":"03c4cb85-0951-4bb0-b902-6ebd84e6b0a7","event":"orderupdated"}
2026-09-03T17:40:36+00:00 INFO Central order received successfully. CONTEXT: {"store_id":"site1","source_order_id":365707,"central_order_id":660,"request_id":"d7fe5daa-0dd1-496e-8a00-94af49af0bb0","event":"orderupdated"}
2026-09-03T17:41:04+00:00 INFO Central order received successfully. CONTEXT: {"store_id":"site1","source_order_id":365707,"central_order_id":660,"request_id":"8574ea5d-0cb9-4dd0-bf39-351bf789ecaf","event":"orderupdated"}
2026-09-03T17:41:09+00:00 INFO Central order received successfully. CONTEXT: {"store_id":"site1","source_order_id":365707,"central_order_id":660,"request_id":"e8e1c25c-995e-448c-b402-909920d4b22a","event":"orderupdated"}
2026-09-03T17:41:17+00:00 INFO Central order received successfully. CONTEXT: {"store_id":"site1","source_order_id":365707,"central_order_id":660,"request_id":"e49aa6a4-c00c-4cd8-9549-c5879af4374f","event":"orderupdated"}
2026-09-03T17:41:46+00:00 INFO Central order received successfully. CONTEXT: {"store_id":"site1","source_order_id":365707,"central_order_id":660,"request_id":"8c2bc687-c34e-4a64-9524-5b784a735440","event":"orderupdated"}
2026-09-03T17:41:54+00:00 INFO Central order received successfully. CONTEXT: {"store_id":"site1","source_order_id":365707,"central_order_id":660,"request_id":"562bd12b-b26f-4c40-9751-a28c1f7f4fe1","event":"orderupdated"}
2026-09-03T17:42:27+00:00 INFO Central order received successfully. CONTEXT: {"store_id":"site1","source_order_id":365707,"central_order_id":660,"request_id":"dc8ce00a-4028-4de0-9585-df8a72431b04","event":"orderupdated"}
2026-09-03T17:42:35+00:00 INFO Central order received successfully. CONTEXT: {"store_id":"site1","source_order_id":365707,"central_order_id":660,"request_id":"e6bf4434-daed-4b96-9667-eb2cd03f54b3","event":"orderupdated"}
2026-09-03T17:43:05+00:00 INFO Central order received successfully. CONTEXT: {"store_id":"site1","source_order_id":365707,"central_order_id":660,"request_id":"b370c1db-b24f-4804-a883-79d1f30f6c97","event":"orderupdated"}
2026-09-03T17:43:08+00:00 INFO Central order received successfully. CONTEXT: {"store_id":"site1","source_order_id":365707,"central_order_id":660,"request_id":"597b91c7-63e6-4095-844f-3f069a4fd080","event":"orderupdated"}
2026-09-03T17:43:12+00:00 INFO Central order received successfully. CONTEXT: {"store_id":"site1","source_order_id":365707,"central_order_id":660,"request_id":"4c69b7f6-daf9-4168-a8eb-61683cc554f8","event":"orderupdated"}
2026-09-03T17:48:24+00:00 INFO Central order received successfully. CONTEXT: {"store_id":"site1","source_order_id":365707,"central_order_id":660,"request_id":"da63f8e9-919b-4e32-8b5f-500dece1ffad","event":"orderupdated"}
2026-09-03T17:49:03+00:00 INFO Central order received successfully. CONTEXT: {"store_id":"site1","source_order_id":365707,"central_order_id":660,"request_id":"c6fb8a0f-b032-4236-aed4-7af8056867d9","event":"orderupdated"}
2026-09-03T17:49:40+00:00 INFO Central order received successfully. CONTEXT: {"store_id":"site1","source_order_id":365707,"central_order_id":660,"request_id":"570a7e03-aca0-4dda-a6ff-940ea19b83ac","event":"orderupdated"}
2026-09-03T17:49:48+00:00 INFO Central order received successfully. CONTEXT: {"store_id":"site1","source_order_id":365707,"central_order_id":660,"request_id":"e97a9288-7089-4237-be82-857a913da565","event":"orderupdated"}
2026-09-03T17:50:18+00:00 INFO Central order received successfully. CONTEXT: {"store_id":"site1","source_order_id":365707,"central_order_id":660,"request_id":"2842eef1-ad8c-4abb-a7a7-0826694d650c","event":"orderupdated"}
2026-09-03T17:50:26+00:00 INFO Central order received successfully. CONTEXT: {"store_id":"site1","source_order_id":365707,"central_order_id":660,"request_id":"1d7bb74f-44b7-4c9f-ad0e-b63493e5853d","event":"orderupdated"}
2026-09-03T17:51:00+00:00 INFO Central order received successfully. CONTEXT: {"store_id":"site1","source_order_id":365707,"central_order_id":660,"request_id":"2adbb508-754a-4820-80ec-dbe206ce5b17","event":"orderupdated"}
2026-09-03T17:51:04+00:00 INFO Central order received successfully. CONTEXT: {"store_id":"site1","source_order_id":365707,"central_order_id":660,"request_id":"9241339e-d339-4896-8dae-8c392f8e0223","event":"orderupdated"}
2026-09-03T17:51:06+00:00 INFO Central order received successfully. CONTEXT: {"store_id":"site1","source_order_id":365707,"central_order_id":660,"request_id":"1096c0b8-8b1e-4bdb-81a1-30ee92c4a64e","event":"orderupdated"}
2026-09-03T17:51:19+00:00 INFO Central order received successfully. CONTEXT: {"store_id":"site1","source_order_id":365707,"central_order_id":660,"request_id":"9fbecd29-6db3-4dcc-aa70-e6a0accd18e3","event":"orderupdated"}
2026-09-03T17:51:40+00:00 INFO Central order received successfully. CONTEXT: {"store_id":"site1","source_order_id":365707,"central_order_id":660,"request_id":"b38cbaa0-e855-4297-8802-60ab30e3d0c7","event":"orderupdated"}
2026-09-03T17:51:47+00:00 INFO Central order received successfully. CONTEXT: {"store_id":"site1","source_order_id":365707,"central_order_id":660,"request_id":"008d6baa-4dc3-48b3-96eb-854d5621bc9b","event":"orderupdated"}
2026-09-03T17:51:57+00:00 INFO Central order received successfully. CONTEXT: {"store_id":"site1","source_order_id":365707,"central_order_id":660,"request_id":"789d9360-6a13-4213-8b87-893b6d1843a5","event":"orderupdated"}
2026-09-03T17:55:06+00:00 INFO Central bulk source orders received. CONTEXT: {"store_id":"site1","received":20,"succeeded":20,"failed":0,"request_id":"83136504-0226-4192-9a22-99f8d55c2e8d"}
2026-09-03T17:55:14+00:00 INFO Central order received successfully. CONTEXT: {"store_id":"site1","source_order_id":365707,"central_order_id":660,"request_id":"4ca7a51c-38df-45a1-ac9c-d36687988bb5","event":"orderupdated"}
2026-09-03T17:55:17+00:00 INFO Central bulk source orders received. CONTEXT: {"store_id":"site1","received":20,"succeeded":20,"failed":0,"request_id":"45fc7651-7687-4cd9-9be1-f5ddb4da46e7"}
2026-09-03T17:55:21+00:00 INFO Central order received successfully. CONTEXT: {"store_id":"site1","source_order_id":365707,"central_order_id":660,"request_id":"6d15525f-1dab-4a95-a405-5291e68ab138","event":"orderupdated"}
2026-09-03T17:55:39+00:00 INFO Central bulk source orders received. CONTEXT: {"store_id":"site1","received":20,"succeeded":20,"failed":0,"request_id":"6b8b3948-e11a-4700-9e87-09c87d2eca64"}
2026-09-03T17:55:58+00:00 INFO Central order received successfully. CONTEXT: {"store_id":"site1","source_order_id":365707,"central_order_id":660,"request_id":"a54882c6-57f2-4487-9bd6-d145cf7fca55","event":"orderupdated"}
2026-09-03T17:56:08+00:00 INFO Central bulk source orders received. CONTEXT: {"store_id":"site1","received":20,"succeeded":20,"failed":0,"request_id":"613f66d9-3770-4d3a-81ff-52c12831173f"}
2026-09-03T17:56:26+00:00 INFO Central order received successfully. CONTEXT: {"store_id":"site1","source_order_id":376445,"central_order_id":6853,"request_id":"0873fe84-c2cd-476d-bf4c-5e191db629c1","event":"orderupdated"}
2026-09-03T17:56:34+00:00 INFO Central bulk source orders received. CONTEXT: {"store_id":"site1","received":20,"succeeded":20,"failed":0,"request_id":"0df5a641-9cc7-4bca-9710-e3c57dc55ba8"}
2026-09-03T17:56:49+00:00 INFO Central order received successfully. CONTEXT: {"store_id":"site1","source_order_id":376445,"central_order_id":6853,"request_id":"e7da1c5d-bf0f-43a3-a7eb-8c74ebac9501","event":"orderupdated"}
2026-09-03T17:57:01+00:00 INFO Central bulk source orders received. CONTEXT: {"store_id":"site1","received":20,"succeeded":20,"failed":0,"request_id":"ce4449c4-b0a6-4a1b-b0f2-b9ca2a941e50"}
2026-09-03T17:57:04+00:00 INFO Central order received successfully. CONTEXT: {"store_id":"site1","source_order_id":376445,"central_order_id":6853,"request_id":"43c200f5-28a0-4b74-8e85-708631b43775","event":"orderupdated"}
2026-09-03T17:57:23+00:00 INFO Central order received successfully. CONTEXT: {"store_id":"site1","source_order_id":365707,"central_order_id":660,"request_id":"cb82d45f-c385-4cb6-b358-f30eed1f35bc","event":"orderupdated"}
2026-09-03T17:57:26+00:00 INFO Central bulk source orders received. CONTEXT: {"store_id":"site1","received":20,"succeeded":20,"failed":0,"request_id":"47e0ea01-d8f7-498e-8447-7c6cdcf2f2b7"}
2026-09-03T17:57:27+00:00 INFO Central order received successfully. CONTEXT: {"store_id":"site1","source_order_id":376445,"central_order_id":6853,"request_id":"f91fa148-30e2-4d2c-94cf-8a90a42ee9b0","event":"orderupdated"}
2026-09-03T17:57:41+00:00 INFO Central order received successfully. CONTEXT: {"store_id":"site1","source_order_id":376445,"central_order_id":6853,"request_id":"701ac290-23a1-4608-a1ee-aa4e5e51ebe5","event":"orderupdated"}
2026-09-03T17:57:54+00:00 INFO Central bulk source orders received. CONTEXT: {"store_id":"site1","received":20,"succeeded":20,"failed":0,"request_id":"ccbac0bf-bb70-4fd8-99c7-5a24705d8aa8"}
2026-09-03T17:58:02+00:00 INFO Central order received successfully. CONTEXT: {"store_id":"site1","source_order_id":365707,"central_order_id":660,"request_id":"29b7fc9e-5143-43b6-ab27-1cb9692d62d4","event":"orderupdated"}
2026-09-03T17:58:05+00:00 INFO Central order received successfully. CONTEXT: {"store_id":"site1","source_order_id":376445,"central_order_id":6853,"request_id":"786091b9-18a2-4c5d-8cd4-d2381ff43790","event":"orderupdated"}
2026-09-03T17:58:09+00:00 INFO Central order received successfully. CONTEXT: {"store_id":"site1","source_order_id":376445,"central_order_id":6853,"request_id":"9ba03d3f-4310-48d4-ae89-834b920f45c5","event":"orderupdated"}
2026-09-03T17:58:17+00:00 INFO Central bulk source orders received. CONTEXT: {"store_id":"site1","received":20,"succeeded":20,"failed":0,"request_id":"5e0a1148-3768-4a13-a297-e1af560ebe21"}
2026-09-03T17:58:48+00:00 INFO Central bulk source orders received. CONTEXT: {"store_id":"site1","received":20,"succeeded":20,"failed":0,"request_id":"be85f5db-6d42-451a-9fa0-b60696bd1467"}
2026-09-03T18:00:30+00:00 INFO Central order received successfully. CONTEXT: {"store_id":"site1","source_order_id":376445,"central_order_id":6853,"request_id":"acd7c43f-d8bd-4e1b-b179-eb50e53f3e7d","event":"orderupdated"}
2026-09-03T18:01:07+00:00 INFO Central order received successfully. CONTEXT: {"store_id":"site1","source_order_id":376445,"central_order_id":6853,"request_id":"61bb3e59-8949-4791-adb2-bd8b01123a9e","event":"orderupdated"}
2026-09-03T18:01:27+00:00 INFO Central order received successfully. CONTEXT: {"store_id":"site1","source_order_id":365707,"central_order_id":660,"request_id":"b5c781da-0574-44cf-bcad-cbf9ea8bb32f","event":"orderupdated"}
2026-09-03T18:01:41+00:00 INFO Central bulk source orders received. CONTEXT: {"store_id":"site1","received":20,"succeeded":20,"failed":0,"request_id":"87c690dd-e44a-4eb7-8a0e-06e7ec71daf8"}
2026-09-03T18:01:44+00:00 INFO Central order received successfully. CONTEXT: {"store_id":"site1","source_order_id":376445,"central_order_id":6853,"request_id":"87fe1d1c-3ec5-4e1c-95c3-3c3ab9171409","event":"orderupdated"}
2026-09-03T18:02:04+00:00 INFO Central order received successfully. CONTEXT: {"store_id":"site1","source_order_id":365707,"central_order_id":660,"request_id":"1a57f125-b52c-4c52-9339-c8fc0eabd6b9","event":"orderupdated"}
2026-09-03T18:02:05+00:00 INFO Central order received successfully. CONTEXT: {"store_id":"site1","source_order_id":365707,"central_order_id":660,"request_id":"86e80d46-62ad-4170-987f-bf9961771bb9","event":"orderupdated"}
2026-09-03T18:02:14+00:00 INFO Central bulk source orders received. CONTEXT: {"store_id":"site1","received":20,"succeeded":20,"failed":0,"request_id":"4f0e46ec-3946-4834-8283-9636bc8ecf47"}
2026-09-03T18:02:21+00:00 INFO Central order received successfully. CONTEXT: {"store_id":"site1","source_order_id":365707,"central_order_id":660,"request_id":"32f578e4-e851-4bea-84d5-2ef0f5505a1f","event":"orderupdated"}
2026-09-03T18:03:01+00:00 INFO Central order received successfully. CONTEXT: {"store_id":"site1","source_order_id":365707,"central_order_id":660,"request_id":"462cbc4d-7478-484e-8adc-c8ce00c2fb55","event":"orderupdated"}
2026-09-03T18:03:39+00:00 INFO Central order received successfully. CONTEXT: {"store_id":"site1","source_order_id":365707,"central_order_id":660,"request_id":"96758e6a-d7eb-40f6-84a2-b8f78386b12b","event":"orderupdated"}
2026-09-03T18:03:55+00:00 INFO Central order received successfully. CONTEXT: {"store_id":"site1","source_order_id":365707,"central_order_id":660,"request_id":"7e4cae94-eb1f-4172-a501-df2e8c8aa66f","event":"orderupdated"}
2026-09-03T18:04:20+00:00 INFO Central order received successfully. CONTEXT: {"store_id":"site1","source_order_id":365707,"central_order_id":660,"request_id":"cdb0a0a3-9350-4958-b08e-fccc4b9a7e78","event":"orderupdated"}
2026-09-03T18:04:35+00:00 INFO Central order received successfully. CONTEXT: {"store_id":"site1","source_order_id":365707,"central_order_id":660,"request_id":"0d08c160-d475-4760-ab58-b4f28dc215d9","event":"orderupdated"}
2026-09-03T18:04:54+00:00 INFO Central order received successfully. CONTEXT: {"store_id":"site1","source_order_id":365707,"central_order_id":660,"request_id":"e0714f57-bb8c-499d-ac8c-0df9c5f13ed7","event":"orderupdated"}
2026-09-03T18:05:29+00:00 INFO Central order received successfully. CONTEXT: {"store_id":"site1","source_order_id":365707,"central_order_id":660,"request_id":"687f1ef4-e0fc-4a1e-9e94-16bfbc086279","event":"orderupdated"}
2026-09-03T18:05:36+00:00 INFO Central order received successfully. CONTEXT: {"store_id":"site1","source_order_id":365707,"central_order_id":660,"request_id":"699e1351-4480-4d46-9120-d48d476c3a9d","event":"orderupdated"}
2026-09-03T18:06:04+00:00 INFO Central bulk source orders received. CONTEXT: {"store_id":"site1","received":20,"succeeded":20,"failed":0,"request_id":"c2965767-346a-4145-a5db-36998f1202f5"}
2026-09-03T18:06:10+00:00 INFO Central order received successfully. CONTEXT: {"store_id":"site1","source_order_id":365707,"central_order_id":660,"request_id":"e48f9c41-2113-4840-aebf-bec83a73f6e5","event":"orderupdated"}
2026-09-03T18:06:17+00:00 INFO Central order received successfully. CONTEXT: {"store_id":"site1","source_order_id":365707,"central_order_id":660,"request_id":"d6b50bd0-1992-46f8-b90e-3314e839e391","event":"orderupdated"}
2026-09-03T18:06:51+00:00 INFO Central order received successfully. CONTEXT: {"store_id":"site1","source_order_id":365707,"central_order_id":660,"request_id":"75b0e90d-e51f-4796-a1df-9fb60bb63220","event":"orderupdated"}
2026-09-03T18:06:58+00:00 INFO Central order received successfully. CONTEXT: {"store_id":"site1","source_order_id":365707,"central_order_id":660,"request_id":"3b8f4d5a-45a1-43e7-931e-db8e97ccd594","event":"orderupdated"}
2026-09-03T18:07:00+00:00 INFO Central bulk source orders received. CONTEXT: {"store_id":"site1","received":20,"succeeded":20,"failed":0,"request_id":"bb648d09-785d-41d0-af19-1b6724e6c571"}
2026-09-03T18:07:05+00:00 INFO Central order received successfully. CONTEXT: {"store_id":"site1","source_order_id":365707,"central_order_id":660,"request_id":"03ed045d-e71d-4227-b411-1d67e294d247","event":"orderupdated"}
2026-09-03T18:07:27+00:00 INFO Central order received successfully. CONTEXT: {"store_id":"site1","source_order_id":365707,"central_order_id":660,"request_id":"3fe186cb-9390-46da-b30e-067976bacd38","event":"orderupdated"}
2026-09-03T18:07:42+00:00 INFO Central order received successfully. CONTEXT: {"store_id":"site1","source_order_id":365707,"central_order_id":660,"request_id":"f2c08830-9697-415b-98eb-ed32beb00f4a","event":"orderupdated"}
2026-09-03T18:07:51+00:00 INFO Central bulk source orders received. CONTEXT: {"store_id":"site1","received":20,"succeeded":20,"failed":0,"request_id":"8c6a64a8-859c-4ef9-9bc8-39627bdf93ff"}
2026-09-03T18:08:05+00:00 INFO Central order received successfully. CONTEXT: {"store_id":"site1","source_order_id":365707,"central_order_id":660,"request_id":"09bebd58-b073-4025-8ec7-c86c50d34e9a","event":"orderupdated"}
2026-09-03T18:08:08+00:00 INFO Central order received successfully. CONTEXT: {"store_id":"site1","source_order_id":365707,"central_order_id":660,"request_id":"5e3666a7-9851-43df-8374-7fd948e3a740","event":"orderupdated"}
2026-09-03T18:08:19+00:00 INFO Central order received successfully. CONTEXT: {"store_id":"site1","source_order_id":365707,"central_order_id":660,"request_id":"5883fa54-4bb9-45a3-ae72-9f0ff1d55c19","event":"orderupdated"}
2026-09-03T18:08:42+00:00 INFO Central bulk source orders received. CONTEXT: {"store_id":"site1","received":20,"succeeded":20,"failed":0,"request_id":"ac77e862-f2b4-4ff2-b401-e305788d94e7"}
2026-09-03T18:08:49+00:00 INFO Central order received successfully. CONTEXT: {"store_id":"site1","source_order_id":365707,"central_order_id":660,"request_id":"7b5e7d62-40aa-4aa2-bc6b-9fdcab3daf7e","event":"orderupdated"}
2026-09-03T18:08:56+00:00 INFO Central order received successfully. CONTEXT: {"store_id":"site1","source_order_id":365707,"central_order_id":660,"request_id":"f13e2781-6702-4746-919e-7ac11aeff9ac","event":"orderupdated"}
2026-09-03T18:09:26+00:00 INFO Central order received successfully. CONTEXT: {"store_id":"site1","source_order_id":365707,"central_order_id":660,"request_id":"255639a7-beeb-4ecd-b16c-eb9b74853ed9","event":"orderupdated"}
2026-09-03T18:09:35+00:00 INFO Central bulk source orders received. CONTEXT: {"store_id":"site1","received":20,"succeeded":20,"failed":0,"request_id":"93d5156d-80ec-4c7d-baf7-8d228167dab2"}
2026-09-03T18:09:36+00:00 INFO Central order received successfully. CONTEXT: {"store_id":"site1","source_order_id":376446,"central_order_id":6855,"request_id":"52cf8efb-13b0-4869-b20e-d8000f244e86","event":"orderupdated"}
2026-09-03T18:09:55+00:00 INFO Central bulk source orders received. CONTEXT: {"store_id":"site1","received":20,"succeeded":20,"failed":0,"request_id":"62c3fa54-7809-418d-b51c-c456022cd150"}
2026-09-03T18:09:57+00:00 INFO Central order received successfully. CONTEXT: {"store_id":"site1","source_order_id":365707,"central_order_id":660,"request_id":"92ca9e44-1483-4bde-9329-c11ecf9e1f85","event":"orderupdated"}
2026-09-03T18:10:02+00:00 INFO Central order received successfully. CONTEXT: {"store_id":"site1","source_order_id":365707,"central_order_id":660,"request_id":"a206be18-e96a-40cb-89c9-7db1185792fc","event":"orderupdated"}
2026-09-03T18:10:14+00:00 INFO Central order received successfully. CONTEXT: {"store_id":"site1","source_order_id":376446,"central_order_id":6855,"request_id":"30075d67-bcc2-4667-bf19-22849f3308d7","event":"orderupdated"}
2026-09-03T18:10:25+00:00 INFO Central bulk source orders received. CONTEXT: {"store_id":"site1","received":20,"succeeded":20,"failed":0,"request_id":"118cdfbf-17ea-461c-b0e7-000d7dd1a9bc"}
2026-09-03T18:10:36+00:00 INFO Central order received successfully. CONTEXT: {"store_id":"site1","source_order_id":365707,"central_order_id":660,"request_id":"9095205f-a41f-41e0-8290-65850e5ff1f3","event":"orderupdated"}
2026-09-03T18:10:44+00:00 INFO Central order received successfully. CONTEXT: {"store_id":"site1","source_order_id":365707,"central_order_id":660,"request_id":"dc2cfc4d-43a3-4d2d-bcb8-3acee578c6e5","event":"orderupdated"}
2026-09-03T18:10:48+00:00 INFO Central bulk source orders received. CONTEXT: {"store_id":"site1","received":20,"succeeded":20,"failed":0,"request_id":"578622a8-4eb9-4358-943e-3d29c7c26b6d"}
2026-09-03T18:10:56+00:00 INFO Central order received successfully. CONTEXT: {"store_id":"site1","source_order_id":376446,"central_order_id":6855,"request_id":"e5678c1b-5227-4b4b-b728-0af0a885d1e5","event":"orderupdated"}
2026-09-03T18:11:05+00:00 INFO Central order received successfully. CONTEXT: {"store_id":"site1","source_order_id":376446,"central_order_id":6855,"request_id":"bd745a8c-fe43-4052-97e0-c06de3fdab18","event":"orderupdated"}
2026-09-03T18:11:11+00:00 INFO Central order received successfully. CONTEXT: {"store_id":"site1","source_order_id":376446,"central_order_id":6855,"request_id":"dd650b34-e5f8-4269-993d-732ce359afbd","event":"orderupdated"}
2026-09-03T18:11:18+00:00 INFO Central order received successfully. CONTEXT: {"store_id":"site1","source_order_id":365707,"central_order_id":660,"request_id":"26db3b3c-1469-4000-84c5-44e108311a4b","event":"orderupdated"}
2026-09-03T18:11:20+00:00 INFO Central bulk source orders received. CONTEXT: {"store_id":"site1","received":20,"succeeded":20,"failed":0,"request_id":"47d6f2b3-415d-45aa-84d7-4fe668b785b1"}
2026-09-03T18:11:31+00:00 INFO Central order received successfully. CONTEXT: {"store_id":"site1","source_order_id":365707,"central_order_id":660,"request_id":"0ffaa4fa-70da-4ba7-8919-eb3032b9e83f","event":"orderupdated"}
2026-09-03T18:11:35+00:00 INFO Central order received successfully. CONTEXT: {"store_id":"site1","source_order_id":376446,"central_order_id":6855,"request_id":"f03de1fe-a4e9-49f6-b19b-71f04e17e55a","event":"orderupdated"}
2026-09-03T18:11:40+00:00 INFO Central bulk source orders received. CONTEXT: {"store_id":"site1","received":20,"succeeded":20,"failed":0,"request_id":"d24ea184-c9c6-4bfd-a1f6-b76087c64418"}
2026-09-03T18:11:50+00:00 INFO Central order received successfully. CONTEXT: {"store_id":"site1","source_order_id":376446,"central_order_id":6855,"request_id":"2bfbce3f-9dce-47c5-aeb0-61b6c9d54852","event":"orderupdated"}
2026-09-03T18:12:19+00:00 INFO Central bulk source orders received. CONTEXT: {"store_id":"site1","received":20,"succeeded":20,"failed":0,"request_id":"30620912-0443-4a4f-9398-77a73b4eb041"}
2026-09-03T18:13:13+00:00 INFO Central bulk source orders received. CONTEXT: {"store_id":"site1","received":20,"succeeded":20,"failed":0,"request_id":"52decd3e-785e-46d7-add3-42a47ef6b1fc"}
2026-09-03T18:14:05+00:00 INFO Central bulk source orders received. CONTEXT: {"store_id":"site1","received":20,"succeeded":20,"failed":0,"request_id":"89ebc7a1-b662-4c81-a0db-d386b29523fb"}
2026-09-03T18:14:15+00:00 INFO Central bulk source orders received. CONTEXT: {"store_id":"site1","received":20,"succeeded":20,"failed":0,"request_id":"a08907f5-7304-4b6f-9ba8-8a320ea1c1d8"}
2026-09-03T18:15:06+00:00 INFO Central bulk source orders received. CONTEXT: {"store_id":"site1","received":20,"succeeded":20,"failed":0,"request_id":"0027ce31-a268-4aeb-9bd1-43bdda8e2f27"}
2026-09-03T18:15:15+00:00 INFO Central bulk source orders received. CONTEXT: {"store_id":"site1","received":20,"succeeded":20,"failed":0,"request_id":"ff3d28c9-5898-4ceb-8b0d-5ec5d6df8e3b"}
2026-09-03T18:16:06+00:00 INFO Central bulk source orders received. CONTEXT: {"store_id":"site1","received":20,"succeeded":20,"failed":0,"request_id":"f721e3d0-42e4-4e59-be1e-5f8bbcd1f201"}
2026-09-03T18:16:56+00:00 INFO Central bulk source orders received. CONTEXT: {"store_id":"site1","received":20,"succeeded":20,"failed":0,"request_id":"4d68b047-6a16-4b1f-adb4-f5df5586969e"}
2026-09-03T18:17:44+00:00 INFO Central order received successfully. CONTEXT: {"store_id":"site1","source_order_id":376446,"central_order_id":6855,"request_id":"e64a223c-a345-4c5f-8161-5c7b3f69b2a8","event":"orderupdated"}
2026-09-03T18:17:49+00:00 INFO Central bulk source orders received. CONTEXT: {"store_id":"site1","received":20,"succeeded":20,"failed":0,"request_id":"17cc15c9-25cd-4169-8989-977537e48d52"}
2026-09-03T18:18:22+00:00 INFO Central order received successfully. CONTEXT: {"store_id":"site1","source_order_id":376446,"central_order_id":6855,"request_id":"7e03a102-d915-4420-b1f1-a9d983da8742","event":"orderupdated"}
2026-09-03T18:18:44+00:00 INFO Central bulk source orders received. CONTEXT: {"store_id":"site1","received":20,"succeeded":20,"failed":0,"request_id":"25284cf9-1ebf-4bce-9014-3bd52ff2b31d"}
2026-09-03T18:18:59+00:00 INFO Central order received successfully. CONTEXT: {"store_id":"site1","source_order_id":376446,"central_order_id":6855,"request_id":"4d26b54f-7e2e-4c9b-9b00-cca9d4bb4813","event":"orderupdated"}
2026-09-03T18:19:09+00:00 INFO Central order received successfully. CONTEXT: {"store_id":"site1","source_order_id":376448,"central_order_id":6856,"request_id":"11217457-1a11-485d-905e-4cce50c61b32","event":"orderupdated"}
2026-09-03T18:19:14+00:00 INFO Central bulk source orders received. CONTEXT: {"store_id":"site1","received":20,"succeeded":20,"failed":0,"request_id":"239e23e3-8c0f-4d81-b45f-332222c5809c"}
2026-09-03T18:19:17+00:00 INFO Central order received successfully. CONTEXT: {"store_id":"site1","source_order_id":376448,"central_order_id":6856,"request_id":"f1f16936-4824-41d4-b752-06239cde2a70","event":"orderupdated"}
2026-09-03T18:19:32+00:00 INFO Central order received successfully. CONTEXT: {"store_id":"site1","source_order_id":365707,"central_order_id":660,"request_id":"2e5849db-662c-467b-8965-5f2538913da8","event":"orderupdated"}
2026-09-03T18:19:34+00:00 INFO Central bulk source orders received. CONTEXT: {"store_id":"site1","received":20,"succeeded":20,"failed":0,"request_id":"28aed783-ae4e-4ad9-acee-7156bdafd9a4"}
2026-09-03T18:19:36+00:00 INFO Central order received successfully. CONTEXT: {"store_id":"site1","source_order_id":376446,"central_order_id":6855,"request_id":"1321b5d2-4005-4280-8c3c-2920fbdda626","event":"orderupdated"}
2026-09-03T18:19:48+00:00 INFO Central order received successfully. CONTEXT: {"store_id":"site1","source_order_id":376448,"central_order_id":6856,"request_id":"1cbe6c39-0108-4ce0-8a0d-d3b0fd858fa6","event":"orderupdated"}
2026-09-03T18:19:56+00:00 INFO Central order received successfully. CONTEXT: {"store_id":"site1","source_order_id":376448,"central_order_id":6856,"request_id":"cdd229ee-a6ff-416a-be51-1ee39e41595b","event":"orderupdated"}
2026-09-03T18:20:04+00:00 INFO Central bulk source orders received. CONTEXT: {"store_id":"site1","received":20,"succeeded":20,"failed":0,"request_id":"ac8b7cd8-4a26-4b71-a4ee-3927cf27e73a"}
2026-09-03T18:20:17+00:00 INFO Central order received successfully. CONTEXT: {"store_id":"site1","source_order_id":376446,"central_order_id":6855,"request_id":"35867055-18a5-4c8c-b913-a3ce9e3173f5","event":"orderupdated"}
2026-09-03T18:23:23+00:00 INFO Central order received successfully. CONTEXT: {"store_id":"site1","source_order_id":376448,"central_order_id":6856,"request_id":"9f56ab26-6305-429b-b727-f6a15c2e01ff","event":"orderupdated"}
2026-09-03T18:23:26+00:00 INFO Central bulk source orders received. CONTEXT: {"store_id":"site1","received":20,"succeeded":20,"failed":0,"request_id":"5af542f4-d683-4fd1-a27c-0955259bc4c1"}
2026-09-03T18:23:43+00:00 INFO Central order received successfully. CONTEXT: {"store_id":"site1","source_order_id":365707,"central_order_id":660,"request_id":"328b1b06-3af4-4ecd-a86e-88cba02ffa10","event":"orderupdated"}
2026-09-03T18:23:50+00:00 INFO Central bulk source orders received. CONTEXT: {"store_id":"site1","received":20,"succeeded":20,"failed":0,"request_id":"fafe3ed3-8196-43ea-820a-8c624b68747b"}
2026-09-03T18:24:12+00:00 INFO Central bulk source orders received. CONTEXT: {"store_id":"site1","received":20,"succeeded":20,"failed":0,"request_id":"d1d9e6e9-0234-4524-b0ab-bc1a85b7de96"}
2026-09-03T18:24:20+00:00 INFO Central order received successfully. CONTEXT: {"store_id":"site1","source_order_id":365707,"central_order_id":660,"request_id":"f071175d-66f4-4da2-b19f-af46f62f398c","event":"orderupdated"}
2026-09-03T18:26:16+00:00 INFO Central bulk source orders received. CONTEXT: {"store_id":"site1","received":20,"succeeded":20,"failed":0,"request_id":"9722dc53-c4e0-4329-baeb-5473c46b35ab"}
2026-09-03T18:26:27+00:00 INFO Central order received successfully. CONTEXT: {"store_id":"site1","source_order_id":365707,"central_order_id":660,"request_id":"0fbcb0ea-3ced-497d-a31b-39b797d6f8e4","event":"orderupdated"}
2026-09-03T18:26:38+00:00 INFO Central bulk source orders received. CONTEXT: {"store_id":"site1","received":20,"succeeded":20,"failed":0,"request_id":"468c50fb-ff37-4022-abb7-a705f9287288"}
2026-09-03T18:26:41+00:00 INFO Central order received successfully. CONTEXT: {"store_id":"site1","source_order_id":365707,"central_order_id":660,"request_id":"c83c21c9-3499-4f3d-bce8-aedec39779f5","event":"orderupdated"}
2026-09-03T18:27:05+00:00 INFO Central bulk source orders received. CONTEXT: {"store_id":"site1","received":20,"succeeded":20,"failed":0,"request_id":"92fd0b5e-1104-41d6-ac16-42e79a7d6594"}
2026-09-03T18:33:10+00:00 INFO Central order received successfully. CONTEXT: {"store_id":"site1","source_order_id":365707,"central_order_id":660,"request_id":"ccf095e8-dfe8-4053-b555-c4175494530d","event":"orderupdated"}
2026-09-03T18:33:14+00:00 INFO Central bulk source orders received. CONTEXT: {"store_id":"site1","received":20,"succeeded":20,"failed":0,"request_id":"145c441d-fdf3-498f-ac1c-a7887ab522cc"}
2026-09-03T18:33:48+00:00 INFO Central order received successfully. CONTEXT: {"store_id":"site1","source_order_id":365707,"central_order_id":660,"request_id":"83477290-bc0a-4ea3-be58-dd6c0b42a101","event":"orderupdated"}
2026-09-03T18:33:49+00:00 INFO Central bulk source orders received. CONTEXT: {"store_id":"site1","received":20,"succeeded":20,"failed":0,"request_id":"1d9ee8a0-53d0-4bdd-a3d3-e5004f9b9831"}
2026-09-03T18:34:05+00:00 INFO Central bulk source orders received. CONTEXT: {"store_id":"site1","received":20,"succeeded":20,"failed":0,"request_id":"37fa7056-aaf7-408c-9632-d06491c748eb"}
2026-09-03T18:34:16+00:00 INFO Central bulk source orders received. CONTEXT: {"store_id":"site1","received":20,"succeeded":20,"failed":0,"request_id":"5d721d4c-3a2c-4e22-873d-256f4ce79708"}
2026-09-03T18:34:39+00:00 INFO Central bulk source orders received. CONTEXT: {"store_id":"site1","received":20,"succeeded":20,"failed":0,"request_id":"e7b12c39-1d63-4b8f-8d1d-117de123ca78"}
2026-09-03T18:35:02+00:00 INFO Central bulk source orders received. CONTEXT: {"store_id":"site1","received":20,"succeeded":20,"failed":0,"request_id":"282a265f-f25a-4430-8203-0b8f5f454df1"}
2026-09-03T18:35:30+00:00 INFO Central bulk source orders received. CONTEXT: {"store_id":"site1","received":20,"succeeded":20,"failed":0,"request_id":"09c97728-c463-4ba5-9246-392370ead1eb"}
2026-09-03T18:35:51+00:00 INFO Central bulk source orders received. CONTEXT: {"store_id":"site1","received":20,"succeeded":20,"failed":0,"request_id":"0da8965c-4f4e-4e49-a84f-9ac8434a04dd"}
2026-09-03T18:36:12+00:00 INFO Central bulk source orders received. CONTEXT: {"store_id":"site1","received":20,"succeeded":20,"failed":0,"request_id":"bbd4aa18-5322-414e-a810-a892ec264da5"}
2026-09-03T18:36:43+00:00 INFO Central bulk source orders received. CONTEXT: {"store_id":"site1","received":20,"succeeded":20,"failed":0,"request_id":"a4d5d37b-7e99-4344-99b0-8e301cab1903"}
2026-09-03T18:37:03+00:00 INFO Central bulk source orders received. CONTEXT: {"store_id":"site1","received":20,"succeeded":20,"failed":0,"request_id":"a81d9d21-eeb5-4574-9b5b-606e85adfb9f"}
2026-09-03T18:37:33+00:00 INFO Central bulk source orders received. CONTEXT: {"store_id":"site1","received":20,"succeeded":20,"failed":0,"request_id":"d4cbd5cd-f85f-408d-b4df-2b97eb259860"}
2026-09-03T18:37:52+00:00 INFO Central bulk source orders received. CONTEXT: {"store_id":"site1","received":20,"succeeded":20,"failed":0,"request_id":"719a3603-cabb-4201-b819-a0a702f88284"}
2026-09-03T18:38:13+00:00 INFO Central order received successfully. CONTEXT: {"store_id":"site1","source_order_id":376450,"central_order_id":6859,"request_id":"cb5481ac-6115-4054-a65a-df3dab87ff80","event":"orderupdated"}
2026-09-03T18:38:23+00:00 INFO Central order received successfully. CONTEXT: {"store_id":"site1","source_order_id":376450,"central_order_id":6859,"request_id":"2b455f46-9642-40f6-82cc-2e465b037483","event":"orderupdated"}
2026-09-03T18:39:03+00:00 INFO Central order received successfully. CONTEXT: {"store_id":"site1","source_order_id":376450,"central_order_id":6859,"request_id":"427c7a41-d21a-47ea-b7b5-61b84f933142","event":"orderupdated"}
2026-09-03T18:40:05+00:00 INFO Central order received successfully. CONTEXT: {"store_id":"site1","source_order_id":376450,"central_order_id":6859,"request_id":"b517057e-7edf-4d17-a2e8-797668e951c5","event":"orderupdated"}
2026-09-03T18:40:44+00:00 INFO Central bulk source orders received. CONTEXT: {"store_id":"site1","received":20,"succeeded":20,"failed":0,"request_id":"835ec37d-1859-4030-922d-953772b8f8f9"}
2026-09-03T18:41:27+00:00 INFO Central bulk source orders received. CONTEXT: {"store_id":"site1","received":20,"succeeded":20,"failed":0,"request_id":"c42b0da9-7b95-4d9a-9994-bdd7b927c485"}
2026-09-03T18:43:10+00:00 INFO Central order received successfully. CONTEXT: {"store_id":"site1","source_order_id":376450,"central_order_id":6859,"request_id":"f36d2cc4-198d-49f6-b9f2-d4e1a67dc0be","event":"orderupdated"}
2026-09-03T18:43:13+00:00 INFO Central bulk source orders received. CONTEXT: {"store_id":"site1","received":20,"succeeded":20,"failed":0,"request_id":"8c68763b-280c-4489-b261-e3a0a9fa7e93"}
2026-09-03T18:43:27+00:00 INFO Central bulk source orders received. CONTEXT: {"store_id":"site1","received":20,"succeeded":20,"failed":0,"request_id":"dbe08006-17c8-4c93-8749-3ab60c24757c"}
2026-09-03T18:43:47+00:00 INFO Central bulk source orders received. CONTEXT: {"store_id":"site1","received":20,"succeeded":20,"failed":0,"request_id":"4e78af2b-46ff-4889-8c7f-ef3b8867da4e"}
2026-09-03T18:44:21+00:00 INFO Central bulk source orders received. CONTEXT: {"store_id":"site1","received":20,"succeeded":20,"failed":0,"request_id":"99d92890-fb71-48a2-a80e-4f1cbe7308ac"}
2026-09-03T18:44:35+00:00 INFO Central order received successfully. CONTEXT: {"store_id":"site1","source_order_id":376451,"central_order_id":6861,"request_id":"c1d213df-f0bc-4929-9d7e-34855fd75b4d","event":"orderupdated"}
2026-09-03T18:44:38+00:00 INFO Central bulk source orders received. CONTEXT: {"store_id":"site1","received":20,"succeeded":20,"failed":0,"request_id":"ed7e7044-1452-4e79-9388-5274a704f85a"}
2026-09-03T18:45:29+00:00 INFO Central bulk source orders received. CONTEXT: {"store_id":"site1","received":20,"succeeded":20,"failed":0,"request_id":"06326633-6ca1-4e7f-9f60-ed944afc3e4e"}
2026-09-03T18:46:23+00:00 INFO Central bulk source orders received. CONTEXT: {"store_id":"site1","received":20,"succeeded":20,"failed":0,"request_id":"38f3676c-357f-4364-b4be-8b266efb7f43"}
2026-09-03T18:47:02+00:00 INFO Central bulk source orders received. CONTEXT: {"store_id":"site1","received":20,"succeeded":20,"failed":0,"request_id":"b8fe83cb-2970-4d61-959c-e1c50ee263fa"}
2026-09-03T18:47:55+00:00 INFO Central bulk source orders received. CONTEXT: {"store_id":"site1","received":19,"succeeded":19,"failed":0,"request_id":"3028b63d-889b-4d35-81c9-0fe28fd8e5f3"}
2026-09-03T18:48:52+00:00 INFO Central bulk source orders received. CONTEXT: {"store_id":"site1","received":19,"succeeded":19,"failed":0,"request_id":"7111660b-f362-497d-a14d-ea163fded308"}
2026-09-03T18:49:44+00:00 INFO Central bulk source orders received. CONTEXT: {"store_id":"site1","received":19,"succeeded":19,"failed":0,"request_id":"ba3edacd-381a-4c9d-a325-9d1a51718b2d"}
2026-09-03T18:50:04+00:00 INFO Central bulk source orders received. CONTEXT: {"store_id":"site1","received":20,"succeeded":20,"failed":0,"request_id":"92d2575d-edf5-4661-9dfd-f3135a276767"}
2026-09-03T18:50:30+00:00 INFO Central bulk source orders received. CONTEXT: {"store_id":"site1","received":20,"succeeded":20,"failed":0,"request_id":"d38085e5-8ab2-4acd-b37d-361e5b63f636"}
2026-09-03T18:50:52+00:00 INFO Central bulk source orders received. CONTEXT: {"store_id":"site1","received":19,"succeeded":19,"failed":0,"request_id":"2169a087-516d-4f26-ba35-247166a176dd"}
2026-09-03T18:51:13+00:00 INFO Central bulk source orders received. CONTEXT: {"store_id":"site1","received":20,"succeeded":20,"failed":0,"request_id":"cd0b0786-67a3-41ca-b27c-70042227718f"}
2026-09-03T18:51:41+00:00 INFO Central bulk source orders received. CONTEXT: {"store_id":"site1","received":20,"succeeded":20,"failed":0,"request_id":"716b9c7f-0280-4657-bc16-9f1d5f35043a"}
2026-09-03T18:52:14+00:00 INFO Central bulk source orders received. CONTEXT: {"store_id":"site1","received":20,"succeeded":20,"failed":0,"request_id":"f09c4c14-f9a6-4627-b31d-9bbe0546e619"}
2026-09-03T18:52:31+00:00 INFO Central bulk source orders received. CONTEXT: {"store_id":"site1","received":19,"succeeded":19,"failed":0,"request_id":"7b09b038-6d9e-49c2-94f8-dd632ff25998"}
2026-09-03T18:53:25+00:00 INFO Central bulk source orders received. CONTEXT: {"store_id":"site1","received":19,"succeeded":19,"failed":0,"request_id":"1a18dc5e-8257-4f2b-b946-fc9ac420071d"}
2026-09-03T18:54:17+00:00 INFO Central bulk source orders received. CONTEXT: {"store_id":"site1","received":19,"succeeded":19,"failed":0,"request_id":"634fa268-197f-4969-95b4-dc69fb5f2706"}
2026-09-03T18:55:05+00:00 INFO Central bulk source orders received. CONTEXT: {"store_id":"site1","received":19,"succeeded":19,"failed":0,"request_id":"37631c27-57f3-408b-b787-35dfdf53589c"}
2026-09-03T18:55:46+00:00 INFO Central bulk source orders received. CONTEXT: {"store_id":"site1","received":19,"succeeded":19,"failed":0,"request_id":"9d3b39be-028f-4255-8ee4-319343443998"}
2026-09-03T18:56:43+00:00 INFO Central order received successfully. CONTEXT: {"store_id":"site1","source_order_id":376452,"central_order_id":6862,"request_id":"128a7385-e4f8-4a15-a1d5-412683b71678","event":"orderupdated"}
2026-09-03T18:57:21+00:00 INFO Central order received successfully. CONTEXT: {"store_id":"site1","source_order_id":376452,"central_order_id":6862,"request_id":"52a790d4-8c9b-47b4-8ec3-9b9290d65a63","event":"orderupdated"}
2026-09-03T18:57:31+00:00 INFO Central order received successfully. CONTEXT: {"store_id":"site1","source_order_id":376452,"central_order_id":6862,"request_id":"b46c818f-22b8-498a-ba88-bbb24fed5f18","event":"orderupdated"}
2026-09-03T18:57:59+00:00 INFO Central order received successfully. CONTEXT: {"store_id":"site1","source_order_id":376452,"central_order_id":6862,"request_id":"14eb6606-ecdd-4a9e-998d-5a7e80fc2967","event":"orderupdated"}
2026-09-03T18:58:13+00:00 INFO Central order received successfully. CONTEXT: {"store_id":"site1","source_order_id":376452,"central_order_id":6862,"request_id":"fab033cb-4329-4f46-980f-cbe704165ccc","event":"orderupdated"}
2026-09-03T18:58:40+00:00 INFO Central order received successfully. CONTEXT: {"store_id":"site1","source_order_id":376452,"central_order_id":6862,"request_id":"cf255879-dccc-400c-bee6-ad243cd29828","event":"orderupdated"}
2026-09-03T18:58:54+00:00 INFO Central order received successfully. CONTEXT: {"store_id":"site1","source_order_id":376452,"central_order_id":6862,"request_id":"f1b76dbc-096e-4424-a732-a208a476aa15","event":"orderupdated"}
2026-09-03T18:59:20+00:00 INFO Central order received successfully. CONTEXT: {"store_id":"site1","source_order_id":376452,"central_order_id":6862,"request_id":"6995c16c-651d-4b71-9725-f34954b76384","event":"orderupdated"}
2026-09-03T18:59:35+00:00 INFO Central order received successfully. CONTEXT: {"store_id":"site1","source_order_id":376452,"central_order_id":6862,"request_id":"753d6c0e-ac1f-4a55-a1aa-3337c13de0ff","event":"orderupdated"}
2026-09-03T19:00:01+00:00 INFO Central order received successfully. CONTEXT: {"store_id":"site1","source_order_id":376452,"central_order_id":6862,"request_id":"f84f1c11-61ef-41e0-a5ba-e9078a41cddc","event":"orderupdated"}
2026-09-03T19:00:14+00:00 INFO Central order received successfully. CONTEXT: {"store_id":"site1","source_order_id":376452,"central_order_id":6862,"request_id":"bb90d2dd-fe13-43bc-9042-0decb1ac215f","event":"orderupdated"}
2026-09-03T19:00:36+00:00 INFO Central bulk source orders received. CONTEXT: {"store_id":"site1","received":20,"succeeded":20,"failed":0,"request_id":"720b7aac-d4fe-4b28-ba27-a1bc4d941659"}
2026-09-03T19:00:42+00:00 INFO Central order received successfully. CONTEXT: {"store_id":"site1","source_order_id":376452,"central_order_id":6862,"request_id":"e27ecd8c-12fe-40eb-8a13-a5408e8bae05","event":"orderupdated"}
2026-09-03T19:00:55+00:00 INFO Central order received successfully. CONTEXT: {"store_id":"site1","source_order_id":376452,"central_order_id":6862,"request_id":"495db28d-3fa2-4519-9ccb-2cddee7f41dc","event":"orderupdated"}
2026-09-03T19:01:05+00:00 INFO Central bulk source orders received. CONTEXT: {"store_id":"site1","received":20,"succeeded":20,"failed":0,"request_id":"a88cd0a8-b05c-4684-84c8-465fa22182c1"}
2026-09-03T19:01:16+00:00 INFO Central bulk source orders received. CONTEXT: {"store_id":"site1","received":20,"succeeded":20,"failed":0,"request_id":"2c895501-81ba-4ab8-8e98-6a8d12b9f2d8"}
2026-09-03T19:01:22+00:00 INFO Central order received successfully. CONTEXT: {"store_id":"site1","source_order_id":376452,"central_order_id":6862,"request_id":"242ff565-4bce-4dcf-a749-7aed29463c35","event":"orderupdated"}
2026-09-03T19:01:36+00:00 INFO Central order received successfully. CONTEXT: {"store_id":"site1","source_order_id":376452,"central_order_id":6862,"request_id":"e62f5dfc-c7a7-43c3-bc45-21478f928189","event":"orderupdated"}
2026-09-03T19:02:05+00:00 INFO Central bulk source orders received. CONTEXT: {"store_id":"site1","received":20,"succeeded":20,"failed":0,"request_id":"b736325f-daab-4269-8713-93457fdb5c69"}
2026-09-03T19:02:56+00:00 INFO Central bulk source orders received. CONTEXT: {"store_id":"site1","received":20,"succeeded":20,"failed":0,"request_id":"f1edd1a4-c1ef-43ab-be13-43b65b61c176"}
2026-09-03T19:03:45+00:00 INFO Central bulk source orders received. CONTEXT: {"store_id":"site1","received":20,"succeeded":20,"failed":0,"request_id":"c2f5c578-ba38-4147-a55f-9854db72e6b4"}
2026-09-03T19:04:14+00:00 INFO Central bulk source orders received. CONTEXT: {"store_id":"site1","received":20,"succeeded":20,"failed":0,"request_id":"fa2fb85b-3f81-498d-b0ac-7a74a29f9f15"}
2026-09-03T19:04:34+00:00 INFO Central bulk source orders received. CONTEXT: {"store_id":"site1","received":20,"succeeded":20,"failed":0,"request_id":"f7927cc5-0511-42e9-9ebf-053d0d3ef661"}
2026-09-03T19:05:05+00:00 INFO Central bulk source orders received. CONTEXT: {"store_id":"site1","received":20,"succeeded":20,"failed":0,"request_id":"83329715-b4f8-4ace-a034-74accdc5a2a2"}
2026-09-03T19:05:33+00:00 INFO Central bulk source orders received. CONTEXT: {"store_id":"site1","received":20,"succeeded":20,"failed":0,"request_id":"50314783-dd81-4ab6-b07c-7f177cb177be"}
2026-09-03T19:06:26+00:00 INFO Central bulk source orders received. CONTEXT: {"store_id":"site1","received":20,"succeeded":20,"failed":0,"request_id":"15f27635-265b-4952-af15-879ebafe1f56"}
2026-09-03T19:06:56+00:00 INFO Central bulk source orders received. CONTEXT: {"store_id":"site1","received":20,"succeeded":20,"failed":0,"request_id":"169f49b0-3ce4-437e-8cb8-cb2ba7e82329"}
2026-09-03T19:07:16+00:00 INFO Central bulk source orders received. CONTEXT: {"store_id":"site1","received":20,"succeeded":20,"failed":0,"request_id":"fd2c46df-c80a-42a4-aba5-af574497510e"}
2026-09-03T19:08:43+00:00 INFO Central order received successfully. CONTEXT: {"store_id":"site1","source_order_id":376452,"central_order_id":6862,"request_id":"7111ecaf-d14b-4889-8d45-be56e29af13f","event":"orderupdated"}
2026-09-03T19:08:46+00:00 INFO Central bulk source orders received. CONTEXT: {"store_id":"site1","received":20,"succeeded":20,"failed":0,"request_id":"4da43218-cfc5-4120-8d1d-7d69bbe9f313"}
2026-09-03T19:09:01+00:00 INFO Central order received successfully. CONTEXT: {"store_id":"site1","source_order_id":376454,"central_order_id":6863,"request_id":"165b3b8e-53c9-4cef-ba8e-e0da315e1286","event":"orderupdated"}
2026-09-03T19:09:13+00:00 INFO Central bulk source orders received. CONTEXT: {"store_id":"site1","received":20,"succeeded":20,"failed":0,"request_id":"6bbf2a6a-d140-4c7e-92b9-ef9f33975269"}
2026-09-03T19:09:29+00:00 INFO Central bulk source orders received. CONTEXT: {"store_id":"site1","received":20,"succeeded":20,"failed":0,"request_id":"78592e0f-3c81-4887-96e5-3a795163b70f"}
2026-09-03T19:10:03+00:00 INFO Central bulk source orders received. CONTEXT: {"store_id":"site1","received":20,"succeeded":20,"failed":0,"request_id":"6115a6de-640b-41bd-be07-aa6dafd4198d"}
2026-09-03T19:10:24+00:00 INFO Central bulk source orders received. CONTEXT: {"store_id":"site1","received":20,"succeeded":20,"failed":0,"request_id":"36d37d58-7f51-4d8a-b500-3ec620da4030"}
2026-09-03T19:10:56+00:00 INFO Central bulk source orders received. CONTEXT: {"store_id":"site1","received":20,"succeeded":20,"failed":0,"request_id":"7f52d71d-402f-4431-bf1f-598a46d25410"}
2026-09-03T19:11:10+00:00 INFO Central bulk source orders received. CONTEXT: {"store_id":"site1","received":20,"succeeded":20,"failed":0,"request_id":"d09bd9eb-25ec-4011-aeab-85e4ffaf6146"}
2026-09-03T19:11:29+00:00 INFO Central order received successfully. CONTEXT: {"store_id":"site1","source_order_id":376454,"central_order_id":6863,"request_id":"843fdc34-d3ef-4e06-9e87-6b4b16f2f3e4","event":"orderupdated"}
2026-09-03T19:11:45+00:00 INFO Central bulk source orders received. CONTEXT: {"store_id":"site1","received":20,"succeeded":20,"failed":0,"request_id":"e1b3fe6f-aa3e-44ad-8f4d-b731043b82c7"}
2026-09-03T19:12:02+00:00 INFO Central bulk source orders received. CONTEXT: {"store_id":"site1","received":20,"succeeded":20,"failed":0,"request_id":"ea27944f-91eb-4217-a278-e9fa55b9a0cd"}
2026-09-03T19:12:06+00:00 INFO Central order received successfully. CONTEXT: {"store_id":"site1","source_order_id":376454,"central_order_id":6863,"request_id":"7f5b49a2-2419-4d32-b735-4baefdc6ccd7","event":"orderupdated"}
2026-09-03T19:12:40+00:00 INFO Central bulk source orders received. CONTEXT: {"store_id":"site1","received":20,"succeeded":20,"failed":0,"request_id":"abd92b0f-2733-450e-8891-c3bff03fed9f"}
2026-09-03T19:12:50+00:00 INFO Central order received successfully. CONTEXT: {"store_id":"site1","source_order_id":376457,"central_order_id":6864,"request_id":"7f14d461-f85e-4daf-87a2-9164385b05f3","event":"orderupdated"}
2026-09-03T19:13:33+00:00 INFO Central bulk source orders received. CONTEXT: {"store_id":"site1","received":20,"succeeded":20,"failed":0,"request_id":"8473e833-0e46-4ab1-b115-70291fea3391"}
2026-09-03T19:13:46+00:00 INFO Central order received successfully. CONTEXT: {"store_id":"site1","source_order_id":376457,"central_order_id":6864,"request_id":"e90c52cd-27ec-4969-a961-5889cd95a99e","event":"orderupdated"}
2026-09-03T19:14:25+00:00 INFO Central bulk source orders received. CONTEXT: {"store_id":"site1","received":20,"succeeded":20,"failed":0,"request_id":"b6eb67e7-9644-4a0c-a14d-0fc7c90377c7"}
2026-09-03T19:15:16+00:00 INFO Central bulk source orders received. CONTEXT: {"store_id":"site1","received":20,"succeeded":20,"failed":0,"request_id":"b3916188-c883-4941-869d-8e0a5f185df0"}
2026-09-03T19:16:08+00:00 INFO Central bulk source orders received. CONTEXT: {"store_id":"site1","received":20,"succeeded":20,"failed":0,"request_id":"ceaa4314-82c3-442e-a4a6-0aea58be7c64"}
2026-09-03T19:16:57+00:00 INFO Central bulk source orders received. CONTEXT: {"store_id":"site1","received":20,"succeeded":20,"failed":0,"request_id":"432f1220-5770-4b5f-b1ee-809cc7c2a6dc"}
2026-09-03T19:17:34+00:00 INFO Central bulk source orders received. CONTEXT: {"store_id":"site1","received":20,"succeeded":20,"failed":0,"request_id":"972e3b6b-2787-4440-8814-05eedfd795f6"}
2026-09-03T19:18:25+00:00 INFO Central bulk source orders received. CONTEXT: {"store_id":"site1","received":20,"succeeded":20,"failed":0,"request_id":"b2b6ce4a-d05d-491d-a743-e2cca0e5af98"}
2026-09-03T19:19:19+00:00 INFO Central bulk source orders received. CONTEXT: {"store_id":"site1","received":20,"succeeded":20,"failed":0,"request_id":"e3511e7a-31c8-4c8d-9849-2378b429a9f9"}
2026-09-03T19:20:11+00:00 INFO Central bulk source orders received. CONTEXT: {"store_id":"site1","received":20,"succeeded":20,"failed":0,"request_id":"80cf97bb-805a-4b45-ab96-9e4d788f46d5"}
2026-09-03T19:20:52+00:00 INFO Central bulk source orders received. CONTEXT: {"store_id":"site1","received":20,"succeeded":20,"failed":0,"request_id":"9f54190d-74d0-4043-8773-cdf18ce06b2c"}
2026-09-03T19:21:41+00:00 INFO Central bulk source orders received. CONTEXT: {"store_id":"site1","received":20,"succeeded":20,"failed":0,"request_id":"90c77549-a9fb-473a-ba74-6641cda1ddf0"}
2026-09-03T19:22:31+00:00 INFO Central bulk source orders received. CONTEXT: {"store_id":"site1","received":20,"succeeded":20,"failed":0,"request_id":"7bc20a4b-3397-4499-99ab-76e96936962f"}
2026-09-03T19:23:19+00:00 INFO Central bulk source orders received. CONTEXT: {"store_id":"site1","received":20,"succeeded":20,"failed":0,"request_id":"5c6b353e-89de-4179-85c3-b1f07c47c410"}
2026-09-03T19:24:09+00:00 INFO Central bulk source orders received. CONTEXT: {"store_id":"site1","received":20,"succeeded":20,"failed":0,"request_id":"cc66b904-529d-4bda-a693-a2fd8d2bce47"}
2026-09-03T19:24:59+00:00 INFO Central bulk source orders received. CONTEXT: {"store_id":"site1","received":20,"succeeded":20,"failed":0,"request_id":"ee59400a-c1ff-4371-b0a5-6af4e9561968"}
2026-09-03T19:25:26+00:00 INFO Central bulk source orders received. CONTEXT: {"store_id":"site1","received":20,"succeeded":20,"failed":0,"request_id":"440d4181-d201-42eb-9b4e-d587e9350d9c"}
2026-09-03T19:26:47+00:00 INFO Central order received successfully. CONTEXT: {"store_id":"site1","source_order_id":376458,"central_order_id":6865,"request_id":"df8af355-7abd-443f-b1b3-e8d30dc6a098","event":"orderupdated"}
2026-09-03T19:26:55+00:00 INFO Central order received successfully. CONTEXT: {"store_id":"site1","source_order_id":376458,"central_order_id":6865,"request_id":"f40a651b-7d0d-482a-995a-4efd5e28c9dd","event":"orderupdated"}
2026-09-03T19:27:24+00:00 INFO Central order received successfully. CONTEXT: {"store_id":"site1","source_order_id":376458,"central_order_id":6865,"request_id":"3cca77a1-debd-46c1-b9e3-6cbeb00d9a79","event":"orderupdated"}
2026-09-03T19:27:32+00:00 INFO Central order received successfully. CONTEXT: {"store_id":"site1","source_order_id":376458,"central_order_id":6865,"request_id":"08063d62-c97b-4876-99c8-d1d1bc53eb07","event":"orderupdated"}
2026-09-03T19:28:01+00:00 INFO Central order received successfully. CONTEXT: {"store_id":"site1","source_order_id":376458,"central_order_id":6865,"request_id":"00546218-1c68-43db-aa23-1470782bc1f9","event":"orderupdated"}
2026-09-03T19:28:04+00:00 INFO Central bulk source orders received. CONTEXT: {"store_id":"site1","received":20,"succeeded":20,"failed":0,"request_id":"63ecd129-aea9-4d5b-a813-09699695e9f8"}
2026-09-03T19:28:09+00:00 INFO Central order received successfully. CONTEXT: {"store_id":"site1","source_order_id":376458,"central_order_id":6865,"request_id":"36f6e285-1cfd-4742-bc3e-b2523286fcfd","event":"orderupdated"}
2026-09-03T19:28:23+00:00 INFO Central bulk source orders received. CONTEXT: {"store_id":"site1","received":20,"succeeded":20,"failed":0,"request_id":"22eb0e09-ca83-465a-8534-8166db4d45ba"}
2026-09-03T19:28:41+00:00 INFO Central order received successfully. CONTEXT: {"store_id":"site1","source_order_id":376458,"central_order_id":6865,"request_id":"5f680891-e346-4719-baee-46bed0ac5997","event":"orderupdated"}
2026-09-03T19:28:42+00:00 INFO Central bulk source orders received. CONTEXT: {"store_id":"site1","received":20,"succeeded":20,"failed":0,"request_id":"64f7a46b-5bb8-4ccd-82d8-a06485ef776d"}
2026-09-03T19:30:00+00:00 INFO Central order received successfully. CONTEXT: {"store_id":"site1","source_order_id":376458,"central_order_id":6865,"request_id":"af231e61-691b-4824-8f8c-a8aacc93d89c","event":"orderupdated"}
2026-09-03T19:30:04+00:00 INFO Central bulk source orders received. CONTEXT: {"store_id":"site1","received":20,"succeeded":20,"failed":0,"request_id":"285fa614-4509-4cae-9665-e8c4710a10c2"}
2026-09-03T19:30:30+00:00 INFO Central bulk source orders received. CONTEXT: {"store_id":"site1","received":20,"succeeded":20,"failed":0,"request_id":"7f0514a9-360e-4e44-97b2-45d46ec04414"}
2026-09-03T19:30:58+00:00 INFO Central bulk source orders received. CONTEXT: {"store_id":"site1","received":20,"succeeded":20,"failed":0,"request_id":"5f489b61-4ab3-4ac4-baa3-adb02d558d8f"}
2026-09-03T19:31:17+00:00 INFO Central order received successfully. CONTEXT: {"store_id":"site1","source_order_id":376458,"central_order_id":6865,"request_id":"422c7311-34fc-4396-a6c6-5922da57ed0c","event":"orderupdated"}
2026-09-03T19:31:20+00:00 INFO Central bulk source orders received. CONTEXT: {"store_id":"site1","received":20,"succeeded":20,"failed":0,"request_id":"99b2eba5-f2ae-4b21-ac11-31c1269c49cc"}
2026-09-03T19:31:47+00:00 INFO Central bulk source orders received. CONTEXT: {"store_id":"site1","received":20,"succeeded":20,"failed":0,"request_id":"c45e9b68-3ec3-419a-a4ef-df389734a3ac"}
2026-09-03T19:32:09+00:00 INFO Central bulk source orders received. CONTEXT: {"store_id":"site1","received":20,"succeeded":20,"failed":0,"request_id":"d22510fd-cb1b-4680-8a6f-797a5e0b7511"}
2026-09-03T19:32:41+00:00 INFO Central bulk source orders received. CONTEXT: {"store_id":"site1","received":20,"succeeded":20,"failed":0,"request_id":"ee2b4965-bc76-42d0-98d2-34811d39b514"}
2026-09-03T19:33:01+00:00 INFO Central bulk source orders received. CONTEXT: {"store_id":"site1","received":20,"succeeded":20,"failed":0,"request_id":"e4bd1e86-4b17-4682-b325-fe285f02be00"}
2026-09-03T19:33:14+00:00 INFO Central order received successfully. CONTEXT: {"store_id":"site1","source_order_id":376459,"central_order_id":6866,"request_id":"20ea9579-4653-48f3-8914-c8ea0a7287ac","event":"orderupdated"}
2026-09-03T19:33:34+00:00 INFO Central bulk source orders received. CONTEXT: {"store_id":"site1","received":20,"succeeded":20,"failed":0,"request_id":"010b6be6-dc80-4983-be2d-c58f20f23411"}
2026-09-03T19:33:46+00:00 INFO Central order received successfully. CONTEXT: {"store_id":"site1","source_order_id":376460,"central_order_id":6867,"request_id":"04ac638e-6da5-47fd-9539-87496878b00f","event":"orderupdated"}
2026-09-03T19:33:54+00:00 INFO Central bulk source orders received. CONTEXT: {"store_id":"site1","received":20,"succeeded":20,"failed":0,"request_id":"c7f86c42-0cc9-40a0-8998-eb2aabe4b2c6"}
2026-09-03T19:34:24+00:00 INFO Central bulk source orders received. CONTEXT: {"store_id":"site1","received":20,"succeeded":20,"failed":0,"request_id":"413c57f5-0861-4396-a353-14a645ef9caf"}
2026-09-03T19:34:44+00:00 INFO Central bulk source orders received. CONTEXT: {"store_id":"site1","received":20,"succeeded":20,"failed":0,"request_id":"3a55f2da-3bf5-4481-94bd-db07ec48fc02"}
2026-09-03T19:35:11+00:00 INFO Central bulk source orders received. CONTEXT: {"store_id":"site1","received":20,"succeeded":20,"failed":0,"request_id":"709f58c5-a766-401f-9ecb-9b2731677341"}
2026-09-03T19:35:20+00:00 INFO Central bulk source orders received. CONTEXT: {"store_id":"site1","received":20,"succeeded":20,"failed":0,"request_id":"49505178-03ff-4046-8b47-611c7938372d"}
2026-09-03T19:35:35+00:00 INFO Central bulk source orders received. CONTEXT: {"store_id":"site1","received":20,"succeeded":20,"failed":0,"request_id":"18d83254-bf81-42af-8ab6-5b6d4d4fd805"}
2026-09-03T19:36:05+00:00 INFO Central bulk source orders received. CONTEXT: {"store_id":"site1","received":20,"succeeded":20,"failed":0,"request_id":"13c5fb6d-f803-41f2-8891-bf3e3e930a67"}
2026-09-03T19:36:17+00:00 INFO Central bulk source orders received. CONTEXT: {"store_id":"site1","received":19,"succeeded":19,"failed":0,"request_id":"dd37da2b-5ee5-4df5-9412-db6ff1c2086a"}
2026-09-03T19:37:06+00:00 INFO Central bulk source orders received. CONTEXT: {"store_id":"site1","received":19,"succeeded":19,"failed":0,"request_id":"1bac1f14-82de-46c6-b09b-ecef4f844793"}
2026-09-03T19:37:11+00:00 INFO Central order received successfully. CONTEXT: {"store_id":"site1","source_order_id":376461,"central_order_id":6869,"request_id":"543a29df-7465-4646-a2d9-64008bd4d192","event":"orderupdated"}
2026-09-03T19:37:14+00:00 INFO Central bulk source orders received. CONTEXT: {"store_id":"site1","received":19,"succeeded":19,"failed":0,"request_id":"b5e8d931-37cd-4f15-b51b-166f3b69d8d4"}
2026-09-03T19:38:08+00:00 INFO Central bulk source orders received. CONTEXT: {"store_id":"site1","received":20,"succeeded":20,"failed":0,"request_id":"8e4440a5-f01a-4263-b2fe-8045c02fd5de"}
2026-09-03T19:38:12+00:00 INFO Central order received successfully. CONTEXT: {"store_id":"site1","source_order_id":376461,"central_order_id":6869,"request_id":"b258f706-ab5d-4b24-a29e-c9cabafa4cb0","event":"orderupdated"}
2026-09-03T19:38:16+00:00 INFO Central order received successfully. CONTEXT: {"store_id":"site1","source_order_id":376461,"central_order_id":6869,"request_id":"9e268804-b878-4e10-a45d-b7ddfad9ab25","event":"orderupdated"}
2026-09-03T19:38:23+00:00 INFO Central bulk source orders received. CONTEXT: {"store_id":"site1","received":20,"succeeded":20,"failed":0,"request_id":"d7223a5b-fa53-4f3c-8c4c-7eef55ed1acc"}
2026-09-03T19:38:40+00:00 INFO Central bulk source orders received. CONTEXT: {"store_id":"site1","received":20,"succeeded":20,"failed":0,"request_id":"ea6b81ce-4437-4d6e-a3ba-9cd3b3a00ff6"}
2026-09-03T19:38:52+00:00 INFO Central order received successfully. CONTEXT: {"store_id":"site1","source_order_id":376461,"central_order_id":6869,"request_id":"9b9860b4-d6b0-4d49-b4fb-0017c70b5acc","event":"orderupdated"}
2026-09-03T19:38:56+00:00 INFO Central bulk source orders received. CONTEXT: {"store_id":"site1","received":20,"succeeded":20,"failed":0,"request_id":"da2223fa-76f2-4f1a-a6d4-46c093062337"}
2026-09-03T19:39:12+00:00 INFO Central bulk source orders received. CONTEXT: {"store_id":"site1","received":20,"succeeded":20,"failed":0,"request_id":"e588a570-007a-4aab-9041-43e1cf2f7ef0"}
2026-09-03T19:39:33+00:00 INFO Central bulk source orders received. CONTEXT: {"store_id":"site1","received":20,"succeeded":20,"failed":0,"request_id":"244d7d7c-b3ee-4c3e-9bca-daba1824a366"}
2026-09-03T19:40:05+00:00 INFO Central bulk source orders received. CONTEXT: {"store_id":"site1","received":20,"succeeded":20,"failed":0,"request_id":"3a79f902-d268-4a18-8dd2-0fce08754898"}
2026-09-03T19:40:49+00:00 INFO Central bulk source orders received. CONTEXT: {"store_id":"site1","received":20,"succeeded":20,"failed":0,"request_id":"12f0d007-74ad-4445-b2da-f5568956a5fc"}
2026-09-03T19:41:26+00:00 INFO Central bulk source orders received. CONTEXT: {"store_id":"site1","received":20,"succeeded":20,"failed":0,"request_id":"f50c0715-6b45-4474-9a12-e3ed199534e3"}
2026-09-03T19:42:51+00:00 INFO Central bulk source orders received. CONTEXT: {"store_id":"site1","received":20,"succeeded":20,"failed":0,"request_id":"b9765a4b-e13b-471e-b905-1767d09e4d68"}
2026-09-03T19:43:45+00:00 INFO Central bulk source orders received. CONTEXT: {"store_id":"site1","received":20,"succeeded":20,"failed":0,"request_id":"544cbbe8-3242-49b8-b96b-d35b1e0cf2eb"}
2026-09-03T19:44:54+00:00 INFO Central order received successfully. CONTEXT: {"store_id":"site1","source_order_id":376462,"central_order_id":6870,"request_id":"0d691542-da89-4f73-bb07-7648f50c4578","event":"orderupdated"}
2026-09-03T19:44:57+00:00 INFO Central bulk source orders received. CONTEXT: {"store_id":"site1","received":20,"succeeded":20,"failed":0,"request_id":"8b1dd863-ebf4-4ec1-8303-2891d4ba453e"}
2026-09-03T19:46:04+00:00 INFO Central order received successfully. CONTEXT: {"store_id":"site1","source_order_id":376463,"central_order_id":6871,"request_id":"b813fa6d-8980-436c-8747-a2d8d6b5321a","event":"orderupdated"}
2026-09-03T19:46:11+00:00 INFO Central order received successfully. CONTEXT: {"store_id":"site1","source_order_id":376463,"central_order_id":6871,"request_id":"91d62e5c-9a6c-481b-8150-60198eb7e771","event":"orderupdated"}
2026-09-03T19:46:42+00:00 INFO Central order received successfully. CONTEXT: {"store_id":"site1","source_order_id":376463,"central_order_id":6871,"request_id":"b670bf8e-c5ad-4c93-93ee-97d226e0350e","event":"orderupdated"}
2026-09-03T19:46:47+00:00 INFO Central order received successfully. CONTEXT: {"store_id":"site1","source_order_id":376463,"central_order_id":6871,"request_id":"392ff681-12aa-4c2f-90bc-8d8d379c72ac","event":"orderupdated"}
2026-09-03T19:47:25+00:00 INFO Central order received successfully. CONTEXT: {"store_id":"site1","source_order_id":376463,"central_order_id":6871,"request_id":"3781f803-0768-4f62-bc00-7332164f9033","event":"orderupdated"}
2026-09-03T19:48:02+00:00 INFO Central order received successfully. CONTEXT: {"store_id":"site1","source_order_id":376463,"central_order_id":6871,"request_id":"93fc72af-78c5-4069-a867-a536cd8c12f1","event":"orderupdated"}
2026-09-03T19:48:40+00:00 INFO Central order received successfully. CONTEXT: {"store_id":"site1","source_order_id":376463,"central_order_id":6871,"request_id":"a2af0ddc-ac1e-476a-af0f-d3dd379176e2","event":"orderupdated"}
2026-09-03T19:48:58+00:00 INFO Central bulk source orders received. CONTEXT: {"store_id":"site1","received":20,"succeeded":20,"failed":0,"request_id":"1015048b-4420-49fd-b9ea-a4a796aa827c"}
2026-09-03T19:49:00+00:00 INFO Central order received successfully. CONTEXT: {"store_id":"site1","source_order_id":376464,"central_order_id":6872,"request_id":"843090f0-670f-459e-a1fe-97082e282c51","event":"orderupdated"}
2026-09-03T19:49:02+00:00 INFO Central order received successfully. CONTEXT: {"store_id":"site1","source_order_id":376464,"central_order_id":6872,"request_id":"f4ccbcc5-7320-48fb-b153-cb599e424a0f","event":"orderupdated"}
2026-09-03T19:49:07+00:00 INFO Central order received successfully. CONTEXT: {"store_id":"site1","source_order_id":376465,"central_order_id":6873,"request_id":"d528e31d-b45e-4864-a59e-6bfef5dc5982","event":"orderupdated"}
2026-09-03T19:49:16+00:00 INFO Central order received successfully. CONTEXT: {"store_id":"site1","source_order_id":376465,"central_order_id":6873,"request_id":"9a0ef06d-360c-4415-abc7-8c8a08aa5e2e","event":"orderupdated"}
2026-09-03T19:49:30+00:00 INFO Central bulk source orders received. CONTEXT: {"store_id":"site1","received":20,"succeeded":20,"failed":0,"request_id":"80e5803b-e22a-4a4b-aedd-5bc7876e1b29"}
2026-09-03T19:49:38+00:00 INFO Central order received successfully. CONTEXT: {"store_id":"site1","source_order_id":376464,"central_order_id":6872,"request_id":"61a6e80b-7bfc-4a1f-b5e7-a99a5b4044ea","event":"orderupdated"}
2026-09-03T19:49:39+00:00 INFO Central order received successfully. CONTEXT: {"store_id":"site1","source_order_id":376464,"central_order_id":6872,"request_id":"0183ed81-6ad2-4f71-957c-72498014aee1","event":"orderupdated"}
2026-09-03T19:49:53+00:00 INFO Central order received successfully. CONTEXT: {"store_id":"site1","source_order_id":376465,"central_order_id":6873,"request_id":"75b61ba8-4c1c-4c92-a0b7-53c58db7b6c9","event":"orderupdated"}
2026-09-03T19:50:14+00:00 INFO Central order received successfully. CONTEXT: {"store_id":"site1","source_order_id":376464,"central_order_id":6872,"request_id":"3de0fbf3-3ca3-431c-acea-39ac59ca74c9","event":"orderupdated"}
2026-09-03T19:50:23+00:00 INFO Central bulk source orders received. CONTEXT: {"store_id":"site1","received":20,"succeeded":20,"failed":0,"request_id":"bde86c6f-0f30-42f5-a3fe-46dfc8bf8e56"}
2026-09-03T19:50:31+00:00 INFO Central order received successfully. CONTEXT: {"store_id":"site1","source_order_id":376465,"central_order_id":6873,"request_id":"4c670c18-6d8d-4a64-b85a-59a30ade8f06","event":"orderupdated"}
2026-09-03T19:50:51+00:00 INFO Central order received successfully. CONTEXT: {"store_id":"site1","source_order_id":376464,"central_order_id":6872,"request_id":"8b297479-02fe-42c0-bd93-1bdcee11eb9f","event":"orderupdated"}
2026-09-03T19:51:13+00:00 INFO Central bulk source orders received. CONTEXT: {"store_id":"site1","received":20,"succeeded":20,"failed":0,"request_id":"9cfb352c-3992-4d3a-8111-489880915797"}
2026-09-03T19:51:13+00:00 INFO Central order received successfully. CONTEXT: {"store_id":"site1","source_order_id":376465,"central_order_id":6873,"request_id":"97fa2fae-6e7c-41b9-b0c5-b724911c692f","event":"orderupdated"}
2026-09-03T19:51:28+00:00 INFO Central order received successfully. CONTEXT: {"store_id":"site1","source_order_id":376464,"central_order_id":6872,"request_id":"17b791db-4b36-480d-b2b0-30d4980bdc65","event":"orderupdated"}
2026-09-03T19:51:51+00:00 INFO Central order received successfully. CONTEXT: {"store_id":"site1","source_order_id":376463,"central_order_id":6871,"request_id":"e421862f-d6ef-4c6e-b04d-5cfbf782f13a","event":"orderupdated"}
2026-09-03T19:51:59+00:00 INFO Central order received successfully. CONTEXT: {"store_id":"site1","source_order_id":376463,"central_order_id":6871,"request_id":"b602910d-bcaf-4c15-afd9-8e984fe2a8ab","event":"orderupdated"}
2026-09-03T19:52:02+00:00 INFO Central bulk source orders received. CONTEXT: {"store_id":"site1","received":20,"succeeded":20,"failed":0,"request_id":"84dc15c8-c792-4b7c-91df-b[redacted-phone]d"}
2026-09-03T19:52:05+00:00 INFO Central order received successfully. CONTEXT: {"store_id":"site1","source_order_id":376464,"central_order_id":6872,"request_id":"adbf1d7c-bfb3-4dcd-be64-ff0ce861e5c0","event":"orderupdated"}
2026-09-03T19:52:28+00:00 INFO Central order received successfully. CONTEXT: {"store_id":"site1","source_order_id":376463,"central_order_id":6871,"request_id":"90471139-880c-4ed1-8937-78852ccf2883","event":"orderupdated"}
2026-09-03T19:52:36+00:00 INFO Central order received successfully. CONTEXT: {"store_id":"site1","source_order_id":376463,"central_order_id":6871,"request_id":"b3ebac0f-1a15-494d-a3aa-fb91ce828466","event":"orderupdated"}
2026-09-03T19:52:43+00:00 INFO Central order received successfully. CONTEXT: {"store_id":"site1","source_order_id":376464,"central_order_id":6872,"request_id":"5bfd2cb2-0c62-459a-8d2e-20db6a18a45b","event":"orderupdated"}
2026-09-03T19:52:52+00:00 INFO Central bulk source orders received. CONTEXT: {"store_id":"site1","received":20,"succeeded":20,"failed":0,"request_id":"c86afdce-ef8a-4727-b8f2-979d5da5129a"}
2026-09-03T19:53:05+00:00 INFO Central order received successfully. CONTEXT: {"store_id":"site1","source_order_id":376463,"central_order_id":6871,"request_id":"f24044ee-88b2-4d51-ab9a-6cad5ea79875","event":"orderupdated"}
2026-09-03T19:53:09+00:00 INFO Central order received successfully. CONTEXT: {"store_id":"site1","source_order_id":376466,"central_order_id":6874,"request_id":"1a413f03-91dd-46ed-97c7-f64a6234691a","event":"orderupdated"}
2026-09-03T19:53:13+00:00 INFO Central order received successfully. CONTEXT: {"store_id":"site1","source_order_id":376463,"central_order_id":6871,"request_id":"3baf60ad-9c5a-436c-9268-7284043d05b4","event":"orderupdated"}
2026-09-03T19:53:19+00:00 INFO Central order received successfully. CONTEXT: {"store_id":"site1","source_order_id":376464,"central_order_id":6872,"request_id":"b3ec2c16-6e8d-435f-8893-665a864f52d3","event":"orderupdated"}
2026-09-03T19:53:43+00:00 INFO Central bulk source orders received. CONTEXT: {"store_id":"site1","received":20,"succeeded":20,"failed":0,"request_id":"a73ddb44-e65c-49f8-8da3-63b44ed68fa0"}
2026-09-03T19:53:48+00:00 INFO Central order received successfully. CONTEXT: {"store_id":"site1","source_order_id":376466,"central_order_id":6874,"request_id":"df3da5ae-0f13-4d18-8c26-1f9c8a59be6b","event":"orderupdated"}
2026-09-03T19:53:56+00:00 INFO Central order received successfully. CONTEXT: {"store_id":"site1","source_order_id":376464,"central_order_id":6872,"request_id":"b21549c2-e873-43f3-b821-fbc5ddf20784","event":"orderupdated"}
2026-09-03T19:54:26+00:00 INFO Central order received successfully. CONTEXT: {"store_id":"site1","source_order_id":376466,"central_order_id":6874,"request_id":"f3e9f151-4864-40ba-aadf-71059dfa1ebd","event":"orderupdated"}
2026-09-03T19:54:33+00:00 INFO Central bulk source orders received. CONTEXT: {"store_id":"site1","received":20,"succeeded":20,"failed":0,"request_id":"a09b5615-3bc5-409e-bd8e-3e5b7184b4a9"}
2026-09-03T19:54:34+00:00 INFO Central order received successfully. CONTEXT: {"store_id":"site1","source_order_id":376464,"central_order_id":6872,"request_id":"6270a72c-46ec-4dc5-8c62-821c226a1902","event":"orderupdated"}
2026-09-03T19:55:04+00:00 INFO Central order received successfully. CONTEXT: {"store_id":"site1","source_order_id":376466,"central_order_id":6874,"request_id":"e00444b9-c866-4f07-b482-b08be5d3312f","event":"orderupdated"}
2026-09-03T19:55:11+00:00 INFO Central order received successfully. CONTEXT: {"store_id":"site1","source_order_id":376464,"central_order_id":6872,"request_id":"dcf67116-9c4f-47c5-91a1-09c3f3b306d7","event":"orderupdated"}
2026-09-03T19:55:18+00:00 INFO Central order received successfully. CONTEXT: {"store_id":"site1","source_order_id":376467,"central_order_id":6875,"request_id":"00b0df69-f902-4519-aaf6-27fa678027d3","event":"orderupdated"}
2026-09-03T19:55:23+00:00 INFO Central bulk source orders received. CONTEXT: {"store_id":"site1","received":20,"succeeded":20,"failed":0,"request_id":"c3ec3712-1cdb-42c3-ac92-853972de378f"}
2026-09-03T19:55:25+00:00 INFO Central order received successfully. CONTEXT: {"store_id":"site1","source_order_id":376467,"central_order_id":6875,"request_id":"b47babbc-e479-4011-bb61-0bbce6132f6d","event":"orderupdated"}
2026-09-03T19:55:37+00:00 INFO Central order received successfully. CONTEXT: {"store_id":"site1","source_order_id":376466,"central_order_id":6874,"request_id":"b343b220-e365-405e-b291-41d9efa87a27","event":"orderupdated"}
2026-09-03T19:55:41+00:00 INFO Central order received successfully. CONTEXT: {"store_id":"site1","source_order_id":376466,"central_order_id":6874,"request_id":"86b1b0f4-452c-445e-83c0-cb7ccada50f4","event":"orderupdated"}
2026-09-03T19:55:48+00:00 INFO Central order received successfully. CONTEXT: {"store_id":"site1","source_order_id":376464,"central_order_id":6872,"request_id":"c0872de0-e0ed-40ea-b857-08a1ea2f7e1e","event":"orderupdated"}
2026-09-03T19:55:54+00:00 INFO Central order received successfully. CONTEXT: {"store_id":"site1","source_order_id":376466,"central_order_id":6874,"request_id":"251a0627-7923-49eb-a112-bf10fce42ba7","event":"orderupdated"}
2026-09-03T19:55:58+00:00 INFO Central order received successfully. CONTEXT: {"store_id":"site1","source_order_id":376466,"central_order_id":6874,"request_id":"2a049cef-75c5-4aa9-affa-f9cdfc3aeb8d","event":"orderupdated"}
2026-09-03T19:56:02+00:00 INFO Central order received successfully. CONTEXT: {"store_id":"site1","source_order_id":376467,"central_order_id":6875,"request_id":"9b36ef10-e513-483d-be83-3e252f5c9a5f","event":"orderupdated"}
2026-09-03T19:56:06+00:00 INFO Central order received successfully. CONTEXT: {"store_id":"site1","source_order_id":376466,"central_order_id":6874,"request_id":"970263fd-14c0-44a0-b681-4545381cedc3","event":"orderupdated"}
2026-09-03T19:56:10+00:00 INFO Central order received successfully. CONTEXT: {"store_id":"site1","source_order_id":376466,"central_order_id":6874,"request_id":"8ee4c802-58b3-4490-9509-8322e7a6b282","event":"orderupdated"}
2026-09-03T19:56:15+00:00 INFO Central bulk source orders received. CONTEXT: {"store_id":"site1","received":20,"succeeded":20,"failed":0,"request_id":"e0fd8e55-c5e0-4b75-b050-2550f48fa4d7"}
2026-09-03T19:56:28+00:00 INFO Central order received successfully. CONTEXT: {"store_id":"site1","source_order_id":376466,"central_order_id":6874,"request_id":"c96899f1-6a02-4f28-94a8-7a805d00b020","event":"orderupdated"}
2026-09-03T19:56:36+00:00 INFO Central order received successfully. CONTEXT: {"store_id":"site1","source_order_id":376466,"central_order_id":6874,"request_id":"b6d17c60-3afc-464e-9073-5a48a464aad6","event":"orderupdated"}
2026-09-03T19:56:40+00:00 INFO Central order received successfully. CONTEXT: {"store_id":"site1","source_order_id":376467,"central_order_id":6875,"request_id":"f95ad2f7-4c0c-4228-9d46-5cfc68e3ffb9","event":"orderupdated"}
2026-09-03T19:57:11+00:00 INFO Central bulk source orders received. CONTEXT: {"store_id":"site1","received":20,"succeeded":20,"failed":0,"request_id":"f6025720-7c0c-4684-90cc-998a6bfd5520"}
2026-09-03T19:57:21+00:00 INFO Central bulk source orders received. CONTEXT: {"store_id":"site1","received":20,"succeeded":20,"failed":0,"request_id":"23d84a74-50ce-4bf6-bf82-131977b46803"}
2026-09-03T19:58:11+00:00 INFO Central bulk source orders received. CONTEXT: {"store_id":"site1","received":20,"succeeded":20,"failed":0,"request_id":"46b5e86b-fba8-42ab-93c9-83cb946bd15f"}
2026-09-03T19:59:00+00:00 INFO Central bulk source orders received. CONTEXT: {"store_id":"site1","received":20,"succeeded":20,"failed":0,"request_id":"335a3df6-5db2-4b5a-9f0d-2d707f7d15f9"}
2026-09-03T19:59:15+00:00 INFO Central order received successfully. CONTEXT: {"store_id":"site1","source_order_id":376466,"central_order_id":6874,"request_id":"0796f3b6-13d5-45d3-a165-49ecae38927a","event":"orderupdated"}
2026-09-03T19:59:48+00:00 INFO Central bulk source orders received. CONTEXT: {"store_id":"site1","received":20,"succeeded":20,"failed":0,"request_id":"0a6e12fa-e4c3-4eec-83f0-3c9f33bb8f54"}
2026-09-03T19:59:52+00:00 INFO Central order received successfully. CONTEXT: {"store_id":"site1","source_order_id":376466,"central_order_id":6874,"request_id":"0a8425ec-6e27-48e1-b9bc-ce81eab5a86c","event":"orderupdated"}
2026-09-03T20:00:00+00:00 INFO Central order received successfully. CONTEXT: {"store_id":"site1","source_order_id":376463,"central_order_id":6871,"request_id":"018f052b-e4ef-4b49-af31-2b1cc661024f","event":"orderupdated"}
2026-09-03T20:00:11+00:00 INFO Central order received successfully. CONTEXT: {"store_id":"site1","source_order_id":376463,"central_order_id":6871,"request_id":"1f633786-115d-4ab2-b7b9-12e2e1f24f0e","event":"orderupdated"}
2026-09-03T20:00:16+00:00 INFO Central bulk source orders received. CONTEXT: {"store_id":"site1","received":20,"succeeded":20,"failed":0,"request_id":"e7cc61b4-b0d2-4492-ad77-e41da1756d4c"}
2026-09-03T20:00:30+00:00 INFO Central order received successfully. CONTEXT: {"store_id":"site1","source_order_id":376466,"central_order_id":6874,"request_id":"cc7c5301-9347-4c45-adff-f84c702f5b85","event":"orderupdated"}
2026-09-03T20:00:38+00:00 INFO Central order received successfully. CONTEXT: {"store_id":"site1","source_order_id":376463,"central_order_id":6871,"request_id":"77c59d86-decc-49ad-869e-06f6afbc574a","event":"orderupdated"}
2026-09-03T20:00:40+00:00 INFO Central bulk source orders received. CONTEXT: {"store_id":"site1","received":20,"succeeded":20,"failed":0,"request_id":"ba832120-d9a4-40f5-bae2-0b98bed878f2"}
2026-09-03T20:00:50+00:00 INFO Central order received successfully. CONTEXT: {"store_id":"site1","source_order_id":376463,"central_order_id":6871,"request_id":"a8ae1170-9b90-4ea3-b306-74daef886fe1","event":"orderupdated"}
2026-09-03T20:01:05+00:00 INFO Central bulk source orders received. CONTEXT: {"store_id":"site1","received":20,"succeeded":20,"failed":0,"request_id":"53b7a244-ef46-4e40-8e7c-2de83104f383"}
2026-09-03T20:01:06+00:00 INFO Central order received successfully. CONTEXT: {"store_id":"site1","source_order_id":376466,"central_order_id":6874,"request_id":"83699072-9ec2-4003-9205-f097c907acd1","event":"orderupdated"}
2026-09-03T20:01:27+00:00 INFO Central order received successfully. CONTEXT: {"store_id":"site1","source_order_id":376463,"central_order_id":6871,"request_id":"4d63bf37-4432-470f-9693-0f7502a8cf0f","event":"orderupdated"}
2026-09-03T20:01:29+00:00 INFO Central bulk source orders received. CONTEXT: {"store_id":"site1","received":20,"succeeded":20,"failed":0,"request_id":"b3857d2b-964a-4ec9-93cb-f309736d86eb"}
2026-09-03T20:01:34+00:00 INFO Central order received successfully. CONTEXT: {"store_id":"site1","source_order_id":376463,"central_order_id":6871,"request_id":"79942564-5cf4-4213-a4b5-51ddfaec4dcb","event":"orderupdated"}
2026-09-03T20:01:45+00:00 INFO Central order received successfully. CONTEXT: {"store_id":"site1","source_order_id":376466,"central_order_id":6874,"request_id":"3358d3b0-59fa-48f7-b977-f5bae73ae1f7","event":"orderupdated"}
2026-09-03T20:02:03+00:00 INFO Central bulk source orders received. CONTEXT: {"store_id":"site1","received":20,"succeeded":20,"failed":0,"request_id":"d11aa4a2-17b4-493a-909a-e6f827f581e9"}
2026-09-03T20:02:17+00:00 INFO Central order received successfully. CONTEXT: {"store_id":"site1","source_order_id":376468,"central_order_id":6876,"request_id":"cc27bbec-9539-4057-95aa-c2c110d032eb","event":"orderupdated"}
2026-09-03T20:02:19+00:00 INFO Central bulk source orders received. CONTEXT: {"store_id":"site1","received":20,"succeeded":20,"failed":0,"request_id":"4883004a-3f38-42a9-9e74-704084b2bdbc"}
2026-09-03T20:02:56+00:00 INFO Central bulk source orders received. CONTEXT: {"store_id":"site1","received":20,"succeeded":20,"failed":0,"request_id":"dd63bf02-4b7d-49b0-9d03-f6b9cb1e920f"}
2026-09-03T20:03:10+00:00 INFO Central order received successfully. CONTEXT: {"store_id":"site1","source_order_id":376469,"central_order_id":6877,"request_id":"4e247a76-b3b8-4c6d-8c1d-11fc00431903","event":"orderupdated"}
2026-09-03T20:03:53+00:00 INFO Central bulk source orders received. CONTEXT: {"store_id":"site1","received":20,"succeeded":20,"failed":0,"request_id":"adb98df4-58b2-472e-b7d6-15cf027b5b21"}
2026-09-03T20:04:37+00:00 INFO Central bulk source orders received. CONTEXT: {"store_id":"site1","received":20,"succeeded":20,"failed":0,"request_id":"adf17732-fd88-48ce-ba83-15165fb48b89"}
2026-09-03T20:05:29+00:00 INFO Central bulk source orders received. CONTEXT: {"store_id":"site1","received":20,"succeeded":20,"failed":0,"request_id":"26f4f63f-89b4-4a5c-8cae-085d4b50af98"}
2026-09-03T20:06:18+00:00 INFO Central bulk source orders received. CONTEXT: {"store_id":"site1","received":20,"succeeded":20,"failed":0,"request_id":"1688c1f0-2c67-4453-ada4-0e5560013619"}
2026-09-03T20:07:08+00:00 INFO Central bulk source orders received. CONTEXT: {"store_id":"site1","received":20,"succeeded":20,"failed":0,"request_id":"dc3672a5-b4d1-41cd-b550-eb17ff322ca8"}
2026-09-03T20:07:57+00:00 INFO Central bulk source orders received. CONTEXT: {"store_id":"site1","received":20,"succeeded":20,"failed":0,"request_id":"9a80abc2-a061-4fbb-9136-a9b72a7174a0"}
2026-09-03T20:08:46+00:00 INFO Central bulk source orders received. CONTEXT: {"store_id":"site1","received":20,"succeeded":20,"failed":0,"request_id":"b7968870-b570-41ce-8b68-d03ed90d7595"}
2026-09-03T20:09:10+00:00 INFO Central order received successfully. CONTEXT: {"store_id":"site1","source_order_id":376463,"central_order_id":6871,"request_id":"2acb0679-ce77-4d98-bc7d-6bb5a965e2ed","event":"orderupdated"}
2026-09-03T20:09:36+00:00 INFO Central bulk source orders received. CONTEXT: {"store_id":"site1","received":20,"succeeded":20,"failed":0,"request_id":"99b3a9b8-ebb0-4915-b1fd-a60e6ad9dd31"}
2026-09-03T20:09:49+00:00 INFO Central order received successfully. CONTEXT: {"store_id":"site1","source_order_id":376463,"central_order_id":6871,"request_id":"e9db4896-0d8d-49bf-a1d0-e569e96bb19c","event":"orderupdated"}
2026-09-03T20:10:30+00:00 INFO Central bulk source orders received. CONTEXT: {"store_id":"site1","received":20,"succeeded":20,"failed":0,"request_id":"96829e2f-60e0-45ea-a157-59d92854c4f6"}
2026-09-03T20:10:43+00:00 INFO Central order received successfully. CONTEXT: {"store_id":"site1","source_order_id":376463,"central_order_id":6871,"request_id":"82e1909e-4139-4431-9b38-3c9ce83c5460","event":"orderupdated"}
2026-09-03T20:11:22+00:00 INFO Central bulk source orders received. CONTEXT: {"store_id":"site1","received":20,"succeeded":20,"failed":0,"request_id":"6d953e4d-bf15-43cf-a993-b2befd7c478a"}
2026-09-03T20:11:37+00:00 INFO Central order received successfully. CONTEXT: {"store_id":"site1","source_order_id":376463,"central_order_id":6871,"request_id":"30fcff57-5d66-4f28-853c-feaaf17d20d7","event":"orderupdated"}
2026-09-03T20:12:05+00:00 INFO Central bulk source orders received. CONTEXT: {"store_id":"site1","received":20,"succeeded":20,"failed":0,"request_id":"10bb709f-8199-44a6-ad38-ec8738ebdf72"}
2026-09-03T20:12:15+00:00 INFO Central order received successfully. CONTEXT: {"store_id":"site1","source_order_id":376463,"central_order_id":6871,"request_id":"8af8a32c-a46f-4ba8-a9b5-0e0d8d418b00","event":"orderupdated"}
2026-09-03T20:12:57+00:00 INFO Central order received successfully. CONTEXT: {"store_id":"site1","source_order_id":376463,"central_order_id":6871,"request_id":"61a15f90-fe5f-4ca8-8e00-473793e571a9","event":"orderupdated"}
2026-09-03T20:12:58+00:00 INFO Central bulk source orders received. CONTEXT: {"store_id":"site1","received":20,"succeeded":20,"failed":0,"request_id":"4798fc56-6418-4b9a-8f27-3e1bbe494db3"}
2026-09-03T20:13:38+00:00 INFO Central order received successfully. CONTEXT: {"store_id":"site1","source_order_id":376463,"central_order_id":6871,"request_id":"aac4ba79-babb-4df3-95fb-3d5b00e41836","event":"orderupdated"}
2026-09-03T20:13:40+00:00 INFO Central bulk source orders received. CONTEXT: {"store_id":"site1","received":20,"succeeded":20,"failed":0,"request_id":"f787c068-a486-442a-97d8-ae81672506ae"}
2026-09-03T20:14:32+00:00 INFO Central bulk source orders received. CONTEXT: {"store_id":"site1","received":20,"succeeded":20,"failed":0,"request_id":"89c2babc-ba6b-45ab-b3f5-c65db09b8b84"}
2026-09-03T20:15:20+00:00 INFO Central bulk source orders received. CONTEXT: {"store_id":"site1","received":20,"succeeded":20,"failed":0,"request_id":"64f92269-175d-4fa8-a27f-6e539dfc167c"}
2026-09-03T20:16:12+00:00 INFO Central bulk source orders received. CONTEXT: {"store_id":"site1","received":20,"succeeded":20,"failed":0,"request_id":"ed3cc861-7f6b-4595-be0e-7778b4bc0b83"}
2026-09-03T20:17:03+00:00 INFO Central bulk source orders received. CONTEXT: {"store_id":"site1","received":20,"succeeded":20,"failed":0,"request_id":"8c09edcb-110a-4a27-b0f6-2b8dd6657d0a"}
2026-09-03T20:17:53+00:00 INFO Central bulk source orders received. CONTEXT: {"store_id":"site1","received":20,"succeeded":20,"failed":0,"request_id":"d5c32dcb-fe02-44c7-8595-83bca616ed75"}
2026-09-03T20:18:19+00:00 INFO Central bulk source orders received. CONTEXT: {"store_id":"site1","received":20,"succeeded":20,"failed":0,"request_id":"ce3add67-c364-4b35-988b-c9b195813f24"}
2026-09-03T20:18:42+00:00 INFO Central bulk source orders received. CONTEXT: {"store_id":"site1","received":20,"succeeded":20,"failed":0,"request_id":"b2aa88aa-37d9-4902-800d-e9a00a3712d3"}
2026-09-03T20:19:09+00:00 INFO Central bulk source orders received. CONTEXT: {"store_id":"site1","received":20,"succeeded":20,"failed":0,"request_id":"e6737606-56ae-4642-a565-1d17b51d58d6"}
2026-09-03T20:19:33+00:00 INFO Central bulk source orders received. CONTEXT: {"store_id":"site1","received":20,"succeeded":20,"failed":0,"request_id":"d6499657-047e-4a2f-9859-9242e8f0b976"}
2026-09-03T20:19:59+00:00 INFO Central bulk source orders received. CONTEXT: {"store_id":"site1","received":20,"succeeded":20,"failed":0,"request_id":"4699b3cf-1070-4ddf-925b-24e9a37b8f20"}
2026-09-03T20:20:12+00:00 INFO Central order received successfully. CONTEXT: {"store_id":"site1","source_order_id":376470,"central_order_id":6881,"request_id":"558b69a6-6bd6-4d90-8ffd-4aeac77e94f3","event":"orderupdated"}
2026-09-03T20:20:20+00:00 INFO Central order received successfully. CONTEXT: {"store_id":"site1","source_order_id":376470,"central_order_id":6881,"request_id":"5d7345bc-664a-46e3-a54c-13eb289a3dd0","event":"orderupdated"}
2026-09-03T20:20:22+00:00 INFO Central bulk source orders received. CONTEXT: {"store_id":"site1","received":20,"succeeded":20,"failed":0,"request_id":"4843edac-b390-474d-b977-c6e2cf44ae95"}
2026-09-03T20:20:54+00:00 INFO Central bulk source orders received. CONTEXT: {"store_id":"site1","received":20,"succeeded":20,"failed":0,"request_id":"6d4a64c2-f9a6-48af-87f9-cf62419a0cd3"}
2026-09-03T20:21:00+00:00 INFO Central order received successfully. CONTEXT: {"store_id":"site1","source_order_id":376470,"central_order_id":6881,"request_id":"e18cc263-8b10-4ea7-b7f5-247bf60d61fe","event":"orderupdated"}
2026-09-03T20:21:14+00:00 INFO Central bulk source orders received. CONTEXT: {"store_id":"site1","received":20,"succeeded":20,"failed":0,"request_id":"9a9100bb-8056-4c28-8be2-0b248542f48e"}
2026-09-03T20:21:31+00:00 INFO Central bulk source orders received. CONTEXT: {"store_id":"site1","received":20,"succeeded":20,"failed":0,"request_id":"98052312-d19b-44d0-a362-beab97cc853a"}
2026-09-03T20:21:38+00:00 INFO Central order received successfully. CONTEXT: {"store_id":"site1","source_order_id":376470,"central_order_id":6881,"request_id":"f961c10d-5505-4cc7-87ef-c06cfaf8e389","event":"orderupdated"}
2026-09-03T20:22:00+00:00 INFO Central order received successfully. CONTEXT: {"store_id":"site1","source_order_id":376470,"central_order_id":6881,"request_id":"079ed907-dc7b-4b9c-9b01-be84639629f9","event":"orderupdated"}
2026-09-03T20:22:40+00:00 INFO Central order received successfully. CONTEXT: {"store_id":"site1","source_order_id":376470,"central_order_id":6881,"request_id":"068482c3-7a91-4677-ab8c-1f2e53d2f977","event":"orderupdated"}
2026-09-03T20:23:26+00:00 INFO Central order received successfully. CONTEXT: {"store_id":"site1","source_order_id":376470,"central_order_id":6881,"request_id":"a041773b-0b31-490e-982b-78918d81115f","event":"orderupdated"}
2026-09-03T20:24:04+00:00 INFO Central order received successfully. CONTEXT: {"store_id":"site1","source_order_id":376470,"central_order_id":6881,"request_id":"d9ad4cd5-41a4-430d-98e0-332c4e85b938","event":"orderupdated"}
2026-09-03T20:24:07+00:00 INFO Central order received successfully. CONTEXT: {"store_id":"site1","source_order_id":376470,"central_order_id":6881,"request_id":"98957d9e-9c45-42ca-9a40-6e9e1aafedeb","event":"orderupdated"}
2026-09-03T20:24:44+00:00 INFO Central order received successfully. CONTEXT: {"store_id":"site1","source_order_id":376470,"central_order_id":6881,"request_id":"9b02a769-5251-4130-90e2-5facee55ab89","event":"orderupdated"}
2026-09-03T20:25:21+00:00 INFO Central order received successfully. CONTEXT: {"store_id":"site1","source_order_id":376470,"central_order_id":6881,"request_id":"e1c3c63b-8ef5-4b08-a7f0-550d9596819f","event":"orderupdated"}
2026-09-03T20:25:57+00:00 INFO Central order received successfully. CONTEXT: {"store_id":"site1","source_order_id":376470,"central_order_id":6881,"request_id":"401afcfa-d71f-45b1-8470-9fde6ef08378","event":"orderupdated"}
2026-09-03T20:26:34+00:00 INFO Central order received successfully. CONTEXT: {"store_id":"site1","source_order_id":376470,"central_order_id":6881,"request_id":"ece415d0-6278-4dea-97c3-2961d09dbc49","event":"orderupdated"}
2026-09-03T20:27:11+00:00 INFO Central order received successfully. CONTEXT: {"store_id":"site1","source_order_id":376470,"central_order_id":6881,"request_id":"620a4c6c-8b9c-46b3-a0f0-ab6d95dd8081","event":"orderupdated"}
2026-09-03T20:27:48+00:00 INFO Central order received successfully. CONTEXT: {"store_id":"site1","source_order_id":376470,"central_order_id":6881,"request_id":"f8d6cb97-5090-4804-9442-cdc2f1d521fa","event":"orderupdated"}
2026-09-03T20:28:25+00:00 INFO Central order received successfully. CONTEXT: {"store_id":"site1","source_order_id":376470,"central_order_id":6881,"request_id":"e1b2dca4-f493-4a29-891c-5c206055799b","event":"orderupdated"}
2026-09-03T20:28:36+00:00 INFO Central bulk source orders received. CONTEXT: {"store_id":"site1","received":20,"succeeded":20,"failed":0,"request_id":"606bf619-806c-47eb-91d6-0acb7141170f"}
2026-09-03T20:29:02+00:00 INFO Central order received successfully. CONTEXT: {"store_id":"site1","source_order_id":376470,"central_order_id":6881,"request_id":"8ab1a43f-b81c-4dd5-9cad-0ffbadcef89d","event":"orderupdated"}
2026-09-03T20:29:04+00:00 INFO Central bulk source orders received. CONTEXT: {"store_id":"site1","received":2,"succeeded":2,"failed":0,"request_id":"376e1245-5b55-4112-acd1-649e224bee72"}
2026-09-03T20:29:17+00:00 INFO Central bulk source orders received. CONTEXT: {"store_id":"site1","received":20,"succeeded":20,"failed":0,"request_id":"8435da5d-3ded-44e1-b5d9-038ca1cffd45"}
2026-09-03T20:29:45+00:00 INFO Central bulk source orders received. CONTEXT: {"store_id":"site1","received":2,"succeeded":2,"failed":0,"request_id":"75344125-a48e-440f-be37-f0f58d6edeb0"}
2026-09-03T20:30:08+00:00 INFO Central bulk source orders received. CONTEXT: {"store_id":"site1","received":20,"succeeded":20,"failed":0,"request_id":"3f29d5ed-ab01-4cfd-951f-4cfb03b448e4"}
2026-09-03T20:30:22+00:00 INFO Central bulk source orders received. CONTEXT: {"store_id":"site1","received":2,"succeeded":2,"failed":0,"request_id":"d8792c79-029e-451e-83bc-a947e2802dc3"}
2026-09-03T20:30:58+00:00 INFO Central bulk source orders received. CONTEXT: {"store_id":"site1","received":20,"succeeded":20,"failed":0,"request_id":"67bdaabb-32fb-4f56-b470-bd77cbb7e828"}
2026-09-03T20:36:36+00:00 INFO Central order received successfully. CONTEXT: {"store_id":"site1","source_order_id":376470,"central_order_id":6881,"request_id":"a0734392-fee4-4989-a7be-11fe8e4a725e","event":"orderupdated"}
2026-09-03T20:36:37+00:00 INFO Central bulk source orders received. CONTEXT: {"store_id":"site1","received":20,"succeeded":20,"failed":0,"request_id":"1ae21c08-5962-493c-849e-392fbee9c144"}
2026-09-03T20:37:30+00:00 INFO Central bulk source orders received. CONTEXT: {"store_id":"site1","received":20,"succeeded":20,"failed":0,"request_id":"a77598e4-9f4c-4c62-8f91-53d28eaff832"}
2026-09-03T20:37:53+00:00 INFO Central bulk source orders received. CONTEXT: {"store_id":"site1","received":20,"succeeded":20,"failed":0,"request_id":"874de54e-f696-4f9a-ab16-fdf9b3577f35"}
2026-09-03T20:38:24+00:00 INFO Central bulk source orders received. CONTEXT: {"store_id":"site1","received":20,"succeeded":20,"failed":0,"request_id":"b3ea2205-0247-4693-ab77-0fb4bf6dcacd"}
2026-09-03T20:39:13+00:00 INFO Central bulk source orders received. CONTEXT: {"store_id":"site1","received":20,"succeeded":20,"failed":0,"request_id":"823972e4-d286-4671-9370-d55a024295f4"}
2026-09-03T20:39:28+00:00 INFO Central bulk source orders received. CONTEXT: {"store_id":"site1","received":20,"succeeded":20,"failed":0,"request_id":"244281db-b3b2-4d9e-a5c4-047ccbe4e258"}
2026-09-03T20:40:03+00:00 INFO Central bulk source orders received. CONTEXT: {"store_id":"site1","received":20,"succeeded":20,"failed":0,"request_id":"2ec18033-9ce5-4122-8c36-cfcdcd5fa58d"}
2026-09-03T20:40:19+00:00 INFO Central bulk source orders received. CONTEXT: {"store_id":"site1","received":20,"succeeded":20,"failed":0,"request_id":"ce4b471a-e355-4c99-a33f-829a1f7959e9"}
2026-09-03T20:40:54+00:00 INFO Central bulk source orders received. CONTEXT: {"store_id":"site1","received":20,"succeeded":20,"failed":0,"request_id":"224bf455-05ae-44df-a862-d19442a866dd"}
2026-09-03T20:42:06+00:00 INFO Central order received successfully. CONTEXT: {"store_id":"site1","source_order_id":376473,"central_order_id":6885,"request_id":"9fd0ad0d-fe69-4b78-9d98-afa4f430abf4","event":"orderupdated"}
2026-09-03T20:42:36+00:00 INFO Central bulk source orders received. CONTEXT: {"store_id":"site1","received":20,"succeeded":20,"failed":0,"request_id":"9c9e5932-b810-45e7-94ca-18a3a92052e2"}
2026-09-03T20:42:52+00:00 INFO Central order received successfully. CONTEXT: {"store_id":"site1","source_order_id":376473,"central_order_id":6885,"request_id":"2b69f442-51b7-4626-93eb-e19285a7d5b7","event":"orderupdated"}
2026-09-03T20:48:06+00:00 INFO Central bulk source orders received. CONTEXT: {"store_id":"site1","received":20,"succeeded":20,"failed":0,"request_id":"a588d49d-4fd8-48ca-acf2-232aa00e6d0b"}
2026-09-03T20:48:13+00:00 INFO Central order received successfully. CONTEXT: {"store_id":"site1","source_order_id":376473,"central_order_id":6885,"request_id":"c6d121b7-dd7f-42e3-a8c0-9e0e59957353","event":"orderupdated"}
2026-09-03T20:48:16+00:00 INFO Central bulk source orders received. CONTEXT: {"store_id":"site1","received":20,"succeeded":20,"failed":0,"request_id":"907dd263-db70-47e5-acd3-4318046c1a08"}
2026-09-03T20:48:42+00:00 INFO Central bulk source orders received. CONTEXT: {"store_id":"site1","received":20,"succeeded":20,"failed":0,"request_id":"990b16c8-b80d-4c72-a15d-3de57c1c48e1"}
2026-09-03T20:49:05+00:00 INFO Central bulk source orders received. CONTEXT: {"store_id":"site1","received":20,"succeeded":20,"failed":0,"request_id":"b7613b77-84f5-4f03-8c5c-72567e01b519"}
2026-09-03T20:49:32+00:00 INFO Central order received successfully. CONTEXT: {"store_id":"site1","source_order_id":376476,"central_order_id":6886,"request_id":"401f9a08-3c71-4d4f-9382-9607a3389bfb","event":"orderupdated"}
2026-09-03T20:49:34+00:00 INFO Central bulk source orders received. CONTEXT: {"store_id":"site1","received":20,"succeeded":20,"failed":0,"request_id":"cb05b343-e803-46a4-83ac-3bcb601ef29f"}
2026-09-03T20:49:56+00:00 INFO Central bulk source orders received. CONTEXT: {"store_id":"site1","received":20,"succeeded":20,"failed":0,"request_id":"17be7d84-036a-48dd-95d2-fad71202bff1"}
2026-09-03T20:50:30+00:00 INFO Central bulk source orders received. CONTEXT: {"store_id":"site1","received":20,"succeeded":20,"failed":0,"request_id":"bfda3d18-6249-4abf-955c-690b8137c434"}
2026-09-03T20:50:48+00:00 INFO Central bulk source orders received. CONTEXT: {"store_id":"site1","received":20,"succeeded":20,"failed":0,"request_id":"255366e5-dd97-4de7-9d9b-92ee93348e40"}
2026-09-03T20:51:23+00:00 INFO Central bulk source orders received. CONTEXT: {"store_id":"site1","received":20,"succeeded":20,"failed":0,"request_id":"e2718df8-9765-4d21-986a-db77731bded2"}
2026-09-03T20:57:14+00:00 INFO Central order received successfully. CONTEXT: {"store_id":"site1","source_order_id":376477,"central_order_id":6887,"request_id":"c8aeccb5-953f-43f0-88d5-546c602bfe3f","event":"orderupdated"}
2026-09-03T20:57:48+00:00 INFO Central bulk source orders received. CONTEXT: {"store_id":"site1","received":20,"succeeded":20,"failed":0,"request_id":"169d05fc-ce66-4363-8eb4-f2eaa01bfddb"}
2026-09-03T20:57:53+00:00 INFO Central order received successfully. CONTEXT: {"store_id":"site1","source_order_id":376477,"central_order_id":6887,"request_id":"eb1fe6be-edc6-4863-8fb5-24749985231d","event":"orderupdated"}
2026-09-03T20:58:19+00:00 INFO Central bulk source orders received. CONTEXT: {"store_id":"site1","received":20,"succeeded":20,"failed":0,"request_id":"8c1da92b-2986-4069-9472-770029885416"}
2026-09-03T20:58:33+00:00 INFO Central order received successfully. CONTEXT: {"store_id":"site1","source_order_id":376477,"central_order_id":6887,"request_id":"718201d1-6fa2-4d69-aa4e-a6d0de638090","event":"orderupdated"}
2026-09-03T20:59:15+00:00 INFO Central bulk source orders received. CONTEXT: {"store_id":"site1","received":20,"succeeded":20,"failed":0,"request_id":"fb3ad581-238f-461d-87d6-bb5b17033eaf"}
2026-09-03T20:59:48+00:00 INFO Central bulk source orders received. CONTEXT: {"store_id":"site1","received":20,"succeeded":20,"failed":0,"request_id":"ae0d4ba5-0cdb-413c-b4b6-65218d4de228"}
2026-09-03T21:00:16+00:00 INFO Central bulk source orders received. CONTEXT: {"store_id":"site1","received":20,"succeeded":20,"failed":0,"request_id":"8c85cd8f-84ad-4ba5-9f07-b465ad8316cb"}
2026-09-03T21:00:39+00:00 INFO Central bulk source orders received. CONTEXT: {"store_id":"site1","received":20,"succeeded":20,"failed":0,"request_id":"fc6bd155-d274-423c-9221-8b86fa8885ea"}
2026-09-03T21:01:08+00:00 INFO Central bulk source orders received. CONTEXT: {"store_id":"site1","received":20,"succeeded":20,"failed":0,"request_id":"0c4d0f0d-0f77-48db-abc3-68611cd5f639"}
2026-09-03T21:01:29+00:00 INFO Central bulk source orders received. CONTEXT: {"store_id":"site1","received":20,"succeeded":20,"failed":0,"request_id":"f506f037-1353-47fe-a50c-802ca943b0e5"}
2026-09-03T21:01:58+00:00 INFO Central bulk source orders received. CONTEXT: {"store_id":"site1","received":20,"succeeded":20,"failed":0,"request_id":"72f00fcb-ceb6-4fb1-ba12-227bf668604d"}
2026-09-03T21:02:25+00:00 INFO Central bulk source orders received. CONTEXT: {"store_id":"site1","received":20,"succeeded":20,"failed":0,"request_id":"c1889704-5156-4554-84f2-279e01a79a94"}
2026-09-03T21:02:43+00:00 INFO Central bulk source orders received. CONTEXT: {"store_id":"site1","received":20,"succeeded":20,"failed":0,"request_id":"ce88d2d8-da67-43bb-ba4c-5220d26853cd"}
2026-09-03T21:02:58+00:00 INFO Central bulk source orders received. CONTEXT: {"store_id":"site1","received":20,"succeeded":20,"failed":0,"request_id":"e414d925-4410-4abe-bf39-a74e5887dda6"}
2026-09-03T21:03:15+00:00 INFO Central bulk source orders received. CONTEXT: {"store_id":"site1","received":20,"succeeded":20,"failed":0,"request_id":"0b89f3cd-806a-421d-9816-b1e7720a9722"}
2026-09-03T21:03:35+00:00 INFO Central bulk source orders received. CONTEXT: {"store_id":"site1","received":20,"succeeded":20,"failed":0,"request_id":"af2b38f9-9cb6-459e-898c-0f74d0e53520"}
2026-09-03T21:03:57+00:00 INFO Central bulk source orders received. CONTEXT: {"store_id":"site1","received":20,"succeeded":20,"failed":0,"request_id":"be157c1f-d8cd-463d-b4db-b482ddaa2f18"}
2026-09-03T21:04:42+00:00 INFO Central bulk source orders received. CONTEXT: {"store_id":"site1","received":20,"succeeded":20,"failed":0,"request_id":"93d34f17-bc71-4964-b9a0-4ea710344df2"}
2026-09-03T21:05:13+00:00 INFO Central bulk source orders received. CONTEXT: {"store_id":"site1","received":20,"succeeded":20,"failed":0,"request_id":"1567ab31-9340-40c4-becc-93ef51560483"}
2026-09-03T21:07:54+00:00 INFO Central bulk source orders received. CONTEXT: {"store_id":"site1","received":20,"succeeded":20,"failed":0,"request_id":"34af107a-8c00-44d6-afff-8f31ce416c20"}
2026-09-03T21:08:37+00:00 INFO Central bulk source orders received. CONTEXT: {"store_id":"site1","received":20,"succeeded":20,"failed":0,"request_id":"00e7e30b-976e-4f2b-8e4f-f0502f3b4352"}
2026-09-03T21:09:26+00:00 INFO Central bulk source orders received. CONTEXT: {"store_id":"site1","received":20,"succeeded":20,"failed":0,"request_id":"d775050d-f69d-4bc9-8efc-7427ee21df45"}
2026-09-03T21:10:16+00:00 INFO Central bulk source orders received. CONTEXT: {"store_id":"site1","received":20,"succeeded":20,"failed":0,"request_id":"a07ba3fd-c86c-45bb-b64b-e0aa95acdf0d"}
2026-09-03T21:11:05+00:00 INFO Central bulk source orders received. CONTEXT: {"store_id":"site1","received":20,"succeeded":20,"failed":0,"request_id":"003d2e99-536d-444c-b1df-1e806b99678c"}
2026-09-03T21:11:15+00:00 INFO Central bulk source orders received. CONTEXT: {"store_id":"site1","received":20,"succeeded":20,"failed":0,"request_id":"dc0c92eb-3709-42ad-bbf9-639b35cbd5a5"}
2026-09-03T21:12:05+00:00 INFO Central bulk source orders received. CONTEXT: {"store_id":"site1","received":20,"succeeded":20,"failed":0,"request_id":"755ae103-be04-43fc-afc9-6bd2f7f9e615"}
2026-09-03T21:12:14+00:00 INFO Central bulk source orders received. CONTEXT: {"store_id":"site1","received":20,"succeeded":20,"failed":0,"request_id":"ac81ccef-2674-4bb0-a11c-8178389f3bf6"}
2026-09-03T21:13:02+00:00 INFO Central bulk source orders received. CONTEXT: {"store_id":"site1","received":20,"succeeded":20,"failed":0,"request_id":"9fea7952-3e69-4717-b875-c04977518184"}
2026-09-03T21:13:52+00:00 INFO Central bulk source orders received. CONTEXT: {"store_id":"site1","received":20,"succeeded":20,"failed":0,"request_id":"f13c875d-6653-419d-b98c-4b2033bf0d30"}
2026-09-03T21:14:42+00:00 INFO Central bulk source orders received. CONTEXT: {"store_id":"site1","received":20,"succeeded":20,"failed":0,"request_id":"94b98638-fab2-4365-8c0b-37b16a72100b"}
2026-09-03T21:15:30+00:00 INFO Central bulk source orders received. CONTEXT: {"store_id":"site1","received":20,"succeeded":20,"failed":0,"request_id":"7c4e1707-415b-4f3c-a671-946555f2b1ba"}
2026-09-03T21:16:19+00:00 INFO Central bulk source orders received. CONTEXT: {"store_id":"site1","received":20,"succeeded":20,"failed":0,"request_id":"b68e9ebd-a0fc-4a14-acb4-3bc0898c7276"}
2026-09-03T21:16:57+00:00 INFO Central bulk source orders received. CONTEXT: {"store_id":"site1","received":20,"succeeded":20,"failed":0,"request_id":"6eece7e4-2301-4e8b-972e-2579a7c9afe4"}
2026-09-03T21:17:46+00:00 INFO Central bulk source orders received. CONTEXT: {"store_id":"site1","received":20,"succeeded":20,"failed":0,"request_id":"65289a3e-9a05-49de-9cad-bf743ed9763b"}
2026-09-03T21:18:17+00:00 INFO Central bulk source orders received. CONTEXT: {"store_id":"site1","received":20,"succeeded":20,"failed":0,"request_id":"284bf3dc-c275-4eef-b954-4b8410d5ae1e"}
2026-09-03T21:18:34+00:00 INFO Central bulk source orders received. CONTEXT: {"store_id":"site1","received":20,"succeeded":20,"failed":0,"request_id":"87ad7967-138a-45c2-bffa-78b8d763c9a2"}
2026-09-03T21:19:06+00:00 INFO Central bulk source orders received. CONTEXT: {"store_id":"site1","received":20,"succeeded":20,"failed":0,"request_id":"6cc99ab2-206d-420c-992b-d70953d2c109"}
2026-09-03T21:19:14+00:00 INFO Central bulk source orders received. CONTEXT: {"store_id":"site1","received":20,"succeeded":20,"failed":0,"request_id":"9366b497-e3bf-46c3-a77d-2caae4ebce74"}
2026-09-03T21:20:04+00:00 INFO Central bulk source orders received. CONTEXT: {"store_id":"site1","received":20,"succeeded":20,"failed":0,"request_id":"64b0a7c7-8f3f-4f2a-81f3-e4b5890e2ad3"}
2026-09-03T21:20:55+00:00 INFO Central bulk source orders received. CONTEXT: {"store_id":"site1","received":20,"succeeded":20,"failed":0,"request_id":"beb33f02-0c0f-498b-a922-6d2adb95027c"}
2026-09-03T21:21:35+00:00 INFO Central bulk source orders received. CONTEXT: {"store_id":"site1","received":20,"succeeded":20,"failed":0,"request_id":"e96d8ba7-16ed-41ec-b306-e138cf6b10e0"}
2026-09-03T21:22:26+00:00 INFO Central bulk source orders received. CONTEXT: {"store_id":"site1","received":20,"succeeded":20,"failed":0,"request_id":"ec5bbbbc-4345-42ea-8ce7-975987813cc0"}
2026-09-03T21:23:16+00:00 INFO Central bulk source orders received. CONTEXT: {"store_id":"site1","received":20,"succeeded":20,"failed":0,"request_id":"b9afeaf4-d9e3-4ebb-bad6-06aaf75db341"}
2026-09-03T21:23:50+00:00 INFO Central bulk source orders received. CONTEXT: {"store_id":"site1","received":20,"succeeded":20,"failed":0,"request_id":"4c6b7908-7b3b-4c6d-b6af-c84ecad873c2"}
2026-09-03T21:24:47+00:00 INFO Central bulk source orders received. CONTEXT: {"store_id":"site1","received":20,"succeeded":20,"failed":0,"request_id":"d0a49fed-d876-45ac-8771-97baa08a382f"}
2026-09-03T21:25:41+00:00 INFO Central bulk source orders received. CONTEXT: {"store_id":"site1","received":20,"succeeded":20,"failed":0,"request_id":"bf2a7858-498a-4b5f-b7af-addd7483a47a"}
2026-09-03T21:26:32+00:00 INFO Central bulk source orders received. CONTEXT: {"store_id":"site1","received":20,"succeeded":20,"failed":0,"request_id":"90c4bcae-91ba-4e20-b9ba-3a6fd71c1013"}
2026-09-03T21:27:22+00:00 INFO Central bulk source orders received. CONTEXT: {"store_id":"site1","received":20,"succeeded":20,"failed":0,"request_id":"795bf79d-6758-4c36-b884-3c78f9531266"}
2026-09-03T21:28:11+00:00 INFO Central bulk source orders received. CONTEXT: {"store_id":"site1","received":20,"succeeded":20,"failed":0,"request_id":"acf5ca43-71a0-46a1-ab8d-b28721098f48"}
2026-09-03T21:28:28+00:00 INFO Central bulk source orders received. CONTEXT: {"store_id":"site1","received":20,"succeeded":20,"failed":0,"request_id":"97af5b06-65d1-4547-a1b4-87a03e088454"}
2026-09-03T21:29:01+00:00 INFO Central bulk source orders received. CONTEXT: {"store_id":"site1","received":20,"succeeded":20,"failed":0,"request_id":"de9fb75d-5a30-4c8c-b0e1-3d1a5e928ede"}
2026-09-03T21:29:18+00:00 INFO Central bulk source orders received. CONTEXT: {"store_id":"site1","received":20,"succeeded":20,"failed":0,"request_id":"bbce1dcf-53d4-424c-8bde-00648109f398"}
2026-09-03T21:29:51+00:00 INFO Central bulk source orders received. CONTEXT: {"store_id":"site1","received":20,"succeeded":20,"failed":0,"request_id":"669e36ed-c902-4e58-a633-3977e4e1e81b"}
2026-09-03T21:30:12+00:00 INFO Central bulk source orders received. CONTEXT: {"store_id":"site1","received":20,"succeeded":20,"failed":0,"request_id":"c8d99467-ced1-485b-a173-c1a47d0cace2"}
2026-09-03T21:30:45+00:00 INFO Central bulk source orders received. CONTEXT: {"store_id":"site1","received":20,"succeeded":20,"failed":0,"request_id":"bd43bde9-1e63-477f-a034-ffa58d313445"}
2026-09-03T21:31:04+00:00 INFO Central bulk source orders received. CONTEXT: {"store_id":"site1","received":20,"succeeded":20,"failed":0,"request_id":"139bd46d-3a3a-4605-ba97-e67ac9d47dc6"}
2026-09-03T21:31:33+00:00 INFO Central bulk source orders received. CONTEXT: {"store_id":"site1","received":20,"succeeded":20,"failed":0,"request_id":"62b388a1-c77c-4e5b-bda9-d7da1905cb8a"}
2026-09-03T21:32:28+00:00 INFO Central bulk source orders received. CONTEXT: {"store_id":"site1","received":20,"succeeded":20,"failed":0,"request_id":"66ffd453-dac7-4815-b9c8-75e37d1a5fa8"}
2026-09-03T21:33:19+00:00 INFO Central bulk source orders received. CONTEXT: {"store_id":"site1","received":20,"succeeded":20,"failed":0,"request_id":"38ad978d-532d-4374-ac62-a0078808a25c"}
2026-09-03T21:33:53+00:00 INFO Central bulk source orders received. CONTEXT: {"store_id":"site1","received":20,"succeeded":20,"failed":0,"request_id":"6d9b98ff-8459-40ac-95bf-50cd82b3b580"}
2026-09-03T21:34:13+00:00 INFO Central bulk source orders received. CONTEXT: {"store_id":"site1","received":20,"succeeded":20,"failed":0,"request_id":"d7f00e76-60ae-45c6-8549-28b2dd463d7d"}
2026-09-03T21:34:46+00:00 INFO Central bulk source orders received. CONTEXT: {"store_id":"site1","received":20,"succeeded":20,"failed":0,"request_id":"71e20baa-b6aa-492c-9257-e4e36507be25"}
2026-09-03T21:35:05+00:00 INFO Central bulk source orders received. CONTEXT: {"store_id":"site1","received":20,"succeeded":20,"failed":0,"request_id":"8e70c36a-b541-49e3-9e29-3147aebb20f4"}
2026-09-03T21:35:13+00:00 INFO Central bulk source orders received. CONTEXT: {"store_id":"site1","received":20,"succeeded":20,"failed":0,"request_id":"353eadfd-7665-4342-9a3d-56bffdd2aeda"}
2026-09-03T21:35:35+00:00 INFO Central bulk source orders received. CONTEXT: {"store_id":"site1","received":20,"succeeded":20,"failed":0,"request_id":"b8485b31-978a-4639-9681-b1a4207974be"}
2026-09-03T21:36:01+00:00 INFO Central bulk source orders received. CONTEXT: {"store_id":"site1","received":20,"succeeded":20,"failed":0,"request_id":"219f2bd7-dc95-47eb-b36a-f0f307e7ba8f"}
2026-09-03T21:36:15+00:00 INFO Central bulk source orders received. CONTEXT: {"store_id":"site1","received":20,"succeeded":20,"failed":0,"request_id":"703dc70f-4b4e-40c3-aa7a-0288ab1cea73"}
2026-09-03T21:36:54+00:00 INFO Central bulk source orders received. CONTEXT: {"store_id":"site1","received":20,"succeeded":20,"failed":0,"request_id":"d9499fbd-b800-4b53-9ff2-004dc465844a"}
2026-09-03T21:37:46+00:00 INFO Central bulk source orders received. CONTEXT: {"store_id":"site1","received":20,"succeeded":20,"failed":0,"request_id":"2dc3394c-de0a-4f19-9503-38e1e187a18b"}
2026-09-03T21:38:40+00:00 INFO Central bulk source orders received. CONTEXT: {"store_id":"site1","received":20,"succeeded":20,"failed":0,"request_id":"74446b02-f4af-4de3-aa12-f69daae12dda"}
2026-09-03T21:39:30+00:00 INFO Central bulk source orders received. CONTEXT: {"store_id":"site1","received":20,"succeeded":20,"failed":0,"request_id":"a9af867e-1899-47d5-88b7-9ae1b59893a0"}
2026-09-03T21:40:19+00:00 INFO Central bulk source orders received. CONTEXT: {"store_id":"site1","received":20,"succeeded":20,"failed":0,"request_id":"dac4063f-d264-42fd-b4ba-c5dcc409a895"}
2026-09-03T21:41:09+00:00 INFO Central bulk source orders received. CONTEXT: {"store_id":"site1","received":20,"succeeded":20,"failed":0,"request_id":"94471ee5-66b0-4745-bd34-f531e921e9e8"}
2026-09-03T21:41:42+00:00 INFO Central bulk source orders received. CONTEXT: {"store_id":"site1","received":20,"succeeded":20,"failed":0,"request_id":"bf3bfb27-5e63-4d67-920a-db99e371b9bb"}
2026-09-03T21:41:58+00:00 INFO Central bulk source orders received. CONTEXT: {"store_id":"site1","received":20,"succeeded":20,"failed":0,"request_id":"65ef7b2b-b1c2-4ffb-947e-f0ae26eb5b90"}
2026-09-03T21:42:48+00:00 INFO Central bulk source orders received. CONTEXT: {"store_id":"site1","received":20,"succeeded":20,"failed":0,"request_id":"06e98d47-37aa-4ba8-8515-09124b6bd46d"}
2026-09-03T21:43:38+00:00 INFO Central bulk source orders received. CONTEXT: {"store_id":"site1","received":20,"succeeded":20,"failed":0,"request_id":"264ec87e-3bfa-49f6-8274-34d2eeda3481"}
2026-09-03T21:43:58+00:00 INFO Central bulk source orders received. CONTEXT: {"store_id":"site1","received":20,"succeeded":20,"failed":0,"request_id":"e79ac021-7a20-4997-9f39-c305985023c5"}
2026-09-03T21:44:48+00:00 INFO Central bulk source orders received. CONTEXT: {"store_id":"site1","received":20,"succeeded":20,"failed":0,"request_id":"b6d02d93-c719-4c9e-b6a5-91c9d264a404"}
2026-09-03T21:45:38+00:00 INFO Central bulk source orders received. CONTEXT: {"store_id":"site1","received":20,"succeeded":20,"failed":0,"request_id":"61a9c99e-f84c-4f28-a45a-aba67df58e38"}
2026-09-03T21:46:28+00:00 INFO Central bulk source orders received. CONTEXT: {"store_id":"site1","received":20,"succeeded":20,"failed":0,"request_id":"6c1c9adf-4b19-431c-9c53-2305693856a8"}
2026-09-03T21:46:44+00:00 INFO Central bulk source orders received. CONTEXT: {"store_id":"site1","received":20,"succeeded":20,"failed":0,"request_id":"645b0adf-15f6-4ecd-b345-40c4733ac0b3"}
2026-09-03T21:47:17+00:00 INFO Central bulk source orders received. CONTEXT: {"store_id":"site1","received":20,"succeeded":20,"failed":0,"request_id":"e0671622-b762-47f9-9013-83c2545d0240"}
2026-09-03T21:47:33+00:00 INFO Central bulk source orders received. CONTEXT: {"store_id":"site1","received":20,"succeeded":20,"failed":0,"request_id":"971ced6e-04f9-412a-afc0-53c80366a23e"}
2026-09-03T21:48:06+00:00 INFO Central bulk source orders received. CONTEXT: {"store_id":"site1","received":20,"succeeded":20,"failed":0,"request_id":"f8f39ad2-9141-46bb-bae4-5f7cabf3150c"}
2026-09-03T21:48:23+00:00 INFO Central bulk source orders received. CONTEXT: {"store_id":"site1","received":20,"succeeded":20,"failed":0,"request_id":"16db4dcc-73fe-4d8b-99a7-417da913f78d"}
2026-09-03T21:52:54+00:00 INFO Central bulk source orders received. CONTEXT: {"store_id":"site1","received":20,"succeeded":20,"failed":0,"request_id":"561ae4b4-1a6c-4a53-97ce-347ba35a36ba"}
2026-09-03T21:53:24+00:00 INFO Central bulk source orders received. CONTEXT: {"store_id":"site1","received":20,"succeeded":20,"failed":0,"request_id":"496fda3a-44c5-4439-9240-987040bb97fd"}
2026-09-03T21:56:39+00:00 INFO Central bulk source orders received. CONTEXT: {"store_id":"site1","received":20,"succeeded":20,"failed":0,"request_id":"aaec6fbe-f555-4742-a6d1-6f665d9bc9c0"}
2026-09-03T21:57:15+00:00 INFO Central bulk source orders received. CONTEXT: {"store_id":"site1","received":20,"succeeded":20,"failed":0,"request_id":"48e4f3fd-64ad-427a-aeef-0f0745a5fee4"}
2026-09-03T21:58:06+00:00 INFO Central bulk source orders received. CONTEXT: {"store_id":"site1","received":20,"succeeded":20,"failed":0,"request_id":"9325eb66-d1f4-43c7-9d59-888aaa24a423"}
2026-09-03T21:58:15+00:00 INFO Central bulk source orders received. CONTEXT: {"store_id":"site1","received":20,"succeeded":20,"failed":0,"request_id":"383922d9-a522-4774-a831-3b82e46cf50a"}
2026-09-03T21:59:05+00:00 INFO Central bulk source orders received. CONTEXT: {"store_id":"site1","received":20,"succeeded":20,"failed":0,"request_id":"77e33561-ac8e-45f5-b2c1-9fbd3f3b83f1"}
2026-09-03T21:59:14+00:00 INFO Central bulk source orders received. CONTEXT: {"store_id":"site1","received":20,"succeeded":20,"failed":0,"request_id":"bf7ca17c-f171-458c-a98a-5b86364e943c"}
2026-09-03T22:00:03+00:00 INFO Central bulk source orders received. CONTEXT: {"store_id":"site1","received":20,"succeeded":20,"failed":0,"request_id":"ce00dadd-2bb8-4772-b6a5-c81ad341cd50"}
2026-09-03T22:00:51+00:00 INFO Central bulk source orders received. CONTEXT: {"store_id":"site1","received":20,"succeeded":20,"failed":0,"request_id":"f828f4e0-67ed-4006-ba5c-5740b0047cb0"}
2026-09-03T22:01:32+00:00 INFO Central bulk source orders received. CONTEXT: {"store_id":"site1","received":20,"succeeded":20,"failed":0,"request_id":"5958a5dd-b21f-4857-be67-fb582a8bf2b3"}
2026-09-03T22:02:24+00:00 INFO Central bulk source orders received. CONTEXT: {"store_id":"site1","received":20,"succeeded":20,"failed":0,"request_id":"09638edf-cf65-4015-b26c-caef034217a3"}
2026-09-03T22:03:15+00:00 INFO Central bulk source orders received. CONTEXT: {"store_id":"site1","received":20,"succeeded":20,"failed":0,"request_id":"a55800d3-531f-40df-875e-5d40913b60bf"}
2026-09-03T22:03:54+00:00 INFO Central bulk source orders received. CONTEXT: {"store_id":"site1","received":20,"succeeded":20,"failed":0,"request_id":"e21b942a-e5ee-4cac-bff1-8995f0eac852"}
2026-09-03T22:04:48+00:00 INFO Central bulk source orders received. CONTEXT: {"store_id":"site1","received":20,"succeeded":20,"failed":0,"request_id":"1dce20ee-e1c3-49a8-a418-af046092468d"}
2026-09-03T22:08:45+00:00 INFO Central order received successfully. CONTEXT: {"store_id":"site1","source_order_id":376478,"central_order_id":6889,"request_id":"f546f2e4-1337-4226-a119-52780858cfb1","event":"orderupdated"}
2026-09-03T22:08:50+00:00 INFO Central order received successfully. CONTEXT: {"store_id":"site1","source_order_id":376478,"central_order_id":6889,"request_id":"08767d72-285f-4f32-aae2-470a00ab9a36","event":"orderupdated"}
2026-09-03T22:09:27+00:00 INFO Central order received successfully. CONTEXT: {"store_id":"site1","source_order_id":376478,"central_order_id":6889,"request_id":"d98617ff-57d2-4d50-8acf-6ff2ade25515","event":"orderupdated"}
2026-09-03T22:10:10+00:00 INFO Central order received successfully. CONTEXT: {"store_id":"site1","source_order_id":376478,"central_order_id":6889,"request_id":"04b05200-06e4-4865-8ce0-e349a068f6f0","event":"orderupdated"}
2026-09-03T22:10:39+00:00 INFO Central bulk source orders received. CONTEXT: {"store_id":"site1","received":20,"succeeded":20,"failed":0,"request_id":"0244923e-45a3-4ddc-9d10-67f32279fb1f"}
2026-09-03T22:10:53+00:00 INFO Central order received successfully. CONTEXT: {"store_id":"site1","source_order_id":376478,"central_order_id":6889,"request_id":"58b9477f-5a44-4806-9217-adb526e49adc","event":"orderupdated"}
2026-09-03T22:11:32+00:00 INFO Central bulk source orders received. CONTEXT: {"store_id":"site1","received":20,"succeeded":20,"failed":0,"request_id":"6ae7749b-b9b8-4c1c-a640-f369473259d1"}
2026-09-03T22:11:59+00:00 INFO Central bulk source orders received. CONTEXT: {"store_id":"site1","received":20,"succeeded":20,"failed":0,"request_id":"ad667f1e-df16-46b2-a5e4-14f327be8fd3"}
2026-09-03T22:12:12+00:00 INFO Central order received successfully. CONTEXT: {"store_id":"site1","source_order_id":376478,"central_order_id":6889,"request_id":"391d9d41-d256-4345-a191-a1fe1946e839","event":"orderupdated"}
2026-09-03T22:12:27+00:00 INFO Central bulk source orders received. CONTEXT: {"store_id":"site1","received":20,"succeeded":20,"failed":0,"request_id":"d5c8bde6-f2c4-454a-a7ab-ef9814b28e33"}
2026-09-03T22:12:38+00:00 INFO Central order received successfully. CONTEXT: {"store_id":"site1","source_order_id":376479,"central_order_id":6890,"request_id":"b00ae10b-63f2-41d4-bff6-fe455c8fabc3","event":"orderupdated"}
2026-09-03T22:12:47+00:00 INFO Central order received successfully. CONTEXT: {"store_id":"site1","source_order_id":376479,"central_order_id":6890,"request_id":"8c6b9acf-687a-4e58-b905-52d5e6c35a34","event":"orderupdated"}
2026-09-03T22:12:49+00:00 INFO Central bulk source orders received. CONTEXT: {"store_id":"site1","received":20,"succeeded":20,"failed":0,"request_id":"548d9f8d-6da0-44b4-9fb7-dd3732ece462"}
2026-09-03T22:12:54+00:00 INFO Central order received successfully. CONTEXT: {"store_id":"site1","source_order_id":376478,"central_order_id":6889,"request_id":"aa77a930-f8fe-438e-b89e-890ace7f27fd","event":"orderupdated"}
2026-09-03T22:13:16+00:00 INFO Central order received successfully. CONTEXT: {"store_id":"site1","source_order_id":376479,"central_order_id":6890,"request_id":"bf7d5776-c8cd-4fde-acc8-e14b21d27961","event":"orderupdated"}
2026-09-03T22:13:34+00:00 INFO Central order received successfully. CONTEXT: {"store_id":"site1","source_order_id":376478,"central_order_id":6889,"request_id":"6d0c22c2-eb31-4807-ad99-a5b4af09c466","event":"orderupdated"}
2026-09-03T22:13:37+00:00 INFO Central bulk source orders received. CONTEXT: {"store_id":"site1","received":20,"succeeded":20,"failed":0,"request_id":"965ba2a3-a1a8-4dc8-a216-5732e4bbb4f7"}
2026-09-03T22:13:56+00:00 INFO Central order received successfully. CONTEXT: {"store_id":"site1","source_order_id":376479,"central_order_id":6890,"request_id":"5de8f2a8-7812-46ce-97b0-853f3360402f","event":"orderupdated"}
2026-09-03T22:14:04+00:00 INFO Central bulk source orders received. CONTEXT: {"store_id":"site1","received":20,"succeeded":20,"failed":0,"request_id":"323d3ec3-8bff-4c4a-b91e-da7f8bea7d77"}
2026-09-03T22:14:17+00:00 INFO Central order received successfully. CONTEXT: {"store_id":"site1","source_order_id":376478,"central_order_id":6889,"request_id":"1e3e230e-15cf-4020-b499-502c02648f34","event":"orderupdated"}
2026-09-03T22:14:37+00:00 INFO Central order received successfully. CONTEXT: {"store_id":"site1","source_order_id":376479,"central_order_id":6890,"request_id":"2f0f7a0a-9223-4f8f-aa2d-e1f9dd8b1b66","event":"orderupdated"}
2026-09-03T22:15:05+00:00 INFO Central bulk source orders received. CONTEXT: {"store_id":"site1","received":20,"succeeded":20,"failed":0,"request_id":"fee341d2-032e-4700-b387-b9e15f6c9082"}
2026-09-03T22:15:11+00:00 INFO Central order received successfully. CONTEXT: {"store_id":"site1","source_order_id":376479,"central_order_id":6890,"request_id":"7a2a7561-a2fb-4055-9216-33fa5d568212","event":"orderupdated"}
2026-09-03T22:15:18+00:00 INFO Central order received successfully. CONTEXT: {"store_id":"site1","source_order_id":376479,"central_order_id":6890,"request_id":"e9b33be2-af6d-41e3-abbd-613ae0ead9cb","event":"orderupdated"}
2026-09-03T22:15:40+00:00 INFO Central bulk source orders received. CONTEXT: {"store_id":"site1","received":20,"succeeded":20,"failed":0,"request_id":"dc67dc81-4518-48d3-b624-2b7bb3bf57fe"}
2026-09-03T22:15:52+00:00 INFO Central order received successfully. CONTEXT: {"store_id":"site1","source_order_id":376479,"central_order_id":6890,"request_id":"343bce56-8adb-43be-a602-d9a299aebf80","event":"orderupdated"}
2026-09-03T22:16:30+00:00 INFO Central bulk source orders received. CONTEXT: {"store_id":"site1","received":20,"succeeded":20,"failed":0,"request_id":"81267bed-996b-4e96-bd45-670bbcd1a3e1"}
2026-09-03T22:17:20+00:00 INFO Central bulk source orders received. CONTEXT: {"store_id":"site1","received":20,"succeeded":20,"failed":0,"request_id":"58898fbd-3283-486f-bc6d-319b96e15768"}
2026-09-03T22:18:10+00:00 INFO Central bulk source orders received. CONTEXT: {"store_id":"site1","received":20,"succeeded":20,"failed":0,"request_id":"d64f8b1e-b91a-44ce-b04e-02cc8e822425"}
2026-09-03T22:19:01+00:00 INFO Central bulk source orders received. CONTEXT: {"store_id":"site1","received":20,"succeeded":20,"failed":0,"request_id":"56c49c12-24a7-445c-b2f3-d16102dd3a70"}
2026-09-03T22:19:56+00:00 INFO Central bulk source orders received. CONTEXT: {"store_id":"site1","received":20,"succeeded":20,"failed":0,"request_id":"65daf11b-2a44-43cc-83cc-d1323f1db643"}
2026-09-03T22:20:47+00:00 INFO Central bulk source orders received. CONTEXT: {"store_id":"site1","received":20,"succeeded":20,"failed":0,"request_id":"192f8c43-cdf1-4fe5-a809-dd2532b5c221"}
2026-09-03T22:21:02+00:00 INFO Central order received successfully. CONTEXT: {"store_id":"site1","source_order_id":376479,"central_order_id":6890,"request_id":"f222e5d8-ef2d-465e-8be6-ae70259378d7","event":"orderupdated"}
2026-09-03T22:21:35+00:00 INFO Central bulk source orders received. CONTEXT: {"store_id":"site1","received":20,"succeeded":20,"failed":0,"request_id":"d55fe767-a267-4665-b9e1-1946a380e5dc"}
2026-09-03T22:21:40+00:00 INFO Central order received successfully. CONTEXT: {"store_id":"site1","source_order_id":376479,"central_order_id":6890,"request_id":"fa3c233f-ad7c-4eff-b178-bcf88f0b778c","event":"orderupdated"}
2026-09-03T22:22:16+00:00 INFO Central order received successfully. CONTEXT: {"store_id":"site1","source_order_id":376479,"central_order_id":6890,"request_id":"8e44041a-4740-4b79-b555-6a53c3ded355","event":"orderupdated"}
2026-09-03T22:22:25+00:00 INFO Central bulk source orders received. CONTEXT: {"store_id":"site1","received":20,"succeeded":20,"failed":0,"request_id":"daf4ccc0-9840-40cb-bc99-9056f1a0d29d"}
2026-09-03T22:22:58+00:00 INFO Central order received successfully. CONTEXT: {"store_id":"site1","source_order_id":376479,"central_order_id":6890,"request_id":"2532b1d0-e1cc-42b7-b0af-120822522a36","event":"orderupdated"}
2026-09-03T22:23:19+00:00 INFO Central bulk source orders received. CONTEXT: {"store_id":"site1","received":20,"succeeded":20,"failed":0,"request_id":"4b2e5641-9aa7-4f15-944c-5d734a03b38a"}
2026-09-03T22:23:38+00:00 INFO Central order received successfully. CONTEXT: {"store_id":"site1","source_order_id":376479,"central_order_id":6890,"request_id":"70ea6f54-6145-444c-ae8b-9a42d973418e","event":"orderupdated"}
2026-09-03T22:24:12+00:00 INFO Central bulk source orders received. CONTEXT: {"store_id":"site1","received":20,"succeeded":20,"failed":0,"request_id":"4e30c176-bf38-4dd8-879d-4295918bee4e"}
2026-09-03T22:24:16+00:00 INFO Central order received successfully. CONTEXT: {"store_id":"site1","source_order_id":376479,"central_order_id":6890,"request_id":"81cfef7b-ba25-4480-8124-a356aa792788","event":"orderupdated"}
2026-09-03T22:24:58+00:00 INFO Central order received successfully. CONTEXT: {"store_id":"site1","source_order_id":376479,"central_order_id":6890,"request_id":"412b43f0-9bf1-4a8c-b66d-3853f04e1ed8","event":"orderupdated"}
2026-09-03T22:25:06+00:00 INFO Central bulk source orders received. CONTEXT: {"store_id":"site1","received":20,"succeeded":20,"failed":0,"request_id":"44dc675c-0d24-4ee7-b7b0-c3fb62b729e5"}
2026-09-03T22:25:16+00:00 INFO Central bulk source orders received. CONTEXT: {"store_id":"site1","received":20,"succeeded":20,"failed":0,"request_id":"17941bbe-9a59-4b4a-85f5-23a27fe52abc"}
2026-09-03T22:25:41+00:00 INFO Central bulk source orders received. CONTEXT: {"store_id":"site1","received":20,"succeeded":20,"failed":0,"request_id":"d431bd57-eb9c-4c0c-a873-e73dedfca86b"}
2026-09-03T22:26:09+00:00 INFO Central bulk source orders received. CONTEXT: {"store_id":"site1","received":20,"succeeded":20,"failed":0,"request_id":"449339e7-b9c7-41bd-a46f-ccd3db5450a8"}
2026-09-03T22:26:35+00:00 INFO Central bulk source orders received. CONTEXT: {"store_id":"site1","received":20,"succeeded":20,"failed":0,"request_id":"fb43b34b-1eb9-4bc9-a6f3-f6fe242421b8"}
2026-09-03T22:27:02+00:00 INFO Central bulk source orders received. CONTEXT: {"store_id":"site1","received":20,"succeeded":20,"failed":0,"request_id":"04ffd881-a73e-4d95-b56e-1e5b43f5efad"}
2026-09-03T22:27:24+00:00 INFO Central bulk source orders received. CONTEXT: {"store_id":"site1","received":20,"succeeded":20,"failed":0,"request_id":"fc9e733c-bcf8-48fe-a4a3-2a448fa67173"}
2026-09-03T22:27:51+00:00 INFO Central order received successfully. CONTEXT: {"store_id":"site1","source_order_id":376479,"central_order_id":6890,"request_id":"10319bf6-b761-4cda-963b-b07c576ec998","event":"orderupdated"}
2026-09-03T22:27:53+00:00 INFO Central bulk source orders received. CONTEXT: {"store_id":"site1","received":20,"succeeded":20,"failed":0,"request_id":"c07efbb5-2667-4b5b-912f-22bdfe2edc9a"}
2026-09-03T22:28:14+00:00 INFO Central bulk source orders received. CONTEXT: {"store_id":"site1","received":20,"succeeded":20,"failed":0,"request_id":"8016d24c-7767-4b5d-8645-0d9dcfd40d3e"}
2026-09-03T22:28:41+00:00 INFO Central bulk source orders received. CONTEXT: {"store_id":"site1","received":20,"succeeded":20,"failed":0,"request_id":"aebe6e19-94f2-459f-8099-d9005c9e44d3"}
2026-09-03T22:29:00+00:00 INFO Central bulk source orders received. CONTEXT: {"store_id":"site1","received":20,"succeeded":20,"failed":0,"request_id":"b7176fe6-50f9-4847-bb99-b0e85b0efa62"}
2026-09-03T22:29:51+00:00 INFO Central bulk source orders received. CONTEXT: {"store_id":"site1","received":20,"succeeded":20,"failed":0,"request_id":"4efe36d9-6cfc-444c-a08f-404d20431451"}
2026-09-03T22:30:46+00:00 INFO Central bulk source orders received. CONTEXT: {"store_id":"site1","received":20,"succeeded":20,"failed":0,"request_id":"bc99532c-fa18-4282-a608-6e0fb2a739d8"}
2026-09-03T22:31:35+00:00 INFO Central bulk source orders received. CONTEXT: {"store_id":"site1","received":20,"succeeded":20,"failed":0,"request_id":"da13655b-f802-4e16-93ca-a9336d7755f1"}
2026-09-03T22:32:25+00:00 INFO Central bulk source orders received. CONTEXT: {"store_id":"site1","received":20,"succeeded":20,"failed":0,"request_id":"57eeb6b2-f89d-463a-905c-eb5162f658be"}
2026-09-03T22:32:51+00:00 INFO Central bulk source orders received. CONTEXT: {"store_id":"site1","received":20,"succeeded":20,"failed":0,"request_id":"fd557e89-9280-48ba-9aaa-509230296c86"}
2026-09-03T22:33:41+00:00 INFO Central bulk source orders received. CONTEXT: {"store_id":"site1","received":20,"succeeded":20,"failed":0,"request_id":"2a58f2df-3d37-4b8c-af21-08c044ee5198"}
2026-09-03T22:34:08+00:00 INFO Central bulk source orders received. CONTEXT: {"store_id":"site1","received":20,"succeeded":20,"failed":0,"request_id":"34b89649-4a9f-4888-a149-cc092c402d62"}
2026-09-03T22:34:58+00:00 INFO Central bulk source orders received. CONTEXT: {"store_id":"site1","received":20,"succeeded":20,"failed":0,"request_id":"109c9a1a-9df4-4816-83e9-45252f2c0205"}
2026-09-03T22:40:45+00:00 INFO Central bulk source orders received. CONTEXT: {"store_id":"site1","received":20,"succeeded":20,"failed":0,"request_id":"6aa68391-2e27-457b-a29d-50bae63ad6ce"}
2026-09-03T22:41:25+00:00 INFO Central bulk source orders received. CONTEXT: {"store_id":"site1","received":20,"succeeded":20,"failed":0,"request_id":"05825353-7edf-499c-8126-cbc04c3fb8b1"}
2026-09-03T22:42:20+00:00 INFO Central bulk source orders received. CONTEXT: {"store_id":"site1","received":20,"succeeded":20,"failed":0,"request_id":"17c5ebec-0bc1-4e27-9df7-7a6fdaa69a22"}
2026-09-03T22:43:14+00:00 INFO Central bulk source orders received. CONTEXT: {"store_id":"site1","received":20,"succeeded":20,"failed":0,"request_id":"4e08317d-142d-4e87-a672-c547a3947f41"}
2026-09-03T22:44:03+00:00 INFO Central bulk source orders received. CONTEXT: {"store_id":"site1","received":20,"succeeded":20,"failed":0,"request_id":"153c7a6f-87bc-408d-b3f0-68c13497d5f1"}
2026-09-03T22:44:40+00:00 INFO Central bulk source orders received. CONTEXT: {"store_id":"site1","received":20,"succeeded":20,"failed":0,"request_id":"dcd2aa1c-137b-4e5d-8bbc-3e70f02d3faa"}
2026-09-03T22:44:53+00:00 INFO Central bulk source orders received. CONTEXT: {"store_id":"site1","received":20,"succeeded":20,"failed":0,"request_id":"b52d6856-8f8a-44db-a278-ec4ca19887ec"}
2026-09-03T22:45:43+00:00 INFO Central bulk source orders received. CONTEXT: {"store_id":"site1","received":20,"succeeded":20,"failed":0,"request_id":"24b8f770-0141-4381-8f0e-dc1a2063f895"}
2026-09-03T22:46:04+00:00 INFO Central bulk source orders received. CONTEXT: {"store_id":"site1","received":20,"succeeded":20,"failed":0,"request_id":"21eb54b0-ed4e-48f1-8357-f78e4c4a4c08"}
2026-09-03T22:46:59+00:00 INFO Central bulk source orders received. CONTEXT: {"store_id":"site1","received":20,"succeeded":20,"failed":0,"request_id":"25e6bf38-e26b-48cc-a84d-2126c34c83a9"}
2026-09-03T22:47:29+00:00 INFO Central bulk source orders received. CONTEXT: {"store_id":"site1","received":20,"succeeded":20,"failed":0,"request_id":"6088625c-106e-4b02-8ac9-4e83f3f14989"}
2026-09-03T22:52:56+00:00 INFO Central bulk source orders received. CONTEXT: {"store_id":"site1","received":20,"succeeded":20,"failed":0,"request_id":"697caa1d-35dc-4d5b-b651-92362e5cae41"}
2026-09-03T22:53:47+00:00 INFO Central bulk source orders received. CONTEXT: {"store_id":"site1","received":20,"succeeded":20,"failed":0,"request_id":"d7b2169e-51e9-4f56-bc02-a75217cdf95a"}
2026-09-03T22:54:41+00:00 INFO Central bulk source orders received. CONTEXT: {"store_id":"site1","received":20,"succeeded":20,"failed":0,"request_id":"64aedb00-fc6e-40a5-afc8-431c8bc5e655"}
2026-09-03T22:55:34+00:00 INFO Central bulk source orders received. CONTEXT: {"store_id":"site1","received":20,"succeeded":20,"failed":0,"request_id":"ebc96ab1-6ab0-4fb4-aedd-e1eed3150efc"}
2026-09-03T22:56:22+00:00 INFO Central bulk source orders received. CONTEXT: {"store_id":"site1","received":20,"succeeded":20,"failed":0,"request_id":"d7f73641-6712-4efa-b21d-4cd5a925c828"}
2026-09-03T22:56:42+00:00 INFO Central bulk source orders received. CONTEXT: {"store_id":"site1","received":20,"succeeded":20,"failed":0,"request_id":"52a55363-be28-4bb4-9c7a-9a33210cf582"}
2026-09-03T22:57:15+00:00 INFO Central bulk source orders received. CONTEXT: {"store_id":"site1","received":20,"succeeded":20,"failed":0,"request_id":"5bb4d43b-5b06-4fae-802c-534624de3bfb"}
2026-09-03T22:57:34+00:00 INFO Central bulk source orders received. CONTEXT: {"store_id":"site1","received":20,"succeeded":20,"failed":0,"request_id":"8cbccfe0-cf74-4ee7-b3c1-ceb478f0610a"}
2026-09-03T22:58:03+00:00 INFO Central bulk source orders received. CONTEXT: {"store_id":"site1","received":20,"succeeded":20,"failed":0,"request_id":"cbb6f09a-c08c-43a5-af5e-4e7965e5d0ba"}
2026-09-03T22:58:24+00:00 INFO Central bulk source orders received. CONTEXT: {"store_id":"site1","received":20,"succeeded":20,"failed":0,"request_id":"382c37ea-aff8-4d33-a4b0-647b2d1d041c"}
2026-09-03T22:58:56+00:00 INFO Central bulk source orders received. CONTEXT: {"store_id":"site1","received":20,"succeeded":20,"failed":0,"request_id":"97731ef3-3059-441c-8050-df9edbb9ad70"}
2026-09-03T22:59:12+00:00 INFO Central bulk source orders received. CONTEXT: {"store_id":"site1","received":20,"succeeded":20,"failed":0,"request_id":"0307a810-9057-4fed-967d-a71025096e78"}
2026-09-03T22:59:46+00:00 INFO Central bulk source orders received. CONTEXT: {"store_id":"site1","received":20,"succeeded":20,"failed":0,"request_id":"f9c56632-c5e8-4a25-9f6c-ed4e2e57d732"}
2026-09-03T23:00:01+00:00 INFO Central bulk source orders received. CONTEXT: {"store_id":"site1","received":20,"succeeded":20,"failed":0,"request_id":"56a26ee3-6be5-4878-80a4-4561974b8181"}
2026-09-03T23:00:56+00:00 INFO Central bulk source orders received. CONTEXT: {"store_id":"site1","received":20,"succeeded":20,"failed":0,"request_id":"2eaf2036-0213-4d9f-88fe-4cc904616235"}
2026-09-03T23:01:45+00:00 INFO Central bulk source orders received. CONTEXT: {"store_id":"site1","received":20,"succeeded":20,"failed":0,"request_id":"51e4709d-bf04-4a5e-a49d-bc7325de5f73"}
2026-09-03T23:02:08+00:00 INFO Central bulk source orders received. CONTEXT: {"store_id":"site1","received":20,"succeeded":20,"failed":0,"request_id":"329bd6d9-cd1a-43b2-b9c7-07852314cd21"}
2026-09-03T23:05:17+00:00 INFO Central bulk source orders received. CONTEXT: {"store_id":"site1","received":20,"succeeded":20,"failed":0,"request_id":"6759e934-7d22-4c8a-85f6-d3f476e2cd77"}
2026-09-03T23:05:49+00:00 INFO Central bulk source orders received. CONTEXT: {"store_id":"site1","received":20,"succeeded":20,"failed":0,"request_id":"934911a8-521b-47f0-84ed-7212c962f500"}
2026-09-03T23:06:08+00:00 INFO Central bulk source orders received. CONTEXT: {"store_id":"site1","received":20,"succeeded":20,"failed":0,"request_id":"a697880f-db2f-420b-a960-4b659f4e2409"}
2026-09-03T23:06:39+00:00 INFO Central bulk source orders received. CONTEXT: {"store_id":"site1","received":20,"succeeded":20,"failed":0,"request_id":"655213a8-f410-421a-8819-61e8c3c5b934"}
2026-09-03T23:06:58+00:00 INFO Central bulk source orders received. CONTEXT: {"store_id":"site1","received":20,"succeeded":20,"failed":0,"request_id":"993bdb07-718f-45f0-8a17-4ddc8cbfd7b1"}
2026-09-03T23:07:28+00:00 INFO Central bulk source orders received. CONTEXT: {"store_id":"site1","received":20,"succeeded":20,"failed":0,"request_id":"fddac77f-d8a4-4d62-a1d4-74f8611c2269"}
2026-09-03T23:07:48+00:00 INFO Central bulk source orders received. CONTEXT: {"store_id":"site1","received":20,"succeeded":20,"failed":0,"request_id":"8390e87a-b78f-4311-86b9-81720ab365e8"}
2026-09-03T23:08:17+00:00 INFO Central bulk source orders received. CONTEXT: {"store_id":"site1","received":20,"succeeded":20,"failed":0,"request_id":"d6f57e63-bb69-4fa5-b099-a7e2c903d01f"}
2026-09-03T23:08:40+00:00 INFO Central bulk source orders received. CONTEXT: {"store_id":"site1","received":20,"succeeded":20,"failed":0,"request_id":"9474f2c3-625b-4a81-a94d-989e31417ab4"}
2026-09-03T23:09:32+00:00 INFO Central bulk source orders received. CONTEXT: {"store_id":"site1","received":20,"succeeded":20,"failed":0,"request_id":"9a7dfa25-74e4-48df-99c3-ccc7d8a1511a"}
2026-09-03T23:10:21+00:00 INFO Central bulk source orders received. CONTEXT: {"store_id":"site1","received":20,"succeeded":20,"failed":0,"request_id":"d1d2ff88-4dcb-41ae-b2b5-3675d7916e69"}
2026-09-03T23:11:00+00:00 INFO Central bulk source orders received. CONTEXT: {"store_id":"site1","received":20,"succeeded":20,"failed":0,"request_id":"6cf00153-e890-4cc4-8038-3cd39df8adb4"}
2026-09-03T23:11:43+00:00 INFO Central bulk source orders received. CONTEXT: {"store_id":"site1","received":20,"succeeded":20,"failed":0,"request_id":"8cfff1ba-1f21-4106-a28d-71a401c6d13d"}
2026-09-03T23:12:36+00:00 INFO Central bulk source orders received. CONTEXT: {"store_id":"site1","received":20,"succeeded":20,"failed":0,"request_id":"1c88c141-11a0-4ec5-9c29-c9f8b4c7197c"}
2026-09-03T23:13:28+00:00 INFO Central bulk source orders received. CONTEXT: {"store_id":"site1","received":20,"succeeded":20,"failed":0,"request_id":"fe3f2020-8415-42f0-84e9-c0002a3772b6"}
2026-09-03T23:14:39+00:00 INFO Central bulk source orders received. CONTEXT: {"store_id":"site1","received":20,"succeeded":20,"failed":0,"request_id":"142e3b8b-b23d-4f7c-91a0-dd6002efd8d5"}
2026-09-03T23:15:34+00:00 INFO Central bulk source orders received. CONTEXT: {"store_id":"site1","received":20,"succeeded":20,"failed":0,"request_id":"abf10890-7049-4449-adda-231059e11618"}
2026-09-03T23:15:53+00:00 INFO Central order received successfully. CONTEXT: {"store_id":"site1","source_order_id":376482,"central_order_id":6892,"request_id":"4bf9aed3-ecc9-46b1-b1af-b523c10aae03","event":"orderupdated"}
2026-09-03T23:16:03+00:00 INFO Central bulk source orders received. CONTEXT: {"store_id":"site1","received":20,"succeeded":20,"failed":0,"request_id":"24ed4677-37c8-4684-a73d-2cc435192b8a"}
2026-09-03T23:16:23+00:00 INFO Central bulk source orders received. CONTEXT: {"store_id":"site1","received":20,"succeeded":20,"failed":0,"request_id":"66b15502-9b75-4aa9-a796-97e3a953ebee"}
2026-09-03T23:16:35+00:00 INFO Central order received successfully. CONTEXT: {"store_id":"site1","source_order_id":376482,"central_order_id":6892,"request_id":"4d3cb2dd-e6f7-4b0c-956a-2445834592a2","event":"orderupdated"}
2026-09-03T23:19:32+00:00 INFO Central bulk source orders received. CONTEXT: {"store_id":"site1","received":20,"succeeded":20,"failed":0,"request_id":"f4b6a407-13bb-4c24-97cc-d4b06cf3911b"}
2026-09-03T23:20:06+00:00 INFO Central bulk source orders received. CONTEXT: {"store_id":"site1","received":20,"succeeded":20,"failed":0,"request_id":"5c74723d-0651-4d87-a1fc-c6f90f3c56ce"}
2026-09-03T23:20:15+00:00 INFO Central bulk source orders received. CONTEXT: {"store_id":"site1","received":20,"succeeded":20,"failed":0,"request_id":"a8a6ff53-b65e-4f13-857c-92009b3d6641"}
2026-09-03T23:21:05+00:00 INFO Central bulk source orders received. CONTEXT: {"store_id":"site1","received":20,"succeeded":20,"failed":0,"request_id":"f54745d1-269b-45a5-afd4-d8bb115a434a"}
2026-09-03T23:21:15+00:00 INFO Central bulk source orders received. CONTEXT: {"store_id":"site1","received":20,"succeeded":20,"failed":0,"request_id":"aa887948-9d50-4184-bae9-31e688a93094"}
2026-09-03T23:22:05+00:00 INFO Central bulk source orders received. CONTEXT: {"store_id":"site1","received":20,"succeeded":20,"failed":0,"request_id":"0010bc66-0f8c-4782-8d64-a70114861e0b"}
2026-09-03T23:22:14+00:00 INFO Central bulk source orders received. CONTEXT: {"store_id":"site1","received":20,"succeeded":20,"failed":0,"request_id":"6e54f9a7-9811-4e6e-8dd4-49da97bc8ddb"}
2026-09-03T23:28:08+00:00 INFO Central bulk source orders received. CONTEXT: {"store_id":"site1","received":20,"succeeded":20,"failed":0,"request_id":"bab925fe-d2e5-4d0a-8edb-a19fa6780184"}
2026-09-03T23:29:01+00:00 INFO Central bulk source orders received. CONTEXT: {"store_id":"site1","received":20,"succeeded":20,"failed":0,"request_id":"f128408c-2b74-46e1-97d2-d5b666163eeb"}
2026-09-03T23:30:05+00:00 INFO Central bulk source orders received. CONTEXT: {"store_id":"site1","received":19,"succeeded":19,"failed":0,"request_id":"63c24d12-6cca-4ad3-8669-f1618cd0e5f6"}
2026-09-03T23:34:15+00:00 INFO Central bulk source orders received. CONTEXT: {"store_id":"site1","received":19,"succeeded":19,"failed":0,"request_id":"03e840f5-d8aa-4ea8-9a6e-c19836aa9635"}
2026-09-03T23:37:07+00:00 INFO Central bulk source orders received. CONTEXT: {"store_id":"site1","received":20,"succeeded":20,"failed":0,"request_id":"f922160f-7e3c-415e-a7a5-a64fe57f83a4"}
2026-09-03T23:37:58+00:00 INFO Central bulk source orders received. CONTEXT: {"store_id":"site1","received":20,"succeeded":20,"failed":0,"request_id":"948a8d75-843c-4850-a7db-7e6968b1e411"}
2026-09-03T23:40:42+00:00 INFO Central bulk source orders received. CONTEXT: {"store_id":"site1","received":20,"succeeded":20,"failed":0,"request_id":"353af04f-7345-4600-9c6c-bc179007e0c7"}
2026-09-03T23:41:03+00:00 INFO Central bulk source orders received. CONTEXT: {"store_id":"site1","received":20,"succeeded":20,"failed":0,"request_id":"4aa78a11-187f-46d2-87b5-09e43be87809"}
2026-09-03T23:41:19+00:00 INFO Central bulk source orders received. CONTEXT: {"store_id":"site1","received":20,"succeeded":20,"failed":0,"request_id":"70a839e4-0279-4bff-b41c-1c16437f0869"}
2026-09-03T23:41:55+00:00 INFO Central bulk source orders received. CONTEXT: {"store_id":"site1","received":20,"succeeded":20,"failed":0,"request_id":"fbcd3583-fcfb-4ef3-a9cd-194af4c46cd9"}
2026-09-03T23:43:05+00:00 INFO Central bulk source orders received. CONTEXT: {"store_id":"site1","received":20,"succeeded":20,"failed":0,"request_id":"da8174ed-3ec5-4039-9378-9df166fc8616"}
2026-09-03T23:44:05+00:00 INFO Central bulk source orders received. CONTEXT: {"store_id":"site1","received":20,"succeeded":20,"failed":0,"request_id":"adf6ecdd-c049-4a10-a66b-ce366a7f639f"}
2026-09-03T23:44:46+00:00 INFO Central bulk source orders received. CONTEXT: {"store_id":"site1","received":20,"succeeded":20,"failed":0,"request_id":"6f7cf5c1-241e-4d0b-9a70-0d7e09a88b07"}
2026-09-03T23:45:15+00:00 INFO Central bulk source orders received. CONTEXT: {"store_id":"site1","received":20,"succeeded":20,"failed":0,"request_id":"61156ab5-1620-45cf-9e35-fd300798e34b"}
2026-09-03T23:45:35+00:00 INFO Central bulk source orders received. CONTEXT: {"store_id":"site1","received":20,"succeeded":20,"failed":0,"request_id":"8b0bd9e1-8321-43a8-8fba-2cd083a2ddaf"}
2026-09-03T23:46:05+00:00 INFO Central bulk source orders received. CONTEXT: {"store_id":"site1","received":20,"succeeded":20,"failed":0,"request_id":"4c0205ba-07d0-469a-aee8-761e9cc5443b"}
2026-09-03T23:46:15+00:00 INFO Central bulk source orders received. CONTEXT: {"store_id":"site1","received":20,"succeeded":20,"failed":0,"request_id":"4341fbc4-7e91-48ca-ba2c-6e3d0da9ed48"}
2026-09-03T23:47:05+00:00 INFO Central bulk source orders received. CONTEXT: {"store_id":"site1","received":20,"succeeded":20,"failed":0,"request_id":"48ec108c-274e-4f16-8a42-c84a4285cec0"}
2026-09-03T23:47:19+00:00 INFO Central bulk source orders received. CONTEXT: {"store_id":"site1","received":20,"succeeded":20,"failed":0,"request_id":"85a92530-cd5d-44cd-bc42-a62114c0bcbd"}
2026-09-03T23:48:05+00:00 INFO Central bulk source orders received. CONTEXT: {"store_id":"site1","received":20,"succeeded":20,"failed":0,"request_id":"a196dd20-cb91-481c-9db3-1e4acbff0894"}
2026-09-03T23:48:26+00:00 INFO Central bulk source orders received. CONTEXT: {"store_id":"site1","received":20,"succeeded":20,"failed":0,"request_id":"bf3c1c13-1799-4bb8-8e80-1057ee7cd774"}
2026-09-03T23:49:19+00:00 INFO Central bulk source orders received. CONTEXT: {"store_id":"site1","received":20,"succeeded":20,"failed":0,"request_id":"c77cb714-2037-4f4b-86cc-33c1ce411349"}
2026-09-03T23:50:01+00:00 INFO Central bulk source orders received. CONTEXT: {"store_id":"site1","received":20,"succeeded":20,"failed":0,"request_id":"430e514a-e7fb-49c9-bbcc-f78e577b63fe"}
2026-09-03T23:51:05+00:00 INFO Central bulk source orders received. CONTEXT: {"store_id":"site1","received":20,"succeeded":20,"failed":0,"request_id":"07e19ca4-2589-4750-b0bf-324cd29b911d"}
2026-09-03T23:52:04+00:00 INFO Central bulk source orders received. CONTEXT: {"store_id":"site1","received":20,"succeeded":20,"failed":0,"request_id":"9444e68e-cc47-41d4-ac8c-3c9372cd4aab"}
2026-09-03T23:55:30+00:00 INFO Central bulk source orders received. CONTEXT: {"store_id":"site1","received":20,"succeeded":20,"failed":0,"request_id":"25da0abd-abb7-495f-8a0c-fd2ad889f59e"}
2026-09-03T23:55:48+00:00 INFO Central bulk source orders received. CONTEXT: {"store_id":"site1","received":20,"succeeded":20,"failed":0,"request_id":"5198d1c3-5787-4b1b-993c-424645bc95a4"}
2026-09-03T23:56:21+00:00 INFO Central bulk source orders received. CONTEXT: {"store_id":"site1","received":20,"succeeded":20,"failed":0,"request_id":"2835ac8d-5305-4acb-a2d3-faa2e22c1b7b"}
2026-09-03T23:57:04+00:00 INFO Central bulk source orders received. CONTEXT: {"store_id":"site1","received":20,"succeeded":20,"failed":0,"request_id":"cc2a5911-9f84-4fc9-8071-d5c44eefa216"}
2026-09-03T23:57:39+00:00 INFO Central bulk source orders received. CONTEXT: {"store_id":"site1","received":20,"succeeded":20,"failed":0,"request_id":"04945443-8f8c-4e84-9da2-17d4cc28c3ad"}
2026-09-03T23:58:27+00:00 INFO Central bulk source orders received. CONTEXT: {"store_id":"site1","received":20,"succeeded":20,"failed":0,"request_id":"22cf21b5-2774-46e6-8555-f943429ae051"}
2026-09-03T23:58:43+00:00 INFO Central bulk source orders received. CONTEXT: {"store_id":"site1","received":20,"succeeded":20,"failed":0,"request_id":"43c92010-9136-4d40-8a69-d7fb2a08d18c"}
2026-09-03T23:59:35+00:00 INFO Central bulk source orders received. CONTEXT: {"store_id":"site1","received":20,"succeeded":20,"failed":0,"request_id":"2fe27e7a-b14f-4242-bfd2-cff12758fd22"}
