2026-09-20T00:50:12+00:00 INFO Central order received successfully. CONTEXT: {"store_id":"site1","source_order_id":402432,"central_order_id":21201,"request_id":"8efded41-4bf7-4150-94e6-7ac67ba56ed2","event":"orderupdated"}
2026-09-20T01:02:54+00:00 INFO Central order received successfully. CONTEXT: {"store_id":"site1","source_order_id":402433,"central_order_id":21202,"request_id":"3d604958-817d-4467-b374-f674008cd24d","event":"orderupdated"}
2026-09-20T01:28:17+00:00 INFO Central order received successfully. CONTEXT: {"store_id":"site1","source_order_id":402432,"central_order_id":21201,"request_id":"eeb1fc98-67db-4a93-af89-93583e7bd5b0","event":"orderupdated"}
2026-09-20T01:41:50+00:00 INFO Central order received successfully. CONTEXT: {"store_id":"site1","source_order_id":402434,"central_order_id":21203,"request_id":"b93cb48b-a9f4-4aee-949a-d2171e902b98","event":"orderupdated"}
2026-09-20T01:48:00+00:00 INFO Central order received successfully. CONTEXT: {"store_id":"site1","source_order_id":402435,"central_order_id":21204,"request_id":"22ad0b3f-b335-4c8e-8971-4212fe6f7f0f","event":"orderupdated"}
2026-09-20T01:48:02+00:00 INFO Central order received successfully. CONTEXT: {"store_id":"site1","source_order_id":402435,"central_order_id":21204,"request_id":"1ee9ca70-654b-4faa-acb8-fd5a69760c29","event":"orderupdated"}
2026-09-20T01:58:18+00:00 INFO Central order received successfully. CONTEXT: {"store_id":"site1","source_order_id":402433,"central_order_id":21202,"request_id":"c73e7204-b510-49ed-88f5-d1df41eca075","event":"orderupdated"}
2026-09-20T02:09:22+00:00 INFO Central order received successfully. CONTEXT: {"store_id":"site1","source_order_id":402436,"central_order_id":21205,"request_id":"a7480f24-1960-4f80-9188-23adef3e9b2b","event":"orderupdated"}
2026-09-20T02:28:34+00:00 INFO Central bulk source orders received. CONTEXT: {"store_id":"site1","received":2,"succeeded":2,"failed":0,"request_id":"7a41dec2-fbd0-4f71-a9a0-81d872f28cb5"}
2026-09-20T02:59:03+00:00 INFO Central order received successfully. CONTEXT: {"store_id":"site1","source_order_id":402436,"central_order_id":21205,"request_id":"517778f4-8d65-412a-8df1-8370c97e1f8a","event":"orderupdated"}
2026-09-20T03:32:55+00:00 INFO Central order received successfully. CONTEXT: {"store_id":"site1","source_order_id":402437,"central_order_id":21206,"request_id":"4221b73d-d920-416b-b6dd-48b72de2100d","event":"orderupdated"}
2026-09-20T03:33:11+00:00 INFO Stale source order update was ignored. CONTEXT: {"store_id":"site1","source_order_id":382637,"incoming_revision":1789539264099974,"current_revision":1789632113000000,"request_id":"automatic-snapshot-site1-58"}
2026-09-20T03:34:08+00:00 INFO Stale source order update was ignored. CONTEXT: {"store_id":"site1","source_order_id":385498,"incoming_revision":1789391176129949,"current_revision":1789825320000000,"request_id":"automatic-snapshot-site1-62"}
2026-09-20T03:34:08+00:00 INFO Stale source order update was ignored. CONTEXT: {"store_id":"site1","source_order_id":385511,"incoming_revision":1789398819000000,"current_revision":1789825314000000,"request_id":"automatic-snapshot-site1-62"}
2026-09-20T03:34:08+00:00 INFO Stale source order update was ignored. CONTEXT: {"store_id":"site1","source_order_id":385816,"incoming_revision":1789398813000000,"current_revision":1789825403648666,"request_id":"automatic-snapshot-site1-62"}
2026-09-20T03:34:08+00:00 INFO Stale source order update was ignored. CONTEXT: {"store_id":"site1","source_order_id":386230,"incoming_revision":1789318145000000,"current_revision":1789825329000000,"request_id":"automatic-snapshot-site1-62"}
2026-09-20T03:34:13+00:00 INFO Stale source order update was ignored. CONTEXT: {"store_id":"site1","source_order_id":387043,"incoming_revision":1789531236233663,"current_revision":1789825314507420,"request_id":"automatic-snapshot-site1-64"}
2026-09-20T03:34:13+00:00 INFO Stale source order update was ignored. CONTEXT: {"store_id":"site1","source_order_id":387069,"incoming_revision":1789550060000000,"current_revision":1789816541000000,"request_id":"automatic-snapshot-site1-64"}
2026-09-20T03:34:13+00:00 INFO Stale source order update was ignored. CONTEXT: {"store_id":"site1","source_order_id":387777,"incoming_revision":1789429872000000,"current_revision":1789825408000000,"request_id":"automatic-snapshot-site1-64"}
2026-09-20T03:34:13+00:00 INFO Stale source order update was ignored. CONTEXT: {"store_id":"site1","source_order_id":387781,"incoming_revision":1789550004000000,"current_revision":1789825282000000,"request_id":"automatic-snapshot-site1-64"}
2026-09-20T03:34:13+00:00 INFO Stale source order update was ignored. CONTEXT: {"store_id":"site1","source_order_id":387954,"incoming_revision":1789524473080998,"current_revision":1789825287000000,"request_id":"automatic-snapshot-site1-64"}
2026-09-20T03:34:13+00:00 INFO Stale source order update was ignored. CONTEXT: {"store_id":"site1","source_order_id":387963,"incoming_revision":1789550028000000,"current_revision":1789632126000000,"request_id":"automatic-snapshot-site1-64"}
2026-09-20T03:34:13+00:00 INFO Stale source order update was ignored. CONTEXT: {"store_id":"site1","source_order_id":387981,"incoming_revision":1789550070000000,"current_revision":1789825361563721,"request_id":"automatic-snapshot-site1-64"}
2026-09-20T03:34:13+00:00 INFO Stale source order update was ignored. CONTEXT: {"store_id":"site1","source_order_id":387982,"incoming_revision":1789550120502093,"current_revision":1789825401537970,"request_id":"automatic-snapshot-site1-64"}
2026-09-20T03:34:13+00:00 INFO Stale source order update was ignored. CONTEXT: {"store_id":"site1","source_order_id":388028,"incoming_revision":1789550079000000,"current_revision":1789825319000000,"request_id":"automatic-snapshot-site1-64"}
2026-09-20T03:34:13+00:00 INFO Stale source order update was ignored. CONTEXT: {"store_id":"site1","source_order_id":388030,"incoming_revision":1789407712000000,"current_revision":1789628509027430,"request_id":"automatic-snapshot-site1-64"}
2026-09-20T03:34:13+00:00 INFO Stale source order update was ignored. CONTEXT: {"store_id":"site1","source_order_id":388037,"incoming_revision":1789410095000000,"current_revision":1789825362638607,"request_id":"automatic-snapshot-site1-64"}
2026-09-20T03:34:13+00:00 INFO Stale source order update was ignored. CONTEXT: {"store_id":"site1","source_order_id":388043,"incoming_revision":1789413852000000,"current_revision":1789825402000000,"request_id":"automatic-snapshot-site1-64"}
2026-09-20T03:34:13+00:00 INFO Stale source order update was ignored. CONTEXT: {"store_id":"site1","source_order_id":388048,"incoming_revision":1789544533666918,"current_revision":1789825302403795,"request_id":"automatic-snapshot-site1-64"}
2026-09-20T03:34:13+00:00 INFO Stale source order update was ignored. CONTEXT: {"store_id":"site1","source_order_id":388049,"incoming_revision":1789511329688281,"current_revision":1789825317372461,"request_id":"automatic-snapshot-site1-64"}
2026-09-20T03:34:17+00:00 INFO Stale source order update was ignored. CONTEXT: {"store_id":"site1","source_order_id":388064,"incoming_revision":1789337082383125,"current_revision":1789825308000000,"request_id":"automatic-snapshot-site1-65"}
2026-09-20T03:34:17+00:00 INFO Stale source order update was ignored. CONTEXT: {"store_id":"site1","source_order_id":388149,"incoming_revision":1789440049077179,"current_revision":1789825387000000,"request_id":"automatic-snapshot-site1-65"}
2026-09-20T03:34:17+00:00 INFO Stale source order update was ignored. CONTEXT: {"store_id":"site1","source_order_id":388173,"incoming_revision":1789550041000000,"current_revision":1789825322512026,"request_id":"automatic-snapshot-site1-65"}
2026-09-20T03:34:17+00:00 INFO Stale source order update was ignored. CONTEXT: {"store_id":"site1","source_order_id":388181,"incoming_revision":1789550075000000,"current_revision":1789825369525152,"request_id":"automatic-snapshot-site1-65"}
2026-09-20T03:34:17+00:00 INFO Stale source order update was ignored. CONTEXT: {"store_id":"site1","source_order_id":388184,"incoming_revision":1789359349000000,"current_revision":1789628441000000,"request_id":"automatic-snapshot-site1-65"}
2026-09-20T03:34:17+00:00 INFO Stale source order update was ignored. CONTEXT: {"store_id":"site1","source_order_id":388193,"incoming_revision":1789309889000000,"current_revision":1789825404517348,"request_id":"automatic-snapshot-site1-65"}
2026-09-20T03:34:17+00:00 INFO Stale source order update was ignored. CONTEXT: {"store_id":"site1","source_order_id":388202,"incoming_revision":1789550064000000,"current_revision":1789815239432023,"request_id":"automatic-snapshot-site1-65"}
2026-09-20T03:34:17+00:00 INFO Stale source order update was ignored. CONTEXT: {"store_id":"site1","source_order_id":388210,"incoming_revision":1789550025000000,"current_revision":1789825417000000,"request_id":"automatic-snapshot-site1-65"}
2026-09-20T03:34:17+00:00 INFO Stale source order update was ignored. CONTEXT: {"store_id":"site1","source_order_id":388221,"incoming_revision":1789550155000000,"current_revision":1789825311000000,"request_id":"automatic-snapshot-site1-65"}
2026-09-20T03:34:17+00:00 INFO Stale source order update was ignored. CONTEXT: {"store_id":"site1","source_order_id":388223,"incoming_revision":1789550036000000,"current_revision":1789816525484926,"request_id":"automatic-snapshot-site1-65"}
2026-09-20T03:34:17+00:00 INFO Stale source order update was ignored. CONTEXT: {"store_id":"site1","source_order_id":388224,"incoming_revision":1789550034000000,"current_revision":1789825324500263,"request_id":"automatic-snapshot-site1-65"}
2026-09-20T03:35:06+00:00 INFO Stale source order update was ignored. CONTEXT: {"store_id":"site1","source_order_id":388329,"incoming_revision":1789391965000000,"current_revision":1789825309488738,"request_id":"automatic-snapshot-site1-66"}
2026-09-20T03:35:06+00:00 INFO Stale source order update was ignored. CONTEXT: {"store_id":"site1","source_order_id":388355,"incoming_revision":1789511329345740,"current_revision":1789825405000000,"request_id":"automatic-snapshot-site1-66"}
2026-09-20T03:35:06+00:00 INFO Stale source order update was ignored. CONTEXT: {"store_id":"site1","source_order_id":388363,"incoming_revision":1789509929379142,"current_revision":1789825416527307,"request_id":"automatic-snapshot-site1-66"}
2026-09-20T03:35:06+00:00 INFO Stale source order update was ignored. CONTEXT: {"store_id":"site1","source_order_id":388383,"incoming_revision":1789519344106696,"current_revision":1789825322460741,"request_id":"automatic-snapshot-site1-66"}
2026-09-20T03:35:06+00:00 INFO Stale source order update was ignored. CONTEXT: {"store_id":"site1","source_order_id":388387,"incoming_revision":1789433389000000,"current_revision":1789825282000000,"request_id":"automatic-snapshot-site1-66"}
2026-09-20T03:35:06+00:00 INFO Stale source order update was ignored. CONTEXT: {"store_id":"site1","source_order_id":388390,"incoming_revision":1789342680000000,"current_revision":1789633506644562,"request_id":"automatic-snapshot-site1-66"}
2026-09-20T03:35:06+00:00 INFO Stale source order update was ignored. CONTEXT: {"store_id":"site1","source_order_id":388398,"incoming_revision":1789372461448725,"current_revision":1789825380433127,"request_id":"automatic-snapshot-site1-66"}
2026-09-20T03:35:06+00:00 INFO Stale source order update was ignored. CONTEXT: {"store_id":"site1","source_order_id":388401,"incoming_revision":1789446345000000,"current_revision":1789825416505543,"request_id":"automatic-snapshot-site1-66"}
2026-09-20T03:35:06+00:00 INFO Stale source order update was ignored. CONTEXT: {"store_id":"site1","source_order_id":388407,"incoming_revision":1789550050000000,"current_revision":1789632440334670,"request_id":"automatic-snapshot-site1-66"}
2026-09-20T03:35:06+00:00 INFO Stale source order update was ignored. CONTEXT: {"store_id":"site1","source_order_id":388453,"incoming_revision":1789390921068716,"current_revision":1789825418000000,"request_id":"automatic-snapshot-site1-66"}
2026-09-20T03:35:06+00:00 INFO Stale source order update was ignored. CONTEXT: {"store_id":"site1","source_order_id":388474,"incoming_revision":1789494883033799,"current_revision":1789825313681273,"request_id":"automatic-snapshot-site1-66"}
2026-09-20T03:35:06+00:00 INFO Stale source order update was ignored. CONTEXT: {"store_id":"site1","source_order_id":388476,"incoming_revision":1789550063000000,"current_revision":1789825285000000,"request_id":"automatic-snapshot-site1-66"}
2026-09-20T03:35:10+00:00 INFO Stale source order update was ignored. CONTEXT: {"store_id":"site1","source_order_id":388605,"incoming_revision":1789550073000000,"current_revision":1789825284000000,"request_id":"automatic-snapshot-site1-67"}
2026-09-20T03:35:10+00:00 INFO Stale source order update was ignored. CONTEXT: {"store_id":"site1","source_order_id":388613,"incoming_revision":1789550040000000,"current_revision":1789825406000000,"request_id":"automatic-snapshot-site1-67"}
2026-09-20T03:35:10+00:00 INFO Stale source order update was ignored. CONTEXT: {"store_id":"site1","source_order_id":388633,"incoming_revision":1789323799607710,"current_revision":1789825414000000,"request_id":"automatic-snapshot-site1-67"}
2026-09-20T03:35:10+00:00 INFO Stale source order update was ignored. CONTEXT: {"store_id":"site1","source_order_id":389010,"incoming_revision":1789550036000000,"current_revision":1789825400000000,"request_id":"automatic-snapshot-site1-67"}
2026-09-20T03:35:10+00:00 INFO Stale source order update was ignored. CONTEXT: {"store_id":"site1","source_order_id":389024,"incoming_revision":1789550097000000,"current_revision":1789825378000000,"request_id":"automatic-snapshot-site1-67"}
2026-09-20T03:35:10+00:00 INFO Stale source order update was ignored. CONTEXT: {"store_id":"site1","source_order_id":389036,"incoming_revision":1789550011000000,"current_revision":1789825321000000,"request_id":"automatic-snapshot-site1-67"}
2026-09-20T03:35:10+00:00 INFO Stale source order update was ignored. CONTEXT: {"store_id":"site1","source_order_id":389038,"incoming_revision":1789550101000000,"current_revision":1789825327000000,"request_id":"automatic-snapshot-site1-67"}
2026-09-20T03:35:10+00:00 INFO Stale source order update was ignored. CONTEXT: {"store_id":"site1","source_order_id":389040,"incoming_revision":1789318422000000,"current_revision":1789633063000000,"request_id":"automatic-snapshot-site1-67"}
2026-09-20T03:35:10+00:00 INFO Stale source order update was ignored. CONTEXT: {"store_id":"site1","source_order_id":389054,"incoming_revision":1789550073000000,"current_revision":1789825411000000,"request_id":"automatic-snapshot-site1-67"}
2026-09-20T03:35:10+00:00 INFO Stale source order update was ignored. CONTEXT: {"store_id":"site1","source_order_id":389066,"incoming_revision":1789550029000000,"current_revision":1789825374587594,"request_id":"automatic-snapshot-site1-67"}
2026-09-20T03:35:14+00:00 INFO Stale source order update was ignored. CONTEXT: {"store_id":"site1","source_order_id":389541,"incoming_revision":1789405109000000,"current_revision":1789825410000000,"request_id":"automatic-snapshot-site1-68"}
2026-09-20T03:35:14+00:00 INFO Stale source order update was ignored. CONTEXT: {"store_id":"site1","source_order_id":389769,"incoming_revision":1789519898475876,"current_revision":1789820376000000,"request_id":"automatic-snapshot-site1-68"}
2026-09-20T03:35:14+00:00 INFO Stale source order update was ignored. CONTEXT: {"store_id":"site1","source_order_id":389814,"incoming_revision":1789470130436322,"current_revision":1789825401000000,"request_id":"automatic-snapshot-site1-68"}
2026-09-20T03:35:14+00:00 INFO Stale source order update was ignored. CONTEXT: {"store_id":"site1","source_order_id":389818,"incoming_revision":1789397005000000,"current_revision":1789825321000000,"request_id":"automatic-snapshot-site1-68"}
2026-09-20T03:35:14+00:00 INFO Stale source order update was ignored. CONTEXT: {"store_id":"site1","source_order_id":389835,"incoming_revision":1789558267000000,"current_revision":1789825326228838,"request_id":"automatic-snapshot-site1-68"}
2026-09-20T03:35:14+00:00 INFO Stale source order update was ignored. CONTEXT: {"store_id":"site1","source_order_id":390067,"incoming_revision":1789528011088975,"current_revision":1789825408547458,"request_id":"automatic-snapshot-site1-68"}
2026-09-20T03:35:14+00:00 INFO Stale source order update was ignored. CONTEXT: {"store_id":"site1","source_order_id":390069,"incoming_revision":1789536857193220,"current_revision":1789825324000000,"request_id":"automatic-snapshot-site1-68"}
2026-09-20T03:35:14+00:00 INFO Stale source order update was ignored. CONTEXT: {"store_id":"site1","source_order_id":390391,"incoming_revision":1789550057000000,"current_revision":1789825376000000,"request_id":"automatic-snapshot-site1-68"}
2026-09-20T03:35:14+00:00 INFO Stale source order update was ignored. CONTEXT: {"store_id":"site1","source_order_id":390476,"incoming_revision":1789550067000000,"current_revision":1789825397353853,"request_id":"automatic-snapshot-site1-68"}
2026-09-20T03:35:14+00:00 INFO Stale source order update was ignored. CONTEXT: {"store_id":"site1","source_order_id":390503,"incoming_revision":1789531180500121,"current_revision":1789825292000000,"request_id":"automatic-snapshot-site1-68"}
2026-09-20T03:35:14+00:00 INFO Stale source order update was ignored. CONTEXT: {"store_id":"site1","source_order_id":390517,"incoming_revision":1789478503798921,"current_revision":1789825313000000,"request_id":"automatic-snapshot-site1-68"}
2026-09-20T03:35:14+00:00 INFO Stale source order update was ignored. CONTEXT: {"store_id":"site1","source_order_id":390531,"incoming_revision":1789550043000000,"current_revision":1789825414524183,"request_id":"automatic-snapshot-site1-68"}
2026-09-20T03:35:14+00:00 INFO Stale source order update was ignored. CONTEXT: {"store_id":"site1","source_order_id":390536,"incoming_revision":1789550286000000,"current_revision":1789825322000000,"request_id":"automatic-snapshot-site1-68"}
2026-09-20T03:35:14+00:00 INFO Stale source order update was ignored. CONTEXT: {"store_id":"site1","source_order_id":390552,"incoming_revision":1789499411034968,"current_revision":1789825291579730,"request_id":"automatic-snapshot-site1-68"}
2026-09-20T03:35:14+00:00 INFO Stale source order update was ignored. CONTEXT: {"store_id":"site1","source_order_id":390578,"incoming_revision":1789540332146519,"current_revision":1789825307431034,"request_id":"automatic-snapshot-site1-68"}
2026-09-20T03:35:14+00:00 INFO Stale source order update was ignored. CONTEXT: {"store_id":"site1","source_order_id":390679,"incoming_revision":1789470057515250,"current_revision":1789825418000000,"request_id":"automatic-snapshot-site1-68"}
2026-09-20T03:35:14+00:00 INFO Stale source order update was ignored. CONTEXT: {"store_id":"site1","source_order_id":390719,"incoming_revision":1789550105000000,"current_revision":1789825407000000,"request_id":"automatic-snapshot-site1-68"}
2026-09-20T03:35:14+00:00 INFO Stale source order update was ignored. CONTEXT: {"store_id":"site1","source_order_id":390720,"incoming_revision":1789550069000000,"current_revision":1789626419000000,"request_id":"automatic-snapshot-site1-68"}
2026-09-20T03:35:14+00:00 INFO Stale source order update was ignored. CONTEXT: {"store_id":"site1","source_order_id":390721,"incoming_revision":1789550039000000,"current_revision":1789825375378330,"request_id":"automatic-snapshot-site1-68"}
2026-09-20T03:35:14+00:00 INFO Stale source order update was ignored. CONTEXT: {"store_id":"site1","source_order_id":390723,"incoming_revision":1789421245143843,"current_revision":1789825279106726,"request_id":"automatic-snapshot-site1-68"}
2026-09-20T03:35:14+00:00 INFO Stale source order update was ignored. CONTEXT: {"store_id":"site1","source_order_id":390740,"incoming_revision":1789493320073359,"current_revision":1789825403024195,"request_id":"automatic-snapshot-site1-68"}
2026-09-20T03:35:14+00:00 INFO Stale source order update was ignored. CONTEXT: {"store_id":"site1","source_order_id":390760,"incoming_revision":1789525503722162,"current_revision":1789825266594579,"request_id":"automatic-snapshot-site1-68"}
2026-09-20T03:35:14+00:00 INFO Stale source order update was ignored. CONTEXT: {"store_id":"site1","source_order_id":390761,"incoming_revision":1789477122338809,"current_revision":1789825396624319,"request_id":"automatic-snapshot-site1-68"}
2026-09-20T03:35:14+00:00 INFO Stale source order update was ignored. CONTEXT: {"store_id":"site1","source_order_id":390780,"incoming_revision":1789396418000000,"current_revision":1789825315477787,"request_id":"automatic-snapshot-site1-68"}
2026-09-20T03:35:14+00:00 INFO Stale source order update was ignored. CONTEXT: {"store_id":"site1","source_order_id":390781,"incoming_revision":1789353003000000,"current_revision":1789825379808897,"request_id":"automatic-snapshot-site1-68"}
2026-09-20T03:35:14+00:00 INFO Stale source order update was ignored. CONTEXT: {"store_id":"site1","source_order_id":390804,"incoming_revision":1789522199426598,"current_revision":1789825361272652,"request_id":"automatic-snapshot-site1-68"}
2026-09-20T03:35:14+00:00 INFO Stale source order update was ignored. CONTEXT: {"store_id":"site1","source_order_id":390808,"incoming_revision":1789550030000000,"current_revision":1789626316415720,"request_id":"automatic-snapshot-site1-68"}
2026-09-20T03:35:14+00:00 INFO Stale source order update was ignored. CONTEXT: {"store_id":"site1","source_order_id":390844,"incoming_revision":1789550067000000,"current_revision":1789825366483494,"request_id":"automatic-snapshot-site1-68"}
2026-09-20T03:35:18+00:00 INFO Stale source order update was ignored. CONTEXT: {"store_id":"site1","source_order_id":390954,"incoming_revision":1789550083000000,"current_revision":1789825405541871,"request_id":"automatic-snapshot-site1-69"}
2026-09-20T03:35:18+00:00 INFO Stale source order update was ignored. CONTEXT: {"store_id":"site1","source_order_id":390958,"incoming_revision":1789395150000000,"current_revision":1789825416000000,"request_id":"automatic-snapshot-site1-69"}
2026-09-20T03:35:18+00:00 INFO Stale source order update was ignored. CONTEXT: {"store_id":"site1","source_order_id":390959,"incoming_revision":1789416621192876,"current_revision":1789825417000000,"request_id":"automatic-snapshot-site1-69"}
2026-09-20T03:35:18+00:00 INFO Stale source order update was ignored. CONTEXT: {"store_id":"site1","source_order_id":390962,"incoming_revision":1789479175000000,"current_revision":1789825264425640,"request_id":"automatic-snapshot-site1-69"}
2026-09-20T03:35:18+00:00 INFO Stale source order update was ignored. CONTEXT: {"store_id":"site1","source_order_id":390971,"incoming_revision":1789550019000000,"current_revision":1789825303000000,"request_id":"automatic-snapshot-site1-69"}
2026-09-20T03:35:18+00:00 INFO Stale source order update was ignored. CONTEXT: {"store_id":"site1","source_order_id":390975,"incoming_revision":1789478426073404,"current_revision":1789825267000000,"request_id":"automatic-snapshot-site1-69"}
2026-09-20T03:35:18+00:00 INFO Stale source order update was ignored. CONTEXT: {"store_id":"site1","source_order_id":390977,"incoming_revision":1789550061000000,"current_revision":1789825318000000,"request_id":"automatic-snapshot-site1-69"}
2026-09-20T03:35:18+00:00 INFO Stale source order update was ignored. CONTEXT: {"store_id":"site1","source_order_id":390984,"incoming_revision":1789404754488131,"current_revision":1789825286000000,"request_id":"automatic-snapshot-site1-69"}
2026-09-20T03:35:18+00:00 INFO Stale source order update was ignored. CONTEXT: {"store_id":"site1","source_order_id":390988,"incoming_revision":1789550032000000,"current_revision":1789816243000000,"request_id":"automatic-snapshot-site1-69"}
2026-09-20T03:35:18+00:00 INFO Stale source order update was ignored. CONTEXT: {"store_id":"site1","source_order_id":390992,"incoming_revision":1789493492283011,"current_revision":1789633513277259,"request_id":"automatic-snapshot-site1-69"}
2026-09-20T03:35:18+00:00 INFO Stale source order update was ignored. CONTEXT: {"store_id":"site1","source_order_id":390993,"incoming_revision":1789395236000000,"current_revision":1789825278000000,"request_id":"automatic-snapshot-site1-69"}
2026-09-20T03:35:18+00:00 INFO Stale source order update was ignored. CONTEXT: {"store_id":"site1","source_order_id":390994,"incoming_revision":1789396711000000,"current_revision":1789825264000000,"request_id":"automatic-snapshot-site1-69"}
2026-09-20T03:35:18+00:00 INFO Stale source order update was ignored. CONTEXT: {"store_id":"site1","source_order_id":390995,"incoming_revision":1789550036000000,"current_revision":1789825318469961,"request_id":"automatic-snapshot-site1-69"}
2026-09-20T03:35:18+00:00 INFO Stale source order update was ignored. CONTEXT: {"store_id":"site1","source_order_id":391248,"incoming_revision":1789519351354976,"current_revision":1789632133476997,"request_id":"automatic-snapshot-site1-69"}
2026-09-20T03:35:18+00:00 INFO Stale source order update was ignored. CONTEXT: {"store_id":"site1","source_order_id":391389,"incoming_revision":1789665733269006,"current_revision":1789825394518612,"request_id":"automatic-snapshot-site1-69"}
2026-09-20T03:35:18+00:00 INFO Stale source order update was ignored. CONTEXT: {"store_id":"site1","source_order_id":392447,"incoming_revision":1789665767000000,"current_revision":1789825408000000,"request_id":"automatic-snapshot-site1-69"}
2026-09-20T03:35:18+00:00 INFO Stale source order update was ignored. CONTEXT: {"store_id":"site1","source_order_id":392459,"incoming_revision":1789665729454529,"current_revision":1789825404599408,"request_id":"automatic-snapshot-site1-69"}
2026-09-20T03:35:18+00:00 INFO Stale source order update was ignored. CONTEXT: {"store_id":"site1","source_order_id":392577,"incoming_revision":1789665731316768,"current_revision":1789825265634767,"request_id":"automatic-snapshot-site1-69"}
2026-09-20T03:59:21+00:00 INFO Central order received successfully. CONTEXT: {"store_id":"site1","source_order_id":402438,"central_order_id":21207,"request_id":"fd406175-4103-4746-bb54-05ec0f52fd26","event":"orderupdated"}
2026-09-20T04:00:14+00:00 INFO Central order received successfully. CONTEXT: {"store_id":"site1","source_order_id":402438,"central_order_id":21207,"request_id":"59d85e33-b1c8-4506-8550-98c5a313ecc5","event":"orderupdated"}
2026-09-20T04:29:41+00:00 INFO Central order received successfully. CONTEXT: {"store_id":"site1","source_order_id":402437,"central_order_id":21206,"request_id":"a2cfd027-f832-430f-abf4-b89dc92a8cda","event":"orderupdated"}
2026-09-20T04:44:23+00:00 INFO Order synchronization succeeded. CONTEXT: {"store_id":"site1","source_order_id":401341,"central_order_id":20991,"event":"company_order_sync_push_central_status","request_id":"f64d18ce-dee9-4346-b6b9-5c04696f6373"}
2026-09-20T04:44:31+00:00 INFO Order synchronization succeeded. CONTEXT: {"store_id":"site1","source_order_id":401333,"central_order_id":20986,"event":"company_order_sync_push_central_status","request_id":"05875a2b-2ca3-4609-9023-698874082089"}
2026-09-20T04:44:39+00:00 INFO Order synchronization succeeded. CONTEXT: {"store_id":"site1","source_order_id":401326,"central_order_id":20980,"event":"company_order_sync_push_central_status","request_id":"2f50ace8-3beb-4ed6-aff3-871411a8b05e"}
2026-09-20T04:44:47+00:00 INFO Order synchronization succeeded. CONTEXT: {"store_id":"site1","source_order_id":401254,"central_order_id":20939,"event":"company_order_sync_push_central_status","request_id":"0d28c463-33e8-4bdb-9314-b2e582937526"}
2026-09-20T04:44:49+00:00 INFO Order synchronization succeeded. CONTEXT: {"store_id":"site1","source_order_id":401176,"central_order_id":20901,"event":"company_order_sync_push_central_status","request_id":"49299b36-f90a-4af2-8641-608f189909d8"}
2026-09-20T04:44:51+00:00 INFO Order synchronization succeeded. CONTEXT: {"store_id":"site1","source_order_id":401172,"central_order_id":20895,"event":"company_order_sync_push_central_status","request_id":"4d088aec-b612-4652-aa8d-ae1cb94887bd"}
2026-09-20T04:44:53+00:00 INFO Order synchronization succeeded. CONTEXT: {"store_id":"site1","source_order_id":399021,"central_order_id":20212,"event":"company_order_sync_push_central_status","request_id":"c0482f35-7321-4508-804a-c15c5495b4ef"}
2026-09-20T04:44:57+00:00 INFO Order synchronization succeeded. CONTEXT: {"store_id":"site1","source_order_id":396955,"central_order_id":19863,"event":"company_order_sync_push_central_status","request_id":"58150189-d53f-4c1f-9fdf-06369f58e4b8"}
2026-09-20T04:44:58+00:00 INFO Order synchronization succeeded. CONTEXT: {"store_id":"site1","source_order_id":401489,"central_order_id":21058,"event":"company_order_sync_push_central_status","request_id":"69470324-7c28-4d58-ade8-fdd6d482b4c2"}
2026-09-20T04:45:13+00:00 INFO Central bulk source orders received. CONTEXT: {"store_id":"site1","received":9,"succeeded":9,"failed":0,"request_id":"bea53aba-9f0c-4b8f-b7e4-1502193234ee"}
2026-09-20T05:04:43+00:00 INFO Central order received successfully. CONTEXT: {"store_id":"site1","source_order_id":402439,"central_order_id":21208,"request_id":"d82579da-9417-4257-8e67-ad9f8e1bac76","event":"orderupdated"}
2026-09-20T05:06:47+00:00 INFO Central bulk source orders received. CONTEXT: {"store_id":"site1","received":2,"succeeded":2,"failed":0,"request_id":"3bc869b8-2846-4afe-b733-41687995ed12"}
2026-09-20T05:12:35+00:00 INFO Central order received successfully. CONTEXT: {"store_id":"site1","source_order_id":402441,"central_order_id":21210,"request_id":"e29eaff8-2130-470c-84ec-b7c8fc9babc2","event":"orderupdated"}
2026-09-20T05:15:56+00:00 INFO Central order received successfully. CONTEXT: {"store_id":"site1","source_order_id":402442,"central_order_id":21211,"request_id":"451b8fcc-0ce7-4478-8eae-1b867939ee20","event":"orderupdated"}
2026-09-20T05:16:43+00:00 INFO Central order received successfully. CONTEXT: {"store_id":"site1","source_order_id":402443,"central_order_id":21212,"request_id":"f24ee5e1-94c4-462f-898e-f06eeccb823b","event":"orderupdated"}
2026-09-20T05:17:08+00:00 INFO Central order received successfully. CONTEXT: {"store_id":"site1","source_order_id":402442,"central_order_id":21211,"request_id":"94d83db9-9a0d-4857-a74b-1f35a99c6bad","event":"orderupdated"}
2026-09-20T05:17:10+00:00 INFO Central order received successfully. CONTEXT: {"store_id":"site1","source_order_id":402441,"central_order_id":21210,"request_id":"e064d42d-8bd4-476c-b006-4fd82d523cb9","event":"orderupdated"}
2026-09-20T05:18:04+00:00 INFO Order synchronization succeeded. CONTEXT: {"store_id":"site1","source_order_id":402426,"central_order_id":21195,"event":"company_order_sync_push_central_status","request_id":"813c9cbf-b265-4553-ab46-85cb094197b3"}
2026-09-20T05:18:07+00:00 INFO Order synchronization succeeded. CONTEXT: {"store_id":"site1","source_order_id":402420,"central_order_id":21188,"event":"company_order_sync_push_central_status","request_id":"4d79400a-3d1c-404a-9fbf-823bb766d0d2"}
2026-09-20T05:18:09+00:00 INFO Order synchronization succeeded. CONTEXT: {"store_id":"site1","source_order_id":402419,"central_order_id":21187,"event":"company_order_sync_push_central_status","request_id":"8b0ac73b-0686-44ae-8cf3-105663697962"}
2026-09-20T05:18:11+00:00 INFO Order synchronization succeeded. CONTEXT: {"store_id":"site1","source_order_id":402418,"central_order_id":21184,"event":"company_order_sync_push_central_status","request_id":"47f9ce84-b00d-45da-82ba-1c4564fac9b6"}
2026-09-20T05:18:13+00:00 INFO Order synchronization succeeded. CONTEXT: {"store_id":"site1","source_order_id":402416,"central_order_id":21182,"event":"company_order_sync_push_central_status","request_id":"7d1bb178-a63e-409d-9322-41feb3c92c2c"}
2026-09-20T05:18:16+00:00 INFO Order synchronization succeeded. CONTEXT: {"store_id":"site1","source_order_id":402412,"central_order_id":21175,"event":"company_order_sync_push_central_status","request_id":"4f6c213b-ddb5-47aa-96a6-a2c3a9ae11af"}
2026-09-20T05:18:18+00:00 INFO Order synchronization succeeded. CONTEXT: {"store_id":"site1","source_order_id":402411,"central_order_id":21174,"event":"company_order_sync_push_central_status","request_id":"95548e9c-5eca-4447-9273-cfc954a982cd"}
2026-09-20T05:18:21+00:00 INFO Order synchronization succeeded. CONTEXT: {"store_id":"site1","source_order_id":402407,"central_order_id":21169,"event":"company_order_sync_push_central_status","request_id":"35012064-731c-4bcc-9a9f-7f635dc2c886"}
2026-09-20T05:18:22+00:00 INFO Order synchronization succeeded. CONTEXT: {"store_id":"site2","source_order_id":51005,"central_order_id":21170,"event":"company_order_sync_push_central_status","request_id":"9b24b359-0d31-4185-90eb-4a2b670a2942"}
2026-09-20T05:18:24+00:00 INFO Order synchronization succeeded. CONTEXT: {"store_id":"site1","source_order_id":402403,"central_order_id":21165,"event":"company_order_sync_push_central_status","request_id":"f934d36d-10c2-458b-b1d4-c1f9b67b04bd"}
2026-09-20T05:18:26+00:00 INFO Order synchronization succeeded. CONTEXT: {"store_id":"site1","source_order_id":402401,"central_order_id":21163,"event":"company_order_sync_push_central_status","request_id":"13383043-3155-4540-8f83-664bf94a5da5"}
2026-09-20T05:18:44+00:00 INFO Order synchronization succeeded. CONTEXT: {"store_id":"site1","source_order_id":402393,"central_order_id":21150,"event":"company_order_sync_push_central_status","request_id":"b262eae4-9728-46c8-a858-4f13e59e09ef"}
2026-09-20T05:18:46+00:00 INFO Order synchronization succeeded. CONTEXT: {"store_id":"site1","source_order_id":402382,"central_order_id":21138,"event":"company_order_sync_push_central_status","request_id":"985f2db8-7427-4c27-95b2-0e3585ef73c3"}
2026-09-20T05:18:48+00:00 INFO Order synchronization succeeded. CONTEXT: {"store_id":"site1","source_order_id":402374,"central_order_id":21131,"event":"company_order_sync_push_central_status","request_id":"17cfc67a-ec10-43a9-9e9c-44ae55ae5196"}
2026-09-20T05:18:50+00:00 INFO Order synchronization succeeded. CONTEXT: {"store_id":"site1","source_order_id":402358,"central_order_id":21119,"event":"company_order_sync_push_central_status","request_id":"a06ea50b-11a7-4c9b-b282-b8d60fe2528c"}
2026-09-20T05:18:52+00:00 INFO Order synchronization succeeded. CONTEXT: {"store_id":"site1","source_order_id":402339,"central_order_id":21107,"event":"company_order_sync_push_central_status","request_id":"3a7da3e9-a590-4ef0-8ef6-f8aba71752bf"}
2026-09-20T05:18:54+00:00 INFO Order synchronization succeeded. CONTEXT: {"store_id":"site1","source_order_id":401769,"central_order_id":21094,"event":"company_order_sync_push_central_status","request_id":"b3368214-e683-4ca2-a5d0-6b025c24e5e9"}
2026-09-20T05:18:56+00:00 INFO Order synchronization succeeded. CONTEXT: {"store_id":"site1","source_order_id":401766,"central_order_id":21092,"event":"company_order_sync_push_central_status","request_id":"8e7a749d-4ff0-4203-ad74-4517a3c4e4bf"}
2026-09-20T05:18:58+00:00 INFO Order synchronization succeeded. CONTEXT: {"store_id":"site1","source_order_id":401661,"central_order_id":21080,"event":"company_order_sync_push_central_status","request_id":"f5a0f3e2-ca70-439c-90e6-58131f8e8d9b"}
2026-09-20T05:19:00+00:00 INFO Order synchronization succeeded. CONTEXT: {"store_id":"site1","source_order_id":401658,"central_order_id":21078,"event":"company_order_sync_push_central_status","request_id":"c30587ae-cc22-41b9-b024-e47a67c86622"}
2026-09-20T05:19:03+00:00 INFO Order synchronization succeeded. CONTEXT: {"store_id":"site1","source_order_id":401641,"central_order_id":21074,"event":"company_order_sync_push_central_status","request_id":"2cded4c6-f619-4f33-92d6-0182f1a6a516"}
2026-09-20T05:19:05+00:00 INFO Order synchronization succeeded. CONTEXT: {"store_id":"site1","source_order_id":401614,"central_order_id":21069,"event":"company_order_sync_push_central_status","request_id":"004a461e-a56e-4191-9305-9d170d452c91"}
2026-09-20T05:19:12+00:00 INFO Order synchronization succeeded. CONTEXT: {"store_id":"site1","source_order_id":401591,"central_order_id":21066,"event":"company_order_sync_push_central_status","request_id":"8467afb5-4ec0-4ce6-8a8b-f7b4eb4c0cb6"}
2026-09-20T05:19:15+00:00 INFO Order synchronization succeeded. CONTEXT: {"store_id":"site1","source_order_id":401506,"central_order_id":21059,"event":"company_order_sync_push_central_status","request_id":"6b4fdc37-590e-4717-a446-2affac703ec9"}
2026-09-20T05:19:17+00:00 INFO Order synchronization succeeded. CONTEXT: {"store_id":"site1","source_order_id":401477,"central_order_id":21057,"event":"company_order_sync_push_central_status","request_id":"679d53b5-e85f-4cec-a954-cd05e9d332bb"}
2026-09-20T05:19:19+00:00 INFO Central bulk source orders received. CONTEXT: {"store_id":"site1","received":20,"succeeded":20,"failed":0,"request_id":"054840a8-5f95-4569-b93b-da347ae873c3"}
2026-09-20T05:19:19+00:00 INFO Order synchronization succeeded. CONTEXT: {"store_id":"site1","source_order_id":401474,"central_order_id":21056,"event":"company_order_sync_push_central_status","request_id":"84377647-f1b6-401f-80c6-d8b24e4aeef3"}
2026-09-20T05:19:21+00:00 INFO Order synchronization succeeded. CONTEXT: {"store_id":"site1","source_order_id":401443,"central_order_id":21053,"event":"company_order_sync_push_central_status","request_id":"9cf4d302-dfc3-4596-9dc7-3568684a038a"}
2026-09-20T05:19:23+00:00 INFO Order synchronization succeeded. CONTEXT: {"store_id":"site1","source_order_id":401423,"central_order_id":21050,"event":"company_order_sync_push_central_status","request_id":"fe68fa1c-e300-4c0e-8d30-0eeae3e9b9b6"}
2026-09-20T05:19:26+00:00 INFO Order synchronization succeeded. CONTEXT: {"store_id":"site1","source_order_id":401415,"central_order_id":21047,"event":"company_order_sync_push_central_status","request_id":"0912d3f1-11d2-48d8-bf91-010f223f08e4"}
2026-09-20T05:19:28+00:00 INFO Order synchronization succeeded. CONTEXT: {"store_id":"site1","source_order_id":401413,"central_order_id":21045,"event":"company_order_sync_push_central_status","request_id":"e08d0b76-aa27-4b03-9d29-35ea32ea01bd"}
2026-09-20T05:19:30+00:00 INFO Order synchronization succeeded. CONTEXT: {"store_id":"site1","source_order_id":401408,"central_order_id":21040,"event":"company_order_sync_push_central_status","request_id":"ae5c6fbf-aef7-4990-8592-6fa4318c8945"}
2026-09-20T05:19:32+00:00 INFO Order synchronization succeeded. CONTEXT: {"store_id":"site1","source_order_id":392577,"central_order_id":19716,"event":"company_order_sync_push_central_status","request_id":"d495eaf4-faf9-41b3-ae50-025dbdef97f6"}
2026-09-20T05:19:35+00:00 INFO Order synchronization succeeded. CONTEXT: {"store_id":"site1","source_order_id":392459,"central_order_id":19700,"event":"company_order_sync_push_central_status","request_id":"09cba5b6-43b1-4018-974a-da332d4caba0"}
2026-09-20T05:19:43+00:00 INFO Order synchronization succeeded. CONTEXT: {"store_id":"site1","source_order_id":391389,"central_order_id":19683,"event":"company_order_sync_push_central_status","request_id":"29adeb8e-e63e-4c04-8cd3-ece7b13d9407"}
2026-09-20T05:19:45+00:00 INFO Order synchronization succeeded. CONTEXT: {"store_id":"site1","source_order_id":402438,"central_order_id":21207,"event":"company_order_sync_push_central_status","request_id":"0d55212d-570e-42b8-a79a-a82641728458"}
2026-09-20T05:19:48+00:00 INFO Order synchronization succeeded. CONTEXT: {"store_id":"site1","source_order_id":402415,"central_order_id":21181,"event":"company_order_sync_push_central_status","request_id":"9a03f40f-a0a8-49f4-a4b4-86623ea19893"}
2026-09-20T05:19:50+00:00 INFO Order synchronization succeeded. CONTEXT: {"store_id":"site1","source_order_id":402389,"central_order_id":21146,"event":"company_order_sync_push_central_status","request_id":"1a0d6533-7102-47f0-997b-2de62319864a"}
2026-09-20T05:19:52+00:00 INFO Order synchronization succeeded. CONTEXT: {"store_id":"site1","source_order_id":402363,"central_order_id":21124,"event":"company_order_sync_push_central_status","request_id":"78a32c56-0fb7-40bd-b13b-073094809791"}
2026-09-20T05:19:54+00:00 INFO Order synchronization succeeded. CONTEXT: {"store_id":"site1","source_order_id":402360,"central_order_id":21121,"event":"company_order_sync_push_central_status","request_id":"84b7365c-03f4-4b91-850b-1dc072ae43d3"}
2026-09-20T05:19:56+00:00 INFO Order synchronization succeeded. CONTEXT: {"store_id":"site1","source_order_id":402359,"central_order_id":21120,"event":"company_order_sync_push_central_status","request_id":"400d6e70-2061-43a9-b990-5093fb4e78c4"}
2026-09-20T05:19:59+00:00 INFO Order synchronization succeeded. CONTEXT: {"store_id":"site1","source_order_id":402330,"central_order_id":21106,"event":"company_order_sync_push_central_status","request_id":"204bb170-216c-47ca-a303-be666da814f1"}
2026-09-20T05:20:01+00:00 INFO Order synchronization succeeded. CONTEXT: {"store_id":"site1","source_order_id":401640,"central_order_id":21073,"event":"company_order_sync_push_central_status","request_id":"ae3269b4-17a0-4674-8bba-d106e0cc37c1"}
2026-09-20T05:20:04+00:00 INFO Order synchronization succeeded. CONTEXT: {"store_id":"site1","source_order_id":401582,"central_order_id":21064,"event":"company_order_sync_push_central_status","request_id":"962ae85e-df74-41e1-b5f4-88f785b40d3d"}
2026-09-20T05:20:12+00:00 INFO Order synchronization succeeded. CONTEXT: {"store_id":"site1","source_order_id":401554,"central_order_id":21061,"event":"company_order_sync_push_central_status","request_id":"9299f276-2a1c-4f6c-ab46-cc66ae50d0ba"}
2026-09-20T05:20:15+00:00 INFO Order synchronization succeeded. CONTEXT: {"store_id":"site1","source_order_id":392447,"central_order_id":19698,"event":"company_order_sync_push_central_status","request_id":"0fb83d0c-f81b-4a5c-87e5-b28269107e42"}
2026-09-20T05:20:17+00:00 INFO Order synchronization succeeded. CONTEXT: {"store_id":"site1","source_order_id":402400,"central_order_id":21162,"event":"company_order_sync_push_central_status","request_id":"87e34b09-e50a-49e1-b680-45cd259d3a9f"}
2026-09-20T05:20:19+00:00 INFO Order synchronization succeeded. CONTEXT: {"store_id":"site1","source_order_id":402383,"central_order_id":21139,"event":"company_order_sync_push_central_status","request_id":"7c04ffef-02a6-46c6-9c36-f6bf1b0c860a"}
2026-09-20T05:20:21+00:00 INFO Order synchronization succeeded. CONTEXT: {"store_id":"site1","source_order_id":401421,"central_order_id":21049,"event":"company_order_sync_push_central_status","request_id":"278d352c-037d-4e63-8b7d-05b99aebad53"}
2026-09-20T05:20:23+00:00 INFO Order synchronization succeeded. CONTEXT: {"store_id":"site1","source_order_id":401414,"central_order_id":21046,"event":"company_order_sync_push_central_status","request_id":"2099d136-3a40-4eb2-aadf-72d88f651f40"}
2026-09-20T05:20:25+00:00 INFO Order synchronization succeeded. CONTEXT: {"store_id":"site1","source_order_id":401402,"central_order_id":21036,"event":"company_order_sync_push_central_status","request_id":"02c1d1d1-183f-45bf-bc22-1bc114b1d373"}
2026-09-20T05:20:50+00:00 INFO Central bulk source orders received. CONTEXT: {"store_id":"site1","received":20,"succeeded":20,"failed":0,"request_id":"8ca189cf-89fa-4811-a7ee-4159fcb7e0c7"}
2026-09-20T05:21:01+00:00 INFO Central bulk source orders received. CONTEXT: {"store_id":"site1","received":3,"succeeded":3,"failed":0,"request_id":"ee84416a-075d-4a7d-a6d0-fb2eaed05ada"}
2026-09-20T05:21:36+00:00 INFO Central bulk source orders received. CONTEXT: {"store_id":"site1","received":6,"succeeded":6,"failed":0,"request_id":"7db7e473-b35a-4f44-827f-6c014e22fd79"}
2026-09-20T05:22:16+00:00 INFO Central order received successfully. CONTEXT: {"store_id":"site1","source_order_id":402444,"central_order_id":21213,"request_id":"e45e59c6-655c-4336-8b2a-efe367219a7d","event":"orderupdated"}
2026-09-20T05:25:41+00:00 INFO Central order received successfully. CONTEXT: {"store_id":"site1","source_order_id":402445,"central_order_id":21214,"request_id":"ee0cd724-6cbd-4594-9ec3-581457a6fcd5","event":"orderupdated"}
2026-09-20T05:34:14+00:00 INFO Central order received successfully. CONTEXT: {"store_id":"site1","source_order_id":402459,"central_order_id":21215,"request_id":"b5e30b34-00d0-45f6-a579-96c9313f8cff","event":"orderupdated"}
2026-09-20T05:39:23+00:00 INFO Central order received successfully. CONTEXT: {"store_id":"site1","source_order_id":402461,"central_order_id":21216,"request_id":"57dc0735-e02a-474f-b9cc-8971ee1d1fd6","event":"orderupdated"}
2026-09-20T05:40:52+00:00 INFO Central bulk source orders received. CONTEXT: {"store_id":"site1","received":20,"succeeded":20,"failed":0,"request_id":"a59a5e16-8751-4f71-8560-a827ac045c49"}
2026-09-20T05:41:04+00:00 INFO Central bulk source orders received. CONTEXT: {"store_id":"site1","received":20,"succeeded":20,"failed":0,"request_id":"5e409633-d3b0-4aee-aea0-5308653c70b2"}
2026-09-20T05:41:17+00:00 INFO Central bulk source orders received. CONTEXT: {"store_id":"site1","received":20,"succeeded":20,"failed":0,"request_id":"646ff5e6-7c37-4b6e-9a57-684b90c729e7"}
2026-09-20T05:41:29+00:00 INFO Central bulk source orders received. CONTEXT: {"store_id":"site1","received":20,"succeeded":20,"failed":0,"request_id":"7d10a56b-10f0-4ecd-8667-bd6c4ee34676"}
2026-09-20T05:41:42+00:00 INFO Central bulk source orders received. CONTEXT: {"store_id":"site1","received":20,"succeeded":20,"failed":0,"request_id":"df320f20-f3b9-4150-9906-78cb0c4b0523"}
2026-09-20T05:41:56+00:00 INFO Central bulk source orders received. CONTEXT: {"store_id":"site1","received":20,"succeeded":20,"failed":0,"request_id":"18bc9962-976c-4f11-a380-bea73dfcb63e"}
2026-09-20T05:42:08+00:00 INFO Central bulk source orders received. CONTEXT: {"store_id":"site1","received":20,"succeeded":20,"failed":0,"request_id":"ee2b7737-2c70-4602-8e4f-4120b6014946"}
2026-09-20T05:42:21+00:00 INFO Central bulk source orders received. CONTEXT: {"store_id":"site1","received":20,"succeeded":20,"failed":0,"request_id":"083cac8b-e4f3-493b-bcb4-bcafe27efb32"}
2026-09-20T05:42:30+00:00 INFO Central bulk source orders received. CONTEXT: {"store_id":"site1","received":20,"succeeded":20,"failed":0,"request_id":"cc98cae6-a9c8-40b2-940d-38ba10aae9fe"}
2026-09-20T05:42:39+00:00 INFO Central bulk source orders received. CONTEXT: {"store_id":"site1","received":20,"succeeded":20,"failed":0,"request_id":"f49e90d3-d99a-4861-84e7-06eb4ad1d7dd"}
2026-09-20T05:42:47+00:00 INFO Central bulk source orders received. CONTEXT: {"store_id":"site1","received":20,"succeeded":20,"failed":0,"request_id":"3f2b4265-62c8-40bf-940b-58572e3e4974"}
2026-09-20T05:42:55+00:00 INFO Central bulk source orders received. CONTEXT: {"store_id":"site1","received":20,"succeeded":20,"failed":0,"request_id":"08405f7d-61e4-4c40-b43d-2b1872de4eba"}
2026-09-20T05:43:04+00:00 INFO Central bulk source orders received. CONTEXT: {"store_id":"site1","received":20,"succeeded":20,"failed":0,"request_id":"1cbf6799-a2ad-44fe-900e-6d9d10aab2ed"}
2026-09-20T05:43:14+00:00 INFO Central bulk source orders received. CONTEXT: {"store_id":"site1","received":15,"succeeded":15,"failed":0,"request_id":"580f6d1c-40a6-44bf-89cf-721aba8da7f6"}
2026-09-20T05:45:37+00:00 INFO Central bulk source orders received. CONTEXT: {"store_id":"site1","received":20,"succeeded":20,"failed":0,"request_id":"48323443-3072-449b-a716-55b6af6cfc11"}
2026-09-20T05:45:54+00:00 INFO Central bulk source orders received. CONTEXT: {"store_id":"site1","received":20,"succeeded":20,"failed":0,"request_id":"c1cbca8f-cd62-48f3-9a0f-d6eb4c1c341c"}
2026-09-20T05:46:08+00:00 INFO Central bulk source orders received. CONTEXT: {"store_id":"site1","received":20,"succeeded":20,"failed":0,"request_id":"ed4c946f-f0a0-4211-b7ca-636853747bb2"}
2026-09-20T05:46:23+00:00 INFO Central bulk source orders received. CONTEXT: {"store_id":"site1","received":20,"succeeded":20,"failed":0,"request_id":"a281dd6a-f84e-46fd-bebe-d4814a5e0fa9"}
2026-09-20T05:46:37+00:00 INFO Central bulk source orders received. CONTEXT: {"store_id":"site1","received":20,"succeeded":20,"failed":0,"request_id":"e80db00f-ee94-459f-9535-cfbd74c92a2f"}
2026-09-20T05:46:51+00:00 INFO Central bulk source orders received. CONTEXT: {"store_id":"site1","received":20,"succeeded":20,"failed":0,"request_id":"fe5a88ff-3f08-41d5-9244-b7a3e9227777"}
2026-09-20T05:47:05+00:00 INFO Central bulk source orders received. CONTEXT: {"store_id":"site1","received":20,"succeeded":20,"failed":0,"request_id":"1094e639-32ea-44db-bec8-cfda58d045c7"}
2026-09-20T05:47:21+00:00 INFO Central bulk source orders received. CONTEXT: {"store_id":"site1","received":20,"succeeded":20,"failed":0,"request_id":"129cc8a6-2e51-4b77-8c41-86318197a48c"}
2026-09-20T05:47:37+00:00 INFO Central bulk source orders received. CONTEXT: {"store_id":"site1","received":20,"succeeded":20,"failed":0,"request_id":"d6469643-735d-49ac-b67d-b44c7be87d8a"}
2026-09-20T05:47:52+00:00 INFO Central bulk source orders received. CONTEXT: {"store_id":"site1","received":20,"succeeded":20,"failed":0,"request_id":"179968db-afb3-4cf9-be1f-bb7b00a77f36"}
2026-09-20T05:48:05+00:00 INFO Central bulk source orders received. CONTEXT: {"store_id":"site1","received":20,"succeeded":20,"failed":0,"request_id":"c01aa396-aef5-45bf-a8ad-156ef35fcd11"}
2026-09-20T05:48:20+00:00 INFO Central bulk source orders received. CONTEXT: {"store_id":"site1","received":20,"succeeded":20,"failed":0,"request_id":"0b2b8889-21c1-46a2-a939-26c61dbb7079"}
2026-09-20T05:48:35+00:00 INFO Central bulk source orders received. CONTEXT: {"store_id":"site1","received":20,"succeeded":20,"failed":0,"request_id":"daee8284-9af7-40e7-9a4b-49c77ca3f449"}
2026-09-20T05:48:53+00:00 INFO Central bulk source orders received. CONTEXT: {"store_id":"site1","received":20,"succeeded":20,"failed":0,"request_id":"c9c3aa0d-0804-4997-8d75-d9974f8b7157"}
2026-09-20T05:49:08+00:00 INFO Central bulk source orders received. CONTEXT: {"store_id":"site1","received":20,"succeeded":20,"failed":0,"request_id":"29af6247-52b6-489a-8c21-ab6312db5a83"}
2026-09-20T05:49:21+00:00 INFO Central bulk source orders received. CONTEXT: {"store_id":"site1","received":19,"succeeded":19,"failed":0,"request_id":"f61652ff-3414-4bc2-82f0-b5a43ac95600"}
2026-09-20T05:50:18+00:00 INFO Central bulk source orders received. CONTEXT: {"store_id":"site1","received":20,"succeeded":20,"failed":0,"request_id":"abadba05-c5cb-4567-8b3e-67b7500f2a7a"}
2026-09-20T05:50:32+00:00 INFO Central bulk source orders received. CONTEXT: {"store_id":"site1","received":20,"succeeded":20,"failed":0,"request_id":"c3248d6b-d899-4f03-9eb4-7eb15c004efc"}
2026-09-20T05:50:47+00:00 INFO Central bulk source orders received. CONTEXT: {"store_id":"site1","received":20,"succeeded":20,"failed":0,"request_id":"868a6fd3-4e40-4df3-bb69-b2cb202ba3db"}
2026-09-20T05:51:03+00:00 INFO Central bulk source orders received. CONTEXT: {"store_id":"site1","received":20,"succeeded":20,"failed":0,"request_id":"8cd37af2-ae34-4521-940a-eb804da80211"}
2026-09-20T05:51:18+00:00 INFO Central bulk source orders received. CONTEXT: {"store_id":"site1","received":20,"succeeded":20,"failed":0,"request_id":"18bb40ba-5201-487c-99ec-1208fc7cdc28"}
2026-09-20T05:51:32+00:00 INFO Central bulk source orders received. CONTEXT: {"store_id":"site1","received":20,"succeeded":20,"failed":0,"request_id":"697ddbba-e712-48c3-b711-94d7dd9df377"}
2026-09-20T05:51:47+00:00 INFO Central bulk source orders received. CONTEXT: {"store_id":"site1","received":20,"succeeded":20,"failed":0,"request_id":"a7b10453-dc12-4909-ac1d-3de68b7aedcd"}
2026-09-20T05:52:01+00:00 INFO Central bulk source orders received. CONTEXT: {"store_id":"site1","received":20,"succeeded":20,"failed":0,"request_id":"40ef0f4c-dabc-4ff9-8388-b61ebce791c4"}
2026-09-20T05:52:15+00:00 INFO Central bulk source orders received. CONTEXT: {"store_id":"site1","received":20,"succeeded":20,"failed":0,"request_id":"27070df9-9602-4f54-8323-537d1d826bdf"}
2026-09-20T05:52:29+00:00 INFO Central bulk source orders received. CONTEXT: {"store_id":"site1","received":20,"succeeded":20,"failed":0,"request_id":"7be5926c-dff0-47e2-81e2-6ca1a47028b9"}
2026-09-20T05:52:42+00:00 INFO Central bulk source orders received. CONTEXT: {"store_id":"site1","received":20,"succeeded":20,"failed":0,"request_id":"5385565c-61ac-4285-a9af-d85d0e8b078a"}
2026-09-20T05:52:56+00:00 INFO Central bulk source orders received. CONTEXT: {"store_id":"site1","received":20,"succeeded":20,"failed":0,"request_id":"50d20bc4-71e5-48df-a487-8d1d4ea212be"}
2026-09-20T05:53:12+00:00 INFO Central bulk source orders received. CONTEXT: {"store_id":"site1","received":20,"succeeded":20,"failed":0,"request_id":"f48fd6fe-e4dd-4d9f-a5c5-6855692ce8f3"}
2026-09-20T05:53:29+00:00 INFO Central bulk source orders received. CONTEXT: {"store_id":"site1","received":20,"succeeded":20,"failed":0,"request_id":"78e9841c-9b06-4743-ab87-54e8f9599633"}
2026-09-20T05:53:44+00:00 INFO Central bulk source orders received. CONTEXT: {"store_id":"site1","received":19,"succeeded":19,"failed":0,"request_id":"2b18531f-de76-4080-b223-cf3784f5e2c2"}
2026-09-20T05:55:32+00:00 INFO Central bulk source orders received. CONTEXT: {"store_id":"site1","received":20,"succeeded":20,"failed":0,"request_id":"c651524e-a737-4563-8070-2259604e9b28"}
2026-09-20T05:55:49+00:00 INFO Central bulk source orders received. CONTEXT: {"store_id":"site1","received":20,"succeeded":20,"failed":0,"request_id":"a673d620-ec5d-4a7c-a6b1-5a3941817bd1"}
2026-09-20T05:56:06+00:00 INFO Central bulk source orders received. CONTEXT: {"store_id":"site1","received":20,"succeeded":20,"failed":0,"request_id":"067539d6-5c75-4507-bf90-d43d2c76a693"}
2026-09-20T05:56:23+00:00 INFO Central bulk source orders received. CONTEXT: {"store_id":"site1","received":20,"succeeded":20,"failed":0,"request_id":"90570a3e-200f-4a07-acce-442f4497a4d4"}
2026-09-20T05:56:40+00:00 INFO Central bulk source orders received. CONTEXT: {"store_id":"site1","received":2,"succeeded":2,"failed":0,"request_id":"ca487a70-1909-45bb-899a-cec8f97e5e30"}
2026-09-20T05:56:40+00:00 INFO Central bulk source orders received. CONTEXT: {"store_id":"site1","received":20,"succeeded":20,"failed":0,"request_id":"f95ae5fd-7aa1-4be1-8274-75e68a5f3f84"}
2026-09-20T05:56:59+00:00 INFO Central bulk source orders received. CONTEXT: {"store_id":"site1","received":20,"succeeded":20,"failed":0,"request_id":"54ebdf82-81a3-4d5d-be43-62fa89c2662b"}
2026-09-20T05:57:16+00:00 INFO Central bulk source orders received. CONTEXT: {"store_id":"site1","received":20,"succeeded":20,"failed":0,"request_id":"6720b30d-a175-4670-a590-81087662eea6"}
2026-09-20T05:57:32+00:00 INFO Central bulk source orders received. CONTEXT: {"store_id":"site1","received":20,"succeeded":20,"failed":0,"request_id":"3d91e16f-a65c-4a1b-955b-fffacab5217d"}
2026-09-20T05:57:48+00:00 INFO Central bulk source orders received. CONTEXT: {"store_id":"site1","received":20,"succeeded":20,"failed":0,"request_id":"495bc440-3c35-4657-a1ce-cec51132cbc9"}
2026-09-20T05:58:03+00:00 INFO Central bulk source orders received. CONTEXT: {"store_id":"site1","received":20,"succeeded":20,"failed":0,"request_id":"a58a2ee7-1af2-404c-8f12-89c9442eae36"}
2026-09-20T05:58:12+00:00 INFO Central order received successfully. CONTEXT: {"store_id":"site1","source_order_id":402463,"central_order_id":21218,"request_id":"a8444dcb-874c-4848-8847-d3f74d6905b4","event":"orderupdated"}
2026-09-20T05:58:22+00:00 INFO Central bulk source orders received. CONTEXT: {"store_id":"site1","received":20,"succeeded":20,"failed":0,"request_id":"f125d0d8-ae79-46ec-9835-e26223644eec"}
2026-09-20T05:58:39+00:00 INFO Central bulk source orders received. CONTEXT: {"store_id":"site1","received":20,"succeeded":20,"failed":0,"request_id":"eae5a8ec-45f6-45ff-ad29-b82f9f71f030"}
2026-09-20T05:58:54+00:00 INFO Central bulk source orders received. CONTEXT: {"store_id":"site1","received":20,"succeeded":20,"failed":0,"request_id":"e0f9ef76-f47e-46bd-80d1-eea44a556768"}
2026-09-20T05:59:11+00:00 INFO Central bulk source orders received. CONTEXT: {"store_id":"site1","received":20,"succeeded":20,"failed":0,"request_id":"8bee1371-8278-4c03-a8b1-708ebba0c24e"}
2026-09-20T05:59:29+00:00 INFO Central bulk source orders received. CONTEXT: {"store_id":"site1","received":20,"succeeded":20,"failed":0,"request_id":"f7a5900f-1e29-4a5c-8672-a098be09e61f"}
2026-09-20T05:59:43+00:00 INFO Central bulk source orders received. CONTEXT: {"store_id":"site1","received":20,"succeeded":20,"failed":0,"request_id":"e2e2e493-c87a-4fed-93fc-84cd4765dcd7"}
2026-09-20T05:59:58+00:00 INFO Central bulk source orders received. CONTEXT: {"store_id":"site1","received":3,"succeeded":3,"failed":0,"request_id":"26f2e562-bc9a-4313-9fb2-0697d2136eb3"}
2026-09-20T06:01:19+00:00 INFO Central bulk source orders received. CONTEXT: {"store_id":"site1","received":20,"succeeded":20,"failed":0,"request_id":"cd24c019-3c54-48f7-adf6-b2a443cf8604"}
2026-09-20T06:01:36+00:00 INFO Central bulk source orders received. CONTEXT: {"store_id":"site1","received":20,"succeeded":20,"failed":0,"request_id":"e31e57d8-974c-4c1f-a50b-85f1faa4df78"}
2026-09-20T06:01:53+00:00 INFO Central bulk source orders received. CONTEXT: {"store_id":"site1","received":20,"succeeded":20,"failed":0,"request_id":"740f45c6-70ad-4a91-ba3f-ffcb3188371a"}
2026-09-20T06:02:11+00:00 INFO Central bulk source orders received. CONTEXT: {"store_id":"site1","received":20,"succeeded":20,"failed":0,"request_id":"159b2fac-e999-4af5-940c-db50d41ea504"}
2026-09-20T06:02:28+00:00 INFO Central bulk source orders received. CONTEXT: {"store_id":"site1","received":20,"succeeded":20,"failed":0,"request_id":"d1857687-e2dd-40fb-a20f-a70a84fe3332"}
2026-09-20T06:02:42+00:00 INFO Central bulk source orders received. CONTEXT: {"store_id":"site1","received":20,"succeeded":20,"failed":0,"request_id":"0b296847-7efd-485d-8ee5-f0dae8281158"}
2026-09-20T06:03:00+00:00 INFO Central bulk source orders received. CONTEXT: {"store_id":"site1","received":20,"succeeded":20,"failed":0,"request_id":"6ed2395e-e85b-4ed4-b022-0cbe312d3fdb"}
2026-09-20T06:03:18+00:00 INFO Central bulk source orders received. CONTEXT: {"store_id":"site1","received":20,"succeeded":20,"failed":0,"request_id":"b968478f-5585-4ec1-926a-a1e58d734da8"}
2026-09-20T06:03:38+00:00 INFO Central bulk source orders received. CONTEXT: {"store_id":"site1","received":20,"succeeded":20,"failed":0,"request_id":"7714758a-c64e-43bd-8c96-615ecc68da1f"}
2026-09-20T06:03:57+00:00 INFO Central bulk source orders received. CONTEXT: {"store_id":"site1","received":20,"succeeded":20,"failed":0,"request_id":"983054fa-9448-4ab1-9cb4-9e69bdc5ddac"}
2026-09-20T06:04:18+00:00 INFO Central bulk source orders received. CONTEXT: {"store_id":"site1","received":20,"succeeded":20,"failed":0,"request_id":"5a005584-c764-4854-a56b-0b740bfe4dc1"}
2026-09-20T06:04:36+00:00 INFO Central bulk source orders received. CONTEXT: {"store_id":"site1","received":20,"succeeded":20,"failed":0,"request_id":"d5a3f909-3112-423b-b502-c49e3c6f5ccd"}
2026-09-20T06:04:55+00:00 INFO Central bulk source orders received. CONTEXT: {"store_id":"site1","received":20,"succeeded":20,"failed":0,"request_id":"6fc6eac6-e495-448c-8726-d0b01e75a986"}
2026-09-20T06:05:14+00:00 INFO Central bulk source orders received. CONTEXT: {"store_id":"site1","received":20,"succeeded":20,"failed":0,"request_id":"b12cfe58-075d-4d20-ba05-f5b5a156f3db"}
2026-09-20T06:05:34+00:00 INFO Central bulk source orders received. CONTEXT: {"store_id":"site1","received":20,"succeeded":20,"failed":0,"request_id":"7a506694-0421-4254-aa62-3ccea660d4a0"}
2026-09-20T06:05:54+00:00 INFO Central bulk source orders received. CONTEXT: {"store_id":"site1","received":20,"succeeded":20,"failed":0,"request_id":"612f5e48-06da-4189-87a8-29c3801f4042"}
2026-09-20T06:06:14+00:00 INFO Central bulk source orders received. CONTEXT: {"store_id":"site1","received":12,"succeeded":12,"failed":0,"request_id":"841f0f55-5476-4a7f-ab25-5122b4d660f0"}
2026-09-20T06:07:58+00:00 INFO Central bulk source orders received. CONTEXT: {"store_id":"site1","received":20,"succeeded":20,"failed":0,"request_id":"77f3e332-1877-45c7-8e50-a06afbdc47d7"}
2026-09-20T06:08:21+00:00 INFO Central bulk source orders received. CONTEXT: {"store_id":"site1","received":20,"succeeded":20,"failed":0,"request_id":"f2e0e231-061b-43fe-89a4-a30adbee52da"}
2026-09-20T06:08:42+00:00 INFO Central bulk source orders received. CONTEXT: {"store_id":"site1","received":20,"succeeded":20,"failed":0,"request_id":"6a1689ee-9979-4428-a348-57309bfdf34e"}
2026-09-20T06:09:02+00:00 INFO Central bulk source orders received. CONTEXT: {"store_id":"site1","received":20,"succeeded":20,"failed":0,"request_id":"cd7e1de5-cb8a-4f83-8235-200704b94571"}
2026-09-20T06:09:22+00:00 INFO Central bulk source orders received. CONTEXT: {"store_id":"site1","received":20,"succeeded":20,"failed":0,"request_id":"4973039c-80d6-4dbd-ba6c-0e834af92fe5"}
2026-09-20T06:09:44+00:00 INFO Central bulk source orders received. CONTEXT: {"store_id":"site1","received":20,"succeeded":20,"failed":0,"request_id":"e9f415b1-c011-4fc4-adbf-e4ce54e809b3"}
2026-09-20T06:10:04+00:00 INFO Central bulk source orders received. CONTEXT: {"store_id":"site1","received":20,"succeeded":20,"failed":0,"request_id":"d7f0f334-77c1-4ae7-9b44-7b6cbbf4e590"}
2026-09-20T06:10:24+00:00 INFO Central bulk source orders received. CONTEXT: {"store_id":"site1","received":20,"succeeded":20,"failed":0,"request_id":"7c21a9bf-1cbd-4701-b0a7-ebb0aaac1829"}
2026-09-20T06:10:43+00:00 INFO Central bulk source orders received. CONTEXT: {"store_id":"site1","received":20,"succeeded":20,"failed":0,"request_id":"68217ea5-8353-4eda-ad59-62152dea14cd"}
2026-09-20T06:11:02+00:00 INFO Central bulk source orders received. CONTEXT: {"store_id":"site1","received":20,"succeeded":20,"failed":0,"request_id":"44e0ba1a-b979-4a94-ac9d-221c8bcb9da3"}
2026-09-20T06:11:23+00:00 INFO Central bulk source orders received. CONTEXT: {"store_id":"site1","received":20,"succeeded":20,"failed":0,"request_id":"229937a7-297f-4284-909b-31961522401c"}
2026-09-20T06:11:43+00:00 INFO Central bulk source orders received. CONTEXT: {"store_id":"site1","received":20,"succeeded":20,"failed":0,"request_id":"483b6d7b-8885-408b-bb5a-7756d4b4a0c0"}
2026-09-20T06:12:03+00:00 INFO Central bulk source orders received. CONTEXT: {"store_id":"site1","received":20,"succeeded":20,"failed":0,"request_id":"9a67db77-375d-429f-884b-f46acf27b7c4"}
2026-09-20T06:12:23+00:00 INFO Central bulk source orders received. CONTEXT: {"store_id":"site1","received":20,"succeeded":20,"failed":0,"request_id":"c1796dca-911a-4f05-8114-eafe2e27204b"}
2026-09-20T06:12:45+00:00 INFO Central bulk source orders received. CONTEXT: {"store_id":"site1","received":20,"succeeded":20,"failed":0,"request_id":"1b7e7c2e-3162-4fe5-823d-d88037b23f08"}
2026-09-20T06:13:05+00:00 INFO Central bulk source orders received. CONTEXT: {"store_id":"site1","received":20,"succeeded":20,"failed":0,"request_id":"2d772e84-d999-46fd-856d-5bfb1a6074aa"}
2026-09-20T06:13:24+00:00 INFO Central bulk source orders received. CONTEXT: {"store_id":"site1","received":20,"succeeded":20,"failed":0,"request_id":"5bae0dd1-7296-4931-b088-cd71b43a1c55"}
2026-09-20T06:13:43+00:00 INFO Central bulk source orders received. CONTEXT: {"store_id":"site1","received":3,"succeeded":3,"failed":0,"request_id":"7021bc00-83aa-452b-9d8d-18afd7d8911b"}
2026-09-20T06:14:56+00:00 INFO Central bulk source orders received. CONTEXT: {"store_id":"site1","received":20,"succeeded":20,"failed":0,"request_id":"c9d9b8e8-f5ee-420a-90b2-cc912803e533"}
2026-09-20T06:15:16+00:00 INFO Central bulk source orders received. CONTEXT: {"store_id":"site1","received":20,"succeeded":20,"failed":0,"request_id":"8e5ab9fd-deb1-42a7-a77d-843643aee723"}
2026-09-20T06:15:36+00:00 INFO Central bulk source orders received. CONTEXT: {"store_id":"site1","received":20,"succeeded":20,"failed":0,"request_id":"0af2a581-c845-4db2-81d2-01f5ce4e8f41"}
2026-09-20T06:15:58+00:00 INFO Central bulk source orders received. CONTEXT: {"store_id":"site1","received":20,"succeeded":20,"failed":0,"request_id":"e776e1bb-a582-4919-8688-c65944ab6d74"}
2026-09-20T06:16:21+00:00 INFO Central bulk source orders received. CONTEXT: {"store_id":"site1","received":20,"succeeded":20,"failed":0,"request_id":"3b719227-aedd-4de5-8f81-a8a19fbfbb53"}
2026-09-20T06:16:41+00:00 INFO Central bulk source orders received. CONTEXT: {"store_id":"site1","received":20,"succeeded":20,"failed":0,"request_id":"4e233320-0fd5-401a-878e-c1319edd372d"}
2026-09-20T06:17:03+00:00 INFO Central bulk source orders received. CONTEXT: {"store_id":"site1","received":20,"succeeded":20,"failed":0,"request_id":"ba07115f-0f16-40c3-8b03-a5a37bcff9fb"}
2026-09-20T06:17:23+00:00 INFO Central bulk source orders received. CONTEXT: {"store_id":"site1","received":20,"succeeded":20,"failed":0,"request_id":"c82d46bf-fddc-4cfb-aaa5-47a029d927c6"}
2026-09-20T06:17:46+00:00 INFO Central bulk source orders received. CONTEXT: {"store_id":"site1","received":20,"succeeded":20,"failed":0,"request_id":"392d2bbd-bc6c-4a38-bebf-89a5c27d5eb2"}
2026-09-20T06:18:06+00:00 INFO Central bulk source orders received. CONTEXT: {"store_id":"site1","received":20,"succeeded":20,"failed":0,"request_id":"c94b6139-5592-4879-8cbc-998cc178a563"}
2026-09-20T06:18:26+00:00 INFO Central bulk source orders received. CONTEXT: {"store_id":"site1","received":20,"succeeded":20,"failed":0,"request_id":"10ef5341-46ef-4799-b107-55431f2ee81f"}
2026-09-20T06:18:47+00:00 INFO Central bulk source orders received. CONTEXT: {"store_id":"site1","received":20,"succeeded":20,"failed":0,"request_id":"b36eabaa-e44e-4884-bfda-1ab9d3905e27"}
2026-09-20T06:19:06+00:00 INFO Central bulk source orders received. CONTEXT: {"store_id":"site1","received":20,"succeeded":20,"failed":0,"request_id":"b7b6f6ba-c1bb-46a7-bece-f7bf85e69ad6"}
2026-09-20T06:19:27+00:00 INFO Central bulk source orders received. CONTEXT: {"store_id":"site1","received":20,"succeeded":20,"failed":0,"request_id":"88e36ca7-f979-4464-8ee3-212c1963fbe4"}
2026-09-20T06:19:49+00:00 INFO Central bulk source orders received. CONTEXT: {"store_id":"site1","received":20,"succeeded":20,"failed":0,"request_id":"23964ac1-6b64-4b99-8327-c937d33dd07b"}
2026-09-20T06:20:10+00:00 INFO Central bulk source orders received. CONTEXT: {"store_id":"site1","received":20,"succeeded":20,"failed":0,"request_id":"343dca0b-5581-4967-b916-dd7db239e568"}
2026-09-20T06:20:30+00:00 INFO Central bulk source orders received. CONTEXT: {"store_id":"site1","received":20,"succeeded":20,"failed":0,"request_id":"7fe7d81e-20f9-4019-a663-848dbefb5f9b"}
2026-09-20T06:20:49+00:00 INFO Central bulk source orders received. CONTEXT: {"store_id":"site1","received":13,"succeeded":13,"failed":0,"request_id":"09f1aa4a-0a1c-40b4-84d1-badebd3604dd"}
2026-09-20T06:21:42+00:00 INFO Central order received successfully. CONTEXT: {"store_id":"site1","source_order_id":388228,"central_order_id":19293,"request_id":"8b481752-bfb2-4300-91e3-e980d2a42412","event":"orderupdated"}
2026-09-20T06:21:59+00:00 INFO Central bulk source orders received. CONTEXT: {"store_id":"site1","received":20,"succeeded":20,"failed":0,"request_id":"a6dbdcf2-aa3c-4b8a-82e9-466df96a28b2"}
2026-09-20T06:22:20+00:00 INFO Central bulk source orders received. CONTEXT: {"store_id":"site1","received":20,"succeeded":20,"failed":0,"request_id":"116f956a-ca9a-43ad-ab51-c24e4c010938"}
2026-09-20T06:22:41+00:00 INFO Central bulk source orders received. CONTEXT: {"store_id":"site1","received":20,"succeeded":20,"failed":0,"request_id":"a1e21df1-4929-4119-abf5-d05d95623b2c"}
2026-09-20T06:23:03+00:00 INFO Central bulk source orders received. CONTEXT: {"store_id":"site1","received":20,"succeeded":20,"failed":0,"request_id":"055d1397-5f9b-4d19-86b0-8e648315c6ac"}
2026-09-20T06:23:25+00:00 INFO Central bulk source orders received. CONTEXT: {"store_id":"site1","received":20,"succeeded":20,"failed":0,"request_id":"42652589-a8b7-4335-aff4-527d81064b40"}
2026-09-20T06:23:45+00:00 INFO Central bulk source orders received. CONTEXT: {"store_id":"site1","received":20,"succeeded":20,"failed":0,"request_id":"19a3a34e-1d99-435e-af9b-c5f865288077"}
2026-09-20T06:24:04+00:00 INFO Order synchronization succeeded. CONTEXT: {"store_id":"site1","source_order_id":392577,"central_order_id":19716,"event":"company_order_sync_push_central_status","request_id":"33b4f287-a7b6-49e2-8fb3-365463c61ebf"}
2026-09-20T06:24:06+00:00 INFO Central bulk source orders received. CONTEXT: {"store_id":"site1","received":20,"succeeded":20,"failed":0,"request_id":"e9848c45-393d-4b82-a6fd-713042aa9a13"}
2026-09-20T06:24:26+00:00 INFO Central bulk source orders received. CONTEXT: {"store_id":"site1","received":20,"succeeded":20,"failed":0,"request_id":"9c4ba4b0-ca31-4aa3-be64-0581a9d078d9"}
2026-09-20T06:24:47+00:00 INFO Central bulk source orders received. CONTEXT: {"store_id":"site1","received":20,"succeeded":20,"failed":0,"request_id":"1492543c-e0b2-4e70-85f8-115b0c4b6dd9"}
2026-09-20T06:25:07+00:00 INFO Central bulk source orders received. CONTEXT: {"store_id":"site1","received":20,"succeeded":20,"failed":0,"request_id":"90bce3d9-557b-4c04-b5b6-65af258e6987"}
2026-09-20T06:25:28+00:00 INFO Central bulk source orders received. CONTEXT: {"store_id":"site1","received":20,"succeeded":20,"failed":0,"request_id":"df38edfb-f5e9-448f-aea4-010f3197bf53"}
2026-09-20T06:25:53+00:00 INFO Central bulk source orders received. CONTEXT: {"store_id":"site1","received":20,"succeeded":20,"failed":0,"request_id":"46431a7a-6fd3-408e-a22c-db1de3beaff8"}
2026-09-20T06:26:14+00:00 INFO Central bulk source orders received. CONTEXT: {"store_id":"site1","received":20,"succeeded":20,"failed":0,"request_id":"de7e4b62-a19b-4bbe-b9d6-7c9f33b58b99"}
2026-09-20T06:26:36+00:00 INFO Central bulk source orders received. CONTEXT: {"store_id":"site1","received":20,"succeeded":20,"failed":0,"request_id":"c61b408f-1b24-43f8-8cce-b7c95360941e"}
2026-09-20T06:26:54+00:00 INFO Central bulk source orders received. CONTEXT: {"store_id":"site1","received":20,"succeeded":20,"failed":0,"request_id":"702e6b0a-e082-4e7f-add8-eddff31f0673"}
2026-09-20T06:27:15+00:00 INFO Central bulk source orders received. CONTEXT: {"store_id":"site1","received":20,"succeeded":20,"failed":0,"request_id":"66246a06-72ec-48b5-9b71-70dfabb0495a"}
2026-09-20T06:27:35+00:00 INFO Central bulk source orders received. CONTEXT: {"store_id":"site1","received":20,"succeeded":20,"failed":0,"request_id":"3f0cf999-cabf-4492-ab77-e566a781bfb1"}
2026-09-20T06:27:57+00:00 INFO Central bulk source orders received. CONTEXT: {"store_id":"site1","received":13,"succeeded":13,"failed":0,"request_id":"0918ba97-404f-47dc-ad84-c3861825bceb"}
2026-09-20T06:28:04+00:00 INFO Order synchronization succeeded. CONTEXT: {"store_id":"site1","source_order_id":392459,"central_order_id":19700,"event":"company_order_sync_push_central_status","request_id":"2322dcb3-8d0d-48e2-98f1-3ae456bf961f"}
2026-09-20T06:29:18+00:00 INFO Central bulk source orders received. CONTEXT: {"store_id":"site1","received":20,"succeeded":20,"failed":0,"request_id":"4f3401ca-c5d9-49f6-bac9-027f339e542d"}
2026-09-20T06:29:39+00:00 INFO Central bulk source orders received. CONTEXT: {"store_id":"site1","received":20,"succeeded":20,"failed":0,"request_id":"a6dc3749-4bf2-4800-8852-a8d4924b9083"}
2026-09-20T06:30:02+00:00 INFO Central bulk source orders received. CONTEXT: {"store_id":"site1","received":20,"succeeded":20,"failed":0,"request_id":"f92fb7f8-ed81-45c0-94e3-2ea3f043f19d"}
2026-09-20T06:30:22+00:00 INFO Central bulk source orders received. CONTEXT: {"store_id":"site1","received":20,"succeeded":20,"failed":0,"request_id":"4d5cd86a-d26f-4767-bbc1-1435b2bf38e1"}
2026-09-20T06:30:23+00:00 INFO Stale source order update was ignored. CONTEXT: {"store_id":"site1","source_order_id":392459,"incoming_revision":1789885683665188,"current_revision":1789885742000000,"request_id":"automatic-snapshot-site1-1"}
2026-09-20T06:30:23+00:00 INFO Stale source order update was ignored. CONTEXT: {"store_id":"site1","source_order_id":392577,"incoming_revision":1789885444451542,"current_revision":1789885453360097,"request_id":"automatic-snapshot-site1-1"}
2026-09-20T06:30:42+00:00 INFO Central bulk source orders received. CONTEXT: {"store_id":"site1","received":20,"succeeded":20,"failed":0,"request_id":"26162f50-c611-4c7e-ba1d-24318756d480"}
2026-09-20T06:31:04+00:00 INFO Central bulk source orders received. CONTEXT: {"store_id":"site1","received":20,"succeeded":20,"failed":0,"request_id":"b4b68b85-ad0d-4df9-9a88-5af5580eda04"}
2026-09-20T06:31:25+00:00 INFO Central bulk source orders received. CONTEXT: {"store_id":"site1","received":20,"succeeded":20,"failed":0,"request_id":"686dcbac-8654-4aaa-ab83-003b2737912f"}
2026-09-20T06:31:46+00:00 INFO Central bulk source orders received. CONTEXT: {"store_id":"site1","received":5,"succeeded":5,"failed":0,"request_id":"d4d31f8f-2d4e-43a0-b0aa-05e8db048c09"}
2026-09-20T06:31:47+00:00 INFO Central bulk source orders received. CONTEXT: {"store_id":"site1","received":20,"succeeded":20,"failed":0,"request_id":"816de89f-82ab-4bc1-80ae-e250a99caefa"}
2026-09-20T06:32:07+00:00 INFO Central bulk source orders received. CONTEXT: {"store_id":"site1","received":20,"succeeded":20,"failed":0,"request_id":"28f5785d-e5fe-416f-b208-a37e9ad5bc19"}
2026-09-20T06:32:28+00:00 INFO Central bulk source orders received. CONTEXT: {"store_id":"site1","received":20,"succeeded":20,"failed":0,"request_id":"8aeda4fa-24f7-4eaf-b589-1157291c2e2c"}
2026-09-20T06:32:47+00:00 INFO Central bulk source orders received. CONTEXT: {"store_id":"site1","received":20,"succeeded":20,"failed":0,"request_id":"bb9a736f-18e9-4c91-9052-1b9dc9d66cda"}
2026-09-20T06:33:07+00:00 INFO Central bulk source orders received. CONTEXT: {"store_id":"site1","received":20,"succeeded":20,"failed":0,"request_id":"eff95e60-e1a2-4972-a358-47b9ee80558b"}
2026-09-20T06:33:28+00:00 INFO Central bulk source orders received. CONTEXT: {"store_id":"site1","received":20,"succeeded":20,"failed":0,"request_id":"dc1dfaac-4b50-44c1-aef9-ea4e8cc0eb51"}
2026-09-20T06:33:50+00:00 INFO Central bulk source orders received. CONTEXT: {"store_id":"site1","received":20,"succeeded":20,"failed":0,"request_id":"d3ff71e7-6971-4a22-a904-a2cb06aacc88"}
2026-09-20T06:34:11+00:00 INFO Central bulk source orders received. CONTEXT: {"store_id":"site1","received":20,"succeeded":20,"failed":0,"request_id":"61872a1f-2e76-43ad-9d95-9082064f4e1a"}
2026-09-20T06:34:31+00:00 INFO Central bulk source orders received. CONTEXT: {"store_id":"site1","received":20,"succeeded":20,"failed":0,"request_id":"86aff3f0-2437-42ab-bf03-f8595f0ac68e"}
2026-09-20T06:34:51+00:00 INFO Central bulk source orders received. CONTEXT: {"store_id":"site1","received":20,"succeeded":20,"failed":0,"request_id":"f28acfde-4b66-41b8-9099-be19af262385"}
2026-09-20T06:35:13+00:00 INFO Central bulk source orders received. CONTEXT: {"store_id":"site1","received":16,"succeeded":16,"failed":0,"request_id":"e7f3b78f-e697-4aab-a7e0-e42e48b7f68d"}
2026-09-20T06:36:28+00:00 INFO Central bulk source orders received. CONTEXT: {"store_id":"site1","received":20,"succeeded":20,"failed":0,"request_id":"d57f8288-2ba6-4b00-be79-da6ac4711750"}
2026-09-20T06:36:29+00:00 INFO Central order received successfully. CONTEXT: {"store_id":"site1","source_order_id":402475,"central_order_id":21219,"request_id":"8998ade4-0e88-401a-9428-3a72ee41c095","event":"orderupdated"}
2026-09-20T06:36:50+00:00 INFO Central bulk source orders received. CONTEXT: {"store_id":"site1","received":20,"succeeded":20,"failed":0,"request_id":"c8702764-67ba-4243-9e4b-a1b092f569bc"}
2026-09-20T06:37:11+00:00 INFO Central bulk source orders received. CONTEXT: {"store_id":"site1","received":20,"succeeded":20,"failed":0,"request_id":"3b6ca4a6-5ad9-4d73-8053-c83c38492d69"}
2026-09-20T06:37:32+00:00 INFO Central bulk source orders received. CONTEXT: {"store_id":"site1","received":20,"succeeded":20,"failed":0,"request_id":"421ca0e9-06f0-4866-8b78-a5a966e9263c"}
2026-09-20T06:37:54+00:00 INFO Central bulk source orders received. CONTEXT: {"store_id":"site1","received":20,"succeeded":20,"failed":0,"request_id":"2f132f40-9d77-4eb2-9ac0-c8f635b889fe"}
2026-09-20T06:38:17+00:00 INFO Central bulk source orders received. CONTEXT: {"store_id":"site1","received":20,"succeeded":20,"failed":0,"request_id":"fe549a8b-fb6c-4ab8-958a-ad03c5c6431d"}
2026-09-20T06:38:38+00:00 INFO Central bulk source orders received. CONTEXT: {"store_id":"site1","received":20,"succeeded":20,"failed":0,"request_id":"6312058f-7ac7-4330-9490-76ee74af8b02"}
2026-09-20T06:38:59+00:00 INFO Central bulk source orders received. CONTEXT: {"store_id":"site1","received":20,"succeeded":20,"failed":0,"request_id":"428b4353-eaa4-44c2-a33f-e2c18871aa53"}
2026-09-20T06:39:20+00:00 INFO Central bulk source orders received. CONTEXT: {"store_id":"site1","received":20,"succeeded":20,"failed":0,"request_id":"db87d456-586c-42b3-974f-2a0e952b9147"}
2026-09-20T06:39:41+00:00 INFO Central bulk source orders received. CONTEXT: {"store_id":"site1","received":20,"succeeded":20,"failed":0,"request_id":"e6357f43-bb4e-4d04-a573-2732fd57ac20"}
2026-09-20T06:40:01+00:00 INFO Central bulk source orders received. CONTEXT: {"store_id":"site1","received":20,"succeeded":20,"failed":0,"request_id":"c9030ba4-56c0-466b-9a46-6df8e427d818"}
2026-09-20T06:40:24+00:00 INFO Central bulk source orders received. CONTEXT: {"store_id":"site1","received":20,"succeeded":20,"failed":0,"request_id":"fe701318-7af6-4196-9ff6-1756de7fd744"}
2026-09-20T06:40:46+00:00 INFO Central bulk source orders received. CONTEXT: {"store_id":"site1","received":20,"succeeded":20,"failed":0,"request_id":"219e9432-feaa-4b9c-ab1c-fe4b1958927b"}
2026-09-20T06:41:07+00:00 INFO Central bulk source orders received. CONTEXT: {"store_id":"site1","received":20,"succeeded":20,"failed":0,"request_id":"bfe44ddc-bb99-4454-9b6e-468e4155344a"}
2026-09-20T06:41:11+00:00 INFO Central bulk source orders received. CONTEXT: {"store_id":"site1","received":20,"succeeded":20,"failed":0,"request_id":"4b633951-b7b4-4212-a71d-b5a939c17762"}
2026-09-20T06:41:26+00:00 INFO Central bulk source orders received. CONTEXT: {"store_id":"site1","received":20,"succeeded":20,"failed":0,"request_id":"fc175ec2-fe21-4aab-8fcb-5993d3ba3e54"}
2026-09-20T06:41:33+00:00 INFO Central bulk source orders received. CONTEXT: {"store_id":"site1","received":20,"succeeded":20,"failed":0,"request_id":"6478d01c-77fd-4eeb-9db6-81e1b7088fd2"}
2026-09-20T06:41:45+00:00 INFO Central bulk source orders received. CONTEXT: {"store_id":"site1","received":20,"succeeded":20,"failed":0,"request_id":"2acdf6fe-e9d4-4f68-9256-7a58ee46efb6"}
2026-09-20T06:41:55+00:00 INFO Central bulk source orders received. CONTEXT: {"store_id":"site1","received":20,"succeeded":20,"failed":0,"request_id":"fd9ffb4e-2987-4cb5-b412-8488f5948910"}
2026-09-20T06:42:03+00:00 INFO Central bulk source orders received. CONTEXT: {"store_id":"site1","received":20,"succeeded":20,"failed":0,"request_id":"b33f1825-04db-4dfe-bb5d-184a5be40a43"}
2026-09-20T06:42:15+00:00 INFO Central bulk source orders received. CONTEXT: {"store_id":"site1","received":20,"succeeded":20,"failed":0,"request_id":"155eadd1-8d97-466d-8e70-7212780b45c0"}
2026-09-20T06:42:22+00:00 INFO Central bulk source orders received. CONTEXT: {"store_id":"site1","received":20,"succeeded":20,"failed":0,"request_id":"ec77b22f-e305-4bb2-acb9-f9575017a5ed"}
2026-09-20T06:42:34+00:00 INFO Central bulk source orders received. CONTEXT: {"store_id":"site1","received":19,"succeeded":19,"failed":0,"request_id":"70c8d3c4-af92-45b3-b58f-fa35bf4106fe"}
2026-09-20T06:42:41+00:00 INFO Central bulk source orders received. CONTEXT: {"store_id":"site1","received":20,"succeeded":20,"failed":0,"request_id":"e6995770-e24e-47b1-b6df-6e6d593c59b5"}
2026-09-20T06:42:42+00:00 INFO Central bulk source orders received. CONTEXT: {"store_id":"site1","received":20,"succeeded":20,"failed":0,"request_id":"83777610-c244-4a48-9b24-952553fadc26"}
2026-09-20T06:42:54+00:00 INFO Central bulk source orders received. CONTEXT: {"store_id":"site1","received":20,"succeeded":20,"failed":0,"request_id":"7af7ec49-7acd-45cb-8d7d-d74494e08e76"}
2026-09-20T06:42:58+00:00 INFO Central bulk source orders received. CONTEXT: {"store_id":"site1","received":20,"succeeded":20,"failed":0,"request_id":"29736e66-29aa-4e5b-bf67-a5bb526cca98"}
2026-09-20T06:43:02+00:00 INFO Central bulk source orders received. CONTEXT: {"store_id":"site1","received":1,"succeeded":1,"failed":0,"request_id":"ce487acb-7f6f-42a9-9390-bd9e77ce692c"}
2026-09-20T06:43:13+00:00 INFO Central bulk source orders received. CONTEXT: {"store_id":"site1","received":20,"succeeded":20,"failed":0,"request_id":"03061d7e-bdb2-4be0-9ad8-8795cb3ac6e7"}
2026-09-20T06:43:17+00:00 INFO Central bulk source orders received. CONTEXT: {"store_id":"site1","received":20,"succeeded":20,"failed":0,"request_id":"47210ce2-6b26-4d29-aecd-1475417edb7a"}
2026-09-20T06:43:24+00:00 INFO Central bulk source orders received. CONTEXT: {"store_id":"site1","received":20,"succeeded":20,"failed":0,"request_id":"6ddbb950-8bdb-4c70-bf5b-8d24fac48df6"}
2026-09-20T06:43:31+00:00 INFO Central bulk source orders received. CONTEXT: {"store_id":"site1","received":20,"succeeded":20,"failed":0,"request_id":"b22b5dd3-866f-4421-b8be-ca8c9ddcbc06"}
2026-09-20T06:43:37+00:00 INFO Central bulk source orders received. CONTEXT: {"store_id":"site1","received":20,"succeeded":20,"failed":0,"request_id":"14835c13-5390-4846-944f-69569886d528"}
2026-09-20T06:43:38+00:00 INFO Central bulk source orders received. CONTEXT: {"store_id":"site1","received":20,"succeeded":20,"failed":0,"request_id":"2fc295f1-98eb-41de-89db-4e3e427ed264"}
2026-09-20T06:43:48+00:00 INFO Central bulk source orders received. CONTEXT: {"store_id":"site1","received":20,"succeeded":20,"failed":0,"request_id":"b2ee8844-1e6d-4e1e-8781-601e15575771"}
2026-09-20T06:43:48+00:00 INFO Central bulk source orders received. CONTEXT: {"store_id":"site1","received":20,"succeeded":20,"failed":0,"request_id":"69f66646-d46f-4f38-888a-bb4b249b229c"}
2026-09-20T06:43:53+00:00 INFO Central bulk source orders received. CONTEXT: {"store_id":"site1","received":20,"succeeded":20,"failed":0,"request_id":"dd5c569b-381e-47e3-97d9-7a0e2d403d58"}
2026-09-20T06:43:56+00:00 INFO Central bulk source orders received. CONTEXT: {"store_id":"site1","received":8,"succeeded":8,"failed":0,"request_id":"4b63fde3-ad77-4df0-b158-43c43568e414"}
2026-09-20T06:43:57+00:00 INFO Central bulk source orders received. CONTEXT: {"store_id":"site1","received":20,"succeeded":20,"failed":0,"request_id":"e3bd69fd-5297-4ed8-8f31-4f1c0aa779bf"}
2026-09-20T06:44:01+00:00 INFO Central bulk source orders received. CONTEXT: {"store_id":"site1","received":20,"succeeded":20,"failed":0,"request_id":"fcfdea16-f232-49ac-8140-a86d26715a94"}
2026-09-20T06:44:05+00:00 INFO Central bulk source orders received. CONTEXT: {"store_id":"site1","received":20,"succeeded":20,"failed":0,"request_id":"167edd0d-6768-4876-a704-d63077c137ac"}
2026-09-20T06:44:06+00:00 INFO Central bulk source orders received. CONTEXT: {"store_id":"site1","received":20,"succeeded":20,"failed":0,"request_id":"f1f5eb6e-0416-4bff-ad0a-58dd2334cbf1"}
2026-09-20T06:44:08+00:00 INFO Central bulk source orders received. CONTEXT: {"store_id":"site1","received":3,"succeeded":3,"failed":0,"request_id":"abee5270-2ab9-4726-9891-13c1eb8e5f0c"}
2026-09-20T06:44:17+00:00 INFO Central bulk source orders received. CONTEXT: {"store_id":"site1","received":20,"succeeded":20,"failed":0,"request_id":"8249173d-f556-4376-bbf2-eda8be028803"}
2026-09-20T06:44:20+00:00 INFO Central bulk source orders received. CONTEXT: {"store_id":"site1","received":20,"succeeded":20,"failed":0,"request_id":"9b461997-3107-43f8-ae99-833f9e800b8e"}
2026-09-20T06:44:21+00:00 INFO Central bulk source orders received. CONTEXT: {"store_id":"site1","received":20,"succeeded":20,"failed":0,"request_id":"256c1a1b-4f2e-4b45-b350-2830f132aa25"}
2026-09-20T06:44:35+00:00 INFO Central bulk source orders received. CONTEXT: {"store_id":"site1","received":20,"succeeded":20,"failed":0,"request_id":"7ad06f51-50b8-4c25-8550-b9f4d6d6989a"}
2026-09-20T06:44:35+00:00 INFO Central bulk source orders received. CONTEXT: {"store_id":"site1","received":20,"succeeded":20,"failed":0,"request_id":"ceca94f5-0313-49ab-9995-201c9ba38030"}
2026-09-20T06:44:38+00:00 INFO Central bulk source orders received. CONTEXT: {"store_id":"site1","received":20,"succeeded":20,"failed":0,"request_id":"aea6b986-11eb-4f36-bd1c-62396938eb9c"}
2026-09-20T06:44:41+00:00 INFO Central bulk source orders received. CONTEXT: {"store_id":"site1","received":20,"succeeded":20,"failed":0,"request_id":"67e0a3f6-2f9d-404d-a6ba-4e131e57eafe"}
2026-09-20T06:44:41+00:00 INFO Central bulk source orders received. CONTEXT: {"store_id":"site1","received":20,"succeeded":20,"failed":0,"request_id":"d374cb01-d662-4d85-951e-82bc3074b241"}
2026-09-20T06:44:43+00:00 INFO Central bulk source orders received. CONTEXT: {"store_id":"site1","received":16,"succeeded":16,"failed":0,"request_id":"a38bdb74-315d-450a-9027-aa3ec964d80c"}
2026-09-20T06:44:48+00:00 INFO Central bulk source orders received. CONTEXT: {"store_id":"site1","received":20,"succeeded":20,"failed":0,"request_id":"aeae5b70-6ba6-4883-9e89-3f566284b0be"}
2026-09-20T06:44:48+00:00 INFO Central bulk source orders received. CONTEXT: {"store_id":"site1","received":6,"succeeded":6,"failed":0,"request_id":"98e91e9a-5e1d-4a53-bb81-986f7b805d63"}
2026-09-20T06:44:51+00:00 INFO Central bulk source orders received. CONTEXT: {"store_id":"site1","received":20,"succeeded":20,"failed":0,"request_id":"4c832d13-9ea7-441e-9a6e-3aad99a6099f"}
2026-09-20T06:44:52+00:00 INFO Central bulk source orders received. CONTEXT: {"store_id":"site1","received":18,"succeeded":18,"failed":0,"request_id":"a8db5f5f-f3b9-4f4e-8967-d45b4fdec7e8"}
2026-09-20T06:44:54+00:00 INFO Central bulk source orders received. CONTEXT: {"store_id":"site1","received":20,"succeeded":20,"failed":0,"request_id":"dde33bdc-72a0-4a68-80d5-e2ff2ca91305"}
2026-09-20T06:44:55+00:00 INFO Central bulk source orders received. CONTEXT: {"store_id":"site1","received":20,"succeeded":20,"failed":0,"request_id":"26372227-c7a8-47b0-9981-742334fa621e"}
2026-09-20T06:45:00+00:00 INFO Central bulk source orders received. CONTEXT: {"store_id":"site1","received":11,"succeeded":11,"failed":0,"request_id":"65c6be73-ad7d-4628-a234-7dc7f1e60982"}
2026-09-20T06:45:02+00:00 INFO Central bulk source orders received. CONTEXT: {"store_id":"site1","received":14,"succeeded":14,"failed":0,"request_id":"836aad3c-64d7-43d5-9855-7b2ce716c1ad"}
2026-09-20T06:45:11+00:00 INFO Central bulk source orders received. CONTEXT: {"store_id":"site1","received":16,"succeeded":16,"failed":0,"request_id":"d61c4f02-b47c-4849-a570-f29f88798ab9"}
2026-09-20T06:45:14+00:00 INFO Stale source order update was ignored. CONTEXT: {"store_id":"site1","source_order_id":392459,"incoming_revision":1789885683665188,"current_revision":1789886635620022,"request_id":"automatic-snapshot-site1-1"}
2026-09-20T06:45:14+00:00 INFO Central bulk source orders received. CONTEXT: {"store_id":"site1","received":20,"succeeded":20,"failed":0,"request_id":"c9351960-c580-46fe-890b-47ba13e118d8"}
2026-09-20T06:45:28+00:00 INFO Central bulk source orders received. CONTEXT: {"store_id":"site1","received":20,"succeeded":20,"failed":0,"request_id":"05a0dc43-decb-44de-9b60-d58409a32d70"}
2026-09-20T06:45:44+00:00 INFO Central bulk source orders received. CONTEXT: {"store_id":"site1","received":20,"succeeded":20,"failed":0,"request_id":"1cbd69f6-ad42-4407-9591-847da31ff07f"}
2026-09-20T06:45:52+00:00 INFO Central bulk source orders received. CONTEXT: {"store_id":"site1","received":6,"succeeded":6,"failed":0,"request_id":"f5883129-206c-443d-a1d4-869f1b9e7abe"}
2026-09-20T06:46:00+00:00 INFO Central bulk source orders received. CONTEXT: {"store_id":"site1","received":20,"succeeded":20,"failed":0,"request_id":"c7df0332-77f8-48c4-9220-e53d905e7a0e"}
2026-09-20T06:46:16+00:00 INFO Central bulk source orders received. CONTEXT: {"store_id":"site1","received":11,"succeeded":11,"failed":0,"request_id":"ecd7417b-a2ca-4c7c-94fe-47ae60e16cc0"}
2026-09-20T06:46:38+00:00 INFO Central bulk source orders received. CONTEXT: {"store_id":"site1","received":20,"succeeded":20,"failed":0,"request_id":"93170f78-704b-43c6-ab70-72a2b5bc33d8"}
2026-09-20T06:46:38+00:00 INFO Central bulk source orders received. CONTEXT: {"store_id":"site1","received":20,"succeeded":20,"failed":0,"request_id":"61928871-a856-4f2b-afba-8862ab09c538"}
2026-09-20T06:46:46+00:00 INFO Central bulk source orders received. CONTEXT: {"store_id":"site1","received":3,"succeeded":3,"failed":0,"request_id":"2b90ad39-5c9e-491d-84c9-82780d0affce"}
2026-09-20T06:46:47+00:00 INFO Central bulk source orders received. CONTEXT: {"store_id":"site1","received":8,"succeeded":8,"failed":0,"request_id":"17518811-72a6-44cd-819c-ca3ff2918974"}
2026-09-20T06:47:29+00:00 INFO Central bulk source orders received. CONTEXT: {"store_id":"site1","received":20,"succeeded":20,"failed":0,"request_id":"63ebae7a-d1b4-40a8-8e21-428067a5459a"}
2026-09-20T06:47:29+00:00 INFO Central bulk source orders received. CONTEXT: {"store_id":"site1","received":20,"succeeded":20,"failed":0,"request_id":"a6e19c9e-2837-4cd7-9ab9-4468fd187df0"}
2026-09-20T06:47:39+00:00 INFO Central bulk source orders received. CONTEXT: {"store_id":"site1","received":20,"succeeded":20,"failed":0,"request_id":"7e963f16-d3ac-4f61-8640-27fdb6e983c6"}
2026-09-20T06:47:39+00:00 WARNING Central bulk source orders received. CONTEXT: {"store_id":"site1","received":20,"succeeded":19,"failed":1,"request_id":"ab7b7c78-bbd4-4112-8c87-6c35ad647cf5"}
2026-09-20T06:47:44+00:00 INFO Central order received successfully. CONTEXT: {"store_id":"site1","source_order_id":387043,"central_order_id":19120,"request_id":"b2da6a77-6296-44ba-913a-329581e506df","event":"orderupdated"}
2026-09-20T06:47:45+00:00 INFO Central order received successfully. CONTEXT: {"store_id":"site1","source_order_id":387043,"central_order_id":19120,"request_id":"016364e6-b46d-4e72-a602-99cc7987e988","event":"orderupdated"}
2026-09-20T06:47:47+00:00 INFO Central bulk source orders received. CONTEXT: {"store_id":"site1","received":9,"succeeded":9,"failed":0,"request_id":"e7bcf9c4-4940-4fed-b7b5-6398729ce0c2"}
2026-09-20T06:47:49+00:00 INFO Central bulk source orders received. CONTEXT: {"store_id":"site1","received":17,"succeeded":17,"failed":0,"request_id":"57878669-b4c6-4e85-81b9-6d90cc28215a"}
2026-09-20T06:48:28+00:00 INFO Central bulk source orders received. CONTEXT: {"store_id":"site1","received":20,"succeeded":20,"failed":0,"request_id":"70ca54e4-b20e-421c-a3d4-e112264a4a37"}
2026-09-20T06:48:28+00:00 INFO Central bulk source orders received. CONTEXT: {"store_id":"site1","received":20,"succeeded":20,"failed":0,"request_id":"5c4b70d6-040e-4c4d-96a5-410b5ac29ee1"}
2026-09-20T06:48:39+00:00 INFO Central bulk source orders received. CONTEXT: {"store_id":"site1","received":20,"succeeded":20,"failed":0,"request_id":"8d9a4dea-8575-48c2-864b-51671e514f8a"}
2026-09-20T06:48:41+00:00 INFO Central bulk source orders received. CONTEXT: {"store_id":"site1","received":20,"succeeded":20,"failed":0,"request_id":"de971176-0079-4990-ae55-f4f5d47dd022"}
2026-09-20T06:48:50+00:00 INFO Central bulk source orders received. CONTEXT: {"store_id":"site1","received":20,"succeeded":20,"failed":0,"request_id":"c99ecbe8-45d6-43d1-b7ea-91183661e80b"}
2026-09-20T06:48:51+00:00 INFO Central bulk source orders received. CONTEXT: {"store_id":"site1","received":20,"succeeded":20,"failed":0,"request_id":"1468ea4b-5919-4846-9604-2808942f408e"}
2026-09-20T06:49:01+00:00 INFO Central bulk source orders received. CONTEXT: {"store_id":"site1","received":10,"succeeded":10,"failed":0,"request_id":"89f14f40-2f2a-4ee5-a1f9-ff27361b9034"}
2026-09-20T06:49:01+00:00 INFO Central bulk source orders received. CONTEXT: {"store_id":"site1","received":15,"succeeded":15,"failed":0,"request_id":"ec203ded-2652-45b1-be11-95f680b5c8b7"}
2026-09-20T06:49:38+00:00 INFO Central bulk source orders received. CONTEXT: {"store_id":"site1","received":20,"succeeded":20,"failed":0,"request_id":"d9de4698-480c-48ee-80fb-4d8b3dfa546d"}
2026-09-20T06:49:43+00:00 INFO Order synchronization succeeded. CONTEXT: {"store_id":"site1","source_order_id":401362,"central_order_id":21023,"event":"company_order_sync_push_central_status","request_id":"408d0bcf-69c0-40a7-be6a-e50af118050b"}
2026-09-20T06:49:44+00:00 INFO Central bulk source orders received. CONTEXT: {"store_id":"site1","received":11,"succeeded":11,"failed":0,"request_id":"ea6f76f7-4326-4928-bf01-2f427215452e"}
2026-09-20T06:49:44+00:00 INFO Central bulk source orders received. CONTEXT: {"store_id":"site1","received":20,"succeeded":20,"failed":0,"request_id":"4570e6b6-35d6-4de5-ae03-d8532b134e22"}
2026-09-20T06:49:44+00:00 INFO Central bulk source orders received. CONTEXT: {"store_id":"site1","received":20,"succeeded":20,"failed":0,"request_id":"574d6940-9d01-4682-8b4c-fbae1f22cebd"}
2026-09-20T06:49:50+00:00 INFO Central bulk source orders received. CONTEXT: {"store_id":"site1","received":20,"succeeded":20,"failed":0,"request_id":"c64a8ebf-f3ff-45ac-af32-e4f2eaaa3dbd"}
2026-09-20T06:49:52+00:00 INFO Central bulk source orders received. CONTEXT: {"store_id":"site1","received":8,"succeeded":8,"failed":0,"request_id":"2aba5416-3f53-4a4c-832c-ad1e5fd17f90"}
2026-09-20T06:49:53+00:00 INFO Central bulk source orders received. CONTEXT: {"store_id":"site1","received":20,"succeeded":20,"failed":0,"request_id":"8ad469b0-3a2c-4a29-9121-b06e133e6b73"}
2026-09-20T06:50:02+00:00 INFO Central bulk source orders received. CONTEXT: {"store_id":"site1","received":20,"succeeded":20,"failed":0,"request_id":"fcff0997-9474-48ee-bd3e-0d909237faf2"}
2026-09-20T06:50:03+00:00 INFO Central bulk source orders received. CONTEXT: {"store_id":"site1","received":5,"succeeded":5,"failed":0,"request_id":"e9e7ea39-1c25-4ca6-9dbd-d23a706ced42"}
2026-09-20T06:50:13+00:00 INFO Central bulk source orders received. CONTEXT: {"store_id":"site1","received":20,"succeeded":20,"failed":0,"request_id":"30e43f1d-b329-4a27-8fd7-f82d47f26392"}
2026-09-20T06:50:18+00:00 INFO Central order received successfully. CONTEXT: {"store_id":"site1","source_order_id":401362,"central_order_id":21023,"request_id":"0329311d-52e1-4c0e-9196-56d22fb44c41","event":"orderupdated"}
2026-09-20T06:50:19+00:00 INFO Central order received successfully. CONTEXT: {"store_id":"site1","source_order_id":402481,"central_order_id":21220,"request_id":"90c8dded-3c28-4745-939c-2fffd3a97c85","event":"orderupdated"}
2026-09-20T06:50:23+00:00 INFO Central bulk source orders received. CONTEXT: {"store_id":"site1","received":7,"succeeded":7,"failed":0,"request_id":"08fc45a6-9c75-44f3-98e6-096d724afc06"}
2026-09-20T06:50:54+00:00 INFO Central bulk source orders received. CONTEXT: {"store_id":"site1","received":20,"succeeded":20,"failed":0,"request_id":"94fb6480-6132-4a5e-9159-95468f1ec017"}
2026-09-20T06:51:05+00:00 INFO Central bulk source orders received. CONTEXT: {"store_id":"site1","received":19,"succeeded":19,"failed":0,"request_id":"d7e42820-dc33-45fc-95aa-7202c2cf8232"}
2026-09-20T06:51:11+00:00 INFO Central order received successfully. CONTEXT: {"store_id":"site1","source_order_id":402481,"central_order_id":21220,"request_id":"d2d9b23f-e88a-4909-be75-4bba04207c4e","event":"orderupdated"}
2026-09-20T06:51:29+00:00 INFO Central bulk source orders received. CONTEXT: {"store_id":"site1","received":20,"succeeded":20,"failed":0,"request_id":"3ea5371d-e9d1-445d-b8d0-0636bd394f4a"}
2026-09-20T06:51:40+00:00 INFO Central bulk source orders received. CONTEXT: {"store_id":"site1","received":20,"succeeded":20,"failed":0,"request_id":"34106273-9cca-46fe-879e-cc791c08f6ae"}
2026-09-20T06:51:50+00:00 INFO Central bulk source orders received. CONTEXT: {"store_id":"site1","received":20,"succeeded":20,"failed":0,"request_id":"01ebb462-29d6-4ceb-9f97-c2fd9a255ed3"}
2026-09-20T06:52:00+00:00 INFO Central bulk source orders received. CONTEXT: {"store_id":"site1","received":8,"succeeded":8,"failed":0,"request_id":"21a95c72-6279-4ba3-beba-b3d4ba9440c6"}
2026-09-20T06:53:07+00:00 INFO Central bulk source orders received. CONTEXT: {"store_id":"site1","received":20,"succeeded":20,"failed":0,"request_id":"412035ce-fb45-4df3-a219-8b095a96d279"}
2026-09-20T06:53:21+00:00 INFO Central bulk source orders received. CONTEXT: {"store_id":"site1","received":20,"succeeded":20,"failed":0,"request_id":"765573ed-61f9-4032-aa8c-e3758c5d068f"}
2026-09-20T06:53:35+00:00 INFO Central bulk source orders received. CONTEXT: {"store_id":"site1","received":20,"succeeded":20,"failed":0,"request_id":"880cff8a-06e5-4df8-92c7-51ab58b0ba55"}
2026-09-20T06:53:47+00:00 INFO Central bulk source orders received. CONTEXT: {"store_id":"site1","received":20,"succeeded":20,"failed":0,"request_id":"e08ee128-9280-460e-8f8e-390505643ba2"}
2026-09-20T06:54:00+00:00 INFO Central bulk source orders received. CONTEXT: {"store_id":"site1","received":20,"succeeded":20,"failed":0,"request_id":"0e05aede-431c-47db-97ee-f41af581ca88"}
2026-09-20T06:54:12+00:00 INFO Central bulk source orders received. CONTEXT: {"store_id":"site1","received":16,"succeeded":16,"failed":0,"request_id":"8cafd7b5-7d67-4f42-bdab-108bce1536e0"}
2026-09-20T06:54:18+00:00 INFO Central order received successfully. CONTEXT: {"store_id":"site1","source_order_id":402482,"central_order_id":21221,"request_id":"741e8f48-ad82-4c5a-8042-c5e110f2ebee","event":"orderupdated"}
2026-09-20T06:55:39+00:00 INFO Central bulk source orders received. CONTEXT: {"store_id":"site1","received":20,"succeeded":20,"failed":0,"request_id":"1a91baa9-ddf5-45a9-835f-625178c745f0"}
2026-09-20T06:55:54+00:00 INFO Central bulk source orders received. CONTEXT: {"store_id":"site1","received":20,"succeeded":20,"failed":0,"request_id":"938c2ca0-7a07-44d7-b8a7-a46828399a83"}
2026-09-20T06:56:09+00:00 INFO Central bulk source orders received. CONTEXT: {"store_id":"site1","received":20,"succeeded":20,"failed":0,"request_id":"d08bc063-7c16-4245-9ed2-8d65e83ef4f4"}
2026-09-20T06:56:24+00:00 INFO Central bulk source orders received. CONTEXT: {"store_id":"site1","received":20,"succeeded":20,"failed":0,"request_id":"4630e584-cebb-4371-92bb-193184bad5f8"}
2026-09-20T06:56:39+00:00 INFO Central bulk source orders received. CONTEXT: {"store_id":"site1","received":20,"succeeded":20,"failed":0,"request_id":"ab83eba8-ec0d-4171-81c6-db891c4426e4"}
2026-09-20T06:56:53+00:00 INFO Central bulk source orders received. CONTEXT: {"store_id":"site1","received":20,"succeeded":20,"failed":0,"request_id":"fd81208d-fb71-4dea-b39a-de3294c0e5b4"}
2026-09-20T06:57:08+00:00 INFO Central bulk source orders received. CONTEXT: {"store_id":"site1","received":20,"succeeded":20,"failed":0,"request_id":"1b8375fb-34eb-441a-b023-8bb0e0dfbfd7"}
2026-09-20T06:57:21+00:00 INFO Central bulk source orders received. CONTEXT: {"store_id":"site1","received":20,"succeeded":20,"failed":0,"request_id":"95d7512f-314e-473e-bb16-1b2f2b657e12"}
2026-09-20T06:57:36+00:00 INFO Central bulk source orders received. CONTEXT: {"store_id":"site1","received":12,"succeeded":12,"failed":0,"request_id":"8ff1d273-9741-4b1c-acce-4ff783dc6002"}
2026-09-20T07:01:12+00:00 INFO Central bulk source orders received. CONTEXT: {"store_id":"site1","received":20,"succeeded":20,"failed":0,"request_id":"183737cc-d7a9-4b4a-a65f-6b758cce409d"}
2026-09-20T07:01:30+00:00 INFO Central bulk source orders received. CONTEXT: {"store_id":"site1","received":20,"succeeded":20,"failed":0,"request_id":"694d7cda-2e01-4368-9650-b7dbbd4bae38"}
2026-09-20T07:01:49+00:00 INFO Central bulk source orders received. CONTEXT: {"store_id":"site1","received":20,"succeeded":20,"failed":0,"request_id":"b7b4e093-ce66-4ca7-9e08-d7f0656c4b46"}
2026-09-20T07:02:09+00:00 INFO Central bulk source orders received. CONTEXT: {"store_id":"site1","received":20,"succeeded":20,"failed":0,"request_id":"3ff72409-55e5-48cb-9ba7-6ce4a29a4342"}
2026-09-20T07:02:29+00:00 INFO Central bulk source orders received. CONTEXT: {"store_id":"site1","received":20,"succeeded":20,"failed":0,"request_id":"3d5c04d1-2fdd-4784-8b3f-bad3f376cc0e"}
2026-09-20T07:02:47+00:00 INFO Central bulk source orders received. CONTEXT: {"store_id":"site1","received":20,"succeeded":20,"failed":0,"request_id":"758afbe5-c5a5-4a0a-8997-2dac2f25d325"}
2026-09-20T07:03:05+00:00 INFO Central bulk source orders received. CONTEXT: {"store_id":"site1","received":20,"succeeded":20,"failed":0,"request_id":"7ac0f6d7-3b07-4841-afec-d68ac5085e74"}
2026-09-20T07:03:26+00:00 INFO Central bulk source orders received. CONTEXT: {"store_id":"site1","received":20,"succeeded":20,"failed":0,"request_id":"c155bccd-45f7-40d8-80f1-3ae63cbc7827"}
2026-09-20T07:03:45+00:00 INFO Central bulk source orders received. CONTEXT: {"store_id":"site1","received":20,"succeeded":20,"failed":0,"request_id":"d6eaeb62-3964-40c8-b13e-e29da2470c93"}
2026-09-20T07:04:03+00:00 INFO Central bulk source orders received. CONTEXT: {"store_id":"site1","received":20,"succeeded":20,"failed":0,"request_id":"f3203500-fa63-42dc-bc08-474fd45fd676"}
2026-09-20T07:04:22+00:00 INFO Central bulk source orders received. CONTEXT: {"store_id":"site1","received":20,"succeeded":20,"failed":0,"request_id":"ee4827b3-81d5-41d7-a6f6-9fc4deb2ee9f"}
