2026-09-05T00:00:06+00:00 INFO Central bulk source orders received. CONTEXT: {"store_id":"site1","received":19,"succeeded":19,"failed":0,"request_id":"2886a8c1-58ee-4d90-a4ce-f1a20e7fc555"}
2026-09-05T00:00:35+00:00 INFO Central bulk source orders received. CONTEXT: {"store_id":"site1","received":20,"succeeded":20,"failed":0,"request_id":"df56c377-1ea4-4e58-9d3f-86ffaefedbc9"}
2026-09-05T00:00:55+00:00 INFO Central bulk source orders received. CONTEXT: {"store_id":"site1","received":19,"succeeded":19,"failed":0,"request_id":"3e37abcf-8efa-47b3-a933-1b037b97e857"}
2026-09-05T00:01:28+00:00 INFO Central bulk source orders received. CONTEXT: {"store_id":"site1","received":20,"succeeded":20,"failed":0,"request_id":"55b660c4-87ea-412f-aeb3-a5b629a35e5d"}
2026-09-05T00:01:48+00:00 INFO Central bulk source orders received. CONTEXT: {"store_id":"site1","received":19,"succeeded":19,"failed":0,"request_id":"7dd457fd-6b49-4d11-b4d3-8275f367487f"}
2026-09-05T00:02:20+00:00 INFO Central bulk source orders received. CONTEXT: {"store_id":"site1","received":20,"succeeded":20,"failed":0,"request_id":"10a7d602-09a1-4803-a594-9e9be770bf21"}
2026-09-05T00:02:44+00:00 INFO Central bulk source orders received. CONTEXT: {"store_id":"site1","received":19,"succeeded":19,"failed":0,"request_id":"b82c11ad-6cd5-49de-8f37-c2bca0ba0d8c"}
2026-09-05T00:03:16+00:00 INFO Central bulk source orders received. CONTEXT: {"store_id":"site1","received":20,"succeeded":20,"failed":0,"request_id":"f6545f62-3931-49a5-ba03-f3240cf86359"}
2026-09-05T00:03:37+00:00 INFO Central bulk source orders received. CONTEXT: {"store_id":"site1","received":19,"succeeded":19,"failed":0,"request_id":"578e2eb4-0852-4db2-8905-193ce8b14083"}
2026-09-05T00:04:10+00:00 INFO Central bulk source orders received. CONTEXT: {"store_id":"site1","received":20,"succeeded":20,"failed":0,"request_id":"f7dfe4a8-4ff2-46ee-b33e-bb3ef0b5658b"}
2026-09-05T00:04:31+00:00 INFO Central bulk source orders received. CONTEXT: {"store_id":"site1","received":19,"succeeded":19,"failed":0,"request_id":"fe3f7eb7-2c33-496d-a76a-921135a4b93c"}
2026-09-05T00:04:59+00:00 INFO Central bulk source orders received. CONTEXT: {"store_id":"site1","received":20,"succeeded":20,"failed":0,"request_id":"76579847-5469-4484-a579-f97f65ff98f4"}
2026-09-05T00:05:20+00:00 INFO Central bulk source orders received. CONTEXT: {"store_id":"site1","received":19,"succeeded":19,"failed":0,"request_id":"948a0d5b-7be2-4c90-81b3-8a7d3144451a"}
2026-09-05T00:05:45+00:00 INFO Central bulk source orders received. CONTEXT: {"store_id":"site1","received":20,"succeeded":20,"failed":0,"request_id":"8154574d-2bf1-464b-bb0d-26a76aa6b50f"}
2026-09-05T00:06:11+00:00 INFO Central bulk source orders received. CONTEXT: {"store_id":"site1","received":19,"succeeded":19,"failed":0,"request_id":"03cee860-5bd9-44cd-986c-b0f550ee481e"}
2026-09-05T00:06:36+00:00 INFO Central bulk source orders received. CONTEXT: {"store_id":"site1","received":20,"succeeded":20,"failed":0,"request_id":"7756037f-6d89-4dd8-a979-ff80a52113c3"}
2026-09-05T00:07:04+00:00 INFO Central bulk source orders received. CONTEXT: {"store_id":"site1","received":19,"succeeded":19,"failed":0,"request_id":"6e034dc2-9fb3-441c-85a8-e13ff162aaf1"}
2026-09-05T00:07:30+00:00 INFO Central bulk source orders received. CONTEXT: {"store_id":"site1","received":20,"succeeded":20,"failed":0,"request_id":"244df2bc-433b-4be5-985c-0807cf312dab"}
2026-09-05T00:07:57+00:00 INFO Central bulk source orders received. CONTEXT: {"store_id":"site1","received":19,"succeeded":19,"failed":0,"request_id":"9a13a4c0-0606-4819-be85-a0b69e3b3c9b"}
2026-09-05T00:08:22+00:00 INFO Central bulk source orders received. CONTEXT: {"store_id":"site1","received":20,"succeeded":20,"failed":0,"request_id":"811b1461-5a1e-49c2-91a6-ce15ca36b689"}
2026-09-05T00:08:46+00:00 INFO Central bulk source orders received. CONTEXT: {"store_id":"site1","received":19,"succeeded":19,"failed":0,"request_id":"7bfe3630-faff-438a-bed2-9f34aa5485e3"}
2026-09-05T00:09:30+00:00 INFO Central bulk source orders received. CONTEXT: {"store_id":"site1","received":20,"succeeded":20,"failed":0,"request_id":"c58017d7-d987-4709-82d6-0fa4e04d099a"}
2026-09-05T00:10:26+00:00 INFO Central bulk source orders received. CONTEXT: {"store_id":"site1","received":19,"succeeded":19,"failed":0,"request_id":"8ec87dc3-1e75-4975-83c6-3b264a5fe231"}
2026-09-05T00:12:06+00:00 INFO Central bulk source orders received. CONTEXT: {"store_id":"site1","received":19,"succeeded":19,"failed":0,"request_id":"8abebd67-1f64-4771-acef-8965693d67d5"}
2026-09-05T00:12:46+00:00 INFO Central bulk source orders received. CONTEXT: {"store_id":"site1","received":19,"succeeded":19,"failed":0,"request_id":"ea9ed726-b8a4-4840-87a7-50bb2c5bd50d"}
2026-09-05T00:13:14+00:00 INFO Central bulk source orders received. CONTEXT: {"store_id":"site1","received":20,"succeeded":20,"failed":0,"request_id":"0fb0b051-a420-452a-801e-ae3d7cc881a0"}
2026-09-05T00:15:06+00:00 INFO Central bulk source orders received. CONTEXT: {"store_id":"site1","received":20,"succeeded":20,"failed":0,"request_id":"85a813ac-16bf-4c34-ba2b-c8c8fca4b825"}
2026-09-05T00:15:39+00:00 INFO Central bulk source orders received. CONTEXT: {"store_id":"site1","received":20,"succeeded":20,"failed":0,"request_id":"3bb38cd2-8b93-4e81-a89f-2422f1e77c50"}
2026-09-05T00:16:23+00:00 INFO Central bulk source orders received. CONTEXT: {"store_id":"site1","received":20,"succeeded":20,"failed":0,"request_id":"43dbd0e8-74a0-4450-b04d-deae114c7438"}
2026-09-05T00:22:56+00:00 INFO Central bulk source orders received. CONTEXT: {"store_id":"site1","received":20,"succeeded":20,"failed":0,"request_id":"8593b1a4-6719-41d1-b101-1cd54a39cd22"}
2026-09-05T00:23:47+00:00 INFO Central bulk source orders received. CONTEXT: {"store_id":"site1","received":20,"succeeded":20,"failed":0,"request_id":"cb416465-7f60-43dc-aad8-639e72c832a8"}
2026-09-05T00:24:40+00:00 INFO Central bulk source orders received. CONTEXT: {"store_id":"site1","received":20,"succeeded":20,"failed":0,"request_id":"827b6164-31a2-426d-b954-55793e942939"}
2026-09-05T00:25:07+00:00 INFO Central bulk source orders received. CONTEXT: {"store_id":"site1","received":20,"succeeded":20,"failed":0,"request_id":"bd371976-e463-430b-a205-0ffdbf97e750"}
2026-09-05T00:28:12+00:00 INFO Central order received successfully. CONTEXT: {"store_id":"site1","source_order_id":379467,"central_order_id":7087,"request_id":"35025cca-0e78-4b6a-a8d0-12e3f5dbe468","event":"orderupdated"}
2026-09-05T00:28:24+00:00 INFO Central order received successfully. CONTEXT: {"store_id":"site1","source_order_id":379467,"central_order_id":7087,"request_id":"c3877961-8270-407f-aae3-9144417edde1","event":"orderupdated"}
2026-09-05T00:29:02+00:00 INFO Central order received successfully. CONTEXT: {"store_id":"site1","source_order_id":379467,"central_order_id":7087,"request_id":"d637b5d6-2608-42bd-b964-40fc768c8ffc","event":"orderupdated"}
2026-09-05T00:29:43+00:00 INFO Central order received successfully. CONTEXT: {"store_id":"site1","source_order_id":379467,"central_order_id":7087,"request_id":"dd4b87cc-a0da-41cf-8cb0-c25956df1e86","event":"orderupdated"}
2026-09-05T00:30:04+00:00 INFO Central order received successfully. CONTEXT: {"store_id":"site1","source_order_id":379468,"central_order_id":7088,"request_id":"60bf6c57-3f76-4552-acf7-ffe8ef002b80","event":"orderupdated"}
2026-09-05T00:30:53+00:00 INFO Central order received successfully. CONTEXT: {"store_id":"site1","source_order_id":379468,"central_order_id":7088,"request_id":"2603e0ad-0c2a-456e-adbe-c60a5adf4cad","event":"orderupdated"}
2026-09-05T00:32:04+00:00 INFO Central order received successfully. CONTEXT: {"store_id":"site1","source_order_id":379468,"central_order_id":7088,"request_id":"07ac7eee-c67e-42a3-bcff-8e52a41bccff","event":"orderupdated"}
2026-09-05T00:32:13+00:00 INFO Central order received successfully. CONTEXT: {"store_id":"site1","source_order_id":379468,"central_order_id":7088,"request_id":"849b8eac-f3b5-4efe-8430-2463d0504379","event":"orderupdated"}
2026-09-05T00:33:04+00:00 INFO Central order received successfully. CONTEXT: {"store_id":"site1","source_order_id":379468,"central_order_id":7088,"request_id":"022e8235-c4be-4978-8122-f41786490950","event":"orderupdated"}
2026-09-05T00:34:05+00:00 INFO Central bulk source orders received. CONTEXT: {"store_id":"site1","received":20,"succeeded":20,"failed":0,"request_id":"d2e25cd5-2439-43b8-92c8-d9b943251593"}
2026-09-05T00:34:11+00:00 INFO Central order received successfully. CONTEXT: {"store_id":"site1","source_order_id":379468,"central_order_id":7088,"request_id":"c62a9d6f-5be8-4deb-b6c5-60fd019edf3e","event":"orderupdated"}
2026-09-05T00:35:05+00:00 INFO Central order received successfully. CONTEXT: {"store_id":"site1","source_order_id":379469,"central_order_id":7089,"request_id":"17b57299-df90-4a5c-b457-920df9008211","event":"orderupdated"}
2026-09-05T00:35:07+00:00 INFO Central order received successfully. CONTEXT: {"store_id":"site1","source_order_id":379469,"central_order_id":7089,"request_id":"6e199c98-8d73-477e-909b-9b0a1c9581b7","event":"orderupdated"}
2026-09-05T00:35:14+00:00 INFO Central bulk source orders received. CONTEXT: {"store_id":"site1","received":20,"succeeded":20,"failed":0,"request_id":"027d5b32-cae8-409b-8e1b-714396fb65e8"}
2026-09-05T00:35:39+00:00 INFO Central order received successfully. CONTEXT: {"store_id":"site1","source_order_id":379470,"central_order_id":7090,"request_id":"a693a4f7-f5d7-40ae-a973-a2a80f08635d","event":"orderupdated"}
2026-09-05T00:35:42+00:00 INFO Central bulk source orders received. CONTEXT: {"store_id":"site1","received":20,"succeeded":20,"failed":0,"request_id":"63c9a03d-e666-42c5-a11d-3ecafa23853f"}
2026-09-05T00:36:04+00:00 INFO Central bulk source orders received. CONTEXT: {"store_id":"site1","received":20,"succeeded":20,"failed":0,"request_id":"b98138ae-e127-49b2-9628-6ca5c26b73ec"}
2026-09-05T00:36:23+00:00 INFO Central bulk source orders received. CONTEXT: {"store_id":"site1","received":20,"succeeded":20,"failed":0,"request_id":"fe182456-6595-4744-b153-1958f0dd2ac2"}
2026-09-05T00:37:05+00:00 INFO Central bulk source orders received. CONTEXT: {"store_id":"site1","received":20,"succeeded":20,"failed":0,"request_id":"07001268-ccd9-4943-a8d4-93d07aa8dd51"}
2026-09-05T00:37:52+00:00 INFO Central bulk source orders received. CONTEXT: {"store_id":"site1","received":20,"succeeded":20,"failed":0,"request_id":"0c252192-fd92-4b45-a424-ecf45a523868"}
2026-09-05T00:38:11+00:00 INFO Central bulk source orders received. CONTEXT: {"store_id":"site1","received":20,"succeeded":20,"failed":0,"request_id":"f0b7518b-221a-4ef2-9b36-c5e18f533f21"}
2026-09-05T00:38:37+00:00 INFO Central bulk source orders received. CONTEXT: {"store_id":"site1","received":20,"succeeded":20,"failed":0,"request_id":"817e0067-4026-4c65-aab9-bfa3dbfa51fe"}
2026-09-05T00:39:04+00:00 INFO Central bulk source orders received. CONTEXT: {"store_id":"site1","received":20,"succeeded":20,"failed":0,"request_id":"044a441a-0a9c-4cf5-94fe-f8e220eb00ba"}
2026-09-05T00:40:05+00:00 INFO Central bulk source orders received. CONTEXT: {"store_id":"site1","received":20,"succeeded":20,"failed":0,"request_id":"915139e7-f82c-4880-80e1-87a53c2fd57e"}
2026-09-05T00:40:16+00:00 INFO Central bulk source orders received. CONTEXT: {"store_id":"site1","received":20,"succeeded":20,"failed":0,"request_id":"fb36efdb-2593-45f8-bd15-0e83f3133c4f"}
2026-09-05T00:41:05+00:00 INFO Central bulk source orders received. CONTEXT: {"store_id":"site1","received":20,"succeeded":20,"failed":0,"request_id":"20835889-9a6a-4b24-b702-a89d3b042cc7"}
2026-09-05T00:41:14+00:00 INFO Central bulk source orders received. CONTEXT: {"store_id":"site1","received":20,"succeeded":20,"failed":0,"request_id":"605c4eb6-e59a-4776-a15d-752ada943943"}
2026-09-05T00:42:05+00:00 INFO Central bulk source orders received. CONTEXT: {"store_id":"site1","received":20,"succeeded":20,"failed":0,"request_id":"fda4c5d0-2d94-4f6b-be2a-eb6d59e46a9e"}
2026-09-05T00:43:04+00:00 INFO Central bulk source orders received. CONTEXT: {"store_id":"site1","received":20,"succeeded":20,"failed":0,"request_id":"d28c9ff5-6916-4afa-be7a-c04d64e2f52b"}
2026-09-05T00:50:06+00:00 INFO Central bulk source orders received. CONTEXT: {"store_id":"site1","received":20,"succeeded":20,"failed":0,"request_id":"16fbb368-7875-4d6c-9bd5-b136becd6cd0"}
2026-09-05T00:51:06+00:00 INFO Central bulk source orders received. CONTEXT: {"store_id":"site1","received":20,"succeeded":20,"failed":0,"request_id":"be7e53d7-07c1-46f9-a46e-024146ba4e76"}
2026-09-05T00:55:07+00:00 INFO Central bulk source orders received. CONTEXT: {"store_id":"site1","received":19,"succeeded":19,"failed":0,"request_id":"22372309-b4d8-4b0f-b9d0-7475ac2baa3b"}
2026-09-05T00:55:19+00:00 INFO Central bulk source orders received. CONTEXT: {"store_id":"site1","received":19,"succeeded":19,"failed":0,"request_id":"b7609d9f-d4e0-4212-9c53-6c5a98aa4907"}
2026-09-05T00:57:06+00:00 INFO Central bulk source orders received. CONTEXT: {"store_id":"site1","received":19,"succeeded":19,"failed":0,"request_id":"03c4112f-2ccf-446c-862a-71abb5a22fb4"}
2026-09-05T01:01:37+00:00 INFO Central bulk source orders received. CONTEXT: {"store_id":"site1","received":19,"succeeded":19,"failed":0,"request_id":"b69772ec-8c4e-4072-91c1-890a2303b08d"}
2026-09-05T01:02:07+00:00 INFO Central bulk source orders received. CONTEXT: {"store_id":"site1","received":20,"succeeded":20,"failed":0,"request_id":"55bd24d2-0517-4a94-bd42-ffbfcac40283"}
2026-09-05T01:02:29+00:00 INFO Central bulk source orders received. CONTEXT: {"store_id":"site1","received":19,"succeeded":19,"failed":0,"request_id":"5b17d97f-194c-44db-9f9d-e131c8f5910f"}
2026-09-05T01:03:05+00:00 INFO Central bulk source orders received. CONTEXT: {"store_id":"site1","received":20,"succeeded":20,"failed":0,"request_id":"026467b4-4fe2-41da-8cc5-e7fa8da21663"}
2026-09-05T01:03:20+00:00 INFO Central bulk source orders received. CONTEXT: {"store_id":"site1","received":20,"succeeded":20,"failed":0,"request_id":"172d2867-9be0-49f3-b27c-1d52745eb2e4"}
2026-09-05T01:04:11+00:00 INFO Central bulk source orders received. CONTEXT: {"store_id":"site1","received":20,"succeeded":20,"failed":0,"request_id":"b8c3e329-fe56-46ee-9048-dd446d938794"}
2026-09-05T01:06:14+00:00 INFO Central order received successfully. CONTEXT: {"store_id":"site1","source_order_id":379471,"central_order_id":7092,"request_id":"b16b2c54-c69b-4fa1-bc15-b62e9eb55b04","event":"orderupdated"}
2026-09-05T01:06:14+00:00 INFO Central bulk source orders received. CONTEXT: {"store_id":"site1","received":20,"succeeded":20,"failed":0,"request_id":"efe179ba-28d9-440b-9c18-7924f2d6656b"}
2026-09-05T01:06:44+00:00 INFO Central bulk source orders received. CONTEXT: {"store_id":"site1","received":20,"succeeded":20,"failed":0,"request_id":"e71d58de-f4d2-401b-9cb2-cf73593ebe76"}
2026-09-05T01:06:51+00:00 INFO Central order received successfully. CONTEXT: {"store_id":"site1","source_order_id":379471,"central_order_id":7092,"request_id":"311a9c83-f2d4-4903-b331-ce67c87ebb8e","event":"orderupdated"}
2026-09-05T01:07:04+00:00 INFO Central bulk source orders received. CONTEXT: {"store_id":"site1","received":20,"succeeded":20,"failed":0,"request_id":"627acc9e-4799-4f44-a1e9-ee0d805f38d7"}
2026-09-05T01:07:16+00:00 INFO Central bulk source orders received. CONTEXT: {"store_id":"site1","received":20,"succeeded":20,"failed":0,"request_id":"7a59f20a-0224-49cb-8986-d500c85ad9fb"}
2026-09-05T01:07:37+00:00 INFO Central bulk source orders received. CONTEXT: {"store_id":"site1","received":20,"succeeded":20,"failed":0,"request_id":"4acfed28-a452-473e-bd2a-bb6b5d13c6b3"}
2026-09-05T01:09:06+00:00 INFO Central bulk source orders received. CONTEXT: {"store_id":"site1","received":20,"succeeded":20,"failed":0,"request_id":"acdf0eaf-cfa1-4f89-89d0-2ec689967407"}
2026-09-05T01:10:04+00:00 INFO Central bulk source orders received. CONTEXT: {"store_id":"site1","received":20,"succeeded":20,"failed":0,"request_id":"a829004e-a1de-4e33-8682-c00bc0d235ab"}
2026-09-05T01:11:05+00:00 INFO Central bulk source orders received. CONTEXT: {"store_id":"site1","received":20,"succeeded":20,"failed":0,"request_id":"13e9e75b-bc91-4b59-acb8-04f9dabda664"}
2026-09-05T01:11:22+00:00 INFO Central bulk source orders received. CONTEXT: {"store_id":"site1","received":20,"succeeded":20,"failed":0,"request_id":"f35df6db-10dd-412f-801f-bd7b4cd33614"}
2026-09-05T01:29:50+00:00 INFO Central order received successfully. CONTEXT: {"store_id":"site1","source_order_id":379471,"central_order_id":7092,"request_id":"66589ca5-8392-4227-b538-4a74ae86956d","event":"orderupdated"}
2026-09-05T01:29:51+00:00 INFO Central bulk source orders received. CONTEXT: {"store_id":"site1","received":20,"succeeded":20,"failed":0,"request_id":"63ce828b-7999-428f-961f-1e22c8f35c67"}
2026-09-05T01:30:51+00:00 INFO Central bulk source orders received. CONTEXT: {"store_id":"site1","received":20,"succeeded":20,"failed":0,"request_id":"8832041a-e3a7-4b5c-aa2d-5173d883049d"}
2026-09-05T01:31:46+00:00 INFO Central bulk source orders received. CONTEXT: {"store_id":"site1","received":18,"succeeded":18,"failed":0,"request_id":"6b12da80-592e-44d3-b7bb-76e4010a48c2"}
2026-09-05T01:32:34+00:00 INFO Central order received successfully. CONTEXT: {"store_id":"site1","source_order_id":375954,"central_order_id":6770,"request_id":"affde321-7cd3-4913-91bb-2327eb8c7763","event":"orderupdated"}
2026-09-05T01:33:13+00:00 INFO Central order received successfully. CONTEXT: {"store_id":"site1","source_order_id":375954,"central_order_id":6770,"request_id":"5cbadaf3-a664-4449-8178-640b1ff8ec68","event":"orderupdated"}
2026-09-05T01:33:53+00:00 INFO Central order received successfully. CONTEXT: {"store_id":"site1","source_order_id":375954,"central_order_id":6770,"request_id":"a39acdd8-83de-4f58-bdba-c822f3091e8f","event":"orderupdated"}
2026-09-05T01:34:33+00:00 INFO Central order received successfully. CONTEXT: {"store_id":"site1","source_order_id":375954,"central_order_id":6770,"request_id":"c9cb466e-df39-4cc6-806d-7e2463c82425","event":"orderupdated"}
2026-09-05T01:34:54+00:00 INFO Central bulk source orders received. CONTEXT: {"store_id":"site1","received":20,"succeeded":20,"failed":0,"request_id":"6cd7257c-9eb7-4134-9114-400215e18cb7"}
2026-09-05T01:35:10+00:00 INFO Central order received successfully. CONTEXT: {"store_id":"site1","source_order_id":375954,"central_order_id":6770,"request_id":"c087bf56-2a59-42d7-9d7a-4cba361cb47c","event":"orderupdated"}
2026-09-05T01:35:30+00:00 INFO Central bulk source orders received. CONTEXT: {"store_id":"site1","received":20,"succeeded":20,"failed":0,"request_id":"314e0122-e3c1-4332-816a-ba6f3f606714"}
2026-09-05T01:35:46+00:00 INFO Central bulk source orders received. CONTEXT: {"store_id":"site1","received":20,"succeeded":20,"failed":0,"request_id":"9e136237-f1e6-43fb-bfeb-b7f2a8dd5bcd"}
2026-09-05T01:37:13+00:00 INFO Central order received successfully. CONTEXT: {"store_id":"site1","source_order_id":375954,"central_order_id":6770,"request_id":"8f906609-3afe-4502-b51b-a0924ed0b4e7","event":"orderupdated"}
2026-09-05T01:37:16+00:00 INFO Central bulk source orders received. CONTEXT: {"store_id":"site1","received":19,"succeeded":19,"failed":0,"request_id":"0047c3b9-a2aa-4b4d-874e-2a7487ed8f7f"}
2026-09-05T01:37:39+00:00 INFO Central bulk source orders received. CONTEXT: {"store_id":"site1","received":20,"succeeded":20,"failed":0,"request_id":"6deaac94-c7f5-47d8-b1fc-fbf18b931595"}
2026-09-05T01:38:04+00:00 INFO Central bulk source orders received. CONTEXT: {"store_id":"site1","received":20,"succeeded":20,"failed":0,"request_id":"7854e25b-6201-46de-95b7-603ce90855ed"}
2026-09-05T01:39:52+00:00 INFO Central bulk source orders received. CONTEXT: {"store_id":"site1","received":20,"succeeded":20,"failed":0,"request_id":"41d057a7-c3e3-4b36-9bd4-68b5a067e79a"}
2026-09-05T01:40:45+00:00 INFO Central bulk source orders received. CONTEXT: {"store_id":"site1","received":20,"succeeded":20,"failed":0,"request_id":"5b7660a0-ce7c-4943-bd2f-50c4912337d5"}
2026-09-05T01:42:51+00:00 INFO Central bulk source orders received. CONTEXT: {"store_id":"site1","received":20,"succeeded":20,"failed":0,"request_id":"0daf07ec-946b-4196-9f26-89f101fbada2"}
2026-09-05T01:43:23+00:00 INFO Central bulk source orders received. CONTEXT: {"store_id":"site1","received":20,"succeeded":20,"failed":0,"request_id":"29746670-cd8c-4c0e-8c16-08e6696904bf"}
2026-09-05T01:45:50+00:00 INFO Central bulk source orders received. CONTEXT: {"store_id":"site1","received":20,"succeeded":20,"failed":0,"request_id":"008d35a4-3748-4555-adae-1479c0b0198e"}
2026-09-05T01:46:40+00:00 INFO Central bulk source orders received. CONTEXT: {"store_id":"site1","received":20,"succeeded":20,"failed":0,"request_id":"4a18e4c7-8cb1-4e28-8830-37887ab9c173"}
2026-09-05T01:50:08+00:00 INFO Central bulk source orders received. CONTEXT: {"store_id":"site1","received":20,"succeeded":20,"failed":0,"request_id":"1e6ceb30-dc95-4b69-b352-fa85d73b1ce2"}
2026-09-05T01:50:25+00:00 INFO Central bulk source orders received. CONTEXT: {"store_id":"site1","received":20,"succeeded":20,"failed":0,"request_id":"efe28ac3-e264-4377-9e7b-2c64207ecf27"}
2026-09-05T01:50:58+00:00 INFO Central bulk source orders received. CONTEXT: {"store_id":"site1","received":20,"succeeded":20,"failed":0,"request_id":"88507a2e-ed18-4dba-965d-4afe1fd34328"}
2026-09-05T01:59:22+00:00 INFO Central order received successfully. CONTEXT: {"store_id":"site1","source_order_id":379473,"central_order_id":7094,"request_id":"e0cfb21c-db1f-46a4-bb08-c374ba414518","event":"orderupdated"}
2026-09-05T01:59:24+00:00 INFO Central order received successfully. CONTEXT: {"store_id":"site1","source_order_id":379473,"central_order_id":7094,"request_id":"7457c7af-1818-417d-bad7-a46d4eacde38","event":"orderupdated"}
2026-09-05T01:59:48+00:00 INFO Central bulk source orders received. CONTEXT: {"store_id":"site1","received":20,"succeeded":20,"failed":0,"request_id":"0db61f3b-96b7-4514-9188-4f89268ea2c0"}
2026-09-05T02:00:02+00:00 INFO Central order received successfully. CONTEXT: {"store_id":"site1","source_order_id":379473,"central_order_id":7094,"request_id":"d6d60b19-bf48-4d1c-b87e-d783e1889c6f","event":"orderupdated"}
2026-09-05T02:00:23+00:00 INFO Central bulk source orders received. CONTEXT: {"store_id":"site1","received":20,"succeeded":20,"failed":0,"request_id":"6cabafe6-25f8-4c4a-a20a-67348963bdd1"}
2026-09-05T02:00:44+00:00 INFO Central bulk source orders received. CONTEXT: {"store_id":"site1","received":20,"succeeded":20,"failed":0,"request_id":"0cacbddb-94b8-4e76-b159-168e612e4546"}
2026-09-05T02:01:17+00:00 INFO Central bulk source orders received. CONTEXT: {"store_id":"site1","received":20,"succeeded":20,"failed":0,"request_id":"d27d8f37-555e-4881-a0e4-f4fc17204d81"}
2026-09-05T02:01:36+00:00 INFO Central bulk source orders received. CONTEXT: {"store_id":"site1","received":20,"succeeded":20,"failed":0,"request_id":"30982c19-4885-4b67-ba75-68238407bc66"}
2026-09-05T02:01:59+00:00 INFO Central order received successfully. CONTEXT: {"store_id":"site1","source_order_id":379473,"central_order_id":7094,"request_id":"a3811f76-8da1-459e-83f6-4c26fe719551","event":"orderupdated"}
2026-09-05T02:02:09+00:00 INFO Central bulk source orders received. CONTEXT: {"store_id":"site1","received":20,"succeeded":20,"failed":0,"request_id":"7b523dbc-6733-4fc8-af1f-f3ece4c722b4"}
2026-09-05T02:02:41+00:00 INFO Central bulk source orders received. CONTEXT: {"store_id":"site1","received":20,"succeeded":20,"failed":0,"request_id":"7a4b2463-3d31-4c94-8ce4-88ed5bebb9c8"}
2026-09-05T02:03:02+00:00 INFO Central bulk source orders received. CONTEXT: {"store_id":"site1","received":20,"succeeded":20,"failed":0,"request_id":"042ea5a7-1379-45f3-8b2d-453dc52e3c1b"}
2026-09-05T02:03:35+00:00 INFO Central bulk source orders received. CONTEXT: {"store_id":"site1","received":20,"succeeded":20,"failed":0,"request_id":"fb3589af-db21-44cf-a65a-6dbea06c09f0"}
2026-09-05T02:05:53+00:00 INFO Central bulk source orders received. CONTEXT: {"store_id":"site1","received":20,"succeeded":20,"failed":0,"request_id":"ef7ec396-72c6-4a41-9b1a-5855c45fc8f3"}
2026-09-05T02:06:22+00:00 INFO Central bulk source orders received. CONTEXT: {"store_id":"site1","received":20,"succeeded":20,"failed":0,"request_id":"690f9455-7cf6-444c-bbb4-ce0b160612a7"}
2026-09-05T02:08:30+00:00 INFO Central bulk source orders received. CONTEXT: {"store_id":"site1","received":20,"succeeded":20,"failed":0,"request_id":"c4264255-67e6-4b90-9125-3f1830cf2310"}
2026-09-05T02:08:51+00:00 INFO Central bulk source orders received. CONTEXT: {"store_id":"site1","received":20,"succeeded":20,"failed":0,"request_id":"6f2d2b98-f585-487d-acb4-d91d99bba3fa"}
2026-09-05T02:10:29+00:00 INFO Central bulk source orders received. CONTEXT: {"store_id":"site1","received":20,"succeeded":20,"failed":0,"request_id":"0e8493cf-cf0d-4fdd-adde-4bef333dc8fb"}
2026-09-05T02:10:51+00:00 INFO Central bulk source orders received. CONTEXT: {"store_id":"site1","received":20,"succeeded":20,"failed":0,"request_id":"38c83d79-408d-4c26-982e-9fb7e5feabb5"}
2026-09-05T02:11:14+00:00 INFO Central bulk source orders received. CONTEXT: {"store_id":"site1","received":20,"succeeded":20,"failed":0,"request_id":"1532a75b-96f1-4142-98fe-87a5de5304f1"}
2026-09-05T02:11:35+00:00 INFO Central bulk source orders received. CONTEXT: {"store_id":"site1","received":20,"succeeded":20,"failed":0,"request_id":"6020916c-1c3f-4cad-9294-f79c2b87846f"}
2026-09-05T02:20:03+00:00 INFO Central bulk source orders received. CONTEXT: {"store_id":"site1","received":20,"succeeded":20,"failed":0,"request_id":"de4cc976-25d4-43bf-8c79-913dcb6104cc"}
2026-09-05T02:35:35+00:00 INFO Central bulk source orders received. CONTEXT: {"store_id":"site1","received":20,"succeeded":20,"failed":0,"request_id":"140a10f5-0b25-4b92-9045-f90bc55e2935"}
2026-09-05T02:36:06+00:00 INFO Central bulk source orders received. CONTEXT: {"store_id":"site1","received":20,"succeeded":20,"failed":0,"request_id":"3ca34e51-003f-4348-af2e-a858cb27b2c6"}
2026-09-05T02:36:23+00:00 INFO Central bulk source orders received. CONTEXT: {"store_id":"site1","received":20,"succeeded":20,"failed":0,"request_id":"38bcaf88-6cea-4c13-a2c0-d3201f4f4d18"}
2026-09-05T02:37:13+00:00 INFO Central bulk source orders received. CONTEXT: {"store_id":"site1","received":20,"succeeded":20,"failed":0,"request_id":"b44857ed-e814-4cf5-bd22-bd5b212387e5"}
2026-09-05T02:37:50+00:00 INFO Central bulk source orders received. CONTEXT: {"store_id":"site1","received":20,"succeeded":20,"failed":0,"request_id":"3fbf9a24-6141-4d58-8d3f-401d0108602a"}
2026-09-05T02:41:45+00:00 INFO Central bulk source orders received. CONTEXT: {"store_id":"site1","received":19,"succeeded":19,"failed":0,"request_id":"db25a6e9-b6bc-49a9-ae90-015fa08cb4b5"}
2026-09-05T02:42:30+00:00 INFO Central bulk source orders received. CONTEXT: {"store_id":"site1","received":20,"succeeded":20,"failed":0,"request_id":"eff0d89c-8027-4c8d-ae13-0d13cbd51627"}
2026-09-05T02:46:13+00:00 INFO Central bulk source orders received. CONTEXT: {"store_id":"site1","received":20,"succeeded":20,"failed":0,"request_id":"a007037c-7f2c-423e-9613-e215e8d6d828"}
2026-09-05T02:46:53+00:00 INFO Central bulk source orders received. CONTEXT: {"store_id":"site1","received":20,"succeeded":20,"failed":0,"request_id":"20333c2c-c346-4508-8ccf-da6fe2116c7c"}
2026-09-05T02:48:02+00:00 INFO Central bulk source orders received. CONTEXT: {"store_id":"site1","received":20,"succeeded":20,"failed":0,"request_id":"a721690a-df87-4551-9291-ad15e8216d70"}
2026-09-05T02:48:53+00:00 INFO Central bulk source orders received. CONTEXT: {"store_id":"site1","received":20,"succeeded":20,"failed":0,"request_id":"47fc0e9e-2086-4968-838c-8c84c1ded47a"}
2026-09-05T02:49:18+00:00 INFO Central bulk source orders received. CONTEXT: {"store_id":"site1","received":20,"succeeded":20,"failed":0,"request_id":"996b0463-9741-49c4-b831-d0741427b809"}
2026-09-05T02:53:02+00:00 INFO Central bulk source orders received. CONTEXT: {"store_id":"site1","received":20,"succeeded":20,"failed":0,"request_id":"21fcbf16-ffaa-4609-9f84-30ac32766072"}
2026-09-05T02:53:40+00:00 INFO Central bulk source orders received. CONTEXT: {"store_id":"site1","received":20,"succeeded":20,"failed":0,"request_id":"76ddb399-14f2-489c-aada-79513d9890d6"}
2026-09-05T02:54:08+00:00 INFO Central bulk source orders received. CONTEXT: {"store_id":"site1","received":20,"succeeded":20,"failed":0,"request_id":"99ea29ba-f5d4-4e3d-83cb-504b0401a366"}
2026-09-05T02:55:53+00:00 INFO Central bulk source orders received. CONTEXT: {"store_id":"site1","received":20,"succeeded":20,"failed":0,"request_id":"c95f4ee5-bee1-4e28-9103-e80529a2527a"}
2026-09-05T02:56:42+00:00 INFO Central bulk source orders received. CONTEXT: {"store_id":"site1","received":20,"succeeded":20,"failed":0,"request_id":"9c085bcb-b2b2-4ebc-8b5f-e214ec00b3ac"}
2026-09-05T02:57:33+00:00 INFO Central bulk source orders received. CONTEXT: {"store_id":"site1","received":20,"succeeded":20,"failed":0,"request_id":"47c3a3ea-ea59-42b2-adb3-0e2495c20e8b"}
2026-09-05T02:58:22+00:00 INFO Central bulk source orders received. CONTEXT: {"store_id":"site1","received":19,"succeeded":19,"failed":0,"request_id":"f57b76f2-200e-4c6f-922c-354dd063588b"}
2026-09-05T03:00:20+00:00 INFO Central bulk source orders received. CONTEXT: {"store_id":"site1","received":19,"succeeded":19,"failed":0,"request_id":"3b946657-25e0-4b05-8e26-675018fdbc10"}
2026-09-05T03:00:49+00:00 INFO Central bulk source orders received. CONTEXT: {"store_id":"site1","received":20,"succeeded":20,"failed":0,"request_id":"248908d7-605b-4588-a7a5-275c16740e5d"}
2026-09-05T03:23:29+00:00 INFO Central bulk source orders received. CONTEXT: {"store_id":"site1","received":19,"succeeded":19,"failed":0,"request_id":"c651a9e2-32e2-4dc4-a8d0-59c4a2b0a3ef"}
2026-09-05T03:24:08+00:00 INFO Central bulk source orders received. CONTEXT: {"store_id":"site1","received":20,"succeeded":20,"failed":0,"request_id":"48929239-e8c9-4b15-9d7f-ea324453be65"}
2026-09-05T03:25:01+00:00 INFO Central bulk source orders received. CONTEXT: {"store_id":"site1","received":20,"succeeded":20,"failed":0,"request_id":"75375157-3fda-4e0b-a1c5-73750d1dc787"}
2026-09-05T03:25:54+00:00 INFO Central bulk source orders received. CONTEXT: {"store_id":"site1","received":20,"succeeded":20,"failed":0,"request_id":"b7d51e8b-2f01-4c0d-8052-976b4ca1d94e"}
2026-09-05T03:26:25+00:00 INFO Central bulk source orders received. CONTEXT: {"store_id":"site1","received":20,"succeeded":20,"failed":0,"request_id":"bc23411b-4fab-44cd-8a16-61909a646221"}
2026-09-05T03:31:31+00:00 INFO Central bulk source orders received. CONTEXT: {"store_id":"site1","received":20,"succeeded":20,"failed":0,"request_id":"11c00cdc-2425-4b3a-85d5-84e53820c0b6"}
2026-09-05T03:32:10+00:00 INFO Central bulk source orders received. CONTEXT: {"store_id":"site1","received":20,"succeeded":20,"failed":0,"request_id":"560bc929-7819-4da8-a4f2-f07ca37a6e18"}
2026-09-05T03:32:19+00:00 INFO Central bulk source orders received. CONTEXT: {"store_id":"site1","received":20,"succeeded":20,"failed":0,"request_id":"d9141db4-0bf7-4be7-af47-7366bd94b327"}
2026-09-05T03:33:10+00:00 INFO Central bulk source orders received. CONTEXT: {"store_id":"site1","received":20,"succeeded":20,"failed":0,"request_id":"b3502f49-a7fc-4118-a923-55a4f9634e8f"}
2026-09-05T03:34:00+00:00 INFO Central bulk source orders received. CONTEXT: {"store_id":"site1","received":20,"succeeded":20,"failed":0,"request_id":"37558e21-6f7d-4b54-804b-dded349cf924"}
2026-09-05T03:34:52+00:00 INFO Central bulk source orders received. CONTEXT: {"store_id":"site1","received":20,"succeeded":20,"failed":0,"request_id":"541bc45b-0bbc-4d68-97e6-1e392ff18b34"}
2026-09-05T03:35:47+00:00 INFO Central bulk source orders received. CONTEXT: {"store_id":"site1","received":20,"succeeded":20,"failed":0,"request_id":"0950cb4a-a4f8-4314-b4a3-74a77b3bacf4"}
2026-09-05T03:36:39+00:00 INFO Central bulk source orders received. CONTEXT: {"store_id":"site1","received":20,"succeeded":20,"failed":0,"request_id":"7de501d5-506a-4136-bcba-fee0eed80de0"}
2026-09-05T03:37:32+00:00 INFO Central bulk source orders received. CONTEXT: {"store_id":"site1","received":20,"succeeded":20,"failed":0,"request_id":"733fa7dd-f53a-4487-8fd8-a327f45632ec"}
2026-09-05T03:38:23+00:00 INFO Central bulk source orders received. CONTEXT: {"store_id":"site1","received":20,"succeeded":20,"failed":0,"request_id":"b71afe2e-d6a2-4441-b4ac-6ae73cd73ba5"}
2026-09-05T03:38:44+00:00 INFO Central bulk source orders received. CONTEXT: {"store_id":"site1","received":20,"succeeded":20,"failed":0,"request_id":"c29c4c72-5ff7-457a-b242-b66bcbccc5df"}
2026-09-05T03:39:17+00:00 INFO Central bulk source orders received. CONTEXT: {"store_id":"site1","received":20,"succeeded":20,"failed":0,"request_id":"bb262a63-b856-41cb-9f2e-ccfbbda891c0"}
2026-09-05T03:40:11+00:00 INFO Central bulk source orders received. CONTEXT: {"store_id":"site1","received":20,"succeeded":20,"failed":0,"request_id":"a41518d2-eaf3-4e1f-982b-4da0be5bcf1f"}
2026-09-05T03:40:36+00:00 INFO Central bulk source orders received. CONTEXT: {"store_id":"site1","received":20,"succeeded":20,"failed":0,"request_id":"a37e1a40-f9ba-4490-aaf5-6a0035a1210a"}
2026-09-05T03:41:02+00:00 INFO Central bulk source orders received. CONTEXT: {"store_id":"site1","received":20,"succeeded":20,"failed":0,"request_id":"e1eb03db-7ffe-4e1e-84d6-3e7893bd867d"}
2026-09-05T03:54:45+00:00 INFO Central order received successfully. CONTEXT: {"store_id":"site1","source_order_id":379474,"central_order_id":7096,"request_id":"3e148188-3034-4122-b76a-2f8e90b1ec66","event":"orderupdated"}
2026-09-05T03:55:19+00:00 INFO Central bulk source orders received. CONTEXT: {"store_id":"site1","received":20,"succeeded":20,"failed":0,"request_id":"2f67aa0b-7a17-4405-986e-b44a5c585a74"}
2026-09-05T03:55:23+00:00 INFO Central order received successfully. CONTEXT: {"store_id":"site1","source_order_id":379474,"central_order_id":7096,"request_id":"a179bcc3-9864-437e-a2ef-a578fe314e38","event":"orderupdated"}
2026-09-05T03:55:50+00:00 INFO Central order received successfully. CONTEXT: {"store_id":"site1","source_order_id":379474,"central_order_id":7096,"request_id":"7a175749-c2cd-4cc7-9554-76122af2d474","event":"orderupdated"}
2026-09-05T03:55:52+00:00 INFO Central order received successfully. CONTEXT: {"store_id":"site1","source_order_id":379474,"central_order_id":7096,"request_id":"dcb9e7a1-14ac-45e2-aa53-299d97db5107","event":"orderupdated"}
2026-09-05T03:56:00+00:00 INFO Central order received successfully. CONTEXT: {"store_id":"site1","source_order_id":379474,"central_order_id":7096,"request_id":"3d316182-f3dd-4a11-95eb-e0b33ea048b6","event":"orderupdated"}
2026-09-05T03:56:27+00:00 INFO Central order received successfully. CONTEXT: {"store_id":"site1","source_order_id":379474,"central_order_id":7096,"request_id":"00325fdd-b1f5-488d-b410-9eeba58572a1","event":"orderupdated"}
2026-09-05T03:57:46+00:00 INFO Central bulk source orders received. CONTEXT: {"store_id":"site1","received":20,"succeeded":20,"failed":0,"request_id":"f8c4b574-cea6-4354-ae0c-536c12f18acf"}
2026-09-05T03:58:11+00:00 INFO Central bulk source orders received. CONTEXT: {"store_id":"site1","received":20,"succeeded":20,"failed":0,"request_id":"d3623349-1c8f-4c52-bd9d-45650197ff9e"}
2026-09-05T03:58:19+00:00 INFO Central bulk source orders received. CONTEXT: {"store_id":"site1","received":20,"succeeded":20,"failed":0,"request_id":"22e197ac-0562-47be-ba9c-a7734f9a505b"}
2026-09-05T03:59:55+00:00 INFO Central bulk source orders received. CONTEXT: {"store_id":"site1","received":20,"succeeded":20,"failed":0,"request_id":"9bbad23e-e712-4537-95cc-7fbc17d5fb42"}
2026-09-05T04:00:32+00:00 INFO Central bulk source orders received. CONTEXT: {"store_id":"site1","received":20,"succeeded":20,"failed":0,"request_id":"8834f955-0b44-491a-ab50-ffd65bcb225e"}
2026-09-05T04:01:21+00:00 INFO Central bulk source orders received. CONTEXT: {"store_id":"site1","received":20,"succeeded":20,"failed":0,"request_id":"e00ecaad-8fdf-40d0-a8f0-b48c139874a0"}
2026-09-05T04:02:12+00:00 INFO Central bulk source orders received. CONTEXT: {"store_id":"site1","received":20,"succeeded":20,"failed":0,"request_id":"27855f7f-e46c-4b46-ade1-3f2fa28f432d"}
2026-09-05T04:03:01+00:00 INFO Central bulk source orders received. CONTEXT: {"store_id":"site1","received":20,"succeeded":20,"failed":0,"request_id":"44fcd183-46b7-40ff-be99-e45ca080316e"}
2026-09-05T04:03:54+00:00 INFO Central bulk source orders received. CONTEXT: {"store_id":"site1","received":20,"succeeded":20,"failed":0,"request_id":"334711a8-c7c1-4d9f-9287-e7c0c297e292"}
2026-09-05T04:04:46+00:00 INFO Central bulk source orders received. CONTEXT: {"store_id":"site1","received":20,"succeeded":20,"failed":0,"request_id":"295dc7f8-693e-4835-8fe3-a73f8089b1b0"}
2026-09-05T04:05:04+00:00 INFO Central order received successfully. CONTEXT: {"store_id":"site1","source_order_id":379474,"central_order_id":7096,"request_id":"6db84b97-45b9-49a9-af03-2bfa87e8ec7c","event":"orderupdated"}
2026-09-05T04:05:38+00:00 INFO Central bulk source orders received. CONTEXT: {"store_id":"site1","received":20,"succeeded":20,"failed":0,"request_id":"5a831572-fac6-408b-9392-c264e41fc797"}
2026-09-05T04:05:44+00:00 INFO Central order received successfully. CONTEXT: {"store_id":"site1","source_order_id":379474,"central_order_id":7096,"request_id":"92fea23f-1979-40c0-bd81-5a2c47cb0edc","event":"orderupdated"}
2026-09-05T04:06:22+00:00 INFO Central order received successfully. CONTEXT: {"store_id":"site1","source_order_id":379474,"central_order_id":7096,"request_id":"38c55ac8-b6b0-418e-9416-7c7624af4fd0","event":"orderupdated"}
2026-09-05T04:06:29+00:00 INFO Central bulk source orders received. CONTEXT: {"store_id":"site1","received":20,"succeeded":20,"failed":0,"request_id":"6efecd1c-1d97-49c0-b129-511b064e9929"}
2026-09-05T04:06:56+00:00 INFO Central bulk source orders received. CONTEXT: {"store_id":"site1","received":20,"succeeded":20,"failed":0,"request_id":"6957774d-1270-411b-97a3-168dded520ed"}
2026-09-05T04:07:03+00:00 INFO Central order received successfully. CONTEXT: {"store_id":"site1","source_order_id":379474,"central_order_id":7096,"request_id":"e963329c-739c-4397-b486-726e6f65a577","event":"orderupdated"}
2026-09-05T04:07:22+00:00 INFO Central bulk source orders received. CONTEXT: {"store_id":"site1","received":20,"succeeded":20,"failed":0,"request_id":"b195173d-6253-43a5-bcb0-c2748b4f6636"}
2026-09-05T04:07:41+00:00 INFO Central order received successfully. CONTEXT: {"store_id":"site1","source_order_id":379474,"central_order_id":7096,"request_id":"362224c1-b453-4534-ac88-4e0ad39b8c2b","event":"orderupdated"}
2026-09-05T04:07:49+00:00 INFO Central bulk source orders received. CONTEXT: {"store_id":"site1","received":20,"succeeded":20,"failed":0,"request_id":"e821ad1a-308c-41b4-9f71-3b653b3de447"}
2026-09-05T04:08:15+00:00 INFO Central bulk source orders received. CONTEXT: {"store_id":"site1","received":20,"succeeded":20,"failed":0,"request_id":"e0f94585-92a3-4d9c-8541-1acfe960a6a6"}
2026-09-05T04:08:27+00:00 INFO Central order received successfully. CONTEXT: {"store_id":"site1","source_order_id":379474,"central_order_id":7096,"request_id":"76ecee7b-ae6b-43b2-946c-55dd56b367c1","event":"orderupdated"}
2026-09-05T04:08:42+00:00 INFO Central bulk source orders received. CONTEXT: {"store_id":"site1","received":20,"succeeded":20,"failed":0,"request_id":"19f10a0b-4b46-45aa-a04f-da8fbdc2a490"}
2026-09-05T04:09:08+00:00 INFO Central bulk source orders received. CONTEXT: {"store_id":"site1","received":20,"succeeded":20,"failed":0,"request_id":"f278cc6a-543f-48a8-9fd7-e4cf71a725b5"}
2026-09-05T04:09:33+00:00 INFO Central bulk source orders received. CONTEXT: {"store_id":"site1","received":20,"succeeded":20,"failed":0,"request_id":"bf0e5161-827c-404a-9067-bda5e82ecb93"}
2026-09-05T04:09:57+00:00 INFO Central bulk source orders received. CONTEXT: {"store_id":"site1","received":20,"succeeded":20,"failed":0,"request_id":"e58846ec-16ba-40d1-a644-5ad5518c2071"}
2026-09-05T04:10:31+00:00 INFO Central bulk source orders received. CONTEXT: {"store_id":"site1","received":20,"succeeded":20,"failed":0,"request_id":"7bfdb433-8a3c-49e0-9b60-42e39f93a836"}
2026-09-05T04:11:23+00:00 INFO Central bulk source orders received. CONTEXT: {"store_id":"site1","received":20,"succeeded":20,"failed":0,"request_id":"568a04e8-8f8e-46af-be78-60614b0f2441"}
2026-09-05T04:12:15+00:00 INFO Central bulk source orders received. CONTEXT: {"store_id":"site1","received":20,"succeeded":20,"failed":0,"request_id":"8c1fb10a-af69-4082-b2dc-3f880a915b75"}
2026-09-05T04:12:36+00:00 INFO Central bulk source orders received. CONTEXT: {"store_id":"site1","received":20,"succeeded":20,"failed":0,"request_id":"431c9a8c-7907-4038-9bdd-0aab602c2985"}
2026-09-05T04:13:28+00:00 INFO Central bulk source orders received. CONTEXT: {"store_id":"site1","received":20,"succeeded":20,"failed":0,"request_id":"df6cb103-626f-4776-a437-d3a4930bf2ab"}
2026-09-05T04:14:22+00:00 INFO Central bulk source orders received. CONTEXT: {"store_id":"site1","received":20,"succeeded":20,"failed":0,"request_id":"75c19d9d-dc8f-4a20-a1d2-6023d07de63c"}
2026-09-05T04:15:12+00:00 INFO Central bulk source orders received. CONTEXT: {"store_id":"site1","received":20,"succeeded":20,"failed":0,"request_id":"46e39db0-dd38-4a48-b36f-1ba15eac63bf"}
2026-09-05T04:16:03+00:00 INFO Central bulk source orders received. CONTEXT: {"store_id":"site1","received":19,"succeeded":19,"failed":0,"request_id":"7a51e7b2-6161-40c2-86ac-91ec5c3d9435"}
2026-09-05T04:16:52+00:00 INFO Central bulk source orders received. CONTEXT: {"store_id":"site1","received":19,"succeeded":19,"failed":0,"request_id":"bad5effe-5a34-44d4-9d1c-4c34700b64d9"}
2026-09-05T04:17:39+00:00 INFO Central bulk source orders received. CONTEXT: {"store_id":"site1","received":20,"succeeded":20,"failed":0,"request_id":"3be46dea-a79b-48ee-8987-194282578433"}
2026-09-05T04:19:30+00:00 INFO Central bulk source orders received. CONTEXT: {"store_id":"site1","received":20,"succeeded":20,"failed":0,"request_id":"6c9a2fe0-f3fa-415b-849f-4f5b5e39fe8f"}
2026-09-05T04:19:58+00:00 INFO Central bulk source orders received. CONTEXT: {"store_id":"site1","received":20,"succeeded":20,"failed":0,"request_id":"3f6d9786-21d7-4964-a5ab-f3f25f1d4fa0"}
2026-09-05T04:20:21+00:00 INFO Central bulk source orders received. CONTEXT: {"store_id":"site1","received":20,"succeeded":20,"failed":0,"request_id":"945dcca5-d490-468f-bda1-ad2827e3502f"}
2026-09-05T04:21:05+00:00 INFO Central bulk source orders received. CONTEXT: {"store_id":"site1","received":20,"succeeded":20,"failed":0,"request_id":"2a949df2-306b-462e-be56-da5a64f62638"}
2026-09-05T04:21:36+00:00 INFO Central bulk source orders received. CONTEXT: {"store_id":"site1","received":20,"succeeded":20,"failed":0,"request_id":"74573a55-6eb4-4336-9e39-45789ba13999"}
2026-09-05T04:22:10+00:00 INFO Central bulk source orders received. CONTEXT: {"store_id":"site1","received":20,"succeeded":20,"failed":0,"request_id":"4574b057-192d-481f-9c3e-29a52d596154"}
2026-09-05T04:22:30+00:00 INFO Central bulk source orders received. CONTEXT: {"store_id":"site1","received":20,"succeeded":20,"failed":0,"request_id":"ab547405-bd1f-442b-86c4-d2c27484108e"}
2026-09-05T04:23:03+00:00 INFO Central bulk source orders received. CONTEXT: {"store_id":"site1","received":20,"succeeded":20,"failed":0,"request_id":"bb244d3c-8b48-4e4d-87f3-865aeda56491"}
2026-09-05T04:23:23+00:00 INFO Central bulk source orders received. CONTEXT: {"store_id":"site1","received":20,"succeeded":20,"failed":0,"request_id":"d8fe7e3f-a9cd-41e5-b3c5-a1440033ad91"}
2026-09-05T04:23:56+00:00 INFO Central bulk source orders received. CONTEXT: {"store_id":"site1","received":20,"succeeded":20,"failed":0,"request_id":"d126b785-fc19-48ed-807d-0656db9303d2"}
2026-09-05T04:24:16+00:00 INFO Central bulk source orders received. CONTEXT: {"store_id":"site1","received":20,"succeeded":20,"failed":0,"request_id":"3ac69cdb-7bd1-4537-9473-32a652db8adf"}
2026-09-05T04:24:49+00:00 INFO Central bulk source orders received. CONTEXT: {"store_id":"site1","received":20,"succeeded":20,"failed":0,"request_id":"737b8639-ffbe-462c-abed-852419a08055"}
2026-09-05T04:25:05+00:00 INFO Central bulk source orders received. CONTEXT: {"store_id":"site1","received":20,"succeeded":20,"failed":0,"request_id":"7a139de7-e5a4-45aa-8681-739d2d386f8b"}
2026-09-05T04:25:38+00:00 INFO Central bulk source orders received. CONTEXT: {"store_id":"site1","received":20,"succeeded":20,"failed":0,"request_id":"54fb87f3-3174-47e0-9614-f92759dc74bd"}
2026-09-05T04:26:28+00:00 INFO Central bulk source orders received. CONTEXT: {"store_id":"site1","received":20,"succeeded":20,"failed":0,"request_id":"49e92d4f-8500-470b-bcaa-6013a434f347"}
2026-09-05T04:27:20+00:00 INFO Central bulk source orders received. CONTEXT: {"store_id":"site1","received":20,"succeeded":20,"failed":0,"request_id":"a12235f5-57a5-4186-8f96-bb06d41b50b2"}
2026-09-05T04:34:26+00:00 INFO Central bulk source orders received. CONTEXT: {"store_id":"site1","received":20,"succeeded":20,"failed":0,"request_id":"cfebd8c5-29d6-42d5-b9ca-0875b9fb4aee"}
2026-09-05T04:34:57+00:00 INFO Central bulk source orders received. CONTEXT: {"store_id":"site1","received":20,"succeeded":20,"failed":0,"request_id":"f97d94f7-6297-487c-bf31-a758e4dccd42"}
2026-09-05T04:42:52+00:00 INFO Central bulk source orders received. CONTEXT: {"store_id":"site1","received":20,"succeeded":20,"failed":0,"request_id":"b746d9c1-0ff4-4246-801e-144524423e64"}
2026-09-05T04:43:27+00:00 INFO Central bulk source orders received. CONTEXT: {"store_id":"site1","received":20,"succeeded":20,"failed":0,"request_id":"e43cbbaf-a4e6-4834-b1c0-e4b5b8880a74"}
2026-09-05T04:44:15+00:00 INFO Central bulk source orders received. CONTEXT: {"store_id":"site1","received":20,"succeeded":20,"failed":0,"request_id":"a877383b-a2e0-4990-9ec5-a11f53eb823c"}
2026-09-05T04:45:05+00:00 INFO Central bulk source orders received. CONTEXT: {"store_id":"site1","received":20,"succeeded":20,"failed":0,"request_id":"ef5579ab-5e82-4877-9c8c-6336e29819a8"}
2026-09-05T04:45:14+00:00 INFO Central bulk source orders received. CONTEXT: {"store_id":"site1","received":20,"succeeded":20,"failed":0,"request_id":"601c45ed-7d8b-4fa2-9100-4d551da01d3b"}
2026-09-05T04:46:05+00:00 INFO Central bulk source orders received. CONTEXT: {"store_id":"site1","received":20,"succeeded":20,"failed":0,"request_id":"49e21e7b-b8cc-4e3f-9e0a-2376fde43990"}
2026-09-05T04:46:14+00:00 INFO Central bulk source orders received. CONTEXT: {"store_id":"site1","received":20,"succeeded":20,"failed":0,"request_id":"e1ef7bf4-87cb-47df-bd5f-8878e940a4f5"}
2026-09-05T04:47:01+00:00 INFO Central bulk source orders received. CONTEXT: {"store_id":"site1","received":20,"succeeded":20,"failed":0,"request_id":"62eb6ecc-22f4-48bc-9aee-1f7bde784acc"}
2026-09-05T04:47:51+00:00 INFO Central bulk source orders received. CONTEXT: {"store_id":"site1","received":20,"succeeded":20,"failed":0,"request_id":"58a6a7c5-fe00-489e-9b11-71652b437417"}
2026-09-05T04:48:43+00:00 INFO Central bulk source orders received. CONTEXT: {"store_id":"site1","received":20,"succeeded":20,"failed":0,"request_id":"7fae9954-ccb7-450a-8709-bc8edca1107e"}
2026-09-05T04:49:26+00:00 INFO Central bulk source orders received. CONTEXT: {"store_id":"site1","received":20,"succeeded":20,"failed":0,"request_id":"212b2a0b-b9cb-4d63-8003-e4b7bc0f1f44"}
2026-09-05T04:50:19+00:00 INFO Central bulk source orders received. CONTEXT: {"store_id":"site1","received":20,"succeeded":20,"failed":0,"request_id":"8ad68a5a-8b5c-45f4-9683-407e49fbdd7a"}
2026-09-05T04:51:11+00:00 INFO Central bulk source orders received. CONTEXT: {"store_id":"site1","received":20,"succeeded":20,"failed":0,"request_id":"d75edeb4-1b2e-446a-be82-20f31df971a2"}
2026-09-05T04:51:11+00:00 INFO Order synchronization succeeded. CONTEXT: {"store_id":"site1","source_order_id":372378,"central_order_id":5616,"event":"company_order_sync_push_central_status","request_id":"4d7698e0-39e0-4133-b296-7769146553c8"}
2026-09-05T04:51:35+00:00 INFO Order synchronization succeeded. CONTEXT: {"store_id":"site1","source_order_id":371960,"central_order_id":3865,"event":"company_order_sync_push_central_status","request_id":"e987b3bc-2628-40e7-9f55-b52269752c4d"}
2026-09-05T04:51:43+00:00 INFO Order synchronization succeeded. CONTEXT: {"store_id":"site1","source_order_id":371778,"central_order_id":2372,"event":"company_order_sync_push_central_status","request_id":"ddc1dcb6-6666-4b1e-b2e3-d6db2e4f3c77"}
2026-09-05T04:51:55+00:00 INFO Order synchronization succeeded. CONTEXT: {"store_id":"site1","source_order_id":370552,"central_order_id":1424,"event":"company_order_sync_push_central_status","request_id":"ad74cf17-4caa-4d43-91ef-a2ba9f24e5b5"}
2026-09-05T04:52:05+00:00 INFO Central bulk source orders received. CONTEXT: {"store_id":"site1","received":20,"succeeded":20,"failed":0,"request_id":"9d7cc989-ce50-484c-aa07-993d3d95460e"}
2026-09-05T04:52:08+00:00 INFO Order synchronization succeeded. CONTEXT: {"store_id":"site1","source_order_id":369535,"central_order_id":646,"event":"company_order_sync_push_central_status","request_id":"dce9952c-cd15-46c6-a165-944c2dfdf637"}
2026-09-05T04:52:16+00:00 INFO Order synchronization succeeded. CONTEXT: {"store_id":"site1","source_order_id":368587,"central_order_id":530,"event":"company_order_sync_push_central_status","request_id":"6102f535-02d0-48aa-9494-f5715f5fc51b"}
2026-09-05T04:52:18+00:00 INFO Central bulk source orders received. CONTEXT: {"store_id":"site1","received":20,"succeeded":20,"failed":0,"request_id":"d72c64ac-8b37-4be9-aa3b-eb2158d3bfa7"}
2026-09-05T04:52:28+00:00 INFO Order synchronization succeeded. CONTEXT: {"store_id":"site1","source_order_id":368573,"central_order_id":515,"event":"company_order_sync_push_central_status","request_id":"05975c87-2024-4019-862f-e2f8dac5f5d6"}
2026-09-05T04:52:35+00:00 INFO Order synchronization succeeded. CONTEXT: {"store_id":"site1","source_order_id":368555,"central_order_id":474,"event":"company_order_sync_push_central_status","request_id":"df20af4c-9188-4cd5-8dcb-08709895fbdf"}
2026-09-05T04:52:47+00:00 INFO Central bulk source orders received. CONTEXT: {"store_id":"site1","received":20,"succeeded":20,"failed":0,"request_id":"4c7f21c6-f41a-4615-be18-3e114265b793"}
2026-09-05T04:52:48+00:00 INFO Order synchronization succeeded. CONTEXT: {"store_id":"site1","source_order_id":365932,"central_order_id":18,"event":"company_order_sync_push_central_status","request_id":"bbaef4bf-35b9-4249-badc-85148522ea35"}
2026-09-05T04:52:55+00:00 INFO Order synchronization succeeded. CONTEXT: {"store_id":"site1","source_order_id":371955,"central_order_id":3515,"event":"company_order_sync_push_central_status","request_id":"b6294fea-5852-4fc8-a05c-92004cfb4af5"}
2026-09-05T04:53:02+00:00 INFO Order synchronization succeeded. CONTEXT: {"store_id":"site2","source_order_id":43442,"central_order_id":6713,"event":"company_order_sync_push_central_status","request_id":"e6c0b315-44b1-4df1-9a23-e69760435adb"}
2026-09-05T04:53:03+00:00 INFO Order synchronization succeeded. CONTEXT: {"store_id":"site2","source_order_id":43481,"central_order_id":7028,"event":"company_order_sync_push_central_status","request_id":"7e5b2621-ae14-49db-a544-9e03ee901409"}
2026-09-05T04:53:11+00:00 INFO Order synchronization succeeded. CONTEXT: {"store_id":"site1","source_order_id":365487,"central_order_id":6390,"event":"company_order_sync_push_central_status","request_id":"c0cdda7c-df19-4bbd-b45a-000f9f284098"}
2026-09-05T04:58:09+00:00 INFO Central bulk source orders received. CONTEXT: {"store_id":"site1","received":20,"succeeded":20,"failed":0,"request_id":"8574f772-9d2e-4dfa-a85a-c8c7cddee0d3"}
2026-09-05T04:59:15+00:00 INFO Central bulk source orders received. CONTEXT: {"store_id":"site1","received":20,"succeeded":20,"failed":0,"request_id":"ca13b07f-a27d-40e1-a1c4-260997d1c786"}
2026-09-05T05:00:10+00:00 INFO Central bulk source orders received. CONTEXT: {"store_id":"site1","received":20,"succeeded":20,"failed":0,"request_id":"2c403776-6ab6-4fe1-9467-e9520c23ccd6"}
2026-09-05T05:02:13+00:00 INFO Central bulk source orders received. CONTEXT: {"store_id":"site1","received":20,"succeeded":20,"failed":0,"request_id":"b42ac5f6-a36a-4be6-8376-0d94842dba30"}
2026-09-05T05:02:54+00:00 INFO Central bulk source orders received. CONTEXT: {"store_id":"site1","received":20,"succeeded":20,"failed":0,"request_id":"7c4a0465-e804-4dc7-9683-8e1cd43b442a"}
2026-09-05T05:03:47+00:00 INFO Central bulk source orders received. CONTEXT: {"store_id":"site1","received":20,"succeeded":20,"failed":0,"request_id":"015f04e8-7e96-451a-9c35-82b4333272d5"}
2026-09-05T05:05:54+00:00 INFO Central bulk source orders received. CONTEXT: {"store_id":"site1","received":20,"succeeded":20,"failed":0,"request_id":"7d54bc0d-0c22-42d6-98b9-7f6f4a743d0e"}
2026-09-05T05:07:52+00:00 INFO Central order received successfully. CONTEXT: {"store_id":"site1","source_order_id":379475,"central_order_id":7097,"request_id":"fa25f75d-508f-4a6a-8bb6-179be474bead","event":"orderupdated"}
2026-09-05T05:07:55+00:00 INFO Central order received successfully. CONTEXT: {"store_id":"site1","source_order_id":379475,"central_order_id":7097,"request_id":"653d8234-d32f-4869-8bc2-e144f7d2c234","event":"orderupdated"}
2026-09-05T05:08:30+00:00 INFO Central order received successfully. CONTEXT: {"store_id":"site1","source_order_id":379475,"central_order_id":7097,"request_id":"4e3dac5a-ab18-4914-9d8d-d33aefe8e1cb","event":"orderupdated"}
2026-09-05T05:08:34+00:00 INFO Central order received successfully. CONTEXT: {"store_id":"site1","source_order_id":379475,"central_order_id":7097,"request_id":"f93cc3bb-4c16-4760-bde2-deb859bde27a","event":"orderupdated"}
2026-09-05T05:08:36+00:00 INFO Central bulk source orders received. CONTEXT: {"store_id":"site1","received":20,"succeeded":20,"failed":0,"request_id":"9c124e61-1bae-4e62-bd9a-ef0b5db1c2e5"}
2026-09-05T05:09:06+00:00 INFO Central order received successfully. CONTEXT: {"store_id":"site1","source_order_id":379475,"central_order_id":7097,"request_id":"6addb495-eab3-4088-9f47-ba4627c1694f","event":"orderupdated"}
2026-09-05T05:09:11+00:00 INFO Central bulk source orders received. CONTEXT: {"store_id":"site1","received":20,"succeeded":20,"failed":0,"request_id":"6b31a5eb-2415-46d9-ac8b-46dc7c639289"}
2026-09-05T05:09:26+00:00 INFO Central order received successfully. CONTEXT: {"store_id":"site1","source_order_id":379475,"central_order_id":7097,"request_id":"1e2b0e17-9f72-421b-9a51-866a3c7d1677","event":"orderupdated"}
2026-09-05T05:10:02+00:00 INFO Central bulk source orders received. CONTEXT: {"store_id":"site1","received":20,"succeeded":20,"failed":0,"request_id":"3310dc5d-4d38-42e3-a7f4-e2042797a18d"}
2026-09-05T05:10:53+00:00 INFO Central bulk source orders received. CONTEXT: {"store_id":"site1","received":20,"succeeded":20,"failed":0,"request_id":"7024e582-ba74-4823-bb5b-5115d91e5bb6"}
2026-09-05T05:11:28+00:00 INFO Central order received successfully. CONTEXT: {"store_id":"site1","source_order_id":379475,"central_order_id":7097,"request_id":"9f8d4e45-a3be-484c-966b-461e3501c8a4","event":"orderupdated"}
2026-09-05T05:11:42+00:00 INFO Central bulk source orders received. CONTEXT: {"store_id":"site1","received":20,"succeeded":20,"failed":0,"request_id":"ee4e8193-cd24-465d-a04f-96fcaee531ee"}
2026-09-05T05:12:05+00:00 INFO Central bulk source orders received. CONTEXT: {"store_id":"site1","received":20,"succeeded":20,"failed":0,"request_id":"55e8240a-a5ce-4f32-8c8e-2bfabf00a363"}
2026-09-05T05:12:13+00:00 INFO Central order received successfully. CONTEXT: {"store_id":"site1","source_order_id":379475,"central_order_id":7097,"request_id":"bd5908bd-9882-441d-b8bc-48a76692e102","event":"orderupdated"}
2026-09-05T05:12:16+00:00 INFO Central bulk source orders received. CONTEXT: {"store_id":"site1","received":20,"succeeded":20,"failed":0,"request_id":"6545da8b-5fa0-4a1b-b4eb-c0a358ce577f"}
2026-09-05T05:12:33+00:00 INFO Central bulk source orders received. CONTEXT: {"store_id":"site1","received":20,"succeeded":20,"failed":0,"request_id":"2c0b0a8c-f557-4f16-8567-81e6ac7de6e7"}
2026-09-05T05:13:05+00:00 INFO Central bulk source orders received. CONTEXT: {"store_id":"site1","received":20,"succeeded":20,"failed":0,"request_id":"4c898bad-0bc2-45e6-a8d1-1a2ab808e63a"}
2026-09-05T05:13:21+00:00 INFO Central bulk source orders received. CONTEXT: {"store_id":"site1","received":20,"succeeded":20,"failed":0,"request_id":"fbff1929-cb79-407f-bc89-75be691e7bf3"}
2026-09-05T05:13:54+00:00 INFO Central bulk source orders received. CONTEXT: {"store_id":"site1","received":20,"succeeded":20,"failed":0,"request_id":"cfe01a4b-ac37-40ba-94f0-910c3cfc5fba"}
2026-09-05T05:14:10+00:00 INFO Central bulk source orders received. CONTEXT: {"store_id":"site1","received":20,"succeeded":20,"failed":0,"request_id":"2edab23c-2696-40e2-9c86-237537df79f5"}
2026-09-05T05:14:42+00:00 INFO Central bulk source orders received. CONTEXT: {"store_id":"site1","received":20,"succeeded":20,"failed":0,"request_id":"61cce703-b81c-4c3b-9a96-70b6f3230271"}
2026-09-05T05:14:58+00:00 INFO Central bulk source orders received. CONTEXT: {"store_id":"site1","received":20,"succeeded":20,"failed":0,"request_id":"bdf445d1-4c32-465d-b657-514aebea6d55"}
2026-09-05T05:15:32+00:00 INFO Central bulk source orders received. CONTEXT: {"store_id":"site1","received":20,"succeeded":20,"failed":0,"request_id":"ff056d1f-e8fd-4150-82d2-6e71ce1ebd25"}
2026-09-05T05:16:21+00:00 INFO Central bulk source orders received. CONTEXT: {"store_id":"site1","received":20,"succeeded":20,"failed":0,"request_id":"b9d47d91-8333-4068-86ef-427ccf7203f5"}
2026-09-05T05:17:13+00:00 INFO Central bulk source orders received. CONTEXT: {"store_id":"site1","received":20,"succeeded":20,"failed":0,"request_id":"4441fe21-ebba-4aec-8a87-bae057551018"}
2026-09-05T05:18:03+00:00 INFO Central bulk source orders received. CONTEXT: {"store_id":"site1","received":20,"succeeded":20,"failed":0,"request_id":"3c26387a-3c92-4a64-a212-1259a0ca40aa"}
2026-09-05T05:18:51+00:00 INFO Central bulk source orders received. CONTEXT: {"store_id":"site1","received":20,"succeeded":20,"failed":0,"request_id":"5005186d-ac5f-4dae-ba67-d3a99050d5a2"}
2026-09-05T05:19:21+00:00 INFO Central bulk source orders received. CONTEXT: {"store_id":"site1","received":20,"succeeded":20,"failed":0,"request_id":"c17ed055-967b-4e46-a0e6-cfeb56ce065e"}
2026-09-05T05:19:42+00:00 INFO Central bulk source orders received. CONTEXT: {"store_id":"site1","received":20,"succeeded":20,"failed":0,"request_id":"1ed86c54-2ec9-46d2-897a-d69e20a572a2"}
2026-09-05T05:20:12+00:00 INFO Central bulk source orders received. CONTEXT: {"store_id":"site1","received":20,"succeeded":20,"failed":0,"request_id":"125589f4-e489-4159-8621-b3d221b503a9"}
2026-09-05T05:20:32+00:00 INFO Central bulk source orders received. CONTEXT: {"store_id":"site1","received":20,"succeeded":20,"failed":0,"request_id":"f2cbe506-62db-4b3f-84ed-022c8ad38534"}
2026-09-05T05:21:02+00:00 INFO Central bulk source orders received. CONTEXT: {"store_id":"site1","received":20,"succeeded":20,"failed":0,"request_id":"81ec10d1-8da4-4f85-82e7-4fe1ef3d06ff"}
2026-09-05T05:21:22+00:00 INFO Central bulk source orders received. CONTEXT: {"store_id":"site1","received":20,"succeeded":20,"failed":0,"request_id":"e0053bde-b897-4fbc-ad06-fbf83b5aada6"}
2026-09-05T05:21:52+00:00 INFO Central bulk source orders received. CONTEXT: {"store_id":"site1","received":20,"succeeded":20,"failed":0,"request_id":"3a9f670f-9ad6-4d12-a101-d140945c617f"}
2026-09-05T05:22:11+00:00 INFO Central bulk source orders received. CONTEXT: {"store_id":"site1","received":20,"succeeded":20,"failed":0,"request_id":"8f4f8492-2fb0-41aa-8581-77d0aeaeeccb"}
2026-09-05T05:22:42+00:00 INFO Central bulk source orders received. CONTEXT: {"store_id":"site1","received":20,"succeeded":20,"failed":0,"request_id":"dba6adf4-f5d3-459c-a516-8172e23fcd35"}
2026-09-05T05:23:02+00:00 INFO Central bulk source orders received. CONTEXT: {"store_id":"site1","received":20,"succeeded":20,"failed":0,"request_id":"5747d4f2-54a8-43b1-9047-2b4baeaa32f8"}
2026-09-05T05:23:32+00:00 INFO Central bulk source orders received. CONTEXT: {"store_id":"site1","received":20,"succeeded":20,"failed":0,"request_id":"f5fd5a53-76bc-4b95-bbfa-65c44f62293e"}
2026-09-05T05:26:45+00:00 INFO Central bulk source orders received. CONTEXT: {"store_id":"site1","received":20,"succeeded":20,"failed":0,"request_id":"262eb4a4-33c4-41b0-843a-f4c94eb34bd8"}
2026-09-05T05:27:14+00:00 INFO Central bulk source orders received. CONTEXT: {"store_id":"site1","received":20,"succeeded":20,"failed":0,"request_id":"46388180-0d29-4cb6-978b-c8ca187995bf"}
2026-09-05T05:29:41+00:00 INFO Central bulk source orders received. CONTEXT: {"store_id":"site1","received":20,"succeeded":20,"failed":0,"request_id":"107614bc-7a20-420d-900a-bfb36de38966"}
2026-09-05T05:29:48+00:00 INFO Central order received successfully. CONTEXT: {"store_id":"site1","source_order_id":379434,"central_order_id":7057,"request_id":"52b53cc3-60df-4f91-930d-0a67dd8b120b","event":"orderupdated"}
2026-09-05T05:29:56+00:00 INFO Central order received successfully. CONTEXT: {"store_id":"site1","source_order_id":379434,"central_order_id":7057,"request_id":"8463e14b-7023-4eb2-aed5-8c304cdb7f0f","event":"orderupdated"}
2026-09-05T05:30:31+00:00 INFO Central order received successfully. CONTEXT: {"store_id":"site1","source_order_id":379434,"central_order_id":7057,"request_id":"548b60e5-bc44-45bb-b9fb-417c8aa11e0a","event":"orderupdated"}
2026-09-05T05:30:39+00:00 INFO Central order received successfully. CONTEXT: {"store_id":"site1","source_order_id":379434,"central_order_id":7057,"request_id":"dd15f913-c78c-4b03-aa72-715320f5052c","event":"orderupdated"}
2026-09-05T05:31:26+00:00 INFO Central order received successfully. CONTEXT: {"store_id":"site1","source_order_id":379434,"central_order_id":7057,"request_id":"8497a52f-f8a5-4764-b0e4-bfb4ef7b4f53","event":"orderupdated"}
2026-09-05T05:32:05+00:00 INFO Central order received successfully. CONTEXT: {"store_id":"site1","source_order_id":379434,"central_order_id":7057,"request_id":"88857b5f-5a82-447b-a520-c9e441586bd3","event":"orderupdated"}
2026-09-05T05:32:09+00:00 INFO Central order received successfully. CONTEXT: {"store_id":"site1","source_order_id":379434,"central_order_id":7057,"request_id":"118bd606-2ecb-410f-8b58-8137c2e7f635","event":"orderupdated"}
2026-09-05T05:32:40+00:00 INFO Central order received successfully. CONTEXT: {"store_id":"site1","source_order_id":379434,"central_order_id":7057,"request_id":"ed1a7f18-5b5f-44f6-8228-d8faa55dbb7f","event":"orderupdated"}
2026-09-05T05:33:19+00:00 INFO Central order received successfully. CONTEXT: {"store_id":"site1","source_order_id":379434,"central_order_id":7057,"request_id":"cd4358b4-a84b-4927-839b-15c0f9ea007c","event":"orderupdated"}
2026-09-05T05:33:46+00:00 INFO Central order received successfully. CONTEXT: {"store_id":"site1","source_order_id":379434,"central_order_id":7057,"request_id":"ae33752c-a7c9-45ad-aef5-9be9edcbd91b","event":"orderupdated"}
2026-09-05T05:34:28+00:00 INFO Central order received successfully. CONTEXT: {"store_id":"site1","source_order_id":379434,"central_order_id":7057,"request_id":"d1a378af-4c93-40ff-bbf8-c48d8f57bc03","event":"orderupdated"}
2026-09-05T05:35:05+00:00 INFO Central order received successfully. CONTEXT: {"store_id":"site1","source_order_id":379434,"central_order_id":7057,"request_id":"51ba1e1c-d631-4d87-872a-542649378edb","event":"orderupdated"}
2026-09-05T05:35:09+00:00 INFO Central order received successfully. CONTEXT: {"store_id":"site1","source_order_id":379434,"central_order_id":7057,"request_id":"9783b8fb-b87c-4393-ac94-2186a4bf286f","event":"orderupdated"}
2026-09-05T05:35:47+00:00 INFO Central order received successfully. CONTEXT: {"store_id":"site1","source_order_id":379434,"central_order_id":7057,"request_id":"45116184-d22a-402b-b9d6-cadcbc02f203","event":"orderupdated"}
2026-09-05T05:36:24+00:00 INFO Central order received successfully. CONTEXT: {"store_id":"site1","source_order_id":379434,"central_order_id":7057,"request_id":"1b9d2a83-e8ce-43d1-9b8d-6e480a5c14a1","event":"orderupdated"}
2026-09-05T05:37:01+00:00 INFO Central order received successfully. CONTEXT: {"store_id":"site1","source_order_id":379434,"central_order_id":7057,"request_id":"9b1de47a-9d35-47b5-b67a-639b4a056052","event":"orderupdated"}
2026-09-05T05:37:33+00:00 INFO Central order received successfully. CONTEXT: {"store_id":"site1","source_order_id":379434,"central_order_id":7057,"request_id":"d3b8f2b1-95a3-467d-8c7e-71ce8289c122","event":"orderupdated"}
2026-09-05T05:37:42+00:00 INFO Central bulk source statuses received. CONTEXT: {"store_id":"site1","received":28,"succeeded":28,"missing":0,"failed":0,"request_id":"2cb664e7-8442-4b85-ba32-e508cfeb16f9"}
2026-09-05T05:38:04+00:00 INFO Central order received successfully. CONTEXT: {"store_id":"site1","source_order_id":379434,"central_order_id":7057,"request_id":"fb19169a-4434-475f-9e85-55dcb2145bf9","event":"orderupdated"}
2026-09-05T05:38:21+00:00 INFO Central order received successfully. CONTEXT: {"store_id":"site1","source_order_id":379434,"central_order_id":7057,"request_id":"76103b26-9235-4d7b-b311-48032705ebe0","event":"orderupdated"}
2026-09-05T05:41:28+00:00 INFO Central bulk source statuses received. CONTEXT: {"store_id":"site1","received":1,"succeeded":1,"missing":0,"failed":0,"request_id":"b213a7e2-8f84-4eec-bace-7712103a5cfa"}
2026-09-05T05:42:10+00:00 INFO Central bulk source orders received. CONTEXT: {"store_id":"site1","received":20,"succeeded":20,"failed":0,"request_id":"47232f14-682e-4a7f-81c9-de9614f0adae"}
2026-09-05T05:42:43+00:00 INFO Central order received successfully. CONTEXT: {"store_id":"site1","source_order_id":379434,"central_order_id":7057,"request_id":"761d90f2-f4ea-47c1-b21d-7998c3f71491","event":"orderupdated"}
2026-09-05T05:43:25+00:00 INFO Central order received successfully. CONTEXT: {"store_id":"site1","source_order_id":379434,"central_order_id":7057,"request_id":"fb0e887a-29dc-4587-93bf-38eef81c9620","event":"orderupdated"}
2026-09-05T05:44:02+00:00 INFO Central order received successfully. CONTEXT: {"store_id":"site1","source_order_id":379498,"central_order_id":7098,"request_id":"46c93fcf-454c-4d05-bf5a-1cfad1119a14","event":"orderupdated"}
2026-09-05T05:44:10+00:00 INFO Central order received successfully. CONTEXT: {"store_id":"site1","source_order_id":379498,"central_order_id":7098,"request_id":"0d526e40-b2fa-4ad9-84c2-66c20e315984","event":"orderupdated"}
2026-09-05T05:44:40+00:00 INFO Central order received successfully. CONTEXT: {"store_id":"site1","source_order_id":379498,"central_order_id":7098,"request_id":"2e8dce7f-2186-4994-923d-5f9bb87c1717","event":"orderupdated"}
2026-09-05T05:44:48+00:00 INFO Central order received successfully. CONTEXT: {"store_id":"site1","source_order_id":379498,"central_order_id":7098,"request_id":"036730e1-d7e6-4ef9-92ef-c9d3a1ce5dbe","event":"orderupdated"}
2026-09-05T05:45:19+00:00 INFO Central order received successfully. CONTEXT: {"store_id":"site1","source_order_id":379498,"central_order_id":7098,"request_id":"c21c0ed6-adb8-48cf-8d7b-46ff7482259d","event":"orderupdated"}
2026-09-05T05:45:22+00:00 INFO Central order received successfully. CONTEXT: {"store_id":"site1","source_order_id":379498,"central_order_id":7098,"request_id":"92d7fd8f-d680-43f1-ad52-978f5cfbe2d1","event":"orderupdated"}
2026-09-05T05:45:57+00:00 INFO Central order received successfully. CONTEXT: {"store_id":"site1","source_order_id":379498,"central_order_id":7098,"request_id":"0ef9d877-6aa5-4b3b-9256-80dd6701bf26","event":"orderupdated"}
2026-09-05T05:46:00+00:00 INFO Central order received successfully. CONTEXT: {"store_id":"site1","source_order_id":379498,"central_order_id":7098,"request_id":"17b7085b-5e9c-405d-b152-7c95c88575de","event":"orderupdated"}
2026-09-05T05:46:34+00:00 INFO Central order received successfully. CONTEXT: {"store_id":"site1","source_order_id":379498,"central_order_id":7098,"request_id":"789b9d3e-1aa2-4ef0-9ba2-7f621a722ccc","event":"orderupdated"}
2026-09-05T05:46:38+00:00 INFO Central order received successfully. CONTEXT: {"store_id":"site1","source_order_id":379498,"central_order_id":7098,"request_id":"28792856-1753-45ed-947f-aa09e66b171a","event":"orderupdated"}
2026-09-05T05:47:03+00:00 INFO Order synchronization succeeded. CONTEXT: {"store_id":"site2","source_order_id":44600,"central_order_id":7051,"event":"company_order_sync_push_central_status","request_id":"02352361-5869-474d-996b-ff36ac83a3e2"}
2026-09-05T05:47:04+00:00 INFO Order synchronization succeeded. CONTEXT: {"store_id":"site2","source_order_id":44580,"central_order_id":7044,"event":"company_order_sync_push_central_status","request_id":"627906d1-f63f-4f33-ac0b-9ae7e810bc72"}
2026-09-05T05:47:12+00:00 INFO Central order received successfully. CONTEXT: {"store_id":"site1","source_order_id":379498,"central_order_id":7098,"request_id":"2084205f-8bb1-483f-b65d-24799fe513f9","event":"orderupdated"}
2026-09-05T05:47:14+00:00 INFO Central order received successfully. CONTEXT: {"store_id":"site1","source_order_id":379498,"central_order_id":7098,"request_id":"ea676839-761d-4c86-a601-9bba1da45cda","event":"orderupdated"}
2026-09-05T05:47:34+00:00 INFO Central bulk source orders received. CONTEXT: {"store_id":"site1","received":20,"succeeded":20,"failed":0,"request_id":"970dd68a-efcd-44b1-b44c-02bd85579d57"}
2026-09-05T05:47:34+00:00 INFO Central order received successfully. CONTEXT: {"store_id":"site1","source_order_id":379498,"central_order_id":7098,"request_id":"8c0a4141-9783-4cc9-8e33-3bc53e65eb8d","event":"orderupdated"}
2026-09-05T05:47:49+00:00 INFO Central order received successfully. CONTEXT: {"store_id":"site1","source_order_id":379498,"central_order_id":7098,"request_id":"6d63c8b5-4b0b-488b-ba64-dc426e2fd8c5","event":"orderupdated"}
2026-09-05T05:47:57+00:00 INFO Central bulk source orders received. CONTEXT: {"store_id":"site1","received":20,"succeeded":20,"failed":0,"request_id":"971cac19-ac06-4ab3-86db-c565e4c01c9d"}
2026-09-05T05:48:12+00:00 INFO Central order received successfully. CONTEXT: {"store_id":"site1","source_order_id":379498,"central_order_id":7098,"request_id":"1b9a0157-dfd4-435e-afda-eda90265d3b9","event":"orderupdated"}
2026-09-05T05:48:26+00:00 INFO Central order received successfully. CONTEXT: {"store_id":"site1","source_order_id":379498,"central_order_id":7098,"request_id":"29e64383-1e23-4aff-b489-0e416113a581","event":"orderupdated"}
2026-09-05T05:48:40+00:00 INFO Central order received successfully. CONTEXT: {"store_id":"site1","source_order_id":379498,"central_order_id":7098,"request_id":"5a0d08a1-86ab-4af0-8b0b-a143ba297297","event":"orderupdated"}
2026-09-05T05:49:04+00:00 INFO Central order received successfully. CONTEXT: {"store_id":"site1","source_order_id":379498,"central_order_id":7098,"request_id":"17c7789c-d40e-4908-b2a6-367f3f646f33","event":"orderupdated"}
2026-09-05T05:49:07+00:00 INFO Central order received successfully. CONTEXT: {"store_id":"site1","source_order_id":379498,"central_order_id":7098,"request_id":"ca1c647b-271d-411c-9391-dcc99cea1f51","event":"orderupdated"}
2026-09-05T05:49:21+00:00 INFO Central order received successfully. CONTEXT: {"store_id":"site1","source_order_id":379498,"central_order_id":7098,"request_id":"e600a72c-f92f-4066-b5cd-36d7fc896c1e","event":"orderupdated"}
2026-09-05T05:49:42+00:00 INFO Central order received successfully. CONTEXT: {"store_id":"site1","source_order_id":379498,"central_order_id":7098,"request_id":"ecafce49-717b-48fd-9cc8-0c2b4fd6df82","event":"orderupdated"}
2026-09-05T05:49:43+00:00 INFO Central bulk source orders received. CONTEXT: {"store_id":"site1","received":20,"succeeded":20,"failed":0,"request_id":"c577252b-f22e-4ab2-85e4-d975ec0523d0"}
2026-09-05T05:49:49+00:00 INFO Central order received successfully. CONTEXT: {"store_id":"site1","source_order_id":379498,"central_order_id":7098,"request_id":"0002ad46-8a1f-4328-ba97-6a955e01a1e5","event":"orderupdated"}
2026-09-05T05:50:20+00:00 INFO Central bulk source orders received. CONTEXT: {"store_id":"site1","received":20,"succeeded":20,"failed":0,"request_id":"ca8e957a-29fa-4d55-8cca-b16bcfd1c5a8"}
2026-09-05T05:50:33+00:00 INFO Central order received successfully. CONTEXT: {"store_id":"site1","source_order_id":379498,"central_order_id":7098,"request_id":"970e2dc6-d358-481d-811b-62c82131602f","event":"orderupdated"}
2026-09-05T05:51:11+00:00 INFO Central bulk source orders received. CONTEXT: {"store_id":"site1","received":20,"succeeded":20,"failed":0,"request_id":"4dc5e2d3-cf92-4197-a1fb-8a0b6ae8ce88"}
2026-09-05T05:51:25+00:00 INFO Central order received successfully. CONTEXT: {"store_id":"site1","source_order_id":379498,"central_order_id":7098,"request_id":"e8b372ec-69f8-4545-b436-acd0a5c70b35","event":"orderupdated"}
2026-09-05T05:52:05+00:00 INFO Central bulk source orders received. CONTEXT: {"store_id":"site1","received":20,"succeeded":20,"failed":0,"request_id":"74a02e16-a169-427b-a543-c5df419aef15"}
2026-09-05T05:52:17+00:00 INFO Central order received successfully. CONTEXT: {"store_id":"site1","source_order_id":379500,"central_order_id":7099,"request_id":"79f229d9-63ce-478f-ab08-9f23fdc6aa53","event":"orderupdated"}
2026-09-05T05:52:26+00:00 INFO Central order received successfully. CONTEXT: {"store_id":"site1","source_order_id":379500,"central_order_id":7099,"request_id":"45b032a1-1c30-4418-8a0c-144714b56b26","event":"orderupdated"}
2026-09-05T05:52:55+00:00 INFO Central bulk source orders received. CONTEXT: {"store_id":"site1","received":20,"succeeded":20,"failed":0,"request_id":"25adab6b-65fd-4c6e-82d8-0abbc7b9900b"}
2026-09-05T05:53:03+00:00 INFO Central order received successfully. CONTEXT: {"store_id":"site1","source_order_id":379500,"central_order_id":7099,"request_id":"bfd99939-659c-436a-81f8-f2ca41a28c95","event":"orderupdated"}
2026-09-05T05:53:41+00:00 INFO Central order received successfully. CONTEXT: {"store_id":"site1","source_order_id":379500,"central_order_id":7099,"request_id":"21e7e29d-bfc7-41b4-a5bb-bc6f652bf696","event":"orderupdated"}
2026-09-05T05:53:49+00:00 INFO Central bulk source orders received. CONTEXT: {"store_id":"site1","received":20,"succeeded":20,"failed":0,"request_id":"c614a2cd-a387-4dd9-9ea8-d1446a298883"}
2026-09-05T05:54:31+00:00 INFO Central bulk source orders received. CONTEXT: {"store_id":"site1","received":20,"succeeded":20,"failed":0,"request_id":"d1ae5f08-d641-47df-bfed-21b7bb1190ac"}
2026-09-05T05:55:25+00:00 INFO Central bulk source orders received. CONTEXT: {"store_id":"site1","received":20,"succeeded":20,"failed":0,"request_id":"07b09c5f-8a13-43d5-92da-2603c71805ce"}
2026-09-05T05:56:16+00:00 INFO Central bulk source orders received. CONTEXT: {"store_id":"site1","received":20,"succeeded":20,"failed":0,"request_id":"2ee83a56-aaf5-41bf-b599-46c8758f3bae"}
2026-09-05T05:56:44+00:00 INFO Central bulk source orders received. CONTEXT: {"store_id":"site1","received":20,"succeeded":20,"failed":0,"request_id":"7c5b2230-8a8b-4fb9-a708-0bf3214059cd"}
2026-09-05T05:57:09+00:00 INFO Central bulk source orders received. CONTEXT: {"store_id":"site1","received":20,"succeeded":20,"failed":0,"request_id":"ede182c3-a7da-412e-bd4b-f8cbc05eea46"}
2026-09-05T05:59:06+00:00 INFO Central bulk source orders received. CONTEXT: {"store_id":"site1","received":20,"succeeded":20,"failed":0,"request_id":"9d2fc846-343f-4bfc-87a6-e7d88c619ee1"}
2026-09-05T05:59:07+00:00 INFO Central order received successfully. CONTEXT: {"store_id":"site1","source_order_id":379502,"central_order_id":7101,"request_id":"4f400938-7e77-495e-b47c-9caf9b49f8d3","event":"orderupdated"}
2026-09-05T06:00:05+00:00 INFO Central bulk source orders received. CONTEXT: {"store_id":"site1","received":20,"succeeded":20,"failed":0,"request_id":"ea5e7b3c-814d-409a-a5bc-d1b0ac1c2544"}
2026-09-05T06:00:16+00:00 INFO Central bulk source orders received. CONTEXT: {"store_id":"site1","received":20,"succeeded":20,"failed":0,"request_id":"755f5180-c4fb-4023-a319-cd63f53647d4"}
2026-09-05T06:01:54+00:00 INFO Central order received successfully. CONTEXT: {"store_id":"site1","source_order_id":379503,"central_order_id":7102,"request_id":"e58ead06-24f1-4921-866f-79bafaec418c","event":"orderupdated"}
2026-09-05T06:02:34+00:00 INFO Central order received successfully. CONTEXT: {"store_id":"site1","source_order_id":379503,"central_order_id":7102,"request_id":"583ff5ed-528d-4dc7-9275-4aef3040f669","event":"orderupdated"}
2026-09-05T06:03:15+00:00 INFO Central order received successfully. CONTEXT: {"store_id":"site1","source_order_id":379503,"central_order_id":7102,"request_id":"ea1d9b70-e352-4396-8033-c0368443f306","event":"orderupdated"}
2026-09-05T06:03:56+00:00 INFO Central order received successfully. CONTEXT: {"store_id":"site1","source_order_id":379503,"central_order_id":7102,"request_id":"8698bbc6-4b94-44bf-b02e-5094061d93d2","event":"orderupdated"}
2026-09-05T06:04:29+00:00 INFO Central order received successfully. CONTEXT: {"store_id":"site1","source_order_id":379502,"central_order_id":7101,"request_id":"7f2c6975-a412-40e3-b0fa-4359d4f2145b","event":"orderupdated"}
2026-09-05T06:04:37+00:00 INFO Central order received successfully. CONTEXT: {"store_id":"site1","source_order_id":379503,"central_order_id":7102,"request_id":"2a53e98a-cc58-43bf-a299-62fbc0deafce","event":"orderupdated"}
2026-09-05T06:05:08+00:00 INFO Central order received successfully. CONTEXT: {"store_id":"site1","source_order_id":379502,"central_order_id":7101,"request_id":"11a5f3ab-11fa-4d49-9600-bc8d8155f4de","event":"orderupdated"}
2026-09-05T06:05:16+00:00 INFO Central order received successfully. CONTEXT: {"store_id":"site1","source_order_id":379503,"central_order_id":7102,"request_id":"7371d09f-b801-46b3-9c9f-98754e413add","event":"orderupdated"}
2026-09-05T06:05:49+00:00 INFO Central order received successfully. CONTEXT: {"store_id":"site1","source_order_id":379502,"central_order_id":7101,"request_id":"975c20e6-8f00-4780-a740-fa6b955d3f7d","event":"orderupdated"}
2026-09-05T06:05:56+00:00 INFO Central order received successfully. CONTEXT: {"store_id":"site1","source_order_id":379503,"central_order_id":7102,"request_id":"1fce8c77-feea-40d8-a9aa-c9e5c239afd8","event":"orderupdated"}
2026-09-05T06:06:28+00:00 INFO Central order received successfully. CONTEXT: {"store_id":"site1","source_order_id":379502,"central_order_id":7101,"request_id":"743b3347-fd51-4fe7-bc11-00b36ee076f6","event":"orderupdated"}
2026-09-05T06:06:36+00:00 INFO Central order received successfully. CONTEXT: {"store_id":"site1","source_order_id":379503,"central_order_id":7102,"request_id":"65fa9e07-1366-488a-b3bc-ae3fb7583dd5","event":"orderupdated"}
2026-09-05T06:06:44+00:00 INFO Central bulk source orders received. CONTEXT: {"store_id":"site1","received":20,"succeeded":20,"failed":0,"request_id":"582af748-4879-4279-8379-a78719001fbd"}
2026-09-05T06:07:05+00:00 INFO Central order received successfully. CONTEXT: {"store_id":"site1","source_order_id":379502,"central_order_id":7101,"request_id":"8e5e55eb-c2fd-4e3d-9dd7-3ee19d3a275e","event":"orderupdated"}
2026-09-05T06:07:11+00:00 INFO Central order received successfully. CONTEXT: {"store_id":"site1","source_order_id":379502,"central_order_id":7101,"request_id":"bf2da59f-b45f-4814-bcfa-bf142a989ab0","event":"orderupdated"}
2026-09-05T06:07:36+00:00 INFO Central bulk source orders received. CONTEXT: {"store_id":"site1","received":20,"succeeded":20,"failed":0,"request_id":"2f2ab278-f805-4edc-9ba4-8c68dd937379"}
2026-09-05T06:07:50+00:00 INFO Central order received successfully. CONTEXT: {"store_id":"site1","source_order_id":379502,"central_order_id":7101,"request_id":"a39bec0e-8722-4584-9ec0-2fb00d3837c6","event":"orderupdated"}
2026-09-05T06:08:25+00:00 INFO Central bulk source orders received. CONTEXT: {"store_id":"site1","received":20,"succeeded":20,"failed":0,"request_id":"005c792f-3345-4284-bae9-6990cb3ae21a"}
2026-09-05T06:08:26+00:00 INFO Central order received successfully. CONTEXT: {"store_id":"site1","source_order_id":379502,"central_order_id":7101,"request_id":"c5a3d1b3-42e5-4afa-9217-27fd83d88499","event":"orderupdated"}
2026-09-05T06:09:03+00:00 INFO Central order received successfully. CONTEXT: {"store_id":"site1","source_order_id":379502,"central_order_id":7101,"request_id":"ea90dcf8-2d0d-43f1-936f-412161bf6a9a","event":"orderupdated"}
2026-09-05T06:09:15+00:00 INFO Central bulk source orders received. CONTEXT: {"store_id":"site1","received":20,"succeeded":20,"failed":0,"request_id":"343199aa-1844-4636-99bd-d9a628199805"}
2026-09-05T06:09:41+00:00 INFO Central order received successfully. CONTEXT: {"store_id":"site1","source_order_id":379502,"central_order_id":7101,"request_id":"78b91670-0a38-4079-9722-bcc032af7b9b","event":"orderupdated"}
2026-09-05T06:10:05+00:00 INFO Central bulk source orders received. CONTEXT: {"store_id":"site1","received":20,"succeeded":20,"failed":0,"request_id":"f51ac07d-e85b-4df5-bb34-fb963768bbca"}
2026-09-05T06:10:14+00:00 INFO Central bulk source orders received. CONTEXT: {"store_id":"site1","received":20,"succeeded":20,"failed":0,"request_id":"eef993f4-0954-4931-b033-e18105d69294"}
2026-09-05T06:10:18+00:00 INFO Central order received successfully. CONTEXT: {"store_id":"site1","source_order_id":379502,"central_order_id":7101,"request_id":"90673322-78bd-4e72-982b-3ffd6f73a7c8","event":"orderupdated"}
2026-09-05T06:10:55+00:00 INFO Central order received successfully. CONTEXT: {"store_id":"site1","source_order_id":379502,"central_order_id":7101,"request_id":"fb0bbdd6-b215-4fb5-b3a5-83ebeb433f37","event":"orderupdated"}
2026-09-05T06:11:04+00:00 INFO Central bulk source orders received. CONTEXT: {"store_id":"site1","received":20,"succeeded":20,"failed":0,"request_id":"a10af4c4-7da8-478f-9b78-e6a2f1e96ddf"}
2026-09-05T06:11:17+00:00 INFO Central bulk source statuses received. CONTEXT: {"store_id":"site1","received":3,"succeeded":3,"missing":0,"failed":0,"request_id":"ecf92ee9-ccb2-412f-99f6-cf7e2c67429a"}
2026-09-05T06:11:32+00:00 INFO Central order received successfully. CONTEXT: {"store_id":"site1","source_order_id":379502,"central_order_id":7101,"request_id":"b6cd5506-2ae1-45f0-83bc-c42f74a4aeea","event":"orderupdated"}
2026-09-05T06:11:54+00:00 INFO Central bulk source orders received. CONTEXT: {"store_id":"site1","received":20,"succeeded":20,"failed":0,"request_id":"26c758dd-d5b4-424f-9ed4-dbcbf4677471"}
2026-09-05T06:12:07+00:00 INFO Central order received successfully. CONTEXT: {"store_id":"site1","source_order_id":379502,"central_order_id":7101,"request_id":"1fd1c0fe-eb63-4464-b27c-29a2fe208b39","event":"orderupdated"}
2026-09-05T06:12:26+00:00 INFO Central bulk source statuses received. CONTEXT: {"store_id":"site1","received":3,"succeeded":3,"missing":0,"failed":0,"request_id":"8ffef4c5-a5f0-4e37-9aca-bfdd1864f10c"}
2026-09-05T06:12:29+00:00 INFO Central bulk source orders received. CONTEXT: {"store_id":"site1","received":20,"succeeded":20,"failed":0,"request_id":"35c0c0fb-4169-4925-840c-7845de144ff9"}
2026-09-05T06:12:44+00:00 INFO Central order received successfully. CONTEXT: {"store_id":"site1","source_order_id":379502,"central_order_id":7101,"request_id":"71d9be48-7dc8-47ad-ac57-78f216f43764","event":"orderupdated"}
2026-09-05T06:13:19+00:00 INFO Central bulk source orders received. CONTEXT: {"store_id":"site1","received":20,"succeeded":20,"failed":0,"request_id":"cfcba41b-5ae1-4cbe-ae7b-c46bd9dc03a3"}
2026-09-05T06:13:21+00:00 INFO Central order received successfully. CONTEXT: {"store_id":"site1","source_order_id":379502,"central_order_id":7101,"request_id":"a4711420-3516-4ca8-9be0-e7c6e64cfb08","event":"orderupdated"}
2026-09-05T06:13:45+00:00 INFO Order synchronization succeeded. CONTEXT: {"store_id":"site2","source_order_id":44628,"central_order_id":7056,"event":"company_order_sync_push_central_status","request_id":"9ea14a8c-a579-404f-849f-6734126e7c83"}
2026-09-05T06:13:47+00:00 INFO Order synchronization succeeded. CONTEXT: {"store_id":"site2","source_order_id":44603,"central_order_id":7055,"event":"company_order_sync_push_central_status","request_id":"b4c18e8b-5a38-44e4-a7bb-7c486bb868c1"}
2026-09-05T06:13:48+00:00 INFO Order synchronization succeeded. CONTEXT: {"store_id":"site2","source_order_id":44598,"central_order_id":7049,"event":"company_order_sync_push_central_status","request_id":"ab428f11-20f4-4058-b45c-acdb8089f237"}
2026-09-05T06:13:49+00:00 INFO Order synchronization succeeded. CONTEXT: {"store_id":"site2","source_order_id":44574,"central_order_id":7038,"event":"company_order_sync_push_central_status","request_id":"d786f0ae-261d-44de-8c75-551e050321de"}
2026-09-05T06:13:50+00:00 INFO Order synchronization succeeded. CONTEXT: {"store_id":"site2","source_order_id":44573,"central_order_id":7037,"event":"company_order_sync_push_central_status","request_id":"bfe0067f-ceb7-4ca2-a073-f84eb5783de8"}
2026-09-05T06:13:53+00:00 INFO Central order received successfully. CONTEXT: {"store_id":"site1","source_order_id":379502,"central_order_id":7101,"request_id":"5f1550e1-faa3-455d-afd8-15893fee5696","event":"orderupdated"}
2026-09-05T06:14:31+00:00 INFO Central order received successfully. CONTEXT: {"store_id":"site1","source_order_id":379502,"central_order_id":7101,"request_id":"b7433a55-4322-4660-8ac3-d71a925f53c2","event":"orderupdated"}
2026-09-05T06:15:09+00:00 INFO Central order received successfully. CONTEXT: {"store_id":"site1","source_order_id":379502,"central_order_id":7101,"request_id":"c0e4510f-3405-47b6-9219-7cdc233e4458","event":"orderupdated"}
2026-09-05T06:15:50+00:00 INFO Central order received successfully. CONTEXT: {"store_id":"site1","source_order_id":379502,"central_order_id":7101,"request_id":"b4bc82a2-f092-48ea-b458-25403a6f80bf","event":"orderupdated"}
2026-09-05T06:17:48+00:00 INFO Central bulk source statuses received. CONTEXT: {"store_id":"site1","received":1,"succeeded":1,"missing":0,"failed":0,"request_id":"ab4d5110-588e-497b-9f21-751b32f7f1ef"}
2026-09-05T06:17:50+00:00 INFO Central order received successfully. CONTEXT: {"store_id":"site1","source_order_id":379502,"central_order_id":7101,"request_id":"79e1c31f-523b-40ef-aba0-83717f229b7e","event":"orderupdated"}
2026-09-05T06:19:04+00:00 INFO Central bulk source statuses received. CONTEXT: {"store_id":"site1","received":1,"succeeded":1,"missing":0,"failed":0,"request_id":"1e20d766-6110-4a83-bd72-199e21858ec6"}
2026-09-05T06:19:06+00:00 INFO Central order received successfully. CONTEXT: {"store_id":"site1","source_order_id":372544,"central_order_id":5895,"request_id":"12e4e5c8-9a99-458f-9f35-3383b53cc18b","event":"orderupdated"}
2026-09-05T06:19:44+00:00 INFO Central order received successfully. CONTEXT: {"store_id":"site1","source_order_id":372544,"central_order_id":5895,"request_id":"ab2b38c0-99e2-45ef-bc7c-c4851817ee4b","event":"orderupdated"}
2026-09-05T06:20:20+00:00 INFO Central order received successfully. CONTEXT: {"store_id":"site1","source_order_id":372544,"central_order_id":5895,"request_id":"f567f6b9-41f7-4136-8995-55c852b9538f","event":"orderupdated"}
2026-09-05T06:20:46+00:00 INFO Central bulk source statuses received. CONTEXT: {"store_id":"site1","received":1,"succeeded":1,"missing":0,"failed":0,"request_id":"f6753587-db99-425f-99d1-4b1dbf0ffdda"}
2026-09-05T06:20:47+00:00 INFO Central order received successfully. CONTEXT: {"store_id":"site1","source_order_id":368546,"central_order_id":443,"request_id":"a89107dd-aca4-42e6-9d17-d4ac243c8efc","event":"orderupdated"}
2026-09-05T06:20:59+00:00 INFO Central order received successfully. CONTEXT: {"store_id":"site1","source_order_id":372544,"central_order_id":5895,"request_id":"1684dcca-bef6-41d1-8702-50dd20feef64","event":"orderupdated"}
2026-09-05T06:21:24+00:00 INFO Central order received successfully. CONTEXT: {"store_id":"site1","source_order_id":368546,"central_order_id":443,"request_id":"3b675c1d-3013-4e7f-ae6a-af789520eba5","event":"orderupdated"}
2026-09-05T06:21:39+00:00 INFO Central order received successfully. CONTEXT: {"store_id":"site1","source_order_id":372544,"central_order_id":5895,"request_id":"891feced-a19c-4bd4-a3fd-0e3a98a66b21","event":"orderupdated"}
2026-09-05T06:22:01+00:00 INFO Central order received successfully. CONTEXT: {"store_id":"site1","source_order_id":368546,"central_order_id":443,"request_id":"e2fe31d3-2e92-4268-b65e-218aef2e3855","event":"orderupdated"}
2026-09-05T06:22:17+00:00 INFO Central order received successfully. CONTEXT: {"store_id":"site1","source_order_id":372544,"central_order_id":5895,"request_id":"f59294d8-ca7a-43c8-bce8-4dad18badd93","event":"orderupdated"}
2026-09-05T06:22:29+00:00 INFO Central order received successfully. CONTEXT: {"store_id":"site1","source_order_id":372544,"central_order_id":5895,"request_id":"dbe12127-414f-41b6-89db-e9b0ff0bf852","event":"orderupdated"}
2026-09-05T06:23:08+00:00 INFO Central order received successfully. CONTEXT: {"store_id":"site1","source_order_id":372544,"central_order_id":5895,"request_id":"1b2f5c46-b047-4b2b-9e75-f1ee2af61a44","event":"orderupdated"}
2026-09-05T06:23:45+00:00 INFO Central order received successfully. CONTEXT: {"store_id":"site1","source_order_id":372544,"central_order_id":5895,"request_id":"97cc11ca-a3d5-45f8-9162-9d32b2692045","event":"orderupdated"}
2026-09-05T06:24:23+00:00 INFO Central order received successfully. CONTEXT: {"store_id":"site1","source_order_id":372544,"central_order_id":5895,"request_id":"fc015463-32e5-4789-a4ef-f5d6eaad6671","event":"orderupdated"}
2026-09-05T06:24:47+00:00 INFO Central order received successfully. CONTEXT: {"store_id":"site1","source_order_id":379507,"central_order_id":7103,"request_id":"1e171402-87a2-4f92-95e1-e1e3ef18edb1","event":"orderupdated"}
2026-09-05T06:25:02+00:00 INFO Central order received successfully. CONTEXT: {"store_id":"site1","source_order_id":372544,"central_order_id":5895,"request_id":"9da0befe-4fcd-4c06-ba17-be91dc65df8a","event":"orderupdated"}
2026-09-05T06:25:24+00:00 INFO Central order received successfully. CONTEXT: {"store_id":"site1","source_order_id":379507,"central_order_id":7103,"request_id":"6f7d4158-a68b-4698-8c27-007d543c83f7","event":"orderupdated"}
2026-09-05T06:25:39+00:00 INFO Central order received successfully. CONTEXT: {"store_id":"site1","source_order_id":372544,"central_order_id":5895,"request_id":"3447b5c0-b815-488c-9b2a-78ea74727c78","event":"orderupdated"}
2026-09-05T06:31:03+00:00 INFO Central order received successfully. CONTEXT: {"store_id":"site1","source_order_id":379507,"central_order_id":7103,"request_id":"edec46f7-d04a-4c0d-9a08-a86343072256","event":"orderupdated"}
2026-09-05T06:31:41+00:00 INFO Central order received successfully. CONTEXT: {"store_id":"site1","source_order_id":379507,"central_order_id":7103,"request_id":"3674b396-0064-4767-a9fb-d12e797ce3a4","event":"orderupdated"}
2026-09-05T06:32:18+00:00 INFO Central order received successfully. CONTEXT: {"store_id":"site1","source_order_id":379507,"central_order_id":7103,"request_id":"a8bf0d60-77d7-4d1c-a28c-ffbb08d6e0a2","event":"orderupdated"}
2026-09-05T06:32:58+00:00 INFO Central order received successfully. CONTEXT: {"store_id":"site1","source_order_id":379507,"central_order_id":7103,"request_id":"62998f7e-3a22-44ce-8b82-0b4fc3ec641e","event":"orderupdated"}
2026-09-05T06:33:37+00:00 INFO Central order received successfully. CONTEXT: {"store_id":"site1","source_order_id":379507,"central_order_id":7103,"request_id":"6e742b97-8e8e-410a-bcbd-489d0e4df9a1","event":"orderupdated"}
2026-09-05T06:34:14+00:00 INFO Central order received successfully. CONTEXT: {"store_id":"site1","source_order_id":379507,"central_order_id":7103,"request_id":"053aab5f-2ef6-44b8-9c98-1ffc59c14b8e","event":"orderupdated"}
2026-09-05T06:34:51+00:00 INFO Central order received successfully. CONTEXT: {"store_id":"site1","source_order_id":379507,"central_order_id":7103,"request_id":"be8e4f86-0e89-495d-abb0-ac8cda005e78","event":"orderupdated"}
2026-09-05T06:38:10+00:00 INFO Central bulk source orders received. CONTEXT: {"store_id":"site1","received":20,"succeeded":20,"failed":0,"request_id":"f6d9480c-5ad1-46d5-b442-6cffedb44e5a"}
2026-09-05T06:38:25+00:00 INFO Central order received successfully. CONTEXT: {"store_id":"site1","source_order_id":379507,"central_order_id":7103,"request_id":"2e6c10a2-3333-4388-8a34-a2c77bfb6ea1","event":"orderupdated"}
2026-09-05T06:38:41+00:00 INFO Central order received successfully. CONTEXT: {"store_id":"site1","source_order_id":379510,"central_order_id":7104,"request_id":"930d296d-9e3b-44f8-a5b2-8b3110bb18b8","event":"orderupdated"}
2026-09-05T06:39:03+00:00 INFO Central bulk source orders received. CONTEXT: {"store_id":"site1","received":20,"succeeded":20,"failed":0,"request_id":"e4225e4e-f60c-4932-987d-92618c98c9e8"}
2026-09-05T06:39:05+00:00 INFO Central order received successfully. CONTEXT: {"store_id":"site1","source_order_id":379507,"central_order_id":7103,"request_id":"cd6c6c62-5577-4c86-8888-1caaefe85657","event":"orderupdated"}
2026-09-05T06:39:53+00:00 INFO Central bulk source orders received. CONTEXT: {"store_id":"site1","received":20,"succeeded":20,"failed":0,"request_id":"ee3effaa-4edf-41ae-a88d-5078ec7e9e53"}
2026-09-05T06:44:11+00:00 INFO Central order received successfully. CONTEXT: {"store_id":"site1","source_order_id":379507,"central_order_id":7103,"request_id":"9acb7a56-b032-4556-8db5-1bb07b36a128","event":"orderupdated"}
2026-09-05T06:44:49+00:00 INFO Central order received successfully. CONTEXT: {"store_id":"site1","source_order_id":379507,"central_order_id":7103,"request_id":"9a0831a6-a641-4c11-a4bd-dc82dcda4f27","event":"orderupdated"}
2026-09-05T06:45:52+00:00 INFO Central bulk source orders received. CONTEXT: {"store_id":"site1","received":20,"succeeded":20,"failed":0,"request_id":"40a41d75-e8c7-4294-bf91-0477af21b1d6"}
2026-09-05T06:47:31+00:00 INFO Central order received successfully. CONTEXT: {"store_id":"site1","source_order_id":379514,"central_order_id":7105,"request_id":"490022a7-b017-4ba3-a548-2026538457f0","event":"orderupdated"}
2026-09-05T06:48:11+00:00 INFO Central order received successfully. CONTEXT: {"store_id":"site1","source_order_id":379514,"central_order_id":7105,"request_id":"35ca6eee-98a1-4341-a912-3e39dd8da65b","event":"orderupdated"}
2026-09-05T06:48:52+00:00 INFO Central order received successfully. CONTEXT: {"store_id":"site1","source_order_id":379514,"central_order_id":7105,"request_id":"925b7602-d027-4372-9862-5838ceef7afa","event":"orderupdated"}
2026-09-05T06:50:06+00:00 INFO Central bulk source orders received. CONTEXT: {"store_id":"site1","received":20,"succeeded":20,"failed":0,"request_id":"a230c276-70d5-44a8-b6db-a851ab233e32"}
2026-09-05T06:50:14+00:00 INFO Central bulk source orders received. CONTEXT: {"store_id":"site1","received":20,"succeeded":20,"failed":0,"request_id":"ac8acab1-5fa3-4440-aa96-0070ad122a84"}
2026-09-05T06:52:10+00:00 INFO Central bulk source orders received. CONTEXT: {"store_id":"site1","received":20,"succeeded":20,"failed":0,"request_id":"5d690bd8-267b-43f9-9869-90385a10c6b3"}
2026-09-05T06:52:53+00:00 INFO Central order received successfully. CONTEXT: {"store_id":"site1","source_order_id":379515,"central_order_id":7106,"request_id":"d69fcf80-2e51-4297-aa11-ff77b672be78","event":"orderupdated"}
2026-09-05T06:53:01+00:00 INFO Central bulk source orders received. CONTEXT: {"store_id":"site1","received":20,"succeeded":20,"failed":0,"request_id":"4f060a3f-015d-4802-a728-10899f7577a3"}
2026-09-05T06:53:23+00:00 INFO Central bulk source orders received. CONTEXT: {"store_id":"site1","received":20,"succeeded":20,"failed":0,"request_id":"a1fbcb11-215e-44bf-b779-ea23887b2bcf"}
2026-09-05T06:53:28+00:00 INFO Central order received successfully. CONTEXT: {"store_id":"site1","source_order_id":379515,"central_order_id":7106,"request_id":"6ea4aa2f-9cea-4c69-b0c9-7138b8775853","event":"orderupdated"}
2026-09-05T06:53:39+00:00 INFO Central bulk source orders received. CONTEXT: {"store_id":"site1","received":20,"succeeded":20,"failed":0,"request_id":"d16d9c43-2f34-4d7e-854b-fa0168f52212"}
2026-09-05T06:54:16+00:00 INFO Central bulk source orders received. CONTEXT: {"store_id":"site1","received":20,"succeeded":20,"failed":0,"request_id":"d72b9466-728d-4969-afad-cebcf9a1b2f5"}
2026-09-05T06:55:19+00:00 INFO Central order received successfully. CONTEXT: {"store_id":"site1","source_order_id":379517,"central_order_id":7107,"request_id":"7982f2a5-297a-4337-a257-8990c498e500","event":"orderupdated"}
2026-09-05T06:55:22+00:00 INFO Central bulk source orders received. CONTEXT: {"store_id":"site1","received":20,"succeeded":20,"failed":0,"request_id":"6fe59ec2-3aa4-434f-baef-2b7dff306d69"}
2026-09-05T06:55:30+00:00 INFO Central order received successfully. CONTEXT: {"store_id":"site1","source_order_id":379517,"central_order_id":7107,"request_id":"d3a043a4-e0cb-4281-bb31-2d698d147517","event":"orderupdated"}
2026-09-05T06:57:56+00:00 INFO Central order received successfully. CONTEXT: {"store_id":"site1","source_order_id":379518,"central_order_id":7108,"request_id":"4f08aae3-98e7-423f-a081-dcc0bce14078","event":"orderupdated"}
2026-09-05T06:58:36+00:00 INFO Central order received successfully. CONTEXT: {"store_id":"site1","source_order_id":379518,"central_order_id":7108,"request_id":"284eb44f-792a-40d1-91ee-6b2269eb18b1","event":"orderupdated"}
2026-09-05T06:58:44+00:00 INFO Central bulk source orders received. CONTEXT: {"store_id":"site1","received":20,"succeeded":20,"failed":0,"request_id":"1e18a49e-3535-4c8d-9bd8-ba23d74ed846"}
2026-09-05T06:59:05+00:00 INFO Central bulk source orders received. CONTEXT: {"store_id":"site1","received":20,"succeeded":20,"failed":0,"request_id":"b4cadc63-ecfa-4f0f-913f-e54fb2a51391"}
2026-09-05T06:59:13+00:00 INFO Central order received successfully. CONTEXT: {"store_id":"site1","source_order_id":379518,"central_order_id":7108,"request_id":"45171db1-0174-4e9b-acaa-b95d9540c40a","event":"orderupdated"}
2026-09-05T06:59:18+00:00 INFO Central bulk source orders received. CONTEXT: {"store_id":"site1","received":20,"succeeded":20,"failed":0,"request_id":"ef71e5d2-64f8-4521-9e3c-735da7cc13b7"}
2026-09-05T07:00:05+00:00 INFO Central order received successfully. CONTEXT: {"store_id":"site1","source_order_id":379518,"central_order_id":7108,"request_id":"04b7917d-5898-4610-8581-0591af77a8e4","event":"orderupdated"}
2026-09-05T07:00:06+00:00 INFO Central bulk source orders received. CONTEXT: {"store_id":"site1","received":20,"succeeded":20,"failed":0,"request_id":"fbc5bce3-f2f8-4535-9e77-973c83fdf8e8"}
2026-09-05T07:00:33+00:00 INFO Central bulk source orders received. CONTEXT: {"store_id":"site1","received":20,"succeeded":20,"failed":0,"request_id":"1198e278-7564-484f-a9e8-54dbcc620c12"}
2026-09-05T07:00:57+00:00 INFO Central bulk source orders received. CONTEXT: {"store_id":"site1","received":20,"succeeded":20,"failed":0,"request_id":"ee1a8e7a-3da1-4b81-ae38-3e03534e5f8c"}
2026-09-05T07:01:04+00:00 INFO Central order received successfully. CONTEXT: {"store_id":"site1","source_order_id":379518,"central_order_id":7108,"request_id":"e902586f-94ea-4158-a4da-a8df4a4cd7db","event":"orderupdated"}
2026-09-05T07:01:12+00:00 INFO Central order received successfully. CONTEXT: {"store_id":"site1","source_order_id":379518,"central_order_id":7108,"request_id":"354f89aa-f707-48c0-9ce5-b15f85a3f0e7","event":"orderupdated"}
2026-09-05T07:01:25+00:00 INFO Central order received successfully. CONTEXT: {"store_id":"site1","source_order_id":379518,"central_order_id":7108,"request_id":"f92bd9b4-3997-4863-a5fb-ea5e892e722b","event":"orderupdated"}
2026-09-05T07:01:27+00:00 INFO Central bulk source orders received. CONTEXT: {"store_id":"site1","received":20,"succeeded":20,"failed":0,"request_id":"e37c3633-4e36-4612-ad43-48df914016c6"}
2026-09-05T07:10:07+00:00 INFO Central bulk source orders received. CONTEXT: {"store_id":"site1","received":20,"succeeded":20,"failed":0,"request_id":"c9ecc1ee-f739-481b-8113-7aa6755ca7bd"}
2026-09-05T07:10:15+00:00 INFO Central bulk source orders received. CONTEXT: {"store_id":"site1","received":20,"succeeded":20,"failed":0,"request_id":"8198d4b6-bf1e-477b-a317-cbef7e38d5fa"}
2026-09-05T07:10:33+00:00 INFO Central order received successfully. CONTEXT: {"store_id":"site1","source_order_id":379519,"central_order_id":7111,"request_id":"f2c6917a-0e97-4bdc-979c-4fe017d6c850","event":"orderupdated"}
2026-09-05T07:10:46+00:00 INFO Central order received successfully. CONTEXT: {"store_id":"site1","source_order_id":379519,"central_order_id":7111,"request_id":"96d3abc7-4d67-460e-b5b5-7e7e373edeea","event":"orderupdated"}
2026-09-05T07:11:22+00:00 INFO Central order received successfully. CONTEXT: {"store_id":"site1","source_order_id":379519,"central_order_id":7111,"request_id":"60a46122-8cdc-453f-a4bc-a3c02082f53c","event":"orderupdated"}
2026-09-05T07:12:04+00:00 INFO Central order received successfully. CONTEXT: {"store_id":"site1","source_order_id":379519,"central_order_id":7111,"request_id":"d8cd6836-3854-4325-a85e-70f1dd00d7c1","event":"orderupdated"}
2026-09-05T07:12:46+00:00 INFO Central order received successfully. CONTEXT: {"store_id":"site1","source_order_id":379519,"central_order_id":7111,"request_id":"7d9547c0-95c0-4fb0-9f56-b18aa5c34df1","event":"orderupdated"}
2026-09-05T07:13:13+00:00 INFO Central bulk source orders received. CONTEXT: {"store_id":"site1","received":20,"succeeded":20,"failed":0,"request_id":"e7950130-987c-457c-8ae1-7d998e745abd"}
2026-09-05T07:15:52+00:00 INFO Central order received successfully. CONTEXT: {"store_id":"site1","source_order_id":379519,"central_order_id":7111,"request_id":"896abf53-0ff6-44de-b52b-05d30442eb73","event":"orderupdated"}
2026-09-05T07:15:54+00:00 INFO Central bulk source orders received. CONTEXT: {"store_id":"site1","received":20,"succeeded":20,"failed":0,"request_id":"373fb0fc-8528-4f60-976d-482f015d7672"}
2026-09-05T07:16:25+00:00 INFO Central bulk source orders received. CONTEXT: {"store_id":"site1","received":20,"succeeded":20,"failed":0,"request_id":"e1220cb9-b4f7-4d0a-96b8-33de27c2ef5b"}
2026-09-05T07:17:58+00:00 INFO Central bulk source orders received. CONTEXT: {"store_id":"site1","received":20,"succeeded":20,"failed":0,"request_id":"21b83d27-893c-4224-9c1e-a6c629e6d460"}
2026-09-05T07:20:50+00:00 INFO Central bulk source orders received. CONTEXT: {"store_id":"site1","received":20,"succeeded":20,"failed":0,"request_id":"9bf17c2a-4517-4fb6-a48c-472a1668a686"}
2026-09-05T07:21:13+00:00 INFO Central bulk source orders received. CONTEXT: {"store_id":"site1","received":20,"succeeded":20,"failed":0,"request_id":"96980160-2ff2-49fe-867f-4a9752ecd346"}
2026-09-05T07:22:13+00:00 INFO Central bulk source orders received. CONTEXT: {"store_id":"site1","received":20,"succeeded":20,"failed":0,"request_id":"5415252a-ebd0-41a3-bd18-07092baaba3b"}
2026-09-05T07:26:28+00:00 INFO Central bulk source orders received. CONTEXT: {"store_id":"site1","received":20,"succeeded":20,"failed":0,"request_id":"268e5375-faf3-464c-8efd-eb25a8d9f7ca"}
2026-09-05T07:33:51+00:00 INFO Central bulk source orders received. CONTEXT: {"store_id":"site1","received":20,"succeeded":20,"failed":0,"request_id":"4a67bbbc-8db3-4d3b-acd4-59af5ef99420"}
2026-09-05T07:36:08+00:00 INFO Central bulk source orders received. CONTEXT: {"store_id":"site1","received":20,"succeeded":20,"failed":0,"request_id":"e07e7337-ffd3-4952-9e2d-5e2cc8a7555b"}
2026-09-05T07:36:19+00:00 INFO Central bulk source orders received. CONTEXT: {"store_id":"site1","received":20,"succeeded":20,"failed":0,"request_id":"dd7111ae-a013-4e85-a7ba-fba9f52e4981"}
2026-09-05T07:37:05+00:00 INFO Central bulk source orders received. CONTEXT: {"store_id":"site1","received":20,"succeeded":20,"failed":0,"request_id":"d6f9b8e3-3345-440a-9d15-23d64d2e5982"}
2026-09-05T07:38:05+00:00 INFO Central bulk source orders received. CONTEXT: {"store_id":"site1","received":20,"succeeded":20,"failed":0,"request_id":"8bb9f077-3c44-4f8d-9a2b-5edd85341879"}
2026-09-05T07:38:19+00:00 INFO Central bulk source orders received. CONTEXT: {"store_id":"site1","received":20,"succeeded":20,"failed":0,"request_id":"0c8c109f-5530-422b-aa5b-f0fff3b555a8"}
2026-09-05T07:40:27+00:00 INFO Central bulk source orders received. CONTEXT: {"store_id":"site1","received":20,"succeeded":20,"failed":0,"request_id":"d8119ea8-4ce0-46da-93bd-8c43b6b8fe35"}
2026-09-05T07:42:56+00:00 INFO Central bulk source orders received. CONTEXT: {"store_id":"site1","received":20,"succeeded":20,"failed":0,"request_id":"d730c647-9907-406e-9d54-81b3bb900a59"}
2026-09-05T07:44:53+00:00 INFO Central bulk source orders received. CONTEXT: {"store_id":"site1","received":20,"succeeded":20,"failed":0,"request_id":"cf37a86a-a62a-4407-bd24-7d500750ecfe"}
2026-09-05T07:46:41+00:00 INFO Central bulk source orders received. CONTEXT: {"store_id":"site1","received":20,"succeeded":20,"failed":0,"request_id":"899ea67e-2569-4ea0-b089-5b9f7203cdeb"}
2026-09-05T07:48:51+00:00 INFO Central bulk source orders received. CONTEXT: {"store_id":"site1","received":20,"succeeded":20,"failed":0,"request_id":"096542ab-0ed2-4e55-a3fe-ec1cec9b8ba8"}
2026-09-05T07:50:35+00:00 INFO Central order received successfully. CONTEXT: {"store_id":"site1","source_order_id":379695,"central_order_id":7113,"request_id":"d9e0574d-6a02-4a32-ba1e-19188356c311","event":"orderupdated"}
2026-09-05T07:52:06+00:00 INFO Central order received successfully. CONTEXT: {"store_id":"site1","source_order_id":379698,"central_order_id":7114,"request_id":"b094666c-7b75-4c73-a2ad-14770184580e","event":"orderupdated"}
2026-09-05T07:54:49+00:00 INFO Central order received successfully. CONTEXT: {"store_id":"site1","source_order_id":367059,"central_order_id":177,"request_id":"cd751593-9775-44dd-ac56-7f3a4998eeac","event":"orderupdated"}
2026-09-05T07:57:06+00:00 INFO Central order received successfully. CONTEXT: {"store_id":"site1","source_order_id":367059,"central_order_id":177,"request_id":"7ce05bdc-3dbb-4e78-91f7-4558a7d1b703","event":"orderupdated"}
2026-09-05T07:57:11+00:00 INFO Central order received successfully. CONTEXT: {"store_id":"site1","source_order_id":367059,"central_order_id":177,"request_id":"bd51ad8f-9344-4f1f-a858-d1e1b8a48e84","event":"orderupdated"}
2026-09-05T07:59:11+00:00 INFO Central order received successfully. CONTEXT: {"store_id":"site1","source_order_id":379699,"central_order_id":7115,"request_id":"407a57df-17f2-4362-93dc-95a0524ab6bc","event":"orderupdated"}
2026-09-05T08:00:12+00:00 INFO Central bulk source orders received. CONTEXT: {"store_id":"site1","received":20,"succeeded":20,"failed":0,"request_id":"4ff399a3-7f96-4734-8252-841b836be24e"}
2026-09-05T08:01:25+00:00 INFO Central bulk source orders received. CONTEXT: {"store_id":"site1","received":20,"succeeded":20,"failed":0,"request_id":"d27e4eaa-7c8e-4849-ac11-32e45272532c"}
2026-09-05T08:04:24+00:00 INFO Central order received successfully. CONTEXT: {"store_id":"site1","source_order_id":367059,"central_order_id":177,"request_id":"8169dc43-dcb5-4764-85be-0685dfb9f4d8","event":"orderupdated"}
2026-09-05T08:05:04+00:00 INFO Central bulk source orders received. CONTEXT: {"store_id":"site1","received":20,"succeeded":20,"failed":0,"request_id":"fb74dacc-d5fe-4cc8-bc1f-48a01fe12f81"}
2026-09-05T08:05:18+00:00 INFO Central order received successfully. CONTEXT: {"store_id":"site1","source_order_id":367059,"central_order_id":177,"request_id":"58479906-6e02-4246-9929-043f179855c6","event":"orderupdated"}
2026-09-05T08:06:16+00:00 INFO Central bulk source orders received. CONTEXT: {"store_id":"site1","received":20,"succeeded":20,"failed":0,"request_id":"939664c4-88c0-4ed6-88bb-c74de4a3146f"}
2026-09-05T08:06:22+00:00 INFO Central order received successfully. CONTEXT: {"store_id":"site1","source_order_id":379702,"central_order_id":7116,"request_id":"6d007ee0-6484-48a8-9c22-b35e707fdaab","event":"orderupdated"}
2026-09-05T08:06:41+00:00 INFO Central bulk source orders received. CONTEXT: {"store_id":"site1","received":20,"succeeded":20,"failed":0,"request_id":"bf75952b-a108-4cc9-9d0c-3a2615e181d8"}
2026-09-05T08:07:02+00:00 INFO Central order received successfully. CONTEXT: {"store_id":"site1","source_order_id":367059,"central_order_id":177,"request_id":"edd212e2-14ea-4ce4-afd6-bcb5e9deda3e","event":"orderupdated"}
2026-09-05T08:07:44+00:00 INFO Central bulk source orders received. CONTEXT: {"store_id":"site1","received":20,"succeeded":20,"failed":0,"request_id":"4bbf810b-76ed-4c14-9da5-d1aa1ea5533d"}
2026-09-05T08:08:08+00:00 INFO Central bulk source orders received. CONTEXT: {"store_id":"site1","received":20,"succeeded":20,"failed":0,"request_id":"291a061e-a1db-4c6a-9db6-8b048c0c4057"}
2026-09-05T08:09:05+00:00 INFO Central bulk source orders received. CONTEXT: {"store_id":"site1","received":20,"succeeded":20,"failed":0,"request_id":"3153bad7-b905-41f6-a4ab-9f0dadd7fc83"}
2026-09-05T08:09:13+00:00 INFO Central order received successfully. CONTEXT: {"store_id":"site1","source_order_id":367059,"central_order_id":177,"request_id":"fb41e819-706d-4dad-b278-6936e6fa1a50","event":"orderupdated"}
2026-09-05T08:09:34+00:00 INFO Central bulk source orders received. CONTEXT: {"store_id":"site1","received":20,"succeeded":20,"failed":0,"request_id":"20821666-8770-411b-8017-f62403b08d08"}
2026-09-05T08:10:04+00:00 INFO Central order received successfully. CONTEXT: {"store_id":"site1","source_order_id":376446,"central_order_id":6855,"request_id":"703c3189-12aa-403d-88a1-db5766ba4fc0","event":"orderupdated"}
2026-09-05T08:10:11+00:00 INFO Central order received successfully. CONTEXT: {"store_id":"site1","source_order_id":376446,"central_order_id":6855,"request_id":"c714b42f-56c9-4497-969d-5e15205ba230","event":"orderupdated"}
2026-09-05T08:10:30+00:00 INFO Central order received successfully. CONTEXT: {"store_id":"site1","source_order_id":376446,"central_order_id":6855,"request_id":"06f5881a-60a6-4367-af13-1a579228eb9c","event":"orderupdated"}
2026-09-05T08:10:33+00:00 INFO Central bulk source orders received. CONTEXT: {"store_id":"site1","received":20,"succeeded":20,"failed":0,"request_id":"88ea8327-9555-43b3-ac12-7405177a8d2d"}
2026-09-05T08:11:01+00:00 INFO Central order received successfully. CONTEXT: {"store_id":"site1","source_order_id":367059,"central_order_id":177,"request_id":"62328452-450d-4035-bc47-33d405cc88a5","event":"orderupdated"}
2026-09-05T08:11:07+00:00 INFO Central bulk source orders received. CONTEXT: {"store_id":"site1","received":20,"succeeded":20,"failed":0,"request_id":"b8a39626-935f-4cde-bc00-647065854f3e"}
2026-09-05T08:11:25+00:00 INFO Central bulk source orders received. CONTEXT: {"store_id":"site1","received":20,"succeeded":20,"failed":0,"request_id":"a0ad04ab-abe5-43e5-a048-53be8ed56693"}
2026-09-05T08:11:38+00:00 INFO Central order received successfully. CONTEXT: {"store_id":"site1","source_order_id":367059,"central_order_id":177,"request_id":"a77f893e-d24e-452a-8552-50fadcb79e1a","event":"orderupdated"}
2026-09-05T08:12:00+00:00 INFO Central bulk source orders received. CONTEXT: {"store_id":"site1","received":20,"succeeded":20,"failed":0,"request_id":"3eb10b93-fa80-4553-a336-8cf741991ed8"}
2026-09-05T08:12:56+00:00 INFO Central order received successfully. CONTEXT: {"store_id":"site1","source_order_id":367059,"central_order_id":177,"request_id":"fe2cea64-753a-49bd-ad7f-d24f3464aee3","event":"orderupdated"}
2026-09-05T08:12:58+00:00 INFO Central bulk source orders received. CONTEXT: {"store_id":"site1","received":20,"succeeded":20,"failed":0,"request_id":"ee794b40-7297-46b2-ad08-8ac4ce19b095"}
2026-09-05T08:13:56+00:00 INFO Central bulk source orders received. CONTEXT: {"store_id":"site1","received":20,"succeeded":20,"failed":0,"request_id":"685c60f7-74d1-401e-8445-4feff1713983"}
2026-09-05T08:14:46+00:00 INFO Central bulk source orders received. CONTEXT: {"store_id":"site1","received":20,"succeeded":20,"failed":0,"request_id":"69f92858-d4d4-4a89-ad4d-99952ad3b8d0"}
2026-09-05T08:15:39+00:00 INFO Central bulk source orders received. CONTEXT: {"store_id":"site1","received":20,"succeeded":20,"failed":0,"request_id":"2973d5d8-896d-47bc-8fb2-591627eb24e7"}
2026-09-05T08:19:06+00:00 INFO Central order received successfully. CONTEXT: {"store_id":"site1","source_order_id":367059,"central_order_id":177,"request_id":"f71ac011-84d3-4432-b69a-8730f00df21e","event":"orderupdated"}
2026-09-05T08:19:10+00:00 INFO Central order received successfully. CONTEXT: {"store_id":"site1","source_order_id":367059,"central_order_id":177,"request_id":"47e5daea-4d11-4662-81df-7744c728b84c","event":"orderupdated"}
2026-09-05T08:19:46+00:00 INFO Central order received successfully. CONTEXT: {"store_id":"site1","source_order_id":367059,"central_order_id":177,"request_id":"bf217a92-8741-4824-a2ce-da9b298308db","event":"orderupdated"}
2026-09-05T08:21:33+00:00 INFO Central bulk source orders received. CONTEXT: {"store_id":"site1","received":20,"succeeded":20,"failed":0,"request_id":"fd5c7967-cb88-4160-a1b3-4050498d1727"}
2026-09-05T08:22:15+00:00 INFO Central bulk source orders received. CONTEXT: {"store_id":"site1","received":20,"succeeded":20,"failed":0,"request_id":"3ab37942-7349-4aa1-8568-146b854ec75e"}
2026-09-05T08:22:28+00:00 INFO Central order received successfully. CONTEXT: {"store_id":"site1","source_order_id":367059,"central_order_id":177,"request_id":"e40cc9eb-26d2-4f77-8c7e-962ea851a8fb","event":"orderupdated"}
2026-09-05T08:22:46+00:00 INFO Central order received successfully. CONTEXT: {"store_id":"site1","source_order_id":367059,"central_order_id":177,"request_id":"7f95d40e-c4d0-471b-a725-edc04b22f67f","event":"orderupdated"}
2026-09-05T08:23:04+00:00 INFO Central order received successfully. CONTEXT: {"store_id":"site1","source_order_id":367059,"central_order_id":177,"request_id":"d9a88fcd-1634-4ff8-89f3-aef5b5f4692e","event":"orderupdated"}
2026-09-05T08:23:06+00:00 INFO Central bulk source orders received. CONTEXT: {"store_id":"site1","received":20,"succeeded":20,"failed":0,"request_id":"6556ea0e-c890-46d8-91ce-7314e6362999"}
2026-09-05T08:23:14+00:00 INFO Central bulk source orders received. CONTEXT: {"store_id":"site1","received":20,"succeeded":20,"failed":0,"request_id":"85199d04-ac90-4a50-a999-39afc711320e"}
2026-09-05T08:23:32+00:00 INFO Central bulk source orders received. CONTEXT: {"store_id":"site1","received":20,"succeeded":20,"failed":0,"request_id":"029f293d-94f6-42a5-952c-d77ff3fbd0d8"}
2026-09-05T08:32:05+00:00 INFO Central bulk source orders received. CONTEXT: {"store_id":"site1","received":20,"succeeded":20,"failed":0,"request_id":"ab35e314-ed92-4937-abe0-5ed8b7e14f6f"}
2026-09-05T08:32:10+00:00 INFO Central order received successfully. CONTEXT: {"store_id":"site1","source_order_id":379708,"central_order_id":7117,"request_id":"c3482b65-0508-4975-963e-6777dcd836b0","event":"orderupdated"}
2026-09-05T08:32:18+00:00 INFO Central bulk source orders received. CONTEXT: {"store_id":"site1","received":20,"succeeded":20,"failed":0,"request_id":"5e7c9a8b-9179-4ac7-8339-27e50fd9da4f"}
2026-09-05T08:32:34+00:00 INFO Central order received successfully. CONTEXT: {"store_id":"site1","source_order_id":376462,"central_order_id":6870,"request_id":"bda1c3a1-396a-46bf-bc72-7919022efb0c","event":"orderupdated"}
2026-09-05T08:32:46+00:00 INFO Central order received successfully. CONTEXT: {"store_id":"site1","source_order_id":376462,"central_order_id":6870,"request_id":"b6525f78-395e-492a-868c-4e3b1b101340","event":"orderupdated"}
2026-09-05T08:32:48+00:00 INFO Central order received successfully. CONTEXT: {"store_id":"site1","source_order_id":379708,"central_order_id":7117,"request_id":"ab15af92-6fe6-4386-bc02-df3fea70a146","event":"orderupdated"}
2026-09-05T08:33:02+00:00 INFO Central order received successfully. CONTEXT: {"store_id":"site1","source_order_id":376462,"central_order_id":6870,"request_id":"cad38daa-5e07-4222-89a2-e9b69524ef3b","event":"orderupdated"}
2026-09-05T08:33:11+00:00 INFO Central bulk source orders received. CONTEXT: {"store_id":"site1","received":20,"succeeded":20,"failed":0,"request_id":"0a0f1000-de4f-4e17-9e4a-3ca5b820ec6e"}
2026-09-05T08:33:18+00:00 INFO Central order received successfully. CONTEXT: {"store_id":"site1","source_order_id":376462,"central_order_id":6870,"request_id":"3a7007e1-0bec-42bf-bc48-4578e3bd0267","event":"orderupdated"}
2026-09-05T08:33:25+00:00 INFO Central order received successfully. CONTEXT: {"store_id":"site1","source_order_id":376462,"central_order_id":6870,"request_id":"0540a3cf-890d-4ec9-a542-8f439267b5a0","event":"orderupdated"}
2026-09-05T08:33:39+00:00 INFO Central order received successfully. CONTEXT: {"store_id":"site1","source_order_id":376462,"central_order_id":6870,"request_id":"9551c9a4-73c9-46ec-b2cc-27d696438047","event":"orderupdated"}
2026-09-05T08:33:41+00:00 INFO Central bulk source orders received. CONTEXT: {"store_id":"site1","received":20,"succeeded":20,"failed":0,"request_id":"080c277b-d739-40b6-8400-b4574f3ef07e"}
2026-09-05T08:34:03+00:00 INFO Central bulk source orders received. CONTEXT: {"store_id":"site1","received":20,"succeeded":20,"failed":0,"request_id":"6e7ffc8c-461f-4ab2-9e5b-04aa3354113e"}
2026-09-05T08:34:17+00:00 INFO Central order received successfully. CONTEXT: {"store_id":"site1","source_order_id":376462,"central_order_id":6870,"request_id":"7319bf8f-0ed3-45b5-96b3-37adeccf2fb6","event":"orderupdated"}
2026-09-05T08:34:32+00:00 INFO Central bulk source orders received. CONTEXT: {"store_id":"site1","received":20,"succeeded":20,"failed":0,"request_id":"bf4cf61d-d86a-4fe9-b51c-167ab0a1d7ac"}
2026-09-05T08:34:53+00:00 INFO Central order received successfully. CONTEXT: {"store_id":"site1","source_order_id":376462,"central_order_id":6870,"request_id":"eee23dff-a0df-4e7f-824d-1d3362278cb9","event":"orderupdated"}
2026-09-05T08:34:53+00:00 INFO Central bulk source orders received. CONTEXT: {"store_id":"site1","received":20,"succeeded":20,"failed":0,"request_id":"431775e1-d7fd-47da-a6e5-90773ec105ee"}
2026-09-05T08:35:22+00:00 INFO Central bulk source orders received. CONTEXT: {"store_id":"site1","received":20,"succeeded":20,"failed":0,"request_id":"4daec77d-00f6-4c25-a38f-854c67ebd820"}
2026-09-05T08:35:25+00:00 INFO Central order received successfully. CONTEXT: {"store_id":"site1","source_order_id":376462,"central_order_id":6870,"request_id":"d60a1011-84dc-41d4-ad7c-7090f3daf68d","event":"orderupdated"}
2026-09-05T08:35:33+00:00 INFO Central order received successfully. CONTEXT: {"store_id":"site1","source_order_id":376462,"central_order_id":6870,"request_id":"0a4f8937-a822-4fe6-b476-c737fe342cdd","event":"orderupdated"}
2026-09-05T08:36:03+00:00 INFO Central order received successfully. CONTEXT: {"store_id":"site1","source_order_id":376462,"central_order_id":6870,"request_id":"e0817b10-ff54-4bb5-9d16-d41b8b40b80f","event":"orderupdated"}
2026-09-05T08:36:16+00:00 INFO Central order received successfully. CONTEXT: {"store_id":"site1","source_order_id":376462,"central_order_id":6870,"request_id":"72e189a0-f487-45f7-b030-77a47a743f2a","event":"orderupdated"}
2026-09-05T08:36:41+00:00 INFO Central order received successfully. CONTEXT: {"store_id":"site1","source_order_id":379713,"central_order_id":7118,"request_id":"a699c7fd-c96f-4991-b587-92c7f5c5fe08","event":"orderupdated"}
2026-09-05T08:36:53+00:00 INFO Central order received successfully. CONTEXT: {"store_id":"site1","source_order_id":376462,"central_order_id":6870,"request_id":"2cdb7a68-8a7f-49cf-862f-9c15624ae33c","event":"orderupdated"}
2026-09-05T08:37:22+00:00 INFO Central order received successfully. CONTEXT: {"store_id":"site1","source_order_id":379713,"central_order_id":7118,"request_id":"e0bd7ca2-8cd9-485b-a605-d0a6dd5a5481","event":"orderupdated"}
2026-09-05T08:37:29+00:00 INFO Central order received successfully. CONTEXT: {"store_id":"site1","source_order_id":376462,"central_order_id":6870,"request_id":"f8c8e7f9-f000-4602-85ea-faa73d1ff766","event":"orderupdated"}
2026-09-05T08:37:45+00:00 INFO Central bulk source orders received. CONTEXT: {"store_id":"site1","received":20,"succeeded":20,"failed":0,"request_id":"41c9535c-16ac-4179-86b4-73388397a86a"}
2026-09-05T08:38:01+00:00 INFO Central order received successfully. CONTEXT: {"store_id":"site1","source_order_id":379713,"central_order_id":7118,"request_id":"67474ca9-9abf-4223-a44d-b783b03571c1","event":"orderupdated"}
2026-09-05T08:38:09+00:00 INFO Central order received successfully. CONTEXT: {"store_id":"site1","source_order_id":376462,"central_order_id":6870,"request_id":"b92cee14-208c-4ffc-925f-6d6096743ef3","event":"orderupdated"}
2026-09-05T08:38:19+00:00 INFO Central bulk source orders received. CONTEXT: {"store_id":"site1","received":20,"succeeded":20,"failed":0,"request_id":"e3b60b64-f4a6-4f10-ad4b-85953b4cea15"}
2026-09-05T08:38:31+00:00 INFO Central order received successfully. CONTEXT: {"store_id":"site1","source_order_id":367059,"central_order_id":177,"request_id":"80be0190-c0ae-4d7e-b79c-7dfd05931af4","event":"orderupdated"}
2026-09-05T08:38:35+00:00 INFO Central bulk source orders received. CONTEXT: {"store_id":"site1","received":20,"succeeded":20,"failed":0,"request_id":"f245d1e2-29bc-41a0-8803-39db85f4613b"}
2026-09-05T08:39:12+00:00 INFO Central bulk source orders received. CONTEXT: {"store_id":"site1","received":20,"succeeded":20,"failed":0,"request_id":"350d7ce4-2167-4cf0-a948-8c2e63647ad9"}
2026-09-05T08:39:27+00:00 INFO Central bulk source orders received. CONTEXT: {"store_id":"site1","received":20,"succeeded":20,"failed":0,"request_id":"85384698-dc2c-49dc-8c7a-ad65182fd932"}
2026-09-05T08:39:44+00:00 INFO Central bulk source orders received. CONTEXT: {"store_id":"site1","received":20,"succeeded":20,"failed":0,"request_id":"4523cc88-3829-4eb1-98ac-7e60b7ff64d6"}
2026-09-05T08:40:20+00:00 INFO Central bulk source orders received. CONTEXT: {"store_id":"site1","received":20,"succeeded":20,"failed":0,"request_id":"ef835cd7-781d-4715-ab50-cd40a6779d24"}
2026-09-05T08:41:06+00:00 INFO Central bulk source orders received. CONTEXT: {"store_id":"site1","received":20,"succeeded":20,"failed":0,"request_id":"27ab6fc8-4560-4334-8281-3872e090be66"}
2026-09-05T08:41:14+00:00 INFO Central bulk source orders received. CONTEXT: {"store_id":"site1","received":20,"succeeded":20,"failed":0,"request_id":"9aa4ec54-bfdc-42fb-94ff-af9a767d174f"}
2026-09-05T08:42:02+00:00 INFO Central bulk source orders received. CONTEXT: {"store_id":"site1","received":20,"succeeded":20,"failed":0,"request_id":"c4793215-2ad8-4575-bdd0-4bae2955dc94"}
2026-09-05T08:42:52+00:00 INFO Central bulk source orders received. CONTEXT: {"store_id":"site1","received":20,"succeeded":20,"failed":0,"request_id":"3c5a08d2-d3d6-4a12-b5b4-d41de6c8df65"}
2026-09-05T08:43:02+00:00 INFO Central order received successfully. CONTEXT: {"store_id":"site1","source_order_id":379713,"central_order_id":7118,"request_id":"3c6db765-40d7-413c-b4af-8bc13d6b787c","event":"orderupdated"}
2026-09-05T08:43:39+00:00 INFO Central order received successfully. CONTEXT: {"store_id":"site1","source_order_id":379713,"central_order_id":7118,"request_id":"ad47fa99-2e1e-4858-b08e-d949bb9ec939","event":"orderupdated"}
2026-09-05T08:45:09+00:00 INFO Central order received successfully. CONTEXT: {"store_id":"site1","source_order_id":379713,"central_order_id":7118,"request_id":"51edd83e-1aca-4029-9483-398f157c3b89","event":"orderupdated"}
2026-09-05T08:45:12+00:00 INFO Central bulk source orders received. CONTEXT: {"store_id":"site1","received":20,"succeeded":20,"failed":0,"request_id":"c10cb707-60ce-4407-b21f-f36cf317fdf8"}
2026-09-05T08:45:32+00:00 INFO Central bulk source orders received. CONTEXT: {"store_id":"site1","received":20,"succeeded":20,"failed":0,"request_id":"fcf7adda-53d9-4a96-98cc-daaa9970e768"}
2026-09-05T08:45:47+00:00 INFO Central bulk source orders received. CONTEXT: {"store_id":"site1","received":20,"succeeded":20,"failed":0,"request_id":"e5d1382a-6676-4429-b6b2-8417406cc9f0"}
2026-09-05T08:47:04+00:00 INFO Central order received successfully. CONTEXT: {"store_id":"site1","source_order_id":367059,"central_order_id":177,"request_id":"210ee111-084f-4426-9d66-89479aea85dc","event":"orderupdated"}
2026-09-05T08:48:00+00:00 INFO Central order received successfully. CONTEXT: {"store_id":"site1","source_order_id":367059,"central_order_id":177,"request_id":"3370b6fe-e74a-4e21-96a0-7962f21d0e30","event":"orderupdated"}
2026-09-05T08:48:44+00:00 INFO Central order received successfully. CONTEXT: {"store_id":"site1","source_order_id":367059,"central_order_id":177,"request_id":"445b53bf-61cb-4ae4-9ae6-1fb68f5f38d9","event":"orderupdated"}
2026-09-05T08:49:01+00:00 INFO Central order received successfully. CONTEXT: {"store_id":"site1","source_order_id":367059,"central_order_id":177,"request_id":"858bb00a-8392-4e50-a2d3-2d85032507b3","event":"orderupdated"}
2026-09-05T08:51:06+00:00 INFO Central order received successfully. CONTEXT: {"store_id":"site1","source_order_id":367059,"central_order_id":177,"request_id":"d92a7d37-3f7f-429a-ab83-ee421d7eeb53","event":"orderupdated"}
2026-09-05T08:51:15+00:00 INFO Central order received successfully. CONTEXT: {"store_id":"site1","source_order_id":367059,"central_order_id":177,"request_id":"6adb1512-8f62-4ac3-91d9-aef6340ad84a","event":"orderupdated"}
2026-09-05T08:52:51+00:00 INFO Central bulk source orders received. CONTEXT: {"store_id":"site1","received":20,"succeeded":20,"failed":0,"request_id":"e9dcf2d6-578c-4d0c-9e18-a008e04aa8cb"}
2026-09-05T08:53:46+00:00 INFO Central bulk source orders received. CONTEXT: {"store_id":"site1","received":20,"succeeded":20,"failed":0,"request_id":"0d983864-8713-4ce6-8c14-6d338ccc95be"}
2026-09-05T08:54:38+00:00 INFO Central bulk source orders received. CONTEXT: {"store_id":"site1","received":20,"succeeded":20,"failed":0,"request_id":"2e2791ae-7384-4626-a756-ab443e7188ff"}
2026-09-05T08:55:32+00:00 INFO Central bulk source orders received. CONTEXT: {"store_id":"site1","received":20,"succeeded":20,"failed":0,"request_id":"98f53838-8e22-4283-a58c-45928fdaa6f0"}
2026-09-05T08:56:10+00:00 INFO Central bulk source orders received. CONTEXT: {"store_id":"site1","received":20,"succeeded":20,"failed":0,"request_id":"0fefb71b-459a-4215-92f0-afd743c762a8"}
2026-09-05T08:57:04+00:00 INFO Central order received successfully. CONTEXT: {"store_id":"site1","source_order_id":367059,"central_order_id":177,"request_id":"063f1e14-7f34-4b6c-be7c-5bad7e64d225","event":"orderupdated"}
2026-09-05T08:57:16+00:00 INFO Central order received successfully. CONTEXT: {"store_id":"site1","source_order_id":367059,"central_order_id":177,"request_id":"4d0d18d8-89b7-4197-a565-5cce0ac0c469","event":"orderupdated"}
2026-09-05T08:57:53+00:00 INFO Central order received successfully. CONTEXT: {"store_id":"site1","source_order_id":367059,"central_order_id":177,"request_id":"684f246b-54f4-4a32-83b5-20d48f0b6303","event":"orderupdated"}
2026-09-05T08:58:34+00:00 INFO Central order received successfully. CONTEXT: {"store_id":"site1","source_order_id":367059,"central_order_id":177,"request_id":"e1927ba6-0343-4d58-b1e3-7c6e54eb283a","event":"orderupdated"}
2026-09-05T08:59:09+00:00 INFO Central order received successfully. CONTEXT: {"store_id":"site1","source_order_id":367059,"central_order_id":177,"request_id":"cd6f55dc-986e-4c71-9f39-5d3263301c86","event":"orderupdated"}
2026-09-05T08:59:11+00:00 INFO Central order received successfully. CONTEXT: {"store_id":"site1","source_order_id":367059,"central_order_id":177,"request_id":"01617e17-527e-417a-ab57-fedd4f44bfc2","event":"orderupdated"}
2026-09-05T08:59:35+00:00 INFO Central order received successfully. CONTEXT: {"store_id":"site1","source_order_id":367059,"central_order_id":177,"request_id":"37b0cfc8-aa6b-4313-b2ca-2844b21c8b30","event":"orderupdated"}
2026-09-05T09:00:38+00:00 INFO Central order received successfully. CONTEXT: {"store_id":"site1","source_order_id":367059,"central_order_id":177,"request_id":"cc301604-05b7-48db-879a-52d91adba257","event":"orderupdated"}
2026-09-05T09:01:10+00:00 INFO Central order received successfully. CONTEXT: {"store_id":"site1","source_order_id":367059,"central_order_id":177,"request_id":"d3229906-882d-497a-b29c-d8ee4ebe7220","event":"orderupdated"}
2026-09-05T09:01:18+00:00 INFO Central order received successfully. CONTEXT: {"store_id":"site1","source_order_id":367059,"central_order_id":177,"request_id":"fbc14464-4082-42ea-a1df-4261e0bb6a7a","event":"orderupdated"}
2026-09-05T09:01:45+00:00 INFO Central order received successfully. CONTEXT: {"store_id":"site1","source_order_id":367059,"central_order_id":177,"request_id":"3d3fd7ff-b2d5-407d-9331-74d02bb12b74","event":"orderupdated"}
2026-09-05T09:01:55+00:00 INFO Central bulk source orders received. CONTEXT: {"store_id":"site1","received":20,"succeeded":20,"failed":0,"request_id":"12e8e91e-be73-458c-831d-1da4e22c1b85"}
2026-09-05T09:02:30+00:00 INFO Central order received successfully. CONTEXT: {"store_id":"site1","source_order_id":367059,"central_order_id":177,"request_id":"e04310a5-6dcb-4c1e-a490-ff798fa1cf28","event":"orderupdated"}
2026-09-05T09:02:46+00:00 INFO Central bulk source orders received. CONTEXT: {"store_id":"site1","received":20,"succeeded":20,"failed":0,"request_id":"b6ff18b7-6823-46b1-9e21-01a641d1eb60"}
2026-09-05T09:03:07+00:00 INFO Central order received successfully. CONTEXT: {"store_id":"site1","source_order_id":367059,"central_order_id":177,"request_id":"1d40229b-2c4c-47ad-acba-9eb824346ee7","event":"orderupdated"}
2026-09-05T09:03:13+00:00 INFO Central bulk source orders received. CONTEXT: {"store_id":"site1","received":20,"succeeded":20,"failed":0,"request_id":"51562b12-d07a-4845-8f39-6f7bfbb57740"}
2026-09-05T09:03:47+00:00 INFO Central bulk source orders received. CONTEXT: {"store_id":"site1","received":20,"succeeded":20,"failed":0,"request_id":"39e36f2f-bf26-4fd1-b216-bbe8aebc71cb"}
2026-09-05T09:04:04+00:00 INFO Central bulk source orders received. CONTEXT: {"store_id":"site1","received":20,"succeeded":20,"failed":0,"request_id":"9471dc5a-3cea-44dd-bc67-c1051a771c1d"}
2026-09-05T09:04:35+00:00 INFO Central bulk source orders received. CONTEXT: {"store_id":"site1","received":20,"succeeded":20,"failed":0,"request_id":"cc65dee7-4b75-4936-b8f2-5c22402b70d9"}
2026-09-05T09:04:56+00:00 INFO Central bulk source orders received. CONTEXT: {"store_id":"site1","received":20,"succeeded":20,"failed":0,"request_id":"fdcbd051-8e12-4261-8b03-b7737a3f7ca1"}
2026-09-05T09:05:12+00:00 INFO Central order received successfully. CONTEXT: {"store_id":"site1","source_order_id":367059,"central_order_id":177,"request_id":"81d144fa-e73f-43c6-ab7f-967c648784e8","event":"orderupdated"}
2026-09-05T09:05:28+00:00 INFO Central bulk source orders received. CONTEXT: {"store_id":"site1","received":20,"succeeded":20,"failed":0,"request_id":"702dd146-ad81-4660-bc1a-2bbb6ba5e0dc"}
2026-09-05T09:05:52+00:00 INFO Central bulk source orders received. CONTEXT: {"store_id":"site1","received":20,"succeeded":20,"failed":0,"request_id":"f869d63c-47c2-4c64-b7f4-06695449263b"}
2026-09-05T09:06:00+00:00 INFO Central order received successfully. CONTEXT: {"store_id":"site1","source_order_id":379722,"central_order_id":7120,"request_id":"de818f65-4a9d-4073-ac0f-40ca3410064b","event":"orderupdated"}
2026-09-05T09:06:12+00:00 INFO Central order received successfully. CONTEXT: {"store_id":"site1","source_order_id":379723,"central_order_id":7121,"request_id":"3cf41b30-7dd4-466d-bacc-5e1f0dda326d","event":"orderupdated"}
2026-09-05T09:06:14+00:00 INFO Central order received successfully. CONTEXT: {"store_id":"site1","source_order_id":379723,"central_order_id":7121,"request_id":"849ec1b0-6a12-42d5-96a5-716c91ed3c12","event":"orderupdated"}
2026-09-05T09:06:22+00:00 INFO Central bulk source orders received. CONTEXT: {"store_id":"site1","received":20,"succeeded":20,"failed":0,"request_id":"0e0a3090-b1a0-48c0-bbdd-42a02c2ae8da"}
2026-09-05T09:06:41+00:00 INFO Central order received successfully. CONTEXT: {"store_id":"site1","source_order_id":379722,"central_order_id":7120,"request_id":"1a8b71af-2d53-4a2f-9e6f-ae942ddca445","event":"orderupdated"}
2026-09-05T09:06:43+00:00 INFO Central bulk source orders received. CONTEXT: {"store_id":"site1","received":20,"succeeded":20,"failed":0,"request_id":"1a7f23a5-4a2c-4328-85bb-cb9f0750e4a3"}
2026-09-05T09:06:54+00:00 INFO Central order received successfully. CONTEXT: {"store_id":"site1","source_order_id":379723,"central_order_id":7121,"request_id":"98dfba30-af15-4b48-80c5-c01b9666cb74","event":"orderupdated"}
2026-09-05T09:07:12+00:00 INFO Central bulk source orders received. CONTEXT: {"store_id":"site1","received":20,"succeeded":20,"failed":0,"request_id":"0c0e2803-651b-4105-b7f5-f5ee46179a87"}
2026-09-05T09:07:24+00:00 INFO Central order received successfully. CONTEXT: {"store_id":"site1","source_order_id":379722,"central_order_id":7120,"request_id":"3439fe1e-eb15-4034-8d7a-831a5854ca77","event":"orderupdated"}
2026-09-05T09:07:33+00:00 INFO Central order received successfully. CONTEXT: {"store_id":"site1","source_order_id":379723,"central_order_id":7121,"request_id":"34efff5b-03db-435f-9d85-60721c587bad","event":"orderupdated"}
2026-09-05T09:07:34+00:00 INFO Central bulk source orders received. CONTEXT: {"store_id":"site1","received":20,"succeeded":20,"failed":0,"request_id":"5f3655d6-5a5d-4677-b291-e360ea64eb3e"}
2026-09-05T09:07:40+00:00 INFO Central order received successfully. CONTEXT: {"store_id":"site1","source_order_id":367059,"central_order_id":177,"request_id":"83a36b67-8152-47e8-adab-18da6626fe31","event":"orderupdated"}
2026-09-05T09:07:55+00:00 INFO Central bulk source orders received. CONTEXT: {"store_id":"site1","received":20,"succeeded":20,"failed":0,"request_id":"9d122a6a-7cfe-4366-8350-8c7dc5035482"}
2026-09-05T09:08:03+00:00 INFO Central order received successfully. CONTEXT: {"store_id":"site1","source_order_id":379722,"central_order_id":7120,"request_id":"d12d369a-af10-4d02-9c84-82597d4c4ec1","event":"orderupdated"}
2026-09-05T09:08:18+00:00 INFO Central order received successfully. CONTEXT: {"store_id":"site1","source_order_id":367059,"central_order_id":177,"request_id":"ba283847-4488-4f59-9621-0a149653d53a","event":"orderupdated"}
2026-09-05T09:08:26+00:00 INFO Central bulk source orders received. CONTEXT: {"store_id":"site1","received":20,"succeeded":20,"failed":0,"request_id":"ff6fd53a-e888-407b-9342-faa664946213"}
2026-09-05T09:08:42+00:00 INFO Central order received successfully. CONTEXT: {"store_id":"site1","source_order_id":379722,"central_order_id":7120,"request_id":"0ff2cfd0-773a-4f06-8aec-d687ad61f6dc","event":"orderupdated"}
2026-09-05T09:08:46+00:00 INFO Central bulk source orders received. CONTEXT: {"store_id":"site1","received":20,"succeeded":20,"failed":0,"request_id":"d10e4ed6-3802-4678-8b08-692bbd584aba"}
2026-09-05T09:09:10+00:00 INFO Central order received successfully. CONTEXT: {"store_id":"site1","source_order_id":367059,"central_order_id":177,"request_id":"6d03eafe-85d9-48be-b6ed-b48e60445b18","event":"orderupdated"}
2026-09-05T09:09:19+00:00 INFO Central bulk source orders received. CONTEXT: {"store_id":"site1","received":20,"succeeded":20,"failed":0,"request_id":"f92afc31-c96f-4017-aece-5b3684a052f0"}
2026-09-05T09:09:25+00:00 INFO Central order received successfully. CONTEXT: {"store_id":"site1","source_order_id":367059,"central_order_id":177,"request_id":"63e7b3ef-a2bd-46de-a040-c8bdfffb2c0e","event":"orderupdated"}
2026-09-05T09:13:06+00:00 INFO Central order received successfully. CONTEXT: {"store_id":"site1","source_order_id":367059,"central_order_id":177,"request_id":"2884d701-0de7-42e3-992f-0e9cf6d6a101","event":"orderupdated"}
2026-09-05T09:13:12+00:00 INFO Central order received successfully. CONTEXT: {"store_id":"site1","source_order_id":367059,"central_order_id":177,"request_id":"6125f860-7ac1-4a44-b34d-a0a53a65696d","event":"orderupdated"}
2026-09-05T09:13:20+00:00 INFO Central order received successfully. CONTEXT: {"store_id":"site1","source_order_id":376461,"central_order_id":6869,"request_id":"3e3b96be-0577-46ec-bf29-e662ace6ec22","event":"orderupdated"}
2026-09-05T09:13:28+00:00 INFO Central order received successfully. CONTEXT: {"store_id":"site1","source_order_id":376461,"central_order_id":6869,"request_id":"900abf88-e182-41d8-baac-397eb6ec341d","event":"orderupdated"}
2026-09-05T09:13:37+00:00 INFO Central bulk source orders received. CONTEXT: {"store_id":"site1","received":20,"succeeded":20,"failed":0,"request_id":"726f4de9-0abe-43cf-8aa0-8d8a8269d62a"}
2026-09-05T09:13:51+00:00 INFO Central order received successfully. CONTEXT: {"store_id":"site1","source_order_id":367059,"central_order_id":177,"request_id":"4ad7b420-8e9a-42ce-8723-0cc5b955d8cd","event":"orderupdated"}
2026-09-05T09:14:30+00:00 INFO Central bulk source orders received. CONTEXT: {"store_id":"site1","received":20,"succeeded":20,"failed":0,"request_id":"414b3e53-d71b-41a4-a3d0-257f74c7e7ab"}
2026-09-05T09:15:05+00:00 INFO Central bulk source orders received. CONTEXT: {"store_id":"site1","received":20,"succeeded":20,"failed":0,"request_id":"a6e1f39d-e084-4aed-9cba-0576622234d7"}
2026-09-05T09:15:18+00:00 INFO Central bulk source orders received. CONTEXT: {"store_id":"site1","received":19,"succeeded":19,"failed":0,"request_id":"0c4d8afd-9509-4f86-ae01-4ce6cb95236d"}
2026-09-05T09:19:08+00:00 INFO Central order received successfully. CONTEXT: {"store_id":"site1","source_order_id":376461,"central_order_id":6869,"request_id":"e69666bb-53f1-486e-8a7d-9e1db61f294a","event":"orderupdated"}
2026-09-05T09:19:21+00:00 INFO Central order received successfully. CONTEXT: {"store_id":"site1","source_order_id":367059,"central_order_id":177,"request_id":"6706aba7-eee8-4ad5-854a-a07b06ff8ebc","event":"orderupdated"}
2026-09-05T09:19:34+00:00 INFO Central order received successfully. CONTEXT: {"store_id":"site1","source_order_id":376461,"central_order_id":6869,"request_id":"bfa7d166-2f5d-4c33-bd6b-911b66102f1f","event":"orderupdated"}
2026-09-05T09:19:45+00:00 INFO Central order received successfully. CONTEXT: {"store_id":"site1","source_order_id":376461,"central_order_id":6869,"request_id":"82832760-0df4-416c-ab8c-31925770a2a6","event":"orderupdated"}
2026-09-05T09:19:58+00:00 INFO Central order received successfully. CONTEXT: {"store_id":"site1","source_order_id":367059,"central_order_id":177,"request_id":"c88a78f3-e3d5-4e4b-b500-1f4a874fb9af","event":"orderupdated"}
2026-09-05T09:22:27+00:00 INFO Central bulk source orders received. CONTEXT: {"store_id":"site1","received":20,"succeeded":20,"failed":0,"request_id":"f161f3c5-8732-4178-9bbd-4cb411d55be6"}
2026-09-05T09:22:54+00:00 INFO Central bulk source orders received. CONTEXT: {"store_id":"site1","received":20,"succeeded":20,"failed":0,"request_id":"4ae953fe-f919-40dd-9ed3-16274538d384"}
2026-09-05T09:31:38+00:00 INFO Central order received successfully. CONTEXT: {"store_id":"site1","source_order_id":376461,"central_order_id":6869,"request_id":"b120a57a-e5c7-4d93-afde-26aa884ba7d1","event":"orderupdated"}
2026-09-05T09:31:41+00:00 INFO Central bulk source orders received. CONTEXT: {"store_id":"site1","received":20,"succeeded":20,"failed":0,"request_id":"83e3db68-0470-4bf4-89df-21a3686d5081"}
2026-09-05T09:32:28+00:00 INFO Central order received successfully. CONTEXT: {"store_id":"site1","source_order_id":379741,"central_order_id":7122,"request_id":"9f157365-3063-41b6-805c-1aa7e3ba6379","event":"orderupdated"}
2026-09-05T09:32:30+00:00 INFO Central bulk source orders received. CONTEXT: {"store_id":"site1","received":20,"succeeded":20,"failed":0,"request_id":"b646ef9d-2db5-47fb-a0f8-15e42f47244e"}
2026-09-05T09:33:05+00:00 INFO Central bulk source orders received. CONTEXT: {"store_id":"site1","received":20,"succeeded":20,"failed":0,"request_id":"963a8aef-3ba3-439b-b603-6a348bc8ff38"}
2026-09-05T09:33:14+00:00 INFO Central bulk source orders received. CONTEXT: {"store_id":"site1","received":20,"succeeded":20,"failed":0,"request_id":"bbe67a4f-cdd7-4b92-bbab-4a745d83f241"}
2026-09-05T09:33:50+00:00 INFO Central bulk source orders received. CONTEXT: {"store_id":"site1","received":20,"succeeded":20,"failed":0,"request_id":"6ddd32a8-bfcb-49bc-b0c0-78432c118e98"}
2026-09-05T09:34:43+00:00 INFO Central bulk source orders received. CONTEXT: {"store_id":"site1","received":20,"succeeded":20,"failed":0,"request_id":"cf2a1dfb-4376-42bc-a2e8-c3d6e15dfa02"}
2026-09-05T09:35:05+00:00 INFO Central bulk source orders received. CONTEXT: {"store_id":"site1","received":20,"succeeded":20,"failed":0,"request_id":"dcfd38fc-8577-4b99-a9d5-cec51fdcebdf"}
2026-09-05T09:35:14+00:00 INFO Central bulk source orders received. CONTEXT: {"store_id":"site1","received":20,"succeeded":20,"failed":0,"request_id":"cc7cd260-34d6-481f-a8f0-684eb7f82da2"}
2026-09-05T09:36:06+00:00 INFO Central bulk source orders received. CONTEXT: {"store_id":"site1","received":20,"succeeded":20,"failed":0,"request_id":"23b5f4aa-ff79-4ff9-9267-6926dd9e4a71"}
2026-09-05T09:36:15+00:00 INFO Central bulk source orders received. CONTEXT: {"store_id":"site1","received":20,"succeeded":20,"failed":0,"request_id":"e73aa168-be02-4da5-9371-440e3b54aa37"}
2026-09-05T09:37:04+00:00 INFO Central bulk source orders received. CONTEXT: {"store_id":"site1","received":20,"succeeded":20,"failed":0,"request_id":"bbb75078-f8ab-464a-b0c1-0b2377ed26fe"}
2026-09-05T09:37:45+00:00 INFO Central bulk source orders received. CONTEXT: {"store_id":"site1","received":20,"succeeded":20,"failed":0,"request_id":"e49cb434-93c0-4f18-a1fb-4f73183d69a9"}
2026-09-05T09:40:18+00:00 INFO Central bulk source orders received. CONTEXT: {"store_id":"site1","received":20,"succeeded":20,"failed":0,"request_id":"29ee92e9-1691-4b63-b3ce-81acda407884"}
2026-09-05T09:41:01+00:00 INFO Central bulk source orders received. CONTEXT: {"store_id":"site1","received":20,"succeeded":20,"failed":0,"request_id":"aa4a2855-cf2e-4d11-83b7-1ab4fa6d9f61"}
2026-09-05T09:41:54+00:00 INFO Central bulk source orders received. CONTEXT: {"store_id":"site1","received":20,"succeeded":20,"failed":0,"request_id":"b51c9fc7-7024-414d-9b45-e5e8fcee8fce"}
2026-09-05T09:42:41+00:00 INFO Central order received successfully. CONTEXT: {"store_id":"site1","source_order_id":379741,"central_order_id":7122,"request_id":"b43977e9-b5ff-4109-880e-2b8436d96e21","event":"orderupdated"}
2026-09-05T09:42:44+00:00 INFO Central bulk source orders received. CONTEXT: {"store_id":"site1","received":20,"succeeded":20,"failed":0,"request_id":"6b1ecf6f-cd9b-48fd-9376-9ab205dbddc9"}
2026-09-05T09:43:07+00:00 INFO Central bulk source orders received. CONTEXT: {"store_id":"site1","received":20,"succeeded":20,"failed":0,"request_id":"993180b1-5304-4e41-91a4-bdfae56c3ef9"}
2026-09-05T09:43:20+00:00 INFO Central bulk source orders received. CONTEXT: {"store_id":"site1","received":20,"succeeded":20,"failed":0,"request_id":"5bee0a0c-bccf-4026-bb96-25b5e4253e10"}
2026-09-05T09:43:32+00:00 INFO Central order received successfully. CONTEXT: {"store_id":"site1","source_order_id":379750,"central_order_id":7124,"request_id":"62a632f7-35cc-4b97-a5a8-9f87a6cea8c0","event":"orderupdated"}
2026-09-05T09:43:35+00:00 INFO Central bulk source orders received. CONTEXT: {"store_id":"site1","received":20,"succeeded":20,"failed":0,"request_id":"55af5cf3-7b21-4ba3-948f-6dbd64533ba1"}
2026-09-05T09:43:55+00:00 INFO Central order received successfully. CONTEXT: {"store_id":"site1","source_order_id":379750,"central_order_id":7124,"request_id":"dabccdb0-1f6d-4a0c-9c02-b1afd5985258","event":"orderupdated"}
2026-09-05T09:44:31+00:00 INFO Central bulk source orders received. CONTEXT: {"store_id":"site1","received":20,"succeeded":20,"failed":0,"request_id":"496c85bd-df3f-432d-bbf9-a93588dc848e"}
2026-09-05T09:44:45+00:00 INFO Central order received successfully. CONTEXT: {"store_id":"site1","source_order_id":379750,"central_order_id":7124,"request_id":"e860d0bf-491a-4321-ad70-2185bfde35c8","event":"orderupdated"}
2026-09-05T09:45:25+00:00 INFO Central bulk source orders received. CONTEXT: {"store_id":"site1","received":20,"succeeded":20,"failed":0,"request_id":"a255a0a3-a348-4258-b5a0-9e6743033d71"}
2026-09-05T09:46:15+00:00 INFO Central bulk source orders received. CONTEXT: {"store_id":"site1","received":20,"succeeded":20,"failed":0,"request_id":"10b2fef6-d547-44d1-b6ed-fe72885b6b26"}
2026-09-05T09:47:04+00:00 INFO Central bulk source orders received. CONTEXT: {"store_id":"site1","received":20,"succeeded":20,"failed":0,"request_id":"b9594ba3-6f23-4cb7-af3f-9ff48ae0b534"}
2026-09-05T09:47:28+00:00 INFO Central order received successfully. CONTEXT: {"store_id":"site1","source_order_id":379750,"central_order_id":7124,"request_id":"28908943-c2b4-4d9f-92b7-629a01c728a6","event":"orderupdated"}
2026-09-05T09:47:53+00:00 INFO Central bulk source orders received. CONTEXT: {"store_id":"site1","received":20,"succeeded":20,"failed":0,"request_id":"eee0e6a0-a36c-4d73-9525-59dad0190b3f"}
2026-09-05T09:48:05+00:00 INFO Central order received successfully. CONTEXT: {"store_id":"site1","source_order_id":379750,"central_order_id":7124,"request_id":"73b23307-82ae-48dc-824e-8bd6d8aae896","event":"orderupdated"}
2026-09-05T09:48:33+00:00 INFO Central order received successfully. CONTEXT: {"store_id":"site1","source_order_id":379750,"central_order_id":7124,"request_id":"dea77368-925a-4a6b-879e-441e74784f63","event":"orderupdated"}
2026-09-05T09:48:42+00:00 INFO Central bulk source orders received. CONTEXT: {"store_id":"site1","received":20,"succeeded":20,"failed":0,"request_id":"c67cf62b-80a3-4030-9062-5d857908418e"}
2026-09-05T09:49:38+00:00 INFO Central bulk source orders received. CONTEXT: {"store_id":"site1","received":20,"succeeded":20,"failed":0,"request_id":"135f3097-5b91-4e86-8af1-eb2f90e9f5b5"}
2026-09-05T09:50:06+00:00 INFO Central bulk source orders received. CONTEXT: {"store_id":"site1","received":20,"succeeded":20,"failed":0,"request_id":"5756f65d-ac25-47ee-a0ae-205fd1a334d6"}
2026-09-05T09:50:15+00:00 INFO Central bulk source orders received. CONTEXT: {"store_id":"site1","received":20,"succeeded":20,"failed":0,"request_id":"d87b9f3a-aef5-4d84-8e5a-9e2e7eda99a1"}
2026-09-05T09:51:04+00:00 INFO Central bulk source orders received. CONTEXT: {"store_id":"site1","received":20,"succeeded":20,"failed":0,"request_id":"ebe9e484-da94-47fd-9672-dd8cfe6b38b9"}
2026-09-05T09:51:50+00:00 INFO Central bulk source orders received. CONTEXT: {"store_id":"site1","received":20,"succeeded":20,"failed":0,"request_id":"da0c3f0d-f356-4e01-8e2c-aab146d8e908"}
2026-09-05T09:52:41+00:00 INFO Central bulk source orders received. CONTEXT: {"store_id":"site1","received":20,"succeeded":20,"failed":0,"request_id":"471d233f-0adc-4e12-8379-e7d47d1c73b7"}
2026-09-05T09:53:20+00:00 INFO Central bulk source orders received. CONTEXT: {"store_id":"site1","received":20,"succeeded":20,"failed":0,"request_id":"ccce291a-6172-4336-aea3-e8ba536ebdaf"}
2026-09-05T09:54:00+00:00 INFO Central order received successfully. CONTEXT: {"store_id":"site1","source_order_id":379758,"central_order_id":7127,"request_id":"394ac61b-7758-4486-be66-261f6706b518","event":"orderupdated"}
2026-09-05T09:54:11+00:00 INFO Central bulk source orders received. CONTEXT: {"store_id":"site1","received":20,"succeeded":20,"failed":0,"request_id":"9348afc5-b6fc-47b3-b48f-2db174d3a5e1"}
2026-09-05T09:54:39+00:00 INFO Central order received successfully. CONTEXT: {"store_id":"site1","source_order_id":379758,"central_order_id":7127,"request_id":"52d4dfb9-ff1f-4761-a525-be7d234397fc","event":"orderupdated"}
2026-09-05T09:55:05+00:00 INFO Central bulk source orders received. CONTEXT: {"store_id":"site1","received":20,"succeeded":20,"failed":0,"request_id":"0429203c-802f-4bb3-b03b-9b07857a9418"}
2026-09-05T09:55:20+00:00 INFO Central order received successfully. CONTEXT: {"store_id":"site1","source_order_id":379758,"central_order_id":7127,"request_id":"3d2f1914-1aca-4e74-ad08-26b782ce7135","event":"orderupdated"}
2026-09-05T09:55:22+00:00 INFO Central bulk source orders received. CONTEXT: {"store_id":"site1","received":20,"succeeded":20,"failed":0,"request_id":"5ac12eae-83b8-4bae-9107-be98d799be48"}
2026-09-05T09:56:09+00:00 INFO Central bulk source orders received. CONTEXT: {"store_id":"site1","received":20,"succeeded":20,"failed":0,"request_id":"8b1b933e-cf9a-4de8-8152-4457749c995f"}
2026-09-05T09:57:01+00:00 INFO Central bulk source orders received. CONTEXT: {"store_id":"site1","received":20,"succeeded":20,"failed":0,"request_id":"084e536f-6d9e-40ee-bb20-fc2446fd273e"}
2026-09-05T09:57:48+00:00 INFO Central bulk source orders received. CONTEXT: {"store_id":"site1","received":20,"succeeded":20,"failed":0,"request_id":"cde9f1a6-7ba6-41ee-b79e-1893fdbd7655"}
2026-09-05T09:58:35+00:00 INFO Central bulk source orders received. CONTEXT: {"store_id":"site1","received":20,"succeeded":20,"failed":0,"request_id":"e3025c91-526b-4169-ac27-0ed7893c733b"}
2026-09-05T10:01:43+00:00 INFO Central bulk source orders received. CONTEXT: {"store_id":"site1","received":20,"succeeded":20,"failed":0,"request_id":"c9629ab2-3994-4d62-9815-10b8ea802e80"}
2026-09-05T10:07:33+00:00 INFO Central bulk source orders received. CONTEXT: {"store_id":"site1","received":20,"succeeded":20,"failed":0,"request_id":"acf1db57-b09c-4a3f-a0e0-8b541907349e"}
2026-09-05T10:07:51+00:00 INFO Central bulk source orders received. CONTEXT: {"store_id":"site1","received":20,"succeeded":20,"failed":0,"request_id":"5d82012d-ab56-4ac3-bf8e-1058f6b278cd"}
2026-09-05T10:08:05+00:00 INFO Central order received successfully. CONTEXT: {"store_id":"site1","source_order_id":379776,"central_order_id":7129,"request_id":"8bffcc77-9d7c-4069-a87b-2fc1a808da72","event":"orderupdated"}
2026-09-05T10:08:06+00:00 INFO Central order received successfully. CONTEXT: {"store_id":"site1","source_order_id":379776,"central_order_id":7129,"request_id":"c9c4fe6b-af6a-4bb7-8da9-ebc806a077a2","event":"orderupdated"}
2026-09-05T10:08:47+00:00 INFO Central bulk source orders received. CONTEXT: {"store_id":"site1","received":20,"succeeded":20,"failed":0,"request_id":"ebac02b4-d8ef-411f-bca8-23041a73c386"}
2026-09-05T10:09:55+00:00 INFO Central bulk source orders received. CONTEXT: {"store_id":"site1","received":20,"succeeded":20,"failed":0,"request_id":"df0cfb64-9373-44e6-8614-82f2a53389c0"}
2026-09-05T10:10:43+00:00 INFO Central bulk source orders received. CONTEXT: {"store_id":"site1","received":20,"succeeded":20,"failed":0,"request_id":"cca9209e-ee71-410d-a4a4-b501c3c0053c"}
2026-09-05T10:10:58+00:00 INFO Central bulk source orders received. CONTEXT: {"store_id":"site1","received":20,"succeeded":20,"failed":0,"request_id":"c3312cad-afff-4ece-816d-60ca1ea6827c"}
2026-09-05T10:11:25+00:00 INFO Central bulk source orders received. CONTEXT: {"store_id":"site1","received":20,"succeeded":20,"failed":0,"request_id":"b02b827f-81c8-40ec-b319-d235d0f9d345"}
2026-09-05T10:12:18+00:00 INFO Central bulk source orders received. CONTEXT: {"store_id":"site1","received":20,"succeeded":20,"failed":0,"request_id":"afccbf3d-1d17-4227-a803-e88b987d496f"}
2026-09-05T10:13:08+00:00 INFO Central bulk source orders received. CONTEXT: {"store_id":"site1","received":20,"succeeded":20,"failed":0,"request_id":"24efb147-6bc1-4215-9220-e53fcbf6034d"}
2026-09-05T10:13:59+00:00 INFO Central bulk source orders received. CONTEXT: {"store_id":"site1","received":20,"succeeded":20,"failed":0,"request_id":"e24e575e-8515-44ae-b529-d2b1938769da"}
2026-09-05T10:14:25+00:00 INFO Central bulk source orders received. CONTEXT: {"store_id":"site1","received":20,"succeeded":20,"failed":0,"request_id":"76a3e302-c24d-4165-8240-dc29d3994e4f"}
2026-09-05T10:15:30+00:00 INFO Central bulk source orders received. CONTEXT: {"store_id":"site1","received":20,"succeeded":20,"failed":0,"request_id":"8f66eb12-41c2-4df0-b07f-d05f7d5044cc"}
2026-09-05T10:16:21+00:00 INFO Central bulk source orders received. CONTEXT: {"store_id":"site1","received":20,"succeeded":20,"failed":0,"request_id":"09386d97-9e42-422f-af6c-11f17f2268df"}
2026-09-05T10:16:38+00:00 INFO Central bulk source orders received. CONTEXT: {"store_id":"site1","received":20,"succeeded":20,"failed":0,"request_id":"4d34d7f0-4160-4510-a36c-751b10edcf38"}
2026-09-05T10:17:35+00:00 INFO Central bulk source orders received. CONTEXT: {"store_id":"site1","received":20,"succeeded":20,"failed":0,"request_id":"f01f9472-ea66-4987-9c25-6be02c122cca"}
2026-09-05T10:18:25+00:00 INFO Central bulk source orders received. CONTEXT: {"store_id":"site1","received":20,"succeeded":20,"failed":0,"request_id":"3a5a3f15-c498-4024-bb38-0a4dd730e995"}
2026-09-05T10:18:58+00:00 INFO Central order received successfully. CONTEXT: {"store_id":"site1","source_order_id":379776,"central_order_id":7129,"request_id":"517f6f1e-41fe-4f28-ac0e-8e30edbaa7c5","event":"orderupdated"}
2026-09-05T10:19:01+00:00 INFO Central bulk source orders received. CONTEXT: {"store_id":"site1","received":20,"succeeded":20,"failed":0,"request_id":"88699af3-6b01-4646-9c3f-b0e88bfab8af"}
2026-09-05T10:19:08+00:00 INFO Central order received successfully. CONTEXT: {"store_id":"site1","source_order_id":379786,"central_order_id":7131,"request_id":"ec6b0d56-9b3d-4751-9c0e-00ef7681fb9c","event":"orderupdated"}
2026-09-05T10:19:46+00:00 INFO Central order received successfully. CONTEXT: {"store_id":"site1","source_order_id":379786,"central_order_id":7131,"request_id":"658d45b3-7e89-4a15-96fb-49b158cba779","event":"orderupdated"}
2026-09-05T10:19:51+00:00 INFO Central bulk source orders received. CONTEXT: {"store_id":"site1","received":20,"succeeded":20,"failed":0,"request_id":"9fc9815f-637d-4f62-88dd-c47ef8845cd5"}
2026-09-05T10:20:25+00:00 INFO Central order received successfully. CONTEXT: {"store_id":"site1","source_order_id":379786,"central_order_id":7131,"request_id":"ca7ade5b-f8c7-4c43-8921-7b9e3cb9ad4b","event":"orderupdated"}
2026-09-05T10:20:43+00:00 INFO Central bulk source orders received. CONTEXT: {"store_id":"site1","received":20,"succeeded":20,"failed":0,"request_id":"2bc761e3-f359-4591-94bb-c9e55ec43b8c"}
2026-09-05T10:20:57+00:00 INFO Central order received successfully. CONTEXT: {"store_id":"site1","source_order_id":379792,"central_order_id":7132,"request_id":"dab27d12-d4ed-42e7-bded-bc18fde27ea9","event":"orderupdated"}
2026-09-05T10:21:01+00:00 INFO Central order received successfully. CONTEXT: {"store_id":"site1","source_order_id":379786,"central_order_id":7131,"request_id":"78aaab8e-108a-4fec-8257-5e1f7727cb16","event":"orderupdated"}
2026-09-05T10:21:26+00:00 INFO Central order received successfully. CONTEXT: {"store_id":"site1","source_order_id":379792,"central_order_id":7132,"request_id":"594504de-9213-43d3-a7b2-1fd815d9f80a","event":"orderupdated"}
2026-09-05T10:21:34+00:00 INFO Central bulk source orders received. CONTEXT: {"store_id":"site1","received":20,"succeeded":20,"failed":0,"request_id":"481bf4fe-e1fc-4213-b03f-3f3948fdb750"}
2026-09-05T10:21:42+00:00 INFO Central order received successfully. CONTEXT: {"store_id":"site1","source_order_id":379786,"central_order_id":7131,"request_id":"d9058177-f04a-4352-ad54-13d981e087da","event":"orderupdated"}
2026-09-05T10:22:25+00:00 INFO Central bulk source orders received. CONTEXT: {"store_id":"site1","received":20,"succeeded":20,"failed":0,"request_id":"43f6146f-3924-4292-ab1b-3488685d5ca8"}
2026-09-05T10:23:16+00:00 INFO Central bulk source orders received. CONTEXT: {"store_id":"site1","received":20,"succeeded":20,"failed":0,"request_id":"2a00ad42-262f-438c-98b8-57022081a9db"}
2026-09-05T10:24:11+00:00 INFO Central bulk source orders received. CONTEXT: {"store_id":"site1","received":20,"succeeded":20,"failed":0,"request_id":"fb5d82e2-b26d-41ed-b9c5-74a41019f2d0"}
2026-09-05T10:24:47+00:00 INFO Central bulk source orders received. CONTEXT: {"store_id":"site1","received":20,"succeeded":20,"failed":0,"request_id":"c2c62ff2-3c2e-4f78-8d7f-74793152428f"}
2026-09-05T10:25:39+00:00 INFO Central bulk source orders received. CONTEXT: {"store_id":"site1","received":20,"succeeded":20,"failed":0,"request_id":"b7c2253f-0260-47d7-9cd4-c50e660480a4"}
2026-09-05T10:26:00+00:00 INFO Central bulk source orders received. CONTEXT: {"store_id":"site1","received":20,"succeeded":20,"failed":0,"request_id":"4aa87b25-99e2-4539-8b50-0499692f422b"}
2026-09-05T10:26:16+00:00 INFO Central bulk source orders received. CONTEXT: {"store_id":"site1","received":20,"succeeded":20,"failed":0,"request_id":"62963b31-9974-4ccd-acb1-a1a580a9e7f7"}
2026-09-05T10:26:51+00:00 INFO Central bulk source orders received. CONTEXT: {"store_id":"site1","received":20,"succeeded":20,"failed":0,"request_id":"0fe222de-6e3a-4f55-9ec6-8a6ed23827fb"}
2026-09-05T10:27:10+00:00 INFO Central bulk source orders received. CONTEXT: {"store_id":"site1","received":20,"succeeded":20,"failed":0,"request_id":"54351490-9a34-4df0-9ee2-204bc983e9ce"}
2026-09-05T10:28:04+00:00 INFO Central bulk source orders received. CONTEXT: {"store_id":"site1","received":20,"succeeded":20,"failed":0,"request_id":"06251f78-a646-40a6-97ac-3d96069f78de"}
2026-09-05T10:28:52+00:00 INFO Central bulk source orders received. CONTEXT: {"store_id":"site1","received":20,"succeeded":20,"failed":0,"request_id":"37af2199-46c9-4119-87f2-491bc5780f1c"}
2026-09-05T10:29:44+00:00 INFO Central bulk source orders received. CONTEXT: {"store_id":"site1","received":20,"succeeded":20,"failed":0,"request_id":"8195e5f4-23d2-4a55-83bd-e1f0ecbcf5dd"}
2026-09-05T10:30:44+00:00 INFO Central order received successfully. CONTEXT: {"store_id":"site1","source_order_id":379792,"central_order_id":7132,"request_id":"2867a88b-d3bf-4def-8421-934b33ba6ded","event":"orderupdated"}
2026-09-05T10:33:11+00:00 INFO Central order received successfully. CONTEXT: {"store_id":"site1","source_order_id":379796,"central_order_id":7133,"request_id":"ac903b8a-15f8-42b1-ac32-b751f71f1c9e","event":"orderupdated"}
2026-09-05T10:33:13+00:00 INFO Central bulk source orders received. CONTEXT: {"store_id":"site1","received":20,"succeeded":20,"failed":0,"request_id":"76074715-f6ff-40f5-b9fe-b2b0d645687b"}
2026-09-05T10:34:05+00:00 INFO Central bulk source orders received. CONTEXT: {"store_id":"site1","received":20,"succeeded":20,"failed":0,"request_id":"2745b308-6d99-48e6-a9ed-8d6fa57aabe6"}
2026-09-05T10:34:14+00:00 INFO Central bulk source orders received. CONTEXT: {"store_id":"site1","received":20,"succeeded":20,"failed":0,"request_id":"de17fab5-19d1-49e3-ad1c-cc8c41e158f3"}
2026-09-05T10:36:51+00:00 INFO Central bulk source orders received. CONTEXT: {"store_id":"site1","received":20,"succeeded":20,"failed":0,"request_id":"35b2e0d2-e119-4935-bd23-7bc2c634b89f"}
2026-09-05T10:37:40+00:00 INFO Central bulk source orders received. CONTEXT: {"store_id":"site1","received":19,"succeeded":19,"failed":0,"request_id":"3ad264f0-3a5c-4926-a26f-e8c67b2f3723"}
2026-09-05T10:40:17+00:00 INFO Central bulk source orders received. CONTEXT: {"store_id":"site1","received":20,"succeeded":20,"failed":0,"request_id":"11de640a-b74c-44ee-b983-f3bc3ccb74e5"}
2026-09-05T10:40:46+00:00 INFO Central bulk source orders received. CONTEXT: {"store_id":"site1","received":20,"succeeded":20,"failed":0,"request_id":"6a64bf9c-0adc-4ce9-8838-1b1caa115859"}
2026-09-05T10:41:08+00:00 INFO Central bulk source orders received. CONTEXT: {"store_id":"site1","received":20,"succeeded":20,"failed":0,"request_id":"8dbe9e5a-df8e-4a4b-b0c2-8e0a6fcf46ee"}
2026-09-05T10:41:43+00:00 INFO Central bulk source orders received. CONTEXT: {"store_id":"site1","received":20,"succeeded":20,"failed":0,"request_id":"13e6ddcd-2ee0-4f5e-945d-a113c05377f1"}
2026-09-05T10:42:32+00:00 INFO Central order received successfully. CONTEXT: {"store_id":"site1","source_order_id":379797,"central_order_id":7135,"request_id":"373d90f1-fcc0-48a3-b838-835d032a5dc6","event":"orderupdated"}
2026-09-05T10:42:35+00:00 INFO Central bulk source orders received. CONTEXT: {"store_id":"site1","received":20,"succeeded":20,"failed":0,"request_id":"dccdb00c-72d2-4fce-95f3-e64e5d029dfe"}
2026-09-05T10:43:26+00:00 INFO Central bulk source orders received. CONTEXT: {"store_id":"site1","received":20,"succeeded":20,"failed":0,"request_id":"65ee9e51-50fd-4f2e-8a73-a6690a2b9e1d"}
2026-09-05T10:43:41+00:00 INFO Central bulk source orders received. CONTEXT: {"store_id":"site1","received":20,"succeeded":20,"failed":0,"request_id":"e6bc5a49-2729-4aa9-80de-a9ae7531e51b"}
2026-09-05T10:43:56+00:00 INFO Central order received successfully. CONTEXT: {"store_id":"site1","source_order_id":379799,"central_order_id":7136,"request_id":"11dd62b6-d873-45d8-9de0-4db549ef2f0e","event":"orderupdated"}
2026-09-05T10:44:17+00:00 INFO Central bulk source orders received. CONTEXT: {"store_id":"site1","received":20,"succeeded":20,"failed":0,"request_id":"8178871c-f8b7-43d1-a799-7eb0ff5b46f2"}
2026-09-05T10:44:38+00:00 INFO Central bulk source orders received. CONTEXT: {"store_id":"site1","received":20,"succeeded":20,"failed":0,"request_id":"b644e8c9-972a-4cb6-8ba8-7cbc8314a37e"}
2026-09-05T10:45:13+00:00 INFO Central bulk source orders received. CONTEXT: {"store_id":"site1","received":20,"succeeded":20,"failed":0,"request_id":"92bfe003-c674-4f6d-b31e-402d074d133c"}
2026-09-05T10:45:33+00:00 INFO Central bulk source orders received. CONTEXT: {"store_id":"site1","received":20,"succeeded":20,"failed":0,"request_id":"aabfa774-b580-4ee0-b004-3c3b9ab46cec"}
2026-09-05T10:46:01+00:00 INFO Central bulk source orders received. CONTEXT: {"store_id":"site1","received":20,"succeeded":20,"failed":0,"request_id":"e3f7e405-9787-40d5-ab63-8263a2f92a41"}
2026-09-05T10:46:24+00:00 INFO Central bulk source orders received. CONTEXT: {"store_id":"site1","received":20,"succeeded":20,"failed":0,"request_id":"6e5ece8f-2b50-4c33-9f20-9ac040087d6f"}
2026-09-05T10:46:51+00:00 INFO Central bulk source orders received. CONTEXT: {"store_id":"site1","received":20,"succeeded":20,"failed":0,"request_id":"f88072bb-8cae-41fc-b946-fcd2d4b75f03"}
2026-09-05T10:47:42+00:00 INFO Central bulk source orders received. CONTEXT: {"store_id":"site1","received":20,"succeeded":20,"failed":0,"request_id":"5c02fa0c-5a98-4b58-b01b-02d7095f73ff"}
2026-09-05T10:48:22+00:00 INFO Central bulk source orders received. CONTEXT: {"store_id":"site1","received":20,"succeeded":20,"failed":0,"request_id":"7229c385-e2b1-4100-8219-b72b9e1de1fa"}
2026-09-05T10:49:06+00:00 INFO Central bulk source orders received. CONTEXT: {"store_id":"site1","received":20,"succeeded":20,"failed":0,"request_id":"3562c282-74e4-4ae5-9313-173e0501911d"}
2026-09-05T10:54:16+00:00 INFO Central bulk source orders received. CONTEXT: {"store_id":"site1","received":20,"succeeded":20,"failed":0,"request_id":"758c12ca-3b13-4547-9b82-76a1ef532e70"}
2026-09-05T10:55:06+00:00 INFO Central bulk source orders received. CONTEXT: {"store_id":"site1","received":20,"succeeded":20,"failed":0,"request_id":"b83ec260-dceb-4df0-a315-2706689362d6"}
2026-09-05T10:55:36+00:00 INFO Central bulk source orders received. CONTEXT: {"store_id":"site1","received":20,"succeeded":20,"failed":0,"request_id":"fec7e8e7-a00a-4d50-916d-12dbaebf8ac7"}
2026-09-05T10:56:17+00:00 INFO Central bulk source orders received. CONTEXT: {"store_id":"site1","received":20,"succeeded":20,"failed":0,"request_id":"baa2b5df-38e3-4bd8-8f40-e019757f0660"}
2026-09-05T10:58:07+00:00 INFO Central bulk source orders received. CONTEXT: {"store_id":"site1","received":20,"succeeded":20,"failed":0,"request_id":"040e9714-1144-40a9-ac0a-6dd767f0c622"}
2026-09-05T10:58:42+00:00 INFO Central bulk source orders received. CONTEXT: {"store_id":"site1","received":20,"succeeded":20,"failed":0,"request_id":"d277e499-0a34-45c9-b601-5e2b0996efd7"}
2026-09-05T10:58:58+00:00 INFO Central bulk source orders received. CONTEXT: {"store_id":"site1","received":20,"succeeded":20,"failed":0,"request_id":"b886689e-eee2-4aec-9ce1-bbbfaa91b468"}
2026-09-05T10:59:35+00:00 INFO Central bulk source orders received. CONTEXT: {"store_id":"site1","received":20,"succeeded":20,"failed":0,"request_id":"1467dfff-a2ed-465f-8226-cebdf9fee912"}
2026-09-05T11:00:30+00:00 INFO Central bulk source orders received. CONTEXT: {"store_id":"site1","received":20,"succeeded":20,"failed":0,"request_id":"d0a12f49-9e8d-4a96-b60c-4108f82a2f94"}
2026-09-05T11:03:33+00:00 INFO Central bulk source orders received. CONTEXT: {"store_id":"site1","received":20,"succeeded":20,"failed":0,"request_id":"82611c00-5746-4d31-9fa4-b4f0bf709cdf"}
2026-09-05T11:03:55+00:00 INFO Central order received successfully. CONTEXT: {"store_id":"site1","source_order_id":379816,"central_order_id":7137,"request_id":"ed033036-828e-4dbc-846e-fe7135bf0688","event":"orderupdated"}
2026-09-05T11:04:01+00:00 INFO Central bulk source orders received. CONTEXT: {"store_id":"site1","received":20,"succeeded":20,"failed":0,"request_id":"83fef3c1-ea4b-4c5e-a30c-f18c81c4e2dc"}
2026-09-05T11:04:03+00:00 INFO Central order received successfully. CONTEXT: {"store_id":"site1","source_order_id":379816,"central_order_id":7137,"request_id":"34e53c35-904a-4e25-b70d-858598ea072e","event":"orderupdated"}
2026-09-05T11:05:08+00:00 INFO Central order received successfully. CONTEXT: {"store_id":"site1","source_order_id":379816,"central_order_id":7137,"request_id":"b0355e76-dd87-4cf1-8e69-d87c99c26a37","event":"orderupdated"}
2026-09-05T11:05:46+00:00 INFO Central order received successfully. CONTEXT: {"store_id":"site1","source_order_id":379816,"central_order_id":7137,"request_id":"65bb7dda-0a79-4e42-b7f6-6aaaede4c122","event":"orderupdated"}
2026-09-05T11:06:28+00:00 INFO Central order received successfully. CONTEXT: {"store_id":"site1","source_order_id":379816,"central_order_id":7137,"request_id":"b0f257ff-3b19-419e-8f8e-e64215ada73e","event":"orderupdated"}
2026-09-05T11:06:35+00:00 INFO Central order received successfully. CONTEXT: {"store_id":"site1","source_order_id":379817,"central_order_id":7138,"request_id":"e0bc8e5e-92fc-4660-b91a-2b70986f649b","event":"orderupdated"}
2026-09-05T11:06:44+00:00 INFO Central order received successfully. CONTEXT: {"store_id":"site1","source_order_id":379817,"central_order_id":7138,"request_id":"47d78d68-e816-467e-b1ca-91ad65e6162d","event":"orderupdated"}
2026-09-05T11:07:04+00:00 INFO Central order received successfully. CONTEXT: {"store_id":"site1","source_order_id":379816,"central_order_id":7137,"request_id":"bc0e41c4-000e-4f40-a5b6-1a429857b605","event":"orderupdated"}
2026-09-05T11:07:09+00:00 INFO Central order received successfully. CONTEXT: {"store_id":"site1","source_order_id":379816,"central_order_id":7137,"request_id":"c7b2bf02-433d-45e1-9dbc-2ed03562352c","event":"orderupdated"}
2026-09-05T11:08:12+00:00 INFO Central order received successfully. CONTEXT: {"store_id":"site1","source_order_id":368546,"central_order_id":443,"request_id":"1ee283c2-cc08-445a-a0b8-e45025dbbef3","event":"orderupdated"}
2026-09-05T11:08:21+00:00 INFO Central order received successfully. CONTEXT: {"store_id":"site1","source_order_id":368546,"central_order_id":443,"request_id":"e0edfed7-3bbc-480a-92b0-e0c880df73ea","event":"orderupdated"}
2026-09-05T11:08:29+00:00 INFO Central order received successfully. CONTEXT: {"store_id":"site1","source_order_id":379818,"central_order_id":7139,"request_id":"97b6cb53-4a9a-45a3-88b8-d3124319e83e","event":"orderupdated"}
2026-09-05T11:08:51+00:00 INFO Central order received successfully. CONTEXT: {"store_id":"site1","source_order_id":368546,"central_order_id":443,"request_id":"0d5898fd-294e-4d03-b56a-bc5b65f011b2","event":"orderupdated"}
2026-09-05T11:09:00+00:00 INFO Central order received successfully. CONTEXT: {"store_id":"site1","source_order_id":368546,"central_order_id":443,"request_id":"eb53e766-a3bc-4096-a319-e496e5b76bdb","event":"orderupdated"}
2026-09-05T11:09:07+00:00 INFO Central order received successfully. CONTEXT: {"store_id":"site1","source_order_id":368546,"central_order_id":443,"request_id":"3855f9a7-f9fc-4f7e-868b-cbdd7444182a","event":"orderupdated"}
2026-09-05T11:09:23+00:00 INFO Central bulk source orders received. CONTEXT: {"store_id":"site1","received":20,"succeeded":20,"failed":0,"request_id":"92bc93b5-f0c6-420a-9e15-e4509bc51ec4"}
2026-09-05T11:09:41+00:00 INFO Central order received successfully. CONTEXT: {"store_id":"site1","source_order_id":368546,"central_order_id":443,"request_id":"854ae452-3e9c-447a-86ae-fca14887ea3a","event":"orderupdated"}
2026-09-05T11:10:18+00:00 INFO Central bulk source orders received. CONTEXT: {"store_id":"site1","received":20,"succeeded":20,"failed":0,"request_id":"9e412e61-2857-4884-8928-4f0c87aa3699"}
2026-09-05T11:11:07+00:00 INFO Central bulk source orders received. CONTEXT: {"store_id":"site1","received":20,"succeeded":20,"failed":0,"request_id":"bb83b55a-b2da-4a2e-aae4-fc38c6738466"}
2026-09-05T11:11:47+00:00 INFO Central bulk source orders received. CONTEXT: {"store_id":"site1","received":20,"succeeded":20,"failed":0,"request_id":"890e7a99-ed26-4516-b857-54e0a46da80a"}
2026-09-05T11:11:59+00:00 INFO Central order received successfully. CONTEXT: {"store_id":"site1","source_order_id":368546,"central_order_id":443,"request_id":"9811a82f-5c18-429b-a73d-97a4accae9a5","event":"orderupdated"}
2026-09-05T11:12:06+00:00 INFO Central bulk source orders received. CONTEXT: {"store_id":"site1","received":20,"succeeded":20,"failed":0,"request_id":"6632b698-c609-42b6-88b5-e02c9742453e"}
2026-09-05T11:12:35+00:00 INFO Central bulk source orders received. CONTEXT: {"store_id":"site1","received":20,"succeeded":20,"failed":0,"request_id":"47b4a496-cf4c-49ec-a550-43e0390a02a3"}
2026-09-05T11:12:56+00:00 INFO Central bulk source orders received. CONTEXT: {"store_id":"site1","received":20,"succeeded":20,"failed":0,"request_id":"c01f577c-2db8-4bea-a1cc-96e362eb13e3"}
2026-09-05T11:13:42+00:00 INFO Central bulk source orders received. CONTEXT: {"store_id":"site1","received":20,"succeeded":20,"failed":0,"request_id":"8f2dba96-21bf-424e-9609-3eab51a1660d"}
2026-09-05T11:13:55+00:00 INFO Central order received successfully. CONTEXT: {"store_id":"site1","source_order_id":379820,"central_order_id":7140,"request_id":"80866a78-45d2-4ae7-a3e5-b0e994401f03","event":"orderupdated"}
2026-09-05T11:14:11+00:00 INFO Central bulk source orders received. CONTEXT: {"store_id":"site1","received":20,"succeeded":20,"failed":0,"request_id":"c3f2e904-046a-4fa7-ba7a-bff593ae9a83"}
2026-09-05T11:20:22+00:00 INFO Central order received successfully. CONTEXT: {"store_id":"site1","source_order_id":379818,"central_order_id":7139,"request_id":"b595533f-ae2d-4e1a-91b5-83313dd27008","event":"orderupdated"}
2026-09-05T11:20:35+00:00 INFO Central bulk source orders received. CONTEXT: {"store_id":"site1","received":20,"succeeded":20,"failed":0,"request_id":"d64e408c-5ae0-418c-97bc-38668bbf3ec4"}
2026-09-05T11:21:05+00:00 INFO Central order received successfully. CONTEXT: {"store_id":"site1","source_order_id":379818,"central_order_id":7139,"request_id":"21721d17-a9a6-4b63-8826-2b565551ab15","event":"orderupdated"}
2026-09-05T11:21:18+00:00 INFO Central bulk source orders received. CONTEXT: {"store_id":"site1","received":20,"succeeded":20,"failed":0,"request_id":"4d958bfc-9291-4585-9500-cc3d7c514838"}
2026-09-05T11:21:20+00:00 INFO Central order received successfully. CONTEXT: {"store_id":"site1","source_order_id":370539,"central_order_id":949,"request_id":"ef444f92-9515-4c07-ae1f-c1fdb1bd1361","event":"orderupdated"}
2026-09-05T11:21:35+00:00 INFO Central order received successfully. CONTEXT: {"store_id":"site1","source_order_id":370539,"central_order_id":949,"request_id":"7ff8aed8-0514-48b4-ad8d-855c53dd6276","event":"orderupdated"}
2026-09-05T11:21:43+00:00 INFO Central order received successfully. CONTEXT: {"store_id":"site1","source_order_id":379818,"central_order_id":7139,"request_id":"9a4fb756-89be-489b-a49b-4637b56f1c02","event":"orderupdated"}
2026-09-05T11:21:57+00:00 INFO Central order received successfully. CONTEXT: {"store_id":"site1","source_order_id":370539,"central_order_id":949,"request_id":"c7f6b327-74aa-49af-86c1-296a81e74f2a","event":"orderupdated"}
2026-09-05T11:22:05+00:00 INFO Central order received successfully. CONTEXT: {"store_id":"site1","source_order_id":370539,"central_order_id":949,"request_id":"7d945150-7c70-46fa-b624-61187d6a6eb8","event":"orderupdated"}
2026-09-05T11:22:13+00:00 INFO Central bulk source orders received. CONTEXT: {"store_id":"site1","received":20,"succeeded":20,"failed":0,"request_id":"a0f12f6e-1541-41b8-b95b-f4b74b6a401e"}
2026-09-05T11:22:29+00:00 INFO Central order received successfully. CONTEXT: {"store_id":"site1","source_order_id":370539,"central_order_id":949,"request_id":"4691aa8e-f5aa-4946-9b96-5375d9353212","event":"orderupdated"}
2026-09-05T11:22:33+00:00 INFO Central order received successfully. CONTEXT: {"store_id":"site1","source_order_id":370539,"central_order_id":949,"request_id":"6a793343-b7af-4805-b5c2-90209d9345a4","event":"orderupdated"}
2026-09-05T11:22:41+00:00 INFO Central order received successfully. CONTEXT: {"store_id":"site1","source_order_id":370539,"central_order_id":949,"request_id":"17486d1a-6d57-4883-bfe1-b53a8532ff20","event":"orderupdated"}
2026-09-05T11:22:50+00:00 INFO Central bulk source orders received. CONTEXT: {"store_id":"site1","received":20,"succeeded":20,"failed":0,"request_id":"ca99e1ba-a01f-4432-9cfd-0698e101ab87"}
2026-09-05T11:23:10+00:00 INFO Central order received successfully. CONTEXT: {"store_id":"site1","source_order_id":370539,"central_order_id":949,"request_id":"fcc460e1-5fe7-4a46-b53b-e55498520e23","event":"orderupdated"}
2026-09-05T11:23:18+00:00 INFO Central order received successfully. CONTEXT: {"store_id":"site1","source_order_id":370539,"central_order_id":949,"request_id":"54d2403f-c55e-41c1-adfb-715b14f1962a","event":"orderupdated"}
2026-09-05T11:23:35+00:00 INFO Central bulk source orders received. CONTEXT: {"store_id":"site1","received":20,"succeeded":20,"failed":0,"request_id":"5006940e-b27a-41b0-aa8b-62a881280120"}
2026-09-05T11:23:47+00:00 INFO Central order received successfully. CONTEXT: {"store_id":"site1","source_order_id":370539,"central_order_id":949,"request_id":"813308de-0e4c-4cb5-af87-7ac9c9b31f3a","event":"orderupdated"}
2026-09-05T11:23:56+00:00 INFO Central order received successfully. CONTEXT: {"store_id":"site1","source_order_id":370539,"central_order_id":949,"request_id":"acb04f31-22b7-41b8-8f53-c3259eb94424","event":"orderupdated"}
2026-09-05T11:23:58+00:00 INFO Central bulk source orders received. CONTEXT: {"store_id":"site1","received":20,"succeeded":20,"failed":0,"request_id":"48667d19-392a-4135-ae3f-89f7cf1a7311"}
2026-09-05T11:24:06+00:00 INFO Central order received successfully. CONTEXT: {"store_id":"site1","source_order_id":370539,"central_order_id":949,"request_id":"25021cb4-cfbe-4adc-99a6-bedd10af7fd5","event":"orderupdated"}
2026-09-05T11:24:09+00:00 INFO Central order received successfully. CONTEXT: {"store_id":"site1","source_order_id":364235,"central_order_id":6273,"request_id":"be4a49c3-797c-4a68-b96c-98fd53ed635e","event":"orderupdated"}
2026-09-05T11:24:14+00:00 INFO Central order received successfully. CONTEXT: {"store_id":"site1","source_order_id":364235,"central_order_id":6273,"request_id":"1f746926-d951-48e1-9d5c-ab1682f4232c","event":"orderupdated"}
2026-09-05T11:24:24+00:00 INFO Central order received successfully. CONTEXT: {"store_id":"site1","source_order_id":370539,"central_order_id":949,"request_id":"765a0dec-fa5b-426e-a28d-720584b9e303","event":"orderupdated"}
2026-09-05T11:24:26+00:00 INFO Central bulk source orders received. CONTEXT: {"store_id":"site1","received":20,"succeeded":20,"failed":0,"request_id":"c0ce50da-7c86-4243-9164-62d6fb2d0e2e"}
2026-09-05T11:24:38+00:00 INFO Central order received successfully. CONTEXT: {"store_id":"site1","source_order_id":364235,"central_order_id":6273,"request_id":"d3a35702-daec-4529-a170-7818cb3d8665","event":"orderupdated"}
2026-09-05T11:24:46+00:00 INFO Central order received successfully. CONTEXT: {"store_id":"site1","source_order_id":364235,"central_order_id":6273,"request_id":"6817298c-1665-4d67-a97d-f015288cc19c","event":"orderupdated"}
2026-09-05T11:24:48+00:00 INFO Central bulk source orders received. CONTEXT: {"store_id":"site1","received":20,"succeeded":20,"failed":0,"request_id":"2be1ba4b-ba5f-4d8b-ad28-13c5e29dca30"}
2026-09-05T11:24:53+00:00 INFO Central order received successfully. CONTEXT: {"store_id":"site1","source_order_id":364235,"central_order_id":6273,"request_id":"eaee39ff-81d5-4c93-a07b-f8b12d7e65af","event":"orderupdated"}
2026-09-05T11:25:01+00:00 INFO Central order received successfully. CONTEXT: {"store_id":"site1","source_order_id":370539,"central_order_id":949,"request_id":"bf3e06b2-9adb-41a7-8845-29057546abd1","event":"orderupdated"}
2026-09-05T11:25:04+00:00 INFO Central order received successfully. CONTEXT: {"store_id":"site1","source_order_id":364235,"central_order_id":6273,"request_id":"ec03612c-16c2-414d-bcba-aa31a2324fb9","event":"orderupdated"}
2026-09-05T11:25:07+00:00 INFO Central order received successfully. CONTEXT: {"store_id":"site1","source_order_id":364235,"central_order_id":6273,"request_id":"5ca67bc0-3325-4619-8de4-78df7679c827","event":"orderupdated"}
2026-09-05T11:25:15+00:00 INFO Central order received successfully. CONTEXT: {"store_id":"site1","source_order_id":364235,"central_order_id":6273,"request_id":"9f556be8-659a-46ed-b448-1e168767060f","event":"orderupdated"}
2026-09-05T11:25:18+00:00 INFO Central bulk source orders received. CONTEXT: {"store_id":"site1","received":20,"succeeded":20,"failed":0,"request_id":"976d77c0-26c7-44cf-b3db-a06d33fea988"}
2026-09-05T11:25:22+00:00 INFO Central order received successfully. CONTEXT: {"store_id":"site1","source_order_id":364235,"central_order_id":6273,"request_id":"39b4504c-cc9c-467b-921f-50012d62f8aa","event":"orderupdated"}
2026-09-05T11:25:34+00:00 INFO Central order received successfully. CONTEXT: {"store_id":"site1","source_order_id":364235,"central_order_id":6273,"request_id":"fc80b112-f0bb-49a1-a091-fc6f83c07bb3","event":"orderupdated"}
2026-09-05T11:25:46+00:00 INFO Central order received successfully. CONTEXT: {"store_id":"site1","source_order_id":364235,"central_order_id":6273,"request_id":"7510d55d-59d0-4d6c-aafc-06a00c00215d","event":"orderupdated"}
2026-09-05T11:25:54+00:00 INFO Central order received successfully. CONTEXT: {"store_id":"site1","source_order_id":364235,"central_order_id":6273,"request_id":"3e37d5ff-1f4e-4d69-b4b4-266f273fc855","event":"orderupdated"}
2026-09-05T11:26:02+00:00 INFO Central order received successfully. CONTEXT: {"store_id":"site1","source_order_id":364235,"central_order_id":6273,"request_id":"6a51abd7-4fcf-462b-a219-689fceec482a","event":"orderupdated"}
2026-09-05T11:26:05+00:00 INFO Central order received successfully. CONTEXT: {"store_id":"site1","source_order_id":370539,"central_order_id":949,"request_id":"375bdc91-73c6-41bc-8d06-dbb8d6f1301c","event":"orderupdated"}
2026-09-05T11:26:10+00:00 INFO Central order received successfully. CONTEXT: {"store_id":"site1","source_order_id":370539,"central_order_id":949,"request_id":"fe299733-4f9d-4aa4-bfa4-cfb44c26e27f","event":"orderupdated"}
2026-09-05T11:26:18+00:00 INFO Central order received successfully. CONTEXT: {"store_id":"site1","source_order_id":364235,"central_order_id":6273,"request_id":"75d07367-1187-4564-adc2-5babecca0f98","event":"orderupdated"}
2026-09-05T11:26:20+00:00 INFO Central bulk source orders received. CONTEXT: {"store_id":"site1","received":20,"succeeded":20,"failed":0,"request_id":"470db959-5e0a-4970-b8dd-4ab3fce72a97"}
2026-09-05T11:26:34+00:00 INFO Central order received successfully. CONTEXT: {"store_id":"site1","source_order_id":364235,"central_order_id":6273,"request_id":"6f2566e1-5456-4d94-b17d-d06ac95c6912","event":"orderupdated"}
2026-09-05T11:26:41+00:00 INFO Central order received successfully. CONTEXT: {"store_id":"site1","source_order_id":364235,"central_order_id":6273,"request_id":"8d75661f-a73a-43d7-b9dd-fcb50dcfc7d0","event":"orderupdated"}
2026-09-05T11:26:49+00:00 INFO Central order received successfully. CONTEXT: {"store_id":"site1","source_order_id":370539,"central_order_id":949,"request_id":"de34166d-2fa9-4bc9-b575-e0a9504e0b3a","event":"orderupdated"}
2026-09-05T11:27:04+00:00 INFO Central bulk source orders received. CONTEXT: {"store_id":"site1","received":20,"succeeded":20,"failed":0,"request_id":"d7a4cda6-b374-4b83-96f5-d08f58c210d4"}
2026-09-05T11:27:18+00:00 INFO Central order received successfully. CONTEXT: {"store_id":"site1","source_order_id":364235,"central_order_id":6273,"request_id":"c3f0d201-3ea9-4d5c-a715-4d1be9eb2f3a","event":"orderupdated"}
2026-09-05T11:27:25+00:00 INFO Central order received successfully. CONTEXT: {"store_id":"site1","source_order_id":364235,"central_order_id":6273,"request_id":"063f6804-2588-430f-86f5-d15e23a444e4","event":"orderupdated"}
2026-09-05T11:27:33+00:00 INFO Central order received successfully. CONTEXT: {"store_id":"site1","source_order_id":364235,"central_order_id":6273,"request_id":"727d624a-51b6-4615-8043-638f7bca2284","event":"orderupdated"}
2026-09-05T11:27:46+00:00 INFO Central order received successfully. CONTEXT: {"store_id":"site1","source_order_id":364235,"central_order_id":6273,"request_id":"651f3330-8277-40f1-87bd-bee599f6c912","event":"orderupdated"}
2026-09-05T11:27:54+00:00 INFO Central order received successfully. CONTEXT: {"store_id":"site1","source_order_id":364235,"central_order_id":6273,"request_id":"5a46b758-5255-43de-b215-845b87427018","event":"orderupdated"}
2026-09-05T11:28:03+00:00 INFO Central bulk source orders received. CONTEXT: {"store_id":"site1","received":20,"succeeded":20,"failed":0,"request_id":"a829fafb-1836-4c17-9e74-2e59b200b85c"}
2026-09-05T11:28:24+00:00 INFO Central order received successfully. CONTEXT: {"store_id":"site1","source_order_id":364235,"central_order_id":6273,"request_id":"aa9cbd0d-6806-4c1e-8513-249205f7b1de","event":"orderupdated"}
2026-09-05T11:28:32+00:00 INFO Central order received successfully. CONTEXT: {"store_id":"site1","source_order_id":364235,"central_order_id":6273,"request_id":"c6f3433f-13a1-4030-a101-e0111b980b28","event":"orderupdated"}
2026-09-05T11:28:46+00:00 INFO Central order received successfully. CONTEXT: {"store_id":"site1","source_order_id":364235,"central_order_id":6273,"request_id":"3fad9299-4305-464f-9cdb-9b575b7ce535","event":"orderupdated"}
2026-09-05T11:28:55+00:00 INFO Central order received successfully. CONTEXT: {"store_id":"site1","source_order_id":364235,"central_order_id":6273,"request_id":"0a03505d-a6ec-4701-8fac-5fe9b285268e","event":"orderupdated"}
2026-09-05T11:28:56+00:00 INFO Central bulk source orders received. CONTEXT: {"store_id":"site1","received":20,"succeeded":20,"failed":0,"request_id":"fc8f77bf-c82f-4eb5-a0bf-08ce4403b8ef"}
2026-09-05T11:29:02+00:00 INFO Central order received successfully. CONTEXT: {"store_id":"site1","source_order_id":364235,"central_order_id":6273,"request_id":"67740194-aaac-4a6c-be2f-3deedec0f1f2","event":"orderupdated"}
2026-09-05T11:29:12+00:00 INFO Central order received successfully. CONTEXT: {"store_id":"site1","source_order_id":364235,"central_order_id":6273,"request_id":"a23f4f3c-7bc4-4a47-8640-888f97b2e291","event":"orderupdated"}
2026-09-05T11:29:24+00:00 INFO Central order received successfully. CONTEXT: {"store_id":"site1","source_order_id":364235,"central_order_id":6273,"request_id":"319e2dfa-2704-4d02-a057-7d42ed099d4a","event":"orderupdated"}
2026-09-05T11:29:27+00:00 INFO Central order received successfully. CONTEXT: {"store_id":"site1","source_order_id":370539,"central_order_id":949,"request_id":"7ec8f132-955f-4f1b-b1b1-fbeae5d4b5b9","event":"orderupdated"}
2026-09-05T11:29:35+00:00 INFO Central order received successfully. CONTEXT: {"store_id":"site1","source_order_id":364235,"central_order_id":6273,"request_id":"3cc32499-c4e5-482c-879b-0aa613c638a6","event":"orderupdated"}
2026-09-05T11:29:38+00:00 INFO Central order received successfully. CONTEXT: {"store_id":"site1","source_order_id":370539,"central_order_id":949,"request_id":"37d0ba11-280c-47d5-8cd2-c3d88f5ae362","event":"orderupdated"}
2026-09-05T11:29:48+00:00 INFO Central bulk source orders received. CONTEXT: {"store_id":"site1","received":20,"succeeded":20,"failed":0,"request_id":"ce2d92c7-d349-4c63-bece-751e6e5151be"}
2026-09-05T11:29:50+00:00 INFO Central order received successfully. CONTEXT: {"store_id":"site1","source_order_id":364235,"central_order_id":6273,"request_id":"4fa11dd8-1dc0-4d8c-97b2-88446dba6ac3","event":"orderupdated"}
2026-09-05T11:30:05+00:00 INFO Central order received successfully. CONTEXT: {"store_id":"site1","source_order_id":364235,"central_order_id":6273,"request_id":"71d8c560-b2a1-47d5-ac96-06d281bcafa0","event":"orderupdated"}
2026-09-05T11:30:09+00:00 INFO Central order received successfully. CONTEXT: {"store_id":"site1","source_order_id":364235,"central_order_id":6273,"request_id":"6d07e9a4-6c24-4f00-8379-945cf5937928","event":"orderupdated"}
2026-09-05T11:30:12+00:00 INFO Central order received successfully. CONTEXT: {"store_id":"site1","source_order_id":364235,"central_order_id":6273,"request_id":"7a9e3352-d606-446c-8eca-9711645b4887","event":"orderupdated"}
2026-09-05T11:30:42+00:00 INFO Central bulk source orders received. CONTEXT: {"store_id":"site1","received":20,"succeeded":20,"failed":0,"request_id":"52306401-1f4e-4d89-8fac-fea190e20544"}
2026-09-05T11:31:38+00:00 INFO Central bulk source orders received. CONTEXT: {"store_id":"site1","received":20,"succeeded":20,"failed":0,"request_id":"bc92f998-9571-438b-b2d3-8a591c0bd4ac"}
2026-09-05T11:32:38+00:00 INFO Central bulk source orders received. CONTEXT: {"store_id":"site1","received":20,"succeeded":20,"failed":0,"request_id":"3eed4f37-3745-495c-b397-c73f4ebfac95"}
2026-09-05T11:33:30+00:00 INFO Central bulk source orders received. CONTEXT: {"store_id":"site1","received":20,"succeeded":20,"failed":0,"request_id":"5ce9c4f0-6a0b-4f26-a445-8e552d784704"}
2026-09-05T11:34:24+00:00 INFO Central bulk source orders received. CONTEXT: {"store_id":"site1","received":20,"succeeded":20,"failed":0,"request_id":"74b851bf-03ae-4a91-bb6f-3055c356cb76"}
2026-09-05T11:35:18+00:00 INFO Central order received successfully. CONTEXT: {"store_id":"site1","source_order_id":370539,"central_order_id":949,"request_id":"5a4167bb-0741-4ad0-bb32-66aba7245712","event":"orderupdated"}
2026-09-05T11:35:20+00:00 INFO Central bulk source orders received. CONTEXT: {"store_id":"site1","received":20,"succeeded":20,"failed":0,"request_id":"a1a1294b-e0c9-41c8-914b-7d05f034cf2b"}
2026-09-05T11:35:37+00:00 INFO Central order received successfully. CONTEXT: {"store_id":"site1","source_order_id":364235,"central_order_id":6273,"request_id":"7d17855d-d085-49fe-949d-1ad44f770a26","event":"orderupdated"}
2026-09-05T11:36:14+00:00 INFO Central bulk source orders received. CONTEXT: {"store_id":"site1","received":20,"succeeded":20,"failed":0,"request_id":"9d640fbd-c8d5-479a-8bb6-90c75ac0bb12"}
2026-09-05T11:36:17+00:00 INFO Central order received successfully. CONTEXT: {"store_id":"site1","source_order_id":364235,"central_order_id":6273,"request_id":"0d3d24d6-e582-40d0-9f21-572f0d4aabd5","event":"orderupdated"}
2026-09-05T11:36:27+00:00 INFO Central order received successfully. CONTEXT: {"store_id":"site1","source_order_id":364235,"central_order_id":6273,"request_id":"2b03aaeb-9abe-407c-b4e2-74d66bf90fb8","event":"orderupdated"}
2026-09-05T11:36:51+00:00 INFO Central order received successfully. CONTEXT: {"store_id":"site1","source_order_id":370539,"central_order_id":949,"request_id":"65fe9559-3165-4e64-ab52-9d28e3d4aa30","event":"orderupdated"}
2026-09-05T11:37:06+00:00 INFO Central bulk source orders received. CONTEXT: {"store_id":"site1","received":20,"succeeded":20,"failed":0,"request_id":"d1f6263e-323c-4372-bda3-c97d3d9bcbc7"}
2026-09-05T11:37:13+00:00 INFO Central order received successfully. CONTEXT: {"store_id":"site1","source_order_id":364235,"central_order_id":6273,"request_id":"4fb81795-34a8-4549-ba44-5c3525477c66","event":"orderupdated"}
2026-09-05T11:37:21+00:00 INFO Central bulk source orders received. CONTEXT: {"store_id":"site1","received":20,"succeeded":20,"failed":0,"request_id":"8dc2210e-6291-47c9-a377-db31f7f52add"}
2026-09-05T11:37:29+00:00 INFO Central order received successfully. CONTEXT: {"store_id":"site1","source_order_id":370539,"central_order_id":949,"request_id":"f5c90453-e7c3-464a-aa39-26a509a00b6a","event":"orderupdated"}
2026-09-05T11:37:40+00:00 INFO Central order received successfully. CONTEXT: {"store_id":"site1","source_order_id":370539,"central_order_id":949,"request_id":"2423062e-b918-4874-ab0b-3b291c832a37","event":"orderupdated"}
2026-09-05T11:38:06+00:00 INFO Central order received successfully. CONTEXT: {"store_id":"site1","source_order_id":370539,"central_order_id":949,"request_id":"bba65ad6-7525-4992-a3bd-74fade21acc2","event":"orderupdated"}
2026-09-05T11:38:09+00:00 INFO Central order received successfully. CONTEXT: {"store_id":"site1","source_order_id":370539,"central_order_id":949,"request_id":"4d0847e8-8a1c-42af-8721-0a6051189926","event":"orderupdated"}
2026-09-05T11:38:13+00:00 INFO Central bulk source orders received. CONTEXT: {"store_id":"site1","received":20,"succeeded":20,"failed":0,"request_id":"e86d32fa-5773-42a5-820c-b220a07d5087"}
2026-09-05T11:38:17+00:00 INFO Central order received successfully. CONTEXT: {"store_id":"site1","source_order_id":370539,"central_order_id":949,"request_id":"35eaf05e-ec0b-4db6-bcfa-9783732ffd0e","event":"orderupdated"}
2026-09-05T11:38:32+00:00 INFO Central order received successfully. CONTEXT: {"store_id":"site1","source_order_id":370539,"central_order_id":949,"request_id":"e272ee68-88eb-4f4e-a05f-d46adff2181a","event":"orderupdated"}
2026-09-05T11:38:53+00:00 INFO Central bulk source orders received. CONTEXT: {"store_id":"site1","received":20,"succeeded":20,"failed":0,"request_id":"10076017-49fe-4119-ab37-d15d7bda5ba9"}
2026-09-05T11:39:10+00:00 INFO Central order received successfully. CONTEXT: {"store_id":"site1","source_order_id":370539,"central_order_id":949,"request_id":"1cf1f8df-7748-4aa3-be6d-4b1eb604e235","event":"orderupdated"}
2026-09-05T11:39:45+00:00 INFO Central order received successfully. CONTEXT: {"store_id":"site1","source_order_id":364235,"central_order_id":6273,"request_id":"fb6a0b6b-9681-4bc9-a6ca-b7adfbc7d634","event":"orderupdated"}
2026-09-05T11:39:53+00:00 INFO Central order received successfully. CONTEXT: {"store_id":"site1","source_order_id":370539,"central_order_id":949,"request_id":"890bb3a6-c3f0-47e7-829b-971282e3fc94","event":"orderupdated"}
2026-09-05T11:40:05+00:00 INFO Central order received successfully. CONTEXT: {"store_id":"site1","source_order_id":370539,"central_order_id":949,"request_id":"704d3f62-0fc4-4514-b64d-21cd6076ca52","event":"orderupdated"}
2026-09-05T11:40:08+00:00 INFO Central order received successfully. CONTEXT: {"store_id":"site1","source_order_id":370539,"central_order_id":949,"request_id":"42b4e21e-032b-4164-ae0e-2d2a2f516ee3","event":"orderupdated"}
2026-09-05T11:40:23+00:00 INFO Central order received successfully. CONTEXT: {"store_id":"site1","source_order_id":364235,"central_order_id":6273,"request_id":"3910f4c6-5b5b-401c-ab4f-7c2e3519f69a","event":"orderupdated"}
2026-09-05T11:40:31+00:00 INFO Central order received successfully. CONTEXT: {"store_id":"site1","source_order_id":370539,"central_order_id":949,"request_id":"23f29941-9157-495f-8d9e-a091c906d624","event":"orderupdated"}
2026-09-05T11:40:47+00:00 INFO Central order received successfully. CONTEXT: {"store_id":"site1","source_order_id":370539,"central_order_id":949,"request_id":"4bd0145d-7df5-4a5a-9dcb-4e6c36293dc5","event":"orderupdated"}
2026-09-05T11:41:01+00:00 INFO Central order received successfully. CONTEXT: {"store_id":"site1","source_order_id":364235,"central_order_id":6273,"request_id":"99459866-fd62-4d24-affd-f9a636581aab","event":"orderupdated"}
2026-09-05T11:41:08+00:00 INFO Central order received successfully. CONTEXT: {"store_id":"site1","source_order_id":370539,"central_order_id":949,"request_id":"b7fea9ab-050c-4bca-b0c9-5bc4f62e331c","event":"orderupdated"}
2026-09-05T11:41:24+00:00 INFO Central bulk source orders received. CONTEXT: {"store_id":"site1","received":20,"succeeded":20,"failed":0,"request_id":"ab0c8dbf-a018-47d8-a328-12c996e34033"}
2026-09-05T11:41:39+00:00 INFO Central order received successfully. CONTEXT: {"store_id":"site1","source_order_id":370539,"central_order_id":949,"request_id":"c01be130-920d-4114-9045-cc085399f095","event":"orderupdated"}
2026-09-05T11:41:44+00:00 INFO Central order received successfully. CONTEXT: {"store_id":"site1","source_order_id":370539,"central_order_id":949,"request_id":"909911ff-d7a5-4465-8726-613a0add1956","event":"orderupdated"}
2026-09-05T11:42:05+00:00 INFO Central order received successfully. CONTEXT: {"store_id":"site1","source_order_id":370539,"central_order_id":949,"request_id":"e907b41f-9933-477e-b18b-0101eae04c99","event":"orderupdated"}
2026-09-05T11:42:08+00:00 INFO Central order received successfully. CONTEXT: {"store_id":"site1","source_order_id":370539,"central_order_id":949,"request_id":"f207d5a4-f8d7-4e83-b902-790480668191","event":"orderupdated"}
2026-09-05T11:42:17+00:00 INFO Central bulk source orders received. CONTEXT: {"store_id":"site1","received":20,"succeeded":20,"failed":0,"request_id":"b2b8e33d-9826-4d01-840d-9c58b48252ae"}
2026-09-05T11:42:20+00:00 INFO Central order received successfully. CONTEXT: {"store_id":"site1","source_order_id":370539,"central_order_id":949,"request_id":"5721cfc8-02b0-49f4-964c-8493f05ecac6","event":"orderupdated"}
2026-09-05T11:42:58+00:00 INFO Central order received successfully. CONTEXT: {"store_id":"site1","source_order_id":370539,"central_order_id":949,"request_id":"4e84e028-5ae4-46a8-bfda-1fdcc76ccb3f","event":"orderupdated"}
2026-09-05T11:43:07+00:00 INFO Central bulk source orders received. CONTEXT: {"store_id":"site1","received":20,"succeeded":20,"failed":0,"request_id":"8b05bb87-6be9-49c3-9498-66051eaa7b52"}
2026-09-05T11:43:36+00:00 INFO Central order received successfully. CONTEXT: {"store_id":"site1","source_order_id":370539,"central_order_id":949,"request_id":"e50d1770-9787-45c6-b79f-4d701ec69430","event":"orderupdated"}
2026-09-05T11:43:58+00:00 INFO Central bulk source orders received. CONTEXT: {"store_id":"site1","received":20,"succeeded":20,"failed":0,"request_id":"f9ae23bc-ff43-43e8-897f-fd541d7d1034"}
2026-09-05T11:44:04+00:00 INFO Central order received successfully. CONTEXT: {"store_id":"site1","source_order_id":370539,"central_order_id":949,"request_id":"00998889-bb16-41c8-a1dd-f28ee5a4bb0e","event":"orderupdated"}
2026-09-05T11:44:06+00:00 INFO Central order received successfully. CONTEXT: {"store_id":"site1","source_order_id":370539,"central_order_id":949,"request_id":"2c00b263-a42a-4c22-852a-49d896209cd5","event":"orderupdated"}
2026-09-05T11:44:15+00:00 INFO Central order received successfully. CONTEXT: {"store_id":"site1","source_order_id":370539,"central_order_id":949,"request_id":"c3ba29ad-593a-4dc4-ada3-def20089dabe","event":"orderupdated"}
2026-09-05T11:44:19+00:00 INFO Central bulk source orders received. CONTEXT: {"store_id":"site1","received":20,"succeeded":20,"failed":0,"request_id":"3f09529d-7512-4928-b054-9fa08c871e66"}
2026-09-05T11:44:48+00:00 INFO Central bulk source orders received. CONTEXT: {"store_id":"site1","received":20,"succeeded":20,"failed":0,"request_id":"d479b0f5-320a-43e5-a7e8-170cf5d95b84"}
2026-09-05T11:45:40+00:00 INFO Central bulk source orders received. CONTEXT: {"store_id":"site1","received":20,"succeeded":20,"failed":0,"request_id":"0df26c9c-bf1e-4082-a5b7-50578eb5dffb"}
2026-09-05T11:52:07+00:00 INFO Central bulk source orders received. CONTEXT: {"store_id":"site1","received":20,"succeeded":20,"failed":0,"request_id":"82ab9293-8f55-4b48-99b6-1055e3924815"}
2026-09-05T11:52:11+00:00 INFO Central order received successfully. CONTEXT: {"store_id":"site1","source_order_id":370539,"central_order_id":949,"request_id":"9921556c-12c9-4e3c-b6ad-52cacafe383d","event":"orderupdated"}
2026-09-05T11:52:17+00:00 INFO Central bulk source orders received. CONTEXT: {"store_id":"site1","received":20,"succeeded":20,"failed":0,"request_id":"98b2e4b6-30d2-4b70-80a0-3f28e5b6dbce"}
2026-09-05T11:52:23+00:00 INFO Central order received successfully. CONTEXT: {"store_id":"site1","source_order_id":367431,"central_order_id":245,"request_id":"7e8f1d2f-c0bc-4f41-9105-82a09fb79d36","event":"orderupdated"}
2026-09-05T11:52:29+00:00 INFO Central order received successfully. CONTEXT: {"store_id":"site1","source_order_id":367431,"central_order_id":245,"request_id":"59817d29-2cf9-48ad-bb81-9955c03f53c4","event":"orderupdated"}
2026-09-05T11:53:13+00:00 INFO Central bulk source orders received. CONTEXT: {"store_id":"site1","received":20,"succeeded":20,"failed":0,"request_id":"50c910cf-badf-43ec-b5fe-0da5357a06fd"}
2026-09-05T11:54:02+00:00 INFO Central bulk source orders received. CONTEXT: {"store_id":"site1","received":20,"succeeded":20,"failed":0,"request_id":"69e5b038-4853-4346-91a1-9d9013c311d4"}
2026-09-05T11:54:38+00:00 INFO Central bulk source orders received. CONTEXT: {"store_id":"site1","received":20,"succeeded":20,"failed":0,"request_id":"5120fa9b-82fe-4799-9363-c223d390ee63"}
2026-09-05T11:55:11+00:00 INFO Central bulk source orders received. CONTEXT: {"store_id":"site1","received":20,"succeeded":20,"failed":0,"request_id":"392f2fec-edc3-4cf0-97dd-42024d6a49d9"}
2026-09-05T11:55:22+00:00 INFO Central bulk source orders received. CONTEXT: {"store_id":"site1","received":20,"succeeded":20,"failed":0,"request_id":"f66a54db-8a7c-4fd9-ba5b-bc59693ca09b"}
2026-09-05T11:56:15+00:00 INFO Central bulk source orders received. CONTEXT: {"store_id":"site1","received":20,"succeeded":20,"failed":0,"request_id":"2e4162f4-e934-4725-9d1b-3b22f4f2e178"}
2026-09-05T11:57:06+00:00 INFO Central bulk source orders received. CONTEXT: {"store_id":"site1","received":20,"succeeded":20,"failed":0,"request_id":"7c67c06d-8fe4-4d19-a06b-5300fe53d098"}
2026-09-05T11:57:15+00:00 INFO Central bulk source orders received. CONTEXT: {"store_id":"site1","received":20,"succeeded":20,"failed":0,"request_id":"499e7d31-fd25-4d13-b589-d406b32674e7"}
2026-09-05T11:57:40+00:00 INFO Central order received successfully. CONTEXT: {"store_id":"site1","source_order_id":367431,"central_order_id":245,"request_id":"31bce311-a492-456a-a59e-1114e78badc1","event":"orderupdated"}
2026-09-05T11:57:48+00:00 INFO Central order received successfully. CONTEXT: {"store_id":"site1","source_order_id":368584,"central_order_id":526,"request_id":"144df300-a3c7-45d4-8f1e-3cc4e700b916","event":"orderupdated"}
2026-09-05T11:58:03+00:00 INFO Central order received successfully. CONTEXT: {"store_id":"site1","source_order_id":368584,"central_order_id":526,"request_id":"636c7086-e666-477e-a854-2d10d013f390","event":"orderupdated"}
2026-09-05T11:58:05+00:00 INFO Central bulk source orders received. CONTEXT: {"store_id":"site1","received":20,"succeeded":20,"failed":0,"request_id":"9f8086bd-db78-4cb1-b6c7-0a715994e294"}
2026-09-05T11:58:11+00:00 INFO Central order received successfully. CONTEXT: {"store_id":"site1","source_order_id":368584,"central_order_id":526,"request_id":"3b763df7-9bb0-4811-86d8-d04818110828","event":"orderupdated"}
2026-09-05T11:58:17+00:00 INFO Central order received successfully. CONTEXT: {"store_id":"site1","source_order_id":367431,"central_order_id":245,"request_id":"95b4e794-d6fc-4f5b-b510-c528bf486d42","event":"orderupdated"}
2026-09-05T11:58:25+00:00 INFO Central order received successfully. CONTEXT: {"store_id":"site1","source_order_id":368584,"central_order_id":526,"request_id":"a97e9906-2126-4a23-8b16-8d25ec80b807","event":"orderupdated"}
2026-09-05T11:58:39+00:00 INFO Central bulk source orders received. CONTEXT: {"store_id":"site1","received":20,"succeeded":20,"failed":0,"request_id":"c2c1cf60-3a02-41bf-acd8-52d41a125c0e"}
2026-09-05T11:58:40+00:00 INFO Central order received successfully. CONTEXT: {"store_id":"site1","source_order_id":368584,"central_order_id":526,"request_id":"48d6ec25-8dfd-4a03-baf3-d8f67e3c1d9e","event":"orderupdated"}
2026-09-05T11:59:31+00:00 INFO Central bulk source orders received. CONTEXT: {"store_id":"site1","received":20,"succeeded":20,"failed":0,"request_id":"a72bfe9a-d40f-402a-b54f-c868141c8781"}
2026-09-05T12:00:22+00:00 INFO Central bulk source orders received. CONTEXT: {"store_id":"site1","received":20,"succeeded":20,"failed":0,"request_id":"4aa07a28-73b0-4c66-ac98-0e4cd618963c"}
2026-09-05T12:01:04+00:00 INFO Central order received successfully. CONTEXT: {"store_id":"site1","source_order_id":367431,"central_order_id":245,"request_id":"2d92d0c9-07ca-4314-a71e-b24020cc15f8","event":"orderupdated"}
2026-09-05T12:01:06+00:00 INFO Central bulk source orders received. CONTEXT: {"store_id":"site1","received":20,"succeeded":20,"failed":0,"request_id":"e475de7b-b725-45d4-9fe5-80426910c077"}
2026-09-05T12:01:16+00:00 INFO Central bulk source orders received. CONTEXT: {"store_id":"site1","received":20,"succeeded":20,"failed":0,"request_id":"0a32383b-e7ea-4ca1-a3c5-ea055b218fee"}
2026-09-05T12:01:30+00:00 INFO Central order received successfully. CONTEXT: {"store_id":"site1","source_order_id":368584,"central_order_id":526,"request_id":"c6ac7338-9b9e-4610-99da-107bcab911f3","event":"orderupdated"}
2026-09-05T12:01:47+00:00 INFO Central order received successfully. CONTEXT: {"store_id":"site1","source_order_id":370078,"central_order_id":659,"request_id":"5fac2fc3-c4c1-4152-bb37-9cd4b3c71585","event":"orderupdated"}
2026-09-05T12:02:08+00:00 INFO Central order received successfully. CONTEXT: {"store_id":"site1","source_order_id":379846,"central_order_id":7148,"request_id":"6fc29c7a-e0d9-4d57-bc29-080bb3f3f78c","event":"orderupdated"}
2026-09-05T12:02:24+00:00 INFO Central order received successfully. CONTEXT: {"store_id":"site1","source_order_id":370078,"central_order_id":659,"request_id":"20b7b741-5bec-419c-b0e5-89306092e929","event":"orderupdated"}
2026-09-05T12:02:46+00:00 INFO Central order received successfully. CONTEXT: {"store_id":"site1","source_order_id":379846,"central_order_id":7148,"request_id":"27b83ecd-6667-4285-bf9c-8c64cf3c7e12","event":"orderupdated"}
2026-09-05T12:03:01+00:00 INFO Central order received successfully. CONTEXT: {"store_id":"site1","source_order_id":370078,"central_order_id":659,"request_id":"cdd7dcdf-b357-4972-a7d9-c78a13edee1a","event":"orderupdated"}
2026-09-05T12:03:03+00:00 INFO Central order received successfully. CONTEXT: {"store_id":"site1","source_order_id":367431,"central_order_id":245,"request_id":"ef6b008d-3764-48f7-bf08-8b4b77054165","event":"orderupdated"}
2026-09-05T12:03:11+00:00 INFO Central bulk source orders received. CONTEXT: {"store_id":"site1","received":20,"succeeded":20,"failed":0,"request_id":"8e3a1970-a722-4a35-a37e-292381a33863"}
2026-09-05T12:03:17+00:00 INFO Central order received successfully. CONTEXT: {"store_id":"site1","source_order_id":367431,"central_order_id":245,"request_id":"51a218ef-14aa-4c9b-a909-ae8191fa4429","event":"orderupdated"}
2026-09-05T12:03:22+00:00 INFO Central order received successfully. CONTEXT: {"store_id":"site1","source_order_id":368584,"central_order_id":526,"request_id":"48d2d46a-0c86-4503-a40f-189e2bcd26cc","event":"orderupdated"}
2026-09-05T12:03:27+00:00 INFO Central bulk source orders received. CONTEXT: {"store_id":"site1","received":20,"succeeded":20,"failed":0,"request_id":"e64e8c32-9f82-457b-b2f7-5cc08d5b6bcd"}
2026-09-05T12:03:39+00:00 INFO Central order received successfully. CONTEXT: {"store_id":"site1","source_order_id":370078,"central_order_id":659,"request_id":"2d4eca2a-f42a-4eec-a0ee-b0d41e3d1179","event":"orderupdated"}
2026-09-05T12:03:48+00:00 INFO Central bulk source orders received. CONTEXT: {"store_id":"site1","received":20,"succeeded":20,"failed":0,"request_id":"30d0b434-d81f-49a3-9af4-efb7896fc759"}
2026-09-05T12:03:57+00:00 INFO Central order received successfully. CONTEXT: {"store_id":"site1","source_order_id":367431,"central_order_id":245,"request_id":"8659c9a7-64dc-4042-a2ac-ceac611e3d69","event":"orderupdated"}
2026-09-05T12:04:01+00:00 INFO Central order received successfully. CONTEXT: {"store_id":"site1","source_order_id":368584,"central_order_id":526,"request_id":"f3c63d51-1d52-4014-9a54-499223cf0212","event":"orderupdated"}
2026-09-05T12:04:23+00:00 INFO Central order received successfully. CONTEXT: {"store_id":"site1","source_order_id":370078,"central_order_id":659,"request_id":"0cc5abd5-9bdc-48a7-bde2-d73477cf6e00","event":"orderupdated"}
2026-09-05T12:04:34+00:00 INFO Central order received successfully. CONTEXT: {"store_id":"site1","source_order_id":367431,"central_order_id":245,"request_id":"5368b73e-6cf5-4645-a7be-5814c64c8484","event":"orderupdated"}
2026-09-05T12:04:43+00:00 INFO Central bulk source orders received. CONTEXT: {"store_id":"site1","received":20,"succeeded":20,"failed":0,"request_id":"4b9dd96e-0207-4092-a03a-341804be2ba7"}
2026-09-05T12:05:06+00:00 INFO Central order received successfully. CONTEXT: {"store_id":"site1","source_order_id":370078,"central_order_id":659,"request_id":"868371e9-f6d5-422a-bd39-6572010a7157","event":"orderupdated"}
2026-09-05T12:05:15+00:00 INFO Central order received successfully. CONTEXT: {"store_id":"site1","source_order_id":367431,"central_order_id":245,"request_id":"9843506d-d047-4530-b962-05bf12850866","event":"orderupdated"}
2026-09-05T12:05:24+00:00 INFO Central order received successfully. CONTEXT: {"store_id":"site1","source_order_id":368584,"central_order_id":526,"request_id":"5a2bd4e5-1cec-407e-be1f-6b213ded0a33","event":"orderupdated"}
2026-09-05T12:08:26+00:00 INFO Central order received successfully. CONTEXT: {"store_id":"site1","source_order_id":368584,"central_order_id":526,"request_id":"4e3723fd-2900-41d7-be32-1dcbe9b9db08","event":"orderupdated"}
2026-09-05T12:08:33+00:00 INFO Central bulk source orders received. CONTEXT: {"store_id":"site1","received":20,"succeeded":20,"failed":0,"request_id":"067b6dc1-e684-470e-8cca-a1bfc19ef2fc"}
2026-09-05T12:08:57+00:00 INFO Central bulk source orders received. CONTEXT: {"store_id":"site1","received":20,"succeeded":20,"failed":0,"request_id":"57561c3a-0850-414c-9291-2301ddc49aac"}
2026-09-05T12:09:26+00:00 INFO Central bulk source orders received. CONTEXT: {"store_id":"site1","received":20,"succeeded":20,"failed":0,"request_id":"f8436e17-e395-42d4-ba1e-36f04f139acc"}
2026-09-05T12:09:50+00:00 INFO Central order received successfully. CONTEXT: {"store_id":"site1","source_order_id":368584,"central_order_id":526,"request_id":"ef8c6f95-fe62-49a4-bd9e-d827be0fde5c","event":"orderupdated"}
2026-09-05T12:09:52+00:00 INFO Central bulk source orders received. CONTEXT: {"store_id":"site1","received":20,"succeeded":20,"failed":0,"request_id":"9759bc37-3b23-403d-b93d-74d2e6de8ad4"}
2026-09-05T12:10:17+00:00 INFO Central bulk source orders received. CONTEXT: {"store_id":"site1","received":20,"succeeded":20,"failed":0,"request_id":"6bc81c0a-31b4-44f3-94bb-3d64f9186654"}
2026-09-05T12:10:43+00:00 INFO Central bulk source orders received. CONTEXT: {"store_id":"site1","received":20,"succeeded":20,"failed":0,"request_id":"7d6da014-019f-4665-806e-fd34239bdf4d"}
2026-09-05T12:11:05+00:00 INFO Central bulk source orders received. CONTEXT: {"store_id":"site1","received":20,"succeeded":20,"failed":0,"request_id":"7e6e1f3b-07f8-4b92-ba2e-71af99be8883"}
2026-09-05T12:11:22+00:00 INFO Central bulk source orders received. CONTEXT: {"store_id":"site1","received":20,"succeeded":20,"failed":0,"request_id":"da334d00-dd88-4f62-a65d-b6d28bd51043"}
2026-09-05T12:12:11+00:00 INFO Central order received successfully. CONTEXT: {"store_id":"site1","source_order_id":379860,"central_order_id":7151,"request_id":"801b700a-438a-4def-b6e7-be0f2081aed6","event":"orderupdated"}
2026-09-05T12:12:14+00:00 INFO Central bulk source orders received. CONTEXT: {"store_id":"site1","received":20,"succeeded":20,"failed":0,"request_id":"2e8bff49-417c-4eca-a29d-09c9de8035f7"}
2026-09-05T12:12:18+00:00 INFO Central order received successfully. CONTEXT: {"store_id":"site1","source_order_id":379860,"central_order_id":7151,"request_id":"9d1f8dc5-4a65-4f75-89b6-e853e5ea2659","event":"orderupdated"}
2026-09-05T12:12:56+00:00 INFO Central order received successfully. CONTEXT: {"store_id":"site1","source_order_id":379860,"central_order_id":7151,"request_id":"05ae951f-2310-45a8-9c9b-fe1dbf9b7879","event":"orderupdated"}
2026-09-05T12:13:05+00:00 INFO Central bulk source orders received. CONTEXT: {"store_id":"site1","received":20,"succeeded":20,"failed":0,"request_id":"b6929716-4912-4ae4-bada-309a84ecd883"}
2026-09-05T12:13:14+00:00 INFO Central bulk source orders received. CONTEXT: {"store_id":"site1","received":20,"succeeded":20,"failed":0,"request_id":"f4617870-ea75-4ca4-a86a-8a2e9083a5e1"}
2026-09-05T12:13:26+00:00 INFO Central order received successfully. CONTEXT: {"store_id":"site1","source_order_id":379860,"central_order_id":7151,"request_id":"b2513a39-2f9b-42a5-8191-98faf1a0747d","event":"orderupdated"}
2026-09-05T12:13:37+00:00 INFO Central bulk source orders received. CONTEXT: {"store_id":"site1","received":20,"succeeded":20,"failed":0,"request_id":"6d264fdb-3a27-43ed-9a9d-d5794227d4cf"}
2026-09-05T12:16:05+00:00 INFO Central bulk source orders received. CONTEXT: {"store_id":"site1","received":20,"succeeded":20,"failed":0,"request_id":"b6415cec-fa50-46cd-be7f-aeaee5ab663d"}
2026-09-05T12:16:18+00:00 INFO Central order received successfully. CONTEXT: {"store_id":"site1","source_order_id":379860,"central_order_id":7151,"request_id":"a3d89388-6a43-43d2-8591-5ee15bd90249","event":"orderupdated"}
2026-09-05T12:16:22+00:00 INFO Central order received successfully. CONTEXT: {"store_id":"site1","source_order_id":370539,"central_order_id":949,"request_id":"e0003a3e-97e5-40d7-bc95-9d07fbaeb643","event":"orderupdated"}
2026-09-05T12:16:28+00:00 INFO Central order received successfully. CONTEXT: {"store_id":"site1","source_order_id":370539,"central_order_id":949,"request_id":"705a6068-7c89-446f-90fc-fab431cb67cc","event":"orderupdated"}
2026-09-05T12:16:35+00:00 INFO Central bulk source orders received. CONTEXT: {"store_id":"site1","received":20,"succeeded":20,"failed":0,"request_id":"60ef517d-10f8-432c-b164-affac2371a16"}
2026-09-05T12:17:01+00:00 INFO Central order received successfully. CONTEXT: {"store_id":"site1","source_order_id":379864,"central_order_id":7153,"request_id":"72b83c4a-6ebf-4401-8ea6-f50b24c9949a","event":"orderupdated"}
2026-09-05T12:17:05+00:00 INFO Central order received successfully. CONTEXT: {"store_id":"site1","source_order_id":379864,"central_order_id":7153,"request_id":"212aa08c-1356-4841-a559-5c4a44914554","event":"orderupdated"}
2026-09-05T12:17:09+00:00 INFO Central order received successfully. CONTEXT: {"store_id":"site1","source_order_id":379864,"central_order_id":7153,"request_id":"fa361e61-ddd3-4117-b522-4facb3556dbe","event":"orderupdated"}
2026-09-05T12:17:24+00:00 INFO Central bulk source orders received. CONTEXT: {"store_id":"site1","received":20,"succeeded":20,"failed":0,"request_id":"7ba0c404-f7c2-43a8-a611-a2babb0f2566"}
2026-09-05T12:17:38+00:00 INFO Central order received successfully. CONTEXT: {"store_id":"site1","source_order_id":379864,"central_order_id":7153,"request_id":"94e92cea-1411-4052-b769-d803a4bf50db","event":"orderupdated"}
2026-09-05T12:17:46+00:00 INFO Central order received successfully. CONTEXT: {"store_id":"site1","source_order_id":370539,"central_order_id":949,"request_id":"43e493cd-74fd-4c71-b6c6-4d16b00307a3","event":"orderupdated"}
2026-09-05T12:17:54+00:00 INFO Central order received successfully. CONTEXT: {"store_id":"site1","source_order_id":370539,"central_order_id":949,"request_id":"bb58bb2b-5867-4489-8a0e-1b1c0df94d42","event":"orderupdated"}
2026-09-05T12:18:03+00:00 INFO Central order received successfully. CONTEXT: {"store_id":"site1","source_order_id":370539,"central_order_id":949,"request_id":"2d27fb22-56d2-4c07-a47f-09f05a255442","event":"orderupdated"}
2026-09-05T12:18:15+00:00 INFO Central order received successfully. CONTEXT: {"store_id":"site1","source_order_id":370539,"central_order_id":949,"request_id":"d5dffdb9-2028-482c-93e0-2d5adbf999b4","event":"orderupdated"}
2026-09-05T12:18:17+00:00 INFO Central bulk source orders received. CONTEXT: {"store_id":"site1","received":20,"succeeded":20,"failed":0,"request_id":"a25381e9-77ef-4dde-a992-4ad5f27a5b4b"}
2026-09-05T12:18:47+00:00 INFO Central bulk source orders received. CONTEXT: {"store_id":"site1","received":20,"succeeded":20,"failed":0,"request_id":"12ee1151-deb2-4589-8b34-161cbb19f5df"}
2026-09-05T12:20:18+00:00 INFO Central order received successfully. CONTEXT: {"store_id":"site1","source_order_id":370539,"central_order_id":949,"request_id":"f88394c5-cc96-4455-bbe1-e72b01796322","event":"orderupdated"}
2026-09-05T12:20:27+00:00 INFO Central order received successfully. CONTEXT: {"store_id":"site1","source_order_id":370539,"central_order_id":949,"request_id":"169f9e08-5db9-4d8c-a9a2-3bc32cbdbb54","event":"orderupdated"}
2026-09-05T12:20:37+00:00 INFO Central order received successfully. CONTEXT: {"store_id":"site1","source_order_id":370539,"central_order_id":949,"request_id":"25d22704-e9f1-44f0-91d8-9ebbd7bfff9c","event":"orderupdated"}
2026-09-05T12:20:45+00:00 INFO Central bulk source orders received. CONTEXT: {"store_id":"site1","received":20,"succeeded":20,"failed":0,"request_id":"eb8de29b-9fe0-4cf6-89cd-68a8bac93d11"}
2026-09-05T12:20:49+00:00 INFO Central order received successfully. CONTEXT: {"store_id":"site1","source_order_id":370539,"central_order_id":949,"request_id":"b0e70d17-6438-47ee-b1cf-adbb71b3be39","event":"orderupdated"}
2026-09-05T12:20:57+00:00 INFO Central order received successfully. CONTEXT: {"store_id":"site1","source_order_id":379871,"central_order_id":7162,"request_id":"2213f9f6-67d5-49cc-8202-2c01bebae7f8","event":"orderupdated"}
2026-09-05T12:20:58+00:00 INFO Order synchronization succeeded. CONTEXT: {"store_id":"site1","source_order_id":372357,"central_order_id":5383,"event":"company_order_sync_push_central_status","request_id":"8b9e090b-c15a-4374-95c4-9243be1c0ff1"}
2026-09-05T12:21:07+00:00 INFO Central bulk source orders received. CONTEXT: {"store_id":"site1","received":20,"succeeded":20,"failed":0,"request_id":"bd67e057-6c88-4c10-9a17-5c5a184807ae"}
2026-09-05T12:21:39+00:00 INFO Central bulk source orders received. CONTEXT: {"store_id":"site1","received":20,"succeeded":20,"failed":0,"request_id":"f83dcba5-e645-48bd-8077-8e00c49eea32"}
2026-09-05T12:24:05+00:00 INFO Order synchronization succeeded. CONTEXT: {"store_id":"site2","source_order_id":43411,"central_order_id":6698,"event":"company_order_sync_push_central_status","request_id":"29c120c0-0416-4405-9c76-b8bd893686d9"}
2026-09-05T12:30:12+00:00 INFO Central order received successfully. CONTEXT: {"store_id":"site1","source_order_id":370539,"central_order_id":949,"request_id":"a841d37e-5063-4a25-88dd-0398ed50e312","event":"orderupdated"}
2026-09-05T12:30:18+00:00 INFO Central bulk source orders received. CONTEXT: {"store_id":"site1","received":20,"succeeded":20,"failed":0,"request_id":"5973d62e-b491-470c-a0cc-f3bc37b21dbd"}
2026-09-05T12:30:47+00:00 INFO Central bulk source orders received. CONTEXT: {"store_id":"site1","received":20,"succeeded":20,"failed":0,"request_id":"ab9b6609-ae75-49bd-a1cb-48d677a57c76"}
2026-09-05T12:31:58+00:00 INFO Central order received successfully. CONTEXT: {"store_id":"site1","source_order_id":368584,"central_order_id":526,"request_id":"1e6bce8c-3980-41cc-87c8-e190c26a1743","event":"orderupdated"}
2026-09-05T12:32:18+00:00 INFO Central order received successfully. CONTEXT: {"store_id":"site1","source_order_id":355273,"central_order_id":417,"request_id":"d1d34947-f5b8-44ee-adad-1a5c0a19c35b","event":"orderupdated"}
2026-09-05T12:32:27+00:00 INFO Central order received successfully. CONTEXT: {"store_id":"site1","source_order_id":355273,"central_order_id":417,"request_id":"44d51d0c-4130-477d-ad5b-dad6aa50c286","event":"orderupdated"}
2026-09-05T12:32:32+00:00 INFO Central order received successfully. CONTEXT: {"store_id":"site1","source_order_id":355273,"central_order_id":417,"request_id":"a5b9dc44-6d19-42f1-b3dc-2c012143f17e","event":"orderupdated"}
2026-09-05T12:32:35+00:00 INFO Central order received successfully. CONTEXT: {"store_id":"site1","source_order_id":368584,"central_order_id":526,"request_id":"cefd5a2e-ec9a-4843-9cb2-7b34837f6ca1","event":"orderupdated"}
2026-09-05T12:32:40+00:00 INFO Central order received successfully. CONTEXT: {"store_id":"site1","source_order_id":355273,"central_order_id":417,"request_id":"b8e6e47b-ee50-4cdd-8d13-23e55e23b826","event":"orderupdated"}
2026-09-05T12:32:49+00:00 INFO Central order received successfully. CONTEXT: {"store_id":"site1","source_order_id":355273,"central_order_id":417,"request_id":"f106053e-a330-4907-a03c-d6ebe6e8b3c3","event":"orderupdated"}
2026-09-05T12:32:54+00:00 INFO Central order received successfully. CONTEXT: {"store_id":"site1","source_order_id":355273,"central_order_id":417,"request_id":"1e77eecb-b7e2-44d8-bd7e-ebaac712988f","event":"orderupdated"}
2026-09-05T12:33:00+00:00 INFO Central order received successfully. CONTEXT: {"store_id":"site1","source_order_id":355273,"central_order_id":417,"request_id":"cbeb5c44-77c9-4c82-ad02-02e0206cd442","event":"orderupdated"}
2026-09-05T12:33:04+00:00 INFO Central order received successfully. CONTEXT: {"store_id":"site1","source_order_id":355273,"central_order_id":417,"request_id":"f7ec4a69-3e2e-4519-8734-fa81a03276fc","event":"orderupdated"}
2026-09-05T12:33:10+00:00 INFO Central order received successfully. CONTEXT: {"store_id":"site1","source_order_id":355273,"central_order_id":417,"request_id":"e39705f0-894e-431e-826c-dace5f94f070","event":"orderupdated"}
2026-09-05T12:33:18+00:00 INFO Central order received successfully. CONTEXT: {"store_id":"site1","source_order_id":355273,"central_order_id":417,"request_id":"d21e39bb-c604-48b9-a7ac-285496e8366d","event":"orderupdated"}
2026-09-05T12:33:32+00:00 INFO Central order received successfully. CONTEXT: {"store_id":"site1","source_order_id":355273,"central_order_id":417,"request_id":"518545af-53ac-49b9-9471-72a1faf0e329","event":"orderupdated"}
2026-09-05T12:33:37+00:00 INFO Central order received successfully. CONTEXT: {"store_id":"site1","source_order_id":355273,"central_order_id":417,"request_id":"f1cb5be9-0566-4e5b-9bfa-f3626469a503","event":"orderupdated"}
2026-09-05T12:33:40+00:00 INFO Central order received successfully. CONTEXT: {"store_id":"site1","source_order_id":355273,"central_order_id":417,"request_id":"ba69437a-850a-4b43-9f92-bf1d4e4d81e5","event":"orderupdated"}
2026-09-05T12:33:47+00:00 INFO Central order received successfully. CONTEXT: {"store_id":"site1","source_order_id":355273,"central_order_id":417,"request_id":"15335429-7c32-4cfa-b23e-1bca25f662ba","event":"orderupdated"}
2026-09-05T12:33:53+00:00 INFO Central order received successfully. CONTEXT: {"store_id":"site1","source_order_id":355273,"central_order_id":417,"request_id":"7dbe2e45-acb3-4571-a196-666c749498b1","event":"orderupdated"}
2026-09-05T12:34:03+00:00 INFO Central order received successfully. CONTEXT: {"store_id":"site1","source_order_id":355273,"central_order_id":417,"request_id":"7ae94b91-a3a1-4e78-a7ba-920a3de4f10a","event":"orderupdated"}
2026-09-05T12:34:09+00:00 INFO Central order received successfully. CONTEXT: {"store_id":"site1","source_order_id":355273,"central_order_id":417,"request_id":"10dfe0fa-6f6d-43e2-bdfd-361ffa6cbdef","event":"orderupdated"}
2026-09-05T12:34:13+00:00 INFO Central order received successfully. CONTEXT: {"store_id":"site1","source_order_id":355273,"central_order_id":417,"request_id":"b4830d2b-47fc-45ec-b7ef-2ae89e4f2dcb","event":"orderupdated"}
2026-09-05T12:34:16+00:00 INFO Central order received successfully. CONTEXT: {"store_id":"site1","source_order_id":355273,"central_order_id":417,"request_id":"daa678a5-8d86-478a-9c86-50221451b7e9","event":"orderupdated"}
2026-09-05T12:34:20+00:00 INFO Central order received successfully. CONTEXT: {"store_id":"site1","source_order_id":355273,"central_order_id":417,"request_id":"a88097b5-f9c1-40b3-b7f9-ebcd95b20725","event":"orderupdated"}
2026-09-05T12:47:21+00:00 INFO Central bulk source orders received. CONTEXT: {"store_id":"site1","received":20,"succeeded":20,"failed":0,"request_id":"75d43605-95b8-460f-ab05-9007ee56e3bc"}
2026-09-05T12:47:49+00:00 INFO Central order received successfully. CONTEXT: {"store_id":"site1","source_order_id":355273,"central_order_id":417,"request_id":"8e503db6-ea49-445d-bd1d-5e05e3436e16","event":"orderupdated"}
2026-09-05T12:48:09+00:00 INFO Central bulk source orders received. CONTEXT: {"store_id":"site1","received":20,"succeeded":20,"failed":0,"request_id":"4dd780bd-5126-4167-a6ff-28d0034d6184"}
2026-09-05T12:48:30+00:00 INFO Central order received successfully. CONTEXT: {"store_id":"site1","source_order_id":355273,"central_order_id":417,"request_id":"20a08100-1710-4a41-807a-2c5948a97a1b","event":"orderupdated"}
2026-09-05T12:48:57+00:00 INFO Central bulk source orders received. CONTEXT: {"store_id":"site1","received":20,"succeeded":20,"failed":0,"request_id":"8169d7d3-2ad1-4bd4-b487-9f1d52d7c10a"}
2026-09-05T12:49:11+00:00 INFO Central order received successfully. CONTEXT: {"store_id":"site1","source_order_id":355273,"central_order_id":417,"request_id":"07e2743f-6216-4294-84bc-505d6cb79791","event":"orderupdated"}
2026-09-05T12:49:27+00:00 INFO Central bulk source orders received. CONTEXT: {"store_id":"site1","received":20,"succeeded":20,"failed":0,"request_id":"05ab48cb-2c8c-4542-a796-334acf616646"}
2026-09-05T12:49:45+00:00 INFO Central order received successfully. CONTEXT: {"store_id":"site1","source_order_id":379885,"central_order_id":7173,"request_id":"10e9d31c-6ed8-4ad2-8de6-ffd33d0e2603","event":"orderupdated"}
2026-09-05T12:49:47+00:00 INFO Central bulk source orders received. CONTEXT: {"store_id":"site1","received":20,"succeeded":20,"failed":0,"request_id":"1b70fac5-c539-4a9c-a4e9-cd21e88ef7e4"}
2026-09-05T12:49:47+00:00 INFO Central order received successfully. CONTEXT: {"store_id":"site1","source_order_id":355273,"central_order_id":417,"request_id":"8c15c71d-2210-4c2c-a506-8b295f26f4ed","event":"orderupdated"}
2026-09-05T12:50:17+00:00 INFO Central bulk source orders received. CONTEXT: {"store_id":"site1","received":20,"succeeded":20,"failed":0,"request_id":"38df4fb1-9251-41c4-910c-f259a40f5b7e"}
2026-09-05T12:50:24+00:00 INFO Central order received successfully. CONTEXT: {"store_id":"site1","source_order_id":355273,"central_order_id":417,"request_id":"c00f5975-8a80-4676-8ed4-4ea0cf5fc6b6","event":"orderupdated"}
2026-09-05T12:50:37+00:00 INFO Central bulk source orders received. CONTEXT: {"store_id":"site1","received":20,"succeeded":20,"failed":0,"request_id":"ad2408b0-0673-4167-8426-a8db8cc64053"}
2026-09-05T12:51:00+00:00 INFO Central order received successfully. CONTEXT: {"store_id":"site1","source_order_id":355273,"central_order_id":417,"request_id":"18208785-46ce-49a5-ba87-ccfac733dc92","event":"orderupdated"}
2026-09-05T12:51:06+00:00 INFO Central bulk source orders received. CONTEXT: {"store_id":"site1","received":20,"succeeded":20,"failed":0,"request_id":"9c525ad4-d75d-4313-81a8-8580fbcc4d22"}
2026-09-05T12:51:27+00:00 INFO Central bulk source orders received. CONTEXT: {"store_id":"site1","received":20,"succeeded":20,"failed":0,"request_id":"0e26676d-b247-4e62-8f5d-bc9742f998af"}
2026-09-05T12:51:39+00:00 INFO Central order received successfully. CONTEXT: {"store_id":"site1","source_order_id":355273,"central_order_id":417,"request_id":"f657e209-6716-4a85-a018-7d2cba4200c4","event":"orderupdated"}
2026-09-05T12:51:57+00:00 INFO Central bulk source orders received. CONTEXT: {"store_id":"site1","received":20,"succeeded":20,"failed":0,"request_id":"cb77fcdc-4437-4054-83a6-be129891638c"}
2026-09-05T12:52:16+00:00 INFO Central order received successfully. CONTEXT: {"store_id":"site1","source_order_id":355273,"central_order_id":417,"request_id":"1d9fad58-575d-4d00-a2a0-36d78aa7ba92","event":"orderupdated"}
2026-09-05T12:52:18+00:00 INFO Central bulk source orders received. CONTEXT: {"store_id":"site1","received":20,"succeeded":20,"failed":0,"request_id":"7e391e6a-e9bd-4a5b-9fd7-37242b38cda7"}
2026-09-05T12:52:31+00:00 INFO Central order received successfully. CONTEXT: {"store_id":"site1","source_order_id":355273,"central_order_id":417,"request_id":"39ece24d-1e48-4204-8089-c8a5ea1e4157","event":"orderupdated"}
2026-09-05T12:53:08+00:00 INFO Central bulk source orders received. CONTEXT: {"store_id":"site1","received":20,"succeeded":20,"failed":0,"request_id":"cf3c4534-3813-499f-84f4-14ed68a3693b"}
2026-09-05T12:53:20+00:00 INFO Central order received successfully. CONTEXT: {"store_id":"site1","source_order_id":355273,"central_order_id":417,"request_id":"16bbc0d9-4992-4da6-bc91-96c2c72ac43a","event":"orderupdated"}
2026-09-05T12:53:57+00:00 INFO Central bulk source orders received. CONTEXT: {"store_id":"site1","received":20,"succeeded":20,"failed":0,"request_id":"42e0587d-c95d-444b-9c75-a18e5881fe41"}
2026-09-05T12:54:48+00:00 INFO Central bulk source orders received. CONTEXT: {"store_id":"site1","received":20,"succeeded":20,"failed":0,"request_id":"e51df20d-15f1-4b15-b546-2068e171f8bd"}
2026-09-05T12:55:01+00:00 INFO Central order received successfully. CONTEXT: {"store_id":"site1","source_order_id":376444,"central_order_id":6852,"request_id":"14488876-a207-42e3-ad50-961bcfea32bf","event":"orderupdated"}
2026-09-05T12:55:16+00:00 INFO Central order received successfully. CONTEXT: {"store_id":"site1","source_order_id":376444,"central_order_id":6852,"request_id":"7b53400c-9216-429d-a0b8-78881008eb14","event":"orderupdated"}
2026-09-05T12:55:18+00:00 INFO Central bulk source orders received. CONTEXT: {"store_id":"site1","received":20,"succeeded":20,"failed":0,"request_id":"d8736642-ed86-409d-b4b3-8e231bce8ea1"}
2026-09-05T12:55:29+00:00 INFO Central order received successfully. CONTEXT: {"store_id":"site1","source_order_id":376444,"central_order_id":6852,"request_id":"d6c3c599-0cca-49da-8a92-8e6622e6fa48","event":"orderupdated"}
2026-09-05T12:55:37+00:00 INFO Central order received successfully. CONTEXT: {"store_id":"site1","source_order_id":376444,"central_order_id":6852,"request_id":"fdde207f-ca80-415b-9314-a22df70be8a0","event":"orderupdated"}
2026-09-05T12:55:39+00:00 INFO Central bulk source orders received. CONTEXT: {"store_id":"site1","received":20,"succeeded":20,"failed":0,"request_id":"ece29f1f-6451-4b73-aa33-aa1bc15642ff"}
2026-09-05T12:56:11+00:00 INFO Central bulk source orders received. CONTEXT: {"store_id":"site1","received":20,"succeeded":20,"failed":0,"request_id":"838ea017-a456-450a-b24d-2be66e0f4a67"}
2026-09-05T12:56:33+00:00 INFO Central bulk source orders received. CONTEXT: {"store_id":"site1","received":20,"succeeded":20,"failed":0,"request_id":"c78b281a-548b-4687-86f6-2f15749f5910"}
2026-09-05T12:57:05+00:00 INFO Central bulk source orders received. CONTEXT: {"store_id":"site1","received":20,"succeeded":20,"failed":0,"request_id":"4ee7b31b-bde3-4596-b0f6-9d690eb252d6"}
2026-09-05T12:57:37+00:00 INFO Central bulk source orders received. CONTEXT: {"store_id":"site1","received":20,"succeeded":20,"failed":0,"request_id":"f2708789-0fb6-40f0-8a09-fa1332698f3c"}
2026-09-05T12:57:52+00:00 INFO Central order received successfully. CONTEXT: {"store_id":"site1","source_order_id":376444,"central_order_id":6852,"request_id":"a764ab79-5e33-40f8-b128-6a48ed135dd1","event":"orderupdated"}
2026-09-05T12:58:05+00:00 INFO Central bulk source orders received. CONTEXT: {"store_id":"site1","received":20,"succeeded":20,"failed":0,"request_id":"810fb407-6b13-4f8d-8887-7857fa621742"}
2026-09-05T12:58:20+00:00 INFO Central order received successfully. CONTEXT: {"store_id":"site1","source_order_id":376444,"central_order_id":6852,"request_id":"baadb773-c5b4-4fc5-b7bb-4382e8d4231e","event":"orderupdated"}
2026-09-05T12:58:24+00:00 INFO Central bulk source orders received. CONTEXT: {"store_id":"site1","received":20,"succeeded":20,"failed":0,"request_id":"5f216cf0-9cee-4898-8e3e-816e7256db21"}
2026-09-05T12:58:25+00:00 INFO Central order received successfully. CONTEXT: {"store_id":"site1","source_order_id":376444,"central_order_id":6852,"request_id":"b4c40540-3e5a-475f-8000-87a15bc27810","event":"orderupdated"}
2026-09-05T12:59:47+00:00 INFO Central bulk source orders received. CONTEXT: {"store_id":"site1","received":20,"succeeded":20,"failed":0,"request_id":"b0958985-cc03-48a2-8466-724bb40e6553"}
2026-09-05T13:00:25+00:00 INFO Central order received successfully. CONTEXT: {"store_id":"site1","source_order_id":376444,"central_order_id":6852,"request_id":"d2bbcfd2-d686-4cd1-b247-1ca345bdb25b","event":"orderupdated"}
2026-09-05T13:00:27+00:00 INFO Central bulk source orders received. CONTEXT: {"store_id":"site1","received":20,"succeeded":20,"failed":0,"request_id":"dc36d5f1-0326-4beb-af17-71827bb69dac"}
2026-09-05T13:00:41+00:00 INFO Central order received successfully. CONTEXT: {"store_id":"site1","source_order_id":376444,"central_order_id":6852,"request_id":"2d517daa-bee3-4022-a41e-ea6b194372be","event":"orderupdated"}
2026-09-05T13:00:48+00:00 INFO Central order received successfully. CONTEXT: {"store_id":"site1","source_order_id":376444,"central_order_id":6852,"request_id":"49e4b030-a120-44d1-9338-22b87caceed9","event":"orderupdated"}
2026-09-05T13:00:54+00:00 INFO Central order received successfully. CONTEXT: {"store_id":"site1","source_order_id":376444,"central_order_id":6852,"request_id":"06c31a82-eec0-40f9-a2b6-f86aad8a5f96","event":"orderupdated"}
2026-09-05T13:01:05+00:00 INFO Central order received successfully. CONTEXT: {"store_id":"site1","source_order_id":379902,"central_order_id":7174,"request_id":"b6cf7a7b-98b5-43b7-bdc5-b56b85be6d3a","event":"orderupdated"}
2026-09-05T13:01:11+00:00 INFO Central order received successfully. CONTEXT: {"store_id":"site1","source_order_id":376444,"central_order_id":6852,"request_id":"370e82d3-bfa9-4634-8c62-d2ed158a79b8","event":"orderupdated"}
2026-09-05T13:01:16+00:00 INFO Central order received successfully. CONTEXT: {"store_id":"site1","source_order_id":376444,"central_order_id":6852,"request_id":"d78f5fd5-ce11-4dd2-b626-4471ab379f3f","event":"orderupdated"}
2026-09-05T13:01:19+00:00 INFO Central bulk source orders received. CONTEXT: {"store_id":"site1","received":20,"succeeded":20,"failed":0,"request_id":"4a82075b-378c-4282-855e-8403a6245b81"}
2026-09-05T13:01:26+00:00 INFO Central order received successfully. CONTEXT: {"store_id":"site1","source_order_id":376444,"central_order_id":6852,"request_id":"15fafbb3-b636-4c9b-8874-075c17a73168","event":"orderupdated"}
2026-09-05T13:01:37+00:00 INFO Central order received successfully. CONTEXT: {"store_id":"site1","source_order_id":376444,"central_order_id":6852,"request_id":"5937dbbe-b6be-4fae-8182-89a28217e4b3","event":"orderupdated"}
2026-09-05T13:01:41+00:00 INFO Central order received successfully. CONTEXT: {"store_id":"site1","source_order_id":379904,"central_order_id":7175,"request_id":"a32b078a-c74d-4e5e-9eba-ffa7f63abb58","event":"orderupdated"}
2026-09-05T13:01:45+00:00 INFO Central order received successfully. CONTEXT: {"store_id":"site1","source_order_id":379902,"central_order_id":7174,"request_id":"d64f061f-070e-4b50-8858-c393ee914813","event":"orderupdated"}
2026-09-05T13:02:07+00:00 INFO Central bulk source orders received. CONTEXT: {"store_id":"site1","received":20,"succeeded":20,"failed":0,"request_id":"72a38ef1-0f5f-43ba-a684-8714daff6274"}
2026-09-05T13:02:58+00:00 INFO Central bulk source orders received. CONTEXT: {"store_id":"site1","received":20,"succeeded":20,"failed":0,"request_id":"9f1a51cf-ba94-4883-80fc-f4609ce2814c"}
2026-09-05T13:06:35+00:00 INFO Central bulk source orders received. CONTEXT: {"store_id":"site1","received":20,"succeeded":20,"failed":0,"request_id":"d919bf98-92bd-43fd-9d93-c[redacted-phone]b"}
2026-09-05T13:07:09+00:00 INFO Central bulk source orders received. CONTEXT: {"store_id":"site1","received":20,"succeeded":20,"failed":0,"request_id":"5a3cdc0f-f5ef-41ef-ad19-7262d54c6917"}
2026-09-05T13:09:54+00:00 INFO Central bulk source orders received. CONTEXT: {"store_id":"site1","received":20,"succeeded":20,"failed":0,"request_id":"26918199-c9e5-4e9e-8eca-bb1362037cb2"}
2026-09-05T13:11:55+00:00 INFO Central order received successfully. CONTEXT: {"store_id":"site1","source_order_id":379904,"central_order_id":7175,"request_id":"3789be50-9200-498f-bc2d-a93c2b3267b8","event":"orderupdated"}
2026-09-05T13:12:13+00:00 INFO Central order received successfully. CONTEXT: {"store_id":"site1","source_order_id":376444,"central_order_id":6852,"request_id":"29ed923b-6ae5-48b0-a3c4-172106752b05","event":"orderupdated"}
2026-09-05T13:12:20+00:00 INFO Central order received successfully. CONTEXT: {"store_id":"site1","source_order_id":376444,"central_order_id":6852,"request_id":"db460bec-bf87-41dc-a3e2-c5f320812124","event":"orderupdated"}
2026-09-05T13:12:57+00:00 INFO Central bulk source orders received. CONTEXT: {"store_id":"site1","received":20,"succeeded":20,"failed":0,"request_id":"57ba73d8-3711-4212-95e8-5851019235d4"}
2026-09-05T13:13:35+00:00 INFO Central bulk source orders received. CONTEXT: {"store_id":"site1","received":20,"succeeded":20,"failed":0,"request_id":"ffe699db-2903-4e83-878e-b22b75b3e31d"}
2026-09-05T13:14:24+00:00 INFO Central bulk source orders received. CONTEXT: {"store_id":"site1","received":20,"succeeded":20,"failed":0,"request_id":"8756df9c-9e95-4f2a-a4b7-fbb942d34ff0"}
2026-09-05T13:15:17+00:00 INFO Central order received successfully. CONTEXT: {"store_id":"site1","source_order_id":376444,"central_order_id":6852,"request_id":"95487276-d7a8-482f-9aec-a7f4c024ef8d","event":"orderupdated"}
2026-09-05T13:15:19+00:00 INFO Central bulk source orders received. CONTEXT: {"store_id":"site1","received":20,"succeeded":20,"failed":0,"request_id":"ee5cd2cb-7c53-4b82-9c57-d214eebad97b"}
2026-09-05T13:15:31+00:00 INFO Central order received successfully. CONTEXT: {"store_id":"site1","source_order_id":376444,"central_order_id":6852,"request_id":"6285fe6a-4299-4c0e-8102-76a05e102891","event":"orderupdated"}
2026-09-05T13:15:39+00:00 INFO Central order received successfully. CONTEXT: {"store_id":"site1","source_order_id":376444,"central_order_id":6852,"request_id":"1bcc0c5a-b216-4a73-8539-07082d70563d","event":"orderupdated"}
2026-09-05T13:15:56+00:00 INFO Central order received successfully. CONTEXT: {"store_id":"site1","source_order_id":376444,"central_order_id":6852,"request_id":"dd887849-e1f3-498c-95c0-6bc76f287c96","event":"orderupdated"}
2026-09-05T13:16:00+00:00 INFO Central order received successfully. CONTEXT: {"store_id":"site1","source_order_id":376444,"central_order_id":6852,"request_id":"3307faa5-4641-4603-a4e0-2c4fd5869861","event":"orderupdated"}
2026-09-05T13:16:08+00:00 INFO Central order received successfully. CONTEXT: {"store_id":"site1","source_order_id":376444,"central_order_id":6852,"request_id":"1e007124-46c1-47d0-b510-d19cbaab21af","event":"orderupdated"}
2026-09-05T13:16:09+00:00 INFO Central bulk source orders received. CONTEXT: {"store_id":"site1","received":20,"succeeded":20,"failed":0,"request_id":"9af7748a-f746-4d53-8f62-2663808be2b7"}
2026-09-05T13:16:17+00:00 INFO Central order received successfully. CONTEXT: {"store_id":"site1","source_order_id":376444,"central_order_id":6852,"request_id":"a4ee0de4-7c8b-4037-8f58-a3e15e6240b5","event":"orderupdated"}
2026-09-05T13:16:30+00:00 INFO Central order received successfully. CONTEXT: {"store_id":"site1","source_order_id":376444,"central_order_id":6852,"request_id":"39eb4dbc-6c22-4320-8b7e-d8bd61fef5c8","event":"orderupdated"}
2026-09-05T13:16:38+00:00 INFO Central order received successfully. CONTEXT: {"store_id":"site1","source_order_id":376444,"central_order_id":6852,"request_id":"c8d2a734-4394-4355-8f40-3ae95892f2a5","event":"orderupdated"}
2026-09-05T13:18:03+00:00 INFO Central order received successfully. CONTEXT: {"store_id":"site1","source_order_id":376444,"central_order_id":6852,"request_id":"ccb2043f-2b92-448a-a8fe-4743ebdaa8a2","event":"orderupdated"}
2026-09-05T13:18:05+00:00 INFO Central bulk source orders received. CONTEXT: {"store_id":"site1","received":20,"succeeded":20,"failed":0,"request_id":"5057cee7-87c4-4fdc-b4a8-58d13ffb61d9"}
2026-09-05T13:18:14+00:00 INFO Central order received successfully. CONTEXT: {"store_id":"site1","source_order_id":376444,"central_order_id":6852,"request_id":"75469d7f-4134-4136-8018-2b83629f832e","event":"orderupdated"}
2026-09-05T13:18:20+00:00 INFO Central order received successfully. CONTEXT: {"store_id":"site1","source_order_id":376444,"central_order_id":6852,"request_id":"492a42e5-e540-46f0-b0da-66ea6c0a3332","event":"orderupdated"}
2026-09-05T13:18:29+00:00 INFO Central bulk source orders received. CONTEXT: {"store_id":"site1","received":20,"succeeded":20,"failed":0,"request_id":"384b177d-e912-4f23-aff6-0308956bafba"}
2026-09-05T13:18:45+00:00 INFO Central order received successfully. CONTEXT: {"store_id":"site1","source_order_id":379944,"central_order_id":7176,"request_id":"810309cd-3877-49c9-bc04-7e4b00dc13af","event":"orderupdated"}
2026-09-05T13:18:53+00:00 INFO Central order received successfully. CONTEXT: {"store_id":"site1","source_order_id":376444,"central_order_id":6852,"request_id":"9aa4cc78-8b36-477c-9e61-35984037d203","event":"orderupdated"}
2026-09-05T13:19:23+00:00 INFO Central bulk source orders received. CONTEXT: {"store_id":"site1","received":20,"succeeded":20,"failed":0,"request_id":"6f48a812-4b11-4df3-863e-5b135f7541ec"}
2026-09-05T13:19:35+00:00 INFO Central order received successfully. CONTEXT: {"store_id":"site1","source_order_id":376444,"central_order_id":6852,"request_id":"3f5e4803-8df0-411e-89bb-5e1a42108a5e","event":"orderupdated"}
2026-09-05T13:20:18+00:00 INFO Central bulk source orders received. CONTEXT: {"store_id":"site1","received":20,"succeeded":20,"failed":0,"request_id":"cc2ece3a-9a8b-4e5d-9a10-e3b952bc4902"}
2026-09-05T13:20:31+00:00 INFO Central order received successfully. CONTEXT: {"store_id":"site1","source_order_id":379947,"central_order_id":7177,"request_id":"1e9cc1a3-7995-49a9-9d9b-6b2b8a4dc219","event":"orderupdated"}
2026-09-05T13:20:41+00:00 INFO Central order received successfully. CONTEXT: {"store_id":"site1","source_order_id":379944,"central_order_id":7176,"request_id":"89aca907-0c8e-4149-941f-e6bb0b6e9999","event":"orderupdated"}
2026-09-05T13:20:52+00:00 INFO Central order received successfully. CONTEXT: {"store_id":"site1","source_order_id":379942,"central_order_id":7178,"request_id":"a68a5b4f-1622-401a-a9ef-d4911f4dc8d6","event":"orderupdated"}
2026-09-05T13:21:00+00:00 INFO Central order received successfully. CONTEXT: {"store_id":"site1","source_order_id":379942,"central_order_id":7178,"request_id":"9c081393-a341-4afe-8c3b-c2509345edf5","event":"orderupdated"}
2026-09-05T13:21:10+00:00 INFO Central bulk source orders received. CONTEXT: {"store_id":"site1","received":20,"succeeded":20,"failed":0,"request_id":"ef5e2b1d-7a70-47a8-b17e-198bab6bb619"}
2026-09-05T13:21:20+00:00 INFO Central order received successfully. CONTEXT: {"store_id":"site1","source_order_id":379944,"central_order_id":7176,"request_id":"11104f1a-2ff9-479c-9714-afcb014271ba","event":"orderupdated"}
2026-09-05T13:21:29+00:00 INFO Central order received successfully. CONTEXT: {"store_id":"site1","source_order_id":379942,"central_order_id":7178,"request_id":"9fe16b71-70a8-49d3-86bd-7a8690f78eeb","event":"orderupdated"}
2026-09-05T13:21:39+00:00 INFO Central order received successfully. CONTEXT: {"store_id":"site1","source_order_id":379942,"central_order_id":7178,"request_id":"a2ea2e4f-6cef-4f5d-83cd-8ad4c4286e98","event":"orderupdated"}
2026-09-05T13:21:55+00:00 INFO Central bulk source orders received. CONTEXT: {"store_id":"site1","received":20,"succeeded":20,"failed":0,"request_id":"63ca6325-7e48-4d45-a1c3-bff2c9590cbc"}
2026-09-05T13:21:56+00:00 INFO Central order received successfully. CONTEXT: {"store_id":"site1","source_order_id":379944,"central_order_id":7176,"request_id":"1c185617-be80-458b-85a6-84f9efc1fe33","event":"orderupdated"}
2026-09-05T13:22:08+00:00 INFO Central order received successfully. CONTEXT: {"store_id":"site1","source_order_id":379942,"central_order_id":7178,"request_id":"2c1f5dee-8cd8-4a0c-a9a2-4a7403e90b31","event":"orderupdated"}
2026-09-05T13:22:50+00:00 INFO Central bulk source orders received. CONTEXT: {"store_id":"site1","received":20,"succeeded":20,"failed":0,"request_id":"f01018a1-7bef-4204-b576-271d9c9cf721"}
2026-09-05T13:23:39+00:00 INFO Central bulk source orders received. CONTEXT: {"store_id":"site1","received":20,"succeeded":20,"failed":0,"request_id":"63322200-c513-4640-9828-001357fa3655"}
2026-09-05T13:24:29+00:00 INFO Central bulk source orders received. CONTEXT: {"store_id":"site1","received":20,"succeeded":20,"failed":0,"request_id":"2cf60685-80e2-451e-a89d-d44be3aaa6e4"}
2026-09-05T13:25:20+00:00 INFO Central bulk source orders received. CONTEXT: {"store_id":"site1","received":20,"succeeded":20,"failed":0,"request_id":"f6f93dd3-9c8a-494e-aa60-b3618369af16"}
2026-09-05T13:26:05+00:00 INFO Central bulk source orders received. CONTEXT: {"store_id":"site1","received":20,"succeeded":20,"failed":0,"request_id":"1bd2434c-b9ea-4aed-8f96-b67f12e6128a"}
2026-09-05T13:26:55+00:00 INFO Central bulk source orders received. CONTEXT: {"store_id":"site1","received":20,"succeeded":20,"failed":0,"request_id":"63a3d88c-9372-4c12-838e-3c40a7c2ba79"}
2026-09-05T13:27:49+00:00 INFO Central bulk source orders received. CONTEXT: {"store_id":"site1","received":20,"succeeded":20,"failed":0,"request_id":"dd645040-2c7c-4ca6-8688-51af0491c2c3"}
2026-09-05T13:28:34+00:00 INFO Central order received successfully. CONTEXT: {"store_id":"site1","source_order_id":379942,"central_order_id":7178,"request_id":"196e6c73-160a-492a-a4e0-8a8fa4ba7048","event":"orderupdated"}
2026-09-05T13:28:40+00:00 INFO Central bulk source orders received. CONTEXT: {"store_id":"site1","received":20,"succeeded":20,"failed":0,"request_id":"e6582639-9eb3-4275-ac50-149a77ad85ff"}
2026-09-05T13:29:11+00:00 INFO Central bulk source orders received. CONTEXT: {"store_id":"site1","received":20,"succeeded":20,"failed":0,"request_id":"fe253c53-76c2-4ec6-9a79-4f9b1c57aec8"}
2026-09-05T13:29:15+00:00 INFO Central order received successfully. CONTEXT: {"store_id":"site1","source_order_id":379942,"central_order_id":7178,"request_id":"10a6fac6-a1c0-435f-ad11-f43f947c5d8b","event":"orderupdated"}
2026-09-05T13:29:31+00:00 INFO Central bulk source orders received. CONTEXT: {"store_id":"site1","received":20,"succeeded":20,"failed":0,"request_id":"dff0bf93-ea02-4ef0-baee-d1739ba4e6ba"}
2026-09-05T13:29:44+00:00 INFO Central order received successfully. CONTEXT: {"store_id":"site1","source_order_id":379942,"central_order_id":7178,"request_id":"09cf44db-119e-40e0-b3f3-a001ab74bc96","event":"orderupdated"}
2026-09-05T13:30:02+00:00 INFO Central bulk source orders received. CONTEXT: {"store_id":"site1","received":20,"succeeded":20,"failed":0,"request_id":"e821d083-8b83-4b60-8ee6-3fa9b6e4cdfa"}
2026-09-05T13:30:10+00:00 INFO Central order received successfully. CONTEXT: {"store_id":"site1","source_order_id":356989,"central_order_id":5754,"request_id":"c41489fe-f3b1-41c2-a598-90e6eb827fa7","event":"orderupdated"}
2026-09-05T13:30:19+00:00 INFO Central order received successfully. CONTEXT: {"store_id":"site1","source_order_id":379942,"central_order_id":7178,"request_id":"73efbf62-91b1-430f-97be-f41f3b7b70ea","event":"orderupdated"}
2026-09-05T13:30:22+00:00 INFO Central bulk source orders received. CONTEXT: {"store_id":"site1","received":20,"succeeded":20,"failed":0,"request_id":"578f1de2-6158-4149-8543-c8cb06dfd3ef"}
2026-09-05T13:30:26+00:00 INFO Central order received successfully. CONTEXT: {"store_id":"site1","source_order_id":379942,"central_order_id":7178,"request_id":"987ac509-9ff5-426f-8d13-89fd36e487aa","event":"orderupdated"}
2026-09-05T13:30:35+00:00 INFO Central order received successfully. CONTEXT: {"store_id":"site1","source_order_id":379956,"central_order_id":7179,"request_id":"9c8b9e89-b604-43fe-a717-0d890a74bd38","event":"orderupdated"}
2026-09-05T13:30:42+00:00 INFO Central order received successfully. CONTEXT: {"store_id":"site1","source_order_id":379956,"central_order_id":7179,"request_id":"cbc101a6-6d4a-4215-b55b-2ab4532c57f0","event":"orderupdated"}
2026-09-05T13:30:50+00:00 INFO Central order received successfully. CONTEXT: {"store_id":"site1","source_order_id":356989,"central_order_id":5754,"request_id":"7d7e13f2-b231-4ee9-a2bd-c17fa59ef282","event":"orderupdated"}
2026-09-05T13:30:58+00:00 INFO Central bulk source orders received. CONTEXT: {"store_id":"site1","received":20,"succeeded":20,"failed":0,"request_id":"966b5598-3204-4b33-ba6b-0b812532ea35"}
2026-09-05T13:31:09+00:00 INFO Central order received successfully. CONTEXT: {"store_id":"site1","source_order_id":379942,"central_order_id":7178,"request_id":"a19d3f3a-ca91-46ea-ae6c-88a7c5843d4d","event":"orderupdated"}
2026-09-05T13:31:14+00:00 INFO Central order received successfully. CONTEXT: {"store_id":"site1","source_order_id":379956,"central_order_id":7179,"request_id":"7a574c2f-f263-4acd-a242-7e0037211d54","event":"orderupdated"}
2026-09-05T13:31:15+00:00 INFO Central bulk source orders received. CONTEXT: {"store_id":"site1","received":20,"succeeded":20,"failed":0,"request_id":"965c09f0-3ef9-4f5d-a8e9-f91e1379b43e"}
2026-09-05T13:31:30+00:00 INFO Central order received successfully. CONTEXT: {"store_id":"site1","source_order_id":379956,"central_order_id":7179,"request_id":"0923a563-b9fc-49c7-8ab0-2bf824919f9f","event":"orderupdated"}
2026-09-05T13:31:48+00:00 INFO Central bulk source orders received. CONTEXT: {"store_id":"site1","received":20,"succeeded":20,"failed":0,"request_id":"d4302e17-6dff-4d81-8224-6651f88ff8e4"}
2026-09-05T13:32:01+00:00 INFO Central order received successfully. CONTEXT: {"store_id":"site1","source_order_id":379942,"central_order_id":7178,"request_id":"e947357d-38d1-47ce-888c-029f02837629","event":"orderupdated"}
2026-09-05T13:32:11+00:00 INFO Central bulk source orders received. CONTEXT: {"store_id":"site1","received":20,"succeeded":20,"failed":0,"request_id":"3e2f7591-a253-47bd-8208-a3cef2c02a28"}
2026-09-05T13:32:18+00:00 INFO Central order received successfully. CONTEXT: {"store_id":"site1","source_order_id":379956,"central_order_id":7179,"request_id":"c582fbad-1715-44b8-8e8b-8be49674babb","event":"orderupdated"}
2026-09-05T13:32:19+00:00 INFO Central bulk source orders received. CONTEXT: {"store_id":"site1","received":20,"succeeded":20,"failed":0,"request_id":"3a4723a7-5d83-43e5-8f48-8d897d539945"}
2026-09-05T13:32:21+00:00 INFO Central order received successfully. CONTEXT: {"store_id":"site1","source_order_id":379956,"central_order_id":7179,"request_id":"7864cd2c-fa21-45bc-ad0c-b2443ec8ef71","event":"orderupdated"}
2026-09-05T13:32:47+00:00 INFO Central order received successfully. CONTEXT: {"store_id":"site1","source_order_id":379956,"central_order_id":7179,"request_id":"51af0229-7830-4d0f-84b9-da4e2e8edcc1","event":"orderupdated"}
2026-09-05T13:32:51+00:00 INFO Central bulk source orders received. CONTEXT: {"store_id":"site1","received":20,"succeeded":20,"failed":0,"request_id":"85c8cfc8-35e5-4498-8f5f-9e5114284d0f"}
2026-09-05T13:32:56+00:00 INFO Central order received successfully. CONTEXT: {"store_id":"site1","source_order_id":379956,"central_order_id":7179,"request_id":"a420e5a2-5abe-4008-ab43-c91a015bca95","event":"orderupdated"}
2026-09-05T13:32:59+00:00 INFO Central order received successfully. CONTEXT: {"store_id":"site1","source_order_id":379956,"central_order_id":7179,"request_id":"5615339b-3d30-4cb6-ab7b-00f9e574ba7c","event":"orderupdated"}
2026-09-05T13:33:14+00:00 INFO Central bulk source orders received. CONTEXT: {"store_id":"site1","received":20,"succeeded":20,"failed":0,"request_id":"c94f2dd9-f225-407e-b407-44c3ec534289"}
2026-09-05T13:33:19+00:00 INFO Central order received successfully. CONTEXT: {"store_id":"site1","source_order_id":379957,"central_order_id":7180,"request_id":"b1704ca0-7bac-4cf5-a6b5-a6b8aa3e6eda","event":"orderupdated"}
2026-09-05T13:33:31+00:00 INFO Central order received successfully. CONTEXT: {"store_id":"site1","source_order_id":379956,"central_order_id":7179,"request_id":"a4ef576b-d509-4d75-a1c8-5ca09b0eff93","event":"orderupdated"}
2026-09-05T13:33:44+00:00 INFO Central bulk source orders received. CONTEXT: {"store_id":"site1","received":20,"succeeded":20,"failed":0,"request_id":"e5b18a7e-a29b-44d5-b5e6-49980ee7148a"}
2026-09-05T13:33:57+00:00 INFO Central order received successfully. CONTEXT: {"store_id":"site1","source_order_id":379957,"central_order_id":7180,"request_id":"e1812096-ea10-4bc6-8f45-d97a4061674d","event":"orderupdated"}
2026-09-05T13:36:52+00:00 INFO Central order received successfully. CONTEXT: {"store_id":"site1","source_order_id":379958,"central_order_id":7181,"request_id":"02d69b14-fd4d-41a4-b578-c6e05e74bfae","event":"orderupdated"}
2026-09-05T13:39:01+00:00 INFO Central bulk source orders received. CONTEXT: {"store_id":"site1","received":20,"succeeded":20,"failed":0,"request_id":"10f63f02-4ff7-4bf8-b0da-b0d9e18a1843"}
2026-09-05T13:39:05+00:00 INFO Central order received successfully. CONTEXT: {"store_id":"site1","source_order_id":379958,"central_order_id":7181,"request_id":"f042cd68-a25d-4ba3-afa1-3eb4245c30d2","event":"orderupdated"}
2026-09-05T13:39:43+00:00 INFO Central order received successfully. CONTEXT: {"store_id":"site1","source_order_id":379958,"central_order_id":7181,"request_id":"24669872-3711-40d7-8f0c-a09e5a437348","event":"orderupdated"}
2026-09-05T13:41:06+00:00 INFO Central bulk source orders received. CONTEXT: {"store_id":"site1","received":20,"succeeded":20,"failed":0,"request_id":"515475ff-b756-46ff-84e4-80ee44573a6a"}
2026-09-05T13:41:40+00:00 INFO Central bulk source orders received. CONTEXT: {"store_id":"site1","received":20,"succeeded":20,"failed":0,"request_id":"693955d2-2da7-4bff-ad88-f11eaceaf1fc"}
2026-09-05T13:42:08+00:00 INFO Central bulk source orders received. CONTEXT: {"store_id":"site1","received":20,"succeeded":20,"failed":0,"request_id":"21b021d8-a0a5-4729-b40c-265401781cad"}
2026-09-05T13:42:16+00:00 INFO Central order received successfully. CONTEXT: {"store_id":"site1","source_order_id":379963,"central_order_id":7182,"request_id":"f4ae0667-7859-45ae-a476-9e4add28afd5","event":"orderupdated"}
2026-09-05T13:42:26+00:00 INFO Central bulk source orders received. CONTEXT: {"store_id":"site1","received":20,"succeeded":20,"failed":0,"request_id":"63219a17-9347-4878-bffd-de810faf143f"}
2026-09-05T13:42:46+00:00 INFO Central bulk source orders received. CONTEXT: {"store_id":"site1","received":20,"succeeded":20,"failed":0,"request_id":"2996c6e5-4800-4078-988e-d6f56c66f48c"}
2026-09-05T13:42:56+00:00 INFO Central order received successfully. CONTEXT: {"store_id":"site1","source_order_id":379963,"central_order_id":7182,"request_id":"b12fbd88-c260-42f2-b775-0b4d1ad67672","event":"orderupdated"}
2026-09-05T13:44:05+00:00 INFO Central order received successfully. CONTEXT: {"store_id":"site1","source_order_id":379963,"central_order_id":7182,"request_id":"a4e11ebe-f06a-4b88-956d-ad79c1917e9f","event":"orderupdated"}
2026-09-05T13:44:52+00:00 INFO Central bulk source orders received. CONTEXT: {"store_id":"site1","received":20,"succeeded":20,"failed":0,"request_id":"a098393b-aa6f-4ce2-aad7-d7db2def093c"}
2026-09-05T13:45:05+00:00 INFO Central order received successfully. CONTEXT: {"store_id":"site1","source_order_id":379963,"central_order_id":7182,"request_id":"e2dd09e0-30e6-49dc-ba3f-ae2fc5988cf7","event":"orderupdated"}
2026-09-05T13:45:23+00:00 INFO Central bulk source orders received. CONTEXT: {"store_id":"site1","received":20,"succeeded":20,"failed":0,"request_id":"66f2768a-cb04-4c9d-bd83-ff9b3ae789ac"}
2026-09-05T13:45:59+00:00 INFO Central bulk source orders received. CONTEXT: {"store_id":"site1","received":20,"succeeded":20,"failed":0,"request_id":"ffbc1a55-9a58-468e-8408-9a2253bd470f"}
2026-09-05T13:46:16+00:00 INFO Central bulk source orders received. CONTEXT: {"store_id":"site1","received":20,"succeeded":20,"failed":0,"request_id":"18891308-a243-4088-b355-a2545de5baad"}
2026-09-05T13:46:50+00:00 INFO Central bulk source orders received. CONTEXT: {"store_id":"site1","received":20,"succeeded":20,"failed":0,"request_id":"02cac447-0d2b-4567-947c-e1dee62f11fc"}
2026-09-05T13:47:06+00:00 INFO Central bulk source orders received. CONTEXT: {"store_id":"site1","received":20,"succeeded":20,"failed":0,"request_id":"69eb811b-5990-4e30-a621-450be062dccf"}
2026-09-05T13:47:14+00:00 INFO Central bulk source orders received. CONTEXT: {"store_id":"site1","received":20,"succeeded":20,"failed":0,"request_id":"ddc914ae-461c-4ab8-a914-60f629e53cde"}
2026-09-05T13:47:41+00:00 INFO Central bulk source orders received. CONTEXT: {"store_id":"site1","received":20,"succeeded":20,"failed":0,"request_id":"668af044-8eb4-4c70-8c17-3103bab01525"}
2026-09-05T13:48:05+00:00 INFO Central bulk source orders received. CONTEXT: {"store_id":"site1","received":20,"succeeded":20,"failed":0,"request_id":"2f9ac0ae-861c-4def-bb83-f6ce40926de3"}
2026-09-05T13:48:15+00:00 INFO Central bulk source orders received. CONTEXT: {"store_id":"site1","received":20,"succeeded":20,"failed":0,"request_id":"c8f27f2e-edae-44f9-aa1f-c4a13cc923a5"}
2026-09-05T13:48:31+00:00 INFO Central bulk source orders received. CONTEXT: {"store_id":"site1","received":20,"succeeded":20,"failed":0,"request_id":"f09e78bf-604f-492d-8558-d8bb5dac2770"}
2026-09-05T13:48:42+00:00 INFO Central order received successfully. CONTEXT: {"store_id":"site1","source_order_id":379964,"central_order_id":7193,"request_id":"4e5d4375-d59d-4b0b-bc9b-bbfb181c0727","event":"orderupdated"}
2026-09-05T13:49:06+00:00 INFO Central bulk source orders received. CONTEXT: {"store_id":"site1","received":20,"succeeded":20,"failed":0,"request_id":"50ae77ae-966f-4451-8059-ee2472b80052"}
2026-09-05T13:50:19+00:00 INFO Central bulk source orders received. CONTEXT: {"store_id":"site1","received":20,"succeeded":20,"failed":0,"request_id":"10f7eb87-3825-43d5-93cc-33d36a733876"}
2026-09-05T13:51:03+00:00 INFO Central bulk source orders received. CONTEXT: {"store_id":"site1","received":20,"succeeded":20,"failed":0,"request_id":"7996d896-5400-4a02-84e9-b08ed1132bbe"}
2026-09-05T13:51:37+00:00 INFO Central bulk source orders received. CONTEXT: {"store_id":"site1","received":20,"succeeded":20,"failed":0,"request_id":"ffd7d19c-85fa-4b70-a6db-3496ca399501"}
2026-09-05T13:52:28+00:00 INFO Central bulk source orders received. CONTEXT: {"store_id":"site1","received":20,"succeeded":20,"failed":0,"request_id":"f7db604b-ddf3-4abd-95d5-885f7754bea6"}
2026-09-05T13:55:43+00:00 INFO Central bulk source orders received. CONTEXT: {"store_id":"site1","received":20,"succeeded":20,"failed":0,"request_id":"7ba9481b-8772-417d-9a91-7da5ac808b5b"}
2026-09-05T13:56:38+00:00 INFO Central bulk source orders received. CONTEXT: {"store_id":"site1","received":20,"succeeded":20,"failed":0,"request_id":"b72f97fc-4a83-4400-a1aa-d6de81be1689"}
2026-09-05T13:57:31+00:00 INFO Central bulk source orders received. CONTEXT: {"store_id":"site1","received":20,"succeeded":20,"failed":0,"request_id":"82af14e5-c08e-4add-9748-e249861a6d2d"}
2026-09-05T13:58:04+00:00 INFO Order synchronization succeeded. CONTEXT: {"store_id":"site1","source_order_id":371792,"central_order_id":2782,"event":"company_order_sync_push_central_status","request_id":"21efe19b-7f99-4ed6-b136-2fae58c3ef56"}
2026-09-05T13:58:24+00:00 INFO Central bulk source orders received. CONTEXT: {"store_id":"site1","received":20,"succeeded":20,"failed":0,"request_id":"6c99ae4e-094d-4848-846b-282973418aba"}
2026-09-05T13:58:39+00:00 INFO Central order received successfully. CONTEXT: {"store_id":"site1","source_order_id":379964,"central_order_id":7193,"request_id":"725077ec-13b0-4fb5-a9fc-b490b47ac298","event":"orderupdated"}
2026-09-05T13:59:17+00:00 INFO Central bulk source orders received. CONTEXT: {"store_id":"site1","received":20,"succeeded":20,"failed":0,"request_id":"ca2ce61b-ab2c-410e-accf-871b3084ce96"}
2026-09-05T14:02:21+00:00 INFO Central order received successfully. CONTEXT: {"store_id":"site1","source_order_id":368546,"central_order_id":443,"request_id":"e74b2273-a78f-4894-852c-dd2110e9f0a0","event":"orderupdated"}
2026-09-05T14:03:35+00:00 INFO Central bulk source orders received. CONTEXT: {"store_id":"site1","received":20,"succeeded":20,"failed":0,"request_id":"17d36f48-8046-4514-94ea-deed0d5fec20"}
2026-09-05T14:03:55+00:00 INFO Central order received successfully. CONTEXT: {"store_id":"site1","source_order_id":368546,"central_order_id":443,"request_id":"b6495709-54d5-4151-8862-eea4bbe15229","event":"orderupdated"}
2026-09-05T14:04:06+00:00 INFO Central bulk source orders received. CONTEXT: {"store_id":"site1","received":20,"succeeded":20,"failed":0,"request_id":"351a83ff-b2c5-4705-ade5-3be5f99fe5c7"}
2026-09-05T14:04:07+00:00 INFO Central order received successfully. CONTEXT: {"store_id":"site1","source_order_id":379713,"central_order_id":7118,"request_id":"de298b44-f7ef-4574-85ef-dd6b650256a2","event":"orderupdated"}
2026-09-05T14:04:15+00:00 INFO Central bulk source orders received. CONTEXT: {"store_id":"site1","received":20,"succeeded":20,"failed":0,"request_id":"13bb2981-5f22-44a5-b2cc-8d3900dea5c8"}
2026-09-05T14:06:20+00:00 INFO Order synchronization succeeded. CONTEXT: {"store_id":"site2","source_order_id":44600,"central_order_id":7051,"event":"company_order_sync_push_central_status","request_id":"8ddf496c-255a-4cfe-88c9-546783e43dd0"}
2026-09-05T14:06:22+00:00 INFO Order synchronization succeeded. CONTEXT: {"store_id":"site1","source_order_id":379235,"central_order_id":7004,"event":"company_order_sync_push_central_status","request_id":"2ce2e1bf-d1d7-47aa-bb44-5fffe3d9cdb6"}
2026-09-05T14:06:23+00:00 INFO Central order received successfully. CONTEXT: {"store_id":"site1","source_order_id":379713,"central_order_id":7118,"request_id":"9defc1d7-1bde-4c70-9121-4ab2c0736162","event":"orderupdated"}
2026-09-05T14:06:24+00:00 INFO Order synchronization succeeded. CONTEXT: {"store_id":"site1","source_order_id":379162,"central_order_id":6949,"event":"company_order_sync_push_central_status","request_id":"18749d57-e70a-4fe3-af1d-3660197e46fc"}
2026-09-05T14:06:26+00:00 INFO Order synchronization succeeded. CONTEXT: {"store_id":"site1","source_order_id":376443,"central_order_id":6851,"event":"company_order_sync_push_central_status","request_id":"71340c8b-b27f-4028-8baa-9262df412b4e"}
2026-09-05T14:06:27+00:00 INFO Central order received successfully. CONTEXT: {"store_id":"site1","source_order_id":379713,"central_order_id":7118,"request_id":"abb48141-72b9-43ea-a46a-7fb7b3403c7a","event":"orderupdated"}
2026-09-05T14:06:28+00:00 INFO Order synchronization succeeded. CONTEXT: {"store_id":"site1","source_order_id":378794,"central_order_id":6942,"event":"company_order_sync_push_central_status","request_id":"b76f1035-0aa7-420f-bcc0-019a631632bc"}
2026-09-05T14:06:30+00:00 INFO Order synchronization succeeded. CONTEXT: {"store_id":"site1","source_order_id":379410,"central_order_id":6997,"event":"company_order_sync_push_central_status","request_id":"8bae1593-0746-45da-b44d-a6cec7e5669a"}
2026-09-05T14:06:42+00:00 INFO Order synchronization succeeded. CONTEXT: {"store_id":"site1","source_order_id":378621,"central_order_id":6934,"event":"company_order_sync_push_central_status","request_id":"53ed6a8c-b35c-4f13-9ee5-eb420047e772"}
2026-09-05T14:06:44+00:00 INFO Order synchronization succeeded. CONTEXT: {"store_id":"site1","source_order_id":379403,"central_order_id":6993,"event":"company_order_sync_push_central_status","request_id":"67d70479-0957-42f1-977e-13f0f277718b"}
2026-09-05T14:06:46+00:00 INFO Order synchronization succeeded. CONTEXT: {"store_id":"site1","source_order_id":375952,"central_order_id":6769,"event":"company_order_sync_push_central_status","request_id":"7ca5ad02-3d57-4a92-82dc-318b627fa2d9"}
2026-09-05T14:06:48+00:00 INFO Order synchronization succeeded. CONTEXT: {"store_id":"site1","source_order_id":378990,"central_order_id":6959,"event":"company_order_sync_push_central_status","request_id":"7dfdd083-d629-4bc3-86db-fef0ea65940b"}
2026-09-05T14:06:50+00:00 INFO Order synchronization succeeded. CONTEXT: {"store_id":"site1","source_order_id":376128,"central_order_id":6774,"event":"company_order_sync_push_central_status","request_id":"281e888c-b8aa-4d89-933c-9718eddf2a15"}
2026-09-05T14:06:52+00:00 INFO Order synchronization succeeded. CONTEXT: {"store_id":"site1","source_order_id":376288,"central_order_id":6811,"event":"company_order_sync_push_central_status","request_id":"a3922196-b2d0-45d3-814c-472bc68b76fe"}
2026-09-05T14:06:54+00:00 INFO Order synchronization succeeded. CONTEXT: {"store_id":"site1","source_order_id":376287,"central_order_id":6809,"event":"company_order_sync_push_central_status","request_id":"066ddacc-de73-443b-8a07-efa5a0360125"}
2026-09-05T14:06:56+00:00 INFO Central bulk source orders received. CONTEXT: {"store_id":"site1","received":20,"succeeded":20,"failed":0,"request_id":"f2c31fc0-238d-4b9c-9436-e5229bba9554"}
2026-09-05T14:06:57+00:00 INFO Order synchronization succeeded. CONTEXT: {"store_id":"site1","source_order_id":378605,"central_order_id":6955,"event":"company_order_sync_push_central_status","request_id":"f432e5a8-789c-4569-8bb9-5d75a9263d14"}
2026-09-05T14:06:59+00:00 INFO Order synchronization succeeded. CONTEXT: {"store_id":"site1","source_order_id":376456,"central_order_id":6888,"event":"company_order_sync_push_central_status","request_id":"81d62640-4780-4d76-83c0-dfefce61dc31"}
2026-09-05T14:07:02+00:00 INFO Central order received successfully. CONTEXT: {"store_id":"site1","source_order_id":379713,"central_order_id":7118,"request_id":"461aade5-b2ef-4394-afb4-dfa025fb189f","event":"orderupdated"}
2026-09-05T14:07:04+00:00 INFO Central order received successfully. CONTEXT: {"store_id":"site1","source_order_id":379713,"central_order_id":7118,"request_id":"be41f05d-f4d2-4157-9a61-885da2b8be81","event":"orderupdated"}
2026-09-05T14:07:07+00:00 INFO Order synchronization succeeded. CONTEXT: {"store_id":"site1","source_order_id":379474,"central_order_id":7096,"event":"company_order_sync_push_central_status","request_id":"c0c72d15-5989-487e-a66b-fe7051dc173a"}
2026-09-05T14:07:09+00:00 INFO Order synchronization succeeded. CONTEXT: {"store_id":"site1","source_order_id":379461,"central_order_id":7082,"event":"company_order_sync_push_central_status","request_id":"7bcac1a9-fb7b-4205-96a3-b064dc935ad4"}
2026-09-05T14:07:11+00:00 INFO Order synchronization succeeded. CONTEXT: {"store_id":"site1","source_order_id":376461,"central_order_id":6869,"event":"company_order_sync_push_central_status","request_id":"fd0ae157-ebc0-4e79-b77a-22ef1ade34d4"}
2026-09-05T14:07:13+00:00 INFO Order synchronization succeeded. CONTEXT: {"store_id":"site1","source_order_id":376449,"central_order_id":6860,"event":"company_order_sync_push_central_status","request_id":"7c2fcc7e-8487-4ef5-aa4c-84f8989ede45"}
2026-09-05T14:07:15+00:00 INFO Central order received successfully. CONTEXT: {"store_id":"site1","source_order_id":379713,"central_order_id":7118,"request_id":"24de92e6-23bc-4abb-a7be-08814525a319","event":"orderupdated"}
2026-09-05T14:07:15+00:00 INFO Order synchronization succeeded. CONTEXT: {"store_id":"site1","source_order_id":379421,"central_order_id":7009,"event":"company_order_sync_push_central_status","request_id":"d10417e9-a2b6-4ac9-80f8-a4adab0f7949"}
2026-09-05T14:07:45+00:00 INFO Central order received successfully. CONTEXT: {"store_id":"site1","source_order_id":368546,"central_order_id":443,"request_id":"17f48ecd-45d3-49bd-a30b-7a4ebc2b1aba","event":"orderupdated"}
2026-09-05T14:07:47+00:00 INFO Central bulk source orders received. CONTEXT: {"store_id":"site1","received":20,"succeeded":20,"failed":0,"request_id":"137c869c-7131-4a5c-abc7-e726f133b932"}
2026-09-05T14:08:12+00:00 INFO Central bulk source orders received. CONTEXT: {"store_id":"site1","received":20,"succeeded":20,"failed":0,"request_id":"a3eac0e3-3468-435f-8988-02891bdf3f58"}
2026-09-05T14:08:31+00:00 INFO Central order received successfully. CONTEXT: {"store_id":"site1","source_order_id":379713,"central_order_id":7118,"request_id":"5fa7d45e-09d4-403b-9164-b9b951fae9bb","event":"orderupdated"}
2026-09-05T14:09:09+00:00 INFO Central bulk source orders received. CONTEXT: {"store_id":"site1","received":20,"succeeded":20,"failed":0,"request_id":"8b2f736d-da03-4bd6-a70d-70f77932971a"}
2026-09-05T14:09:40+00:00 INFO Central order received successfully. CONTEXT: {"store_id":"site1","source_order_id":368546,"central_order_id":443,"request_id":"ed27b645-e50c-4ba1-ba0c-db1e9a3efe15","event":"orderupdated"}
2026-09-05T14:10:03+00:00 INFO Central bulk source orders received. CONTEXT: {"store_id":"site1","received":20,"succeeded":20,"failed":0,"request_id":"27ebc83a-17d0-4bbf-a0c9-4f9e1132647e"}
2026-09-05T14:10:19+00:00 INFO Central bulk source orders received. CONTEXT: {"store_id":"site1","received":20,"succeeded":20,"failed":0,"request_id":"b7166673-d2c5-410d-bb17-bb59418407bf"}
2026-09-05T14:10:34+00:00 INFO Central order received successfully. CONTEXT: {"store_id":"site1","source_order_id":379713,"central_order_id":7118,"request_id":"224a2a56-bb24-4339-9f02-8e49dd8b96bf","event":"orderupdated"}
2026-09-05T14:13:07+00:00 INFO Central order received successfully. CONTEXT: {"store_id":"site1","source_order_id":368546,"central_order_id":443,"request_id":"b473c9f0-c913-4ffe-bead-dca486d2735d","event":"orderupdated"}
2026-09-05T14:13:29+00:00 INFO Central bulk source orders received. CONTEXT: {"store_id":"site1","received":20,"succeeded":20,"failed":0,"request_id":"34b1e752-f201-482b-abad-1fbdefdd3799"}
2026-09-05T14:13:43+00:00 INFO Central order received successfully. CONTEXT: {"store_id":"site1","source_order_id":368546,"central_order_id":443,"request_id":"83ddda30-502c-4659-8f84-ef5a73b5658a","event":"orderupdated"}
2026-09-05T14:14:06+00:00 INFO Central bulk source orders received. CONTEXT: {"store_id":"site1","received":20,"succeeded":20,"failed":0,"request_id":"9653f55c-ad80-4fd4-a74f-cefdde815f21"}
2026-09-05T14:14:28+00:00 INFO Central order received successfully. CONTEXT: {"store_id":"site1","source_order_id":379713,"central_order_id":7118,"request_id":"c2bb7c39-5189-4b8c-a039-370afd02b250","event":"orderupdated"}
2026-09-05T14:14:59+00:00 INFO Central bulk source orders received. CONTEXT: {"store_id":"site1","received":20,"succeeded":20,"failed":0,"request_id":"239c15f5-64f1-4be4-a098-2d7b24d968a8"}
2026-09-05T14:15:04+00:00 INFO Order synchronization succeeded. CONTEXT: {"store_id":"site1","source_order_id":376446,"central_order_id":6855,"event":"company_order_sync_push_central_status","request_id":"4bae2e0b-3ff2-473e-9f4f-2ffc88b475ae"}
2026-09-05T14:15:05+00:00 INFO Central order received successfully. CONTEXT: {"store_id":"site1","source_order_id":379713,"central_order_id":7118,"request_id":"cced1bd8-ea62-4c95-87c3-65ae71bb7370","event":"orderupdated"}
2026-09-05T14:15:13+00:00 INFO Central order received successfully. CONTEXT: {"store_id":"site1","source_order_id":379713,"central_order_id":7118,"request_id":"9f7f0644-99e7-4fc2-b501-1088985257c8","event":"orderupdated"}
2026-09-05T14:15:45+00:00 INFO Central bulk source orders received. CONTEXT: {"store_id":"site1","received":20,"succeeded":20,"failed":0,"request_id":"a84bba03-16ed-49c3-8ccc-1a6c51920cf0"}
2026-09-05T14:16:24+00:00 INFO Central bulk source orders received. CONTEXT: {"store_id":"site1","received":20,"succeeded":20,"failed":0,"request_id":"28883a08-c6d8-4de5-83e7-dad25cab5d5d"}
2026-09-05T14:16:58+00:00 INFO Central bulk source orders received. CONTEXT: {"store_id":"site1","received":20,"succeeded":20,"failed":0,"request_id":"acd9009e-cccb-4ec0-adfb-96bbc4195306"}
2026-09-05T14:17:20+00:00 INFO Central bulk source orders received. CONTEXT: {"store_id":"site1","received":20,"succeeded":20,"failed":0,"request_id":"638d296b-46be-4903-957d-9f4e5d578bfa"}
2026-09-05T14:17:49+00:00 INFO Central bulk source orders received. CONTEXT: {"store_id":"site1","received":20,"succeeded":20,"failed":0,"request_id":"57159e04-a689-4d76-8726-0dd17915b8b4"}
2026-09-05T14:18:11+00:00 INFO Central bulk source orders received. CONTEXT: {"store_id":"site1","received":20,"succeeded":20,"failed":0,"request_id":"2d8f1355-1996-4704-8648-ea5562f825ed"}
2026-09-05T14:18:39+00:00 INFO Central bulk source orders received. CONTEXT: {"store_id":"site1","received":20,"succeeded":20,"failed":0,"request_id":"62d19985-9927-4c43-845a-9dc4fc276d42"}
2026-09-05T14:19:00+00:00 INFO Central bulk source orders received. CONTEXT: {"store_id":"site1","received":20,"succeeded":20,"failed":0,"request_id":"0e439a74-8be5-44bb-8f24-5e0459882944"}
2026-09-05T14:19:28+00:00 INFO Central bulk source orders received. CONTEXT: {"store_id":"site1","received":20,"succeeded":20,"failed":0,"request_id":"9ea65261-34be-4854-aca1-380f5c969c33"}
2026-09-05T14:19:50+00:00 INFO Central bulk source orders received. CONTEXT: {"store_id":"site1","received":20,"succeeded":20,"failed":0,"request_id":"4e2184fe-676e-4a37-b483-ca0cf5f1c7df"}
2026-09-05T14:20:18+00:00 INFO Central bulk source orders received. CONTEXT: {"store_id":"site1","received":20,"succeeded":20,"failed":0,"request_id":"e86c2775-259e-4e5c-8855-79346be7fcbe"}
2026-09-05T14:20:45+00:00 INFO Central bulk source orders received. CONTEXT: {"store_id":"site1","received":20,"succeeded":20,"failed":0,"request_id":"e0139d3e-dd4c-4cb6-a839-a8a66e3cac9c"}
2026-09-05T14:21:39+00:00 INFO Central order received successfully. CONTEXT: {"store_id":"site1","source_order_id":379713,"central_order_id":7118,"request_id":"71916ca4-1b82-49eb-ad8d-c8e33cc01639","event":"orderupdated"}
2026-09-05T14:22:17+00:00 INFO Central order received successfully. CONTEXT: {"store_id":"site1","source_order_id":379713,"central_order_id":7118,"request_id":"7df798bb-61cf-4214-ace2-7dadd411f435","event":"orderupdated"}
2026-09-05T14:22:56+00:00 INFO Central order received successfully. CONTEXT: {"store_id":"site1","source_order_id":379713,"central_order_id":7118,"request_id":"b827028a-f70d-4034-91e7-15636fd1aae1","event":"orderupdated"}
2026-09-05T14:23:33+00:00 INFO Central order received successfully. CONTEXT: {"store_id":"site1","source_order_id":379713,"central_order_id":7118,"request_id":"e98a8008-e882-4a13-81d8-a37fc66b12b5","event":"orderupdated"}
2026-09-05T14:24:15+00:00 INFO Central order received successfully. CONTEXT: {"store_id":"site1","source_order_id":379713,"central_order_id":7118,"request_id":"78f35350-18f8-4e66-8727-0e03b77d7d42","event":"orderupdated"}
2026-09-05T14:24:22+00:00 INFO Central order received successfully. CONTEXT: {"store_id":"site1","source_order_id":379713,"central_order_id":7118,"request_id":"4b671c5b-b4a7-46b6-acc2-5fcbfe31ca0d","event":"orderupdated"}
2026-09-05T14:24:57+00:00 INFO Central order received successfully. CONTEXT: {"store_id":"site1","source_order_id":379713,"central_order_id":7118,"request_id":"1d37865b-decb-4950-bee8-c311a002f9df","event":"orderupdated"}
2026-09-05T14:25:04+00:00 INFO Central order received successfully. CONTEXT: {"store_id":"site1","source_order_id":379713,"central_order_id":7118,"request_id":"1b503875-eb9d-4cfa-9205-530a4885b661","event":"orderupdated"}
2026-09-05T14:25:34+00:00 INFO Central order received successfully. CONTEXT: {"store_id":"site1","source_order_id":379713,"central_order_id":7118,"request_id":"f421eba8-0b9c-4b02-9ca2-74b7af1decd0","event":"orderupdated"}
2026-09-05T14:25:43+00:00 INFO Central order received successfully. CONTEXT: {"store_id":"site1","source_order_id":379713,"central_order_id":7118,"request_id":"d58dc70c-a24c-44b1-b3e5-9b751f3d8977","event":"orderupdated"}
2026-09-05T14:25:53+00:00 INFO Central order received successfully. CONTEXT: {"store_id":"site1","source_order_id":379713,"central_order_id":7118,"request_id":"5ce25fbe-2f8f-4ddd-93a7-bcd7a7105013","event":"orderupdated"}
2026-09-05T14:26:13+00:00 INFO Central order received successfully. CONTEXT: {"store_id":"site1","source_order_id":379713,"central_order_id":7118,"request_id":"2661b822-a8c3-4141-a1a7-0de6418f00d4","event":"orderupdated"}
2026-09-05T14:26:35+00:00 INFO Central bulk source orders received. CONTEXT: {"store_id":"site1","received":20,"succeeded":20,"failed":0,"request_id":"fda69425-c0bf-4456-afc5-dedcf8b79ecb"}
2026-09-05T14:26:48+00:00 INFO Central order received successfully. CONTEXT: {"store_id":"site1","source_order_id":379713,"central_order_id":7118,"request_id":"a6da7d82-79d4-4b2c-b43e-fbae84f17347","event":"orderupdated"}
2026-09-05T14:26:50+00:00 INFO Central bulk source orders received. CONTEXT: {"store_id":"site1","received":20,"succeeded":20,"failed":0,"request_id":"aef1f67e-2e7d-4284-b8ec-792415b13ec5"}
2026-09-05T14:26:51+00:00 INFO Central order received successfully. CONTEXT: {"store_id":"site1","source_order_id":379713,"central_order_id":7118,"request_id":"d284061b-d763-4e21-932b-07bd081de21a","event":"orderupdated"}
2026-09-05T14:27:10+00:00 INFO Central bulk source orders received. CONTEXT: {"store_id":"site1","received":20,"succeeded":20,"failed":0,"request_id":"ff758f68-c0e7-4817-b1c5-240b61f83b88"}
2026-09-05T14:30:23+00:00 INFO Central bulk source orders received. CONTEXT: {"store_id":"site1","received":20,"succeeded":20,"failed":0,"request_id":"11832726-d929-4881-a80f-dae885fb94a4"}
2026-09-05T14:31:00+00:00 INFO Central bulk source orders received. CONTEXT: {"store_id":"site1","received":20,"succeeded":20,"failed":0,"request_id":"3010f33a-001a-4847-9bdf-96cd4c6952e6"}
2026-09-05T14:32:01+00:00 INFO Central bulk source orders received. CONTEXT: {"store_id":"site1","received":20,"succeeded":20,"failed":0,"request_id":"f7c18114-a929-4b0f-9291-42fdd7c9a9f9"}
2026-09-05T14:32:56+00:00 INFO Central bulk source orders received. CONTEXT: {"store_id":"site1","received":20,"succeeded":20,"failed":0,"request_id":"49d33706-42da-4734-98f8-41a6ae13c748"}
2026-09-05T14:33:51+00:00 INFO Central bulk source orders received. CONTEXT: {"store_id":"site1","received":20,"succeeded":20,"failed":0,"request_id":"4bfdd5e9-d3c4-465f-96d7-21d4e4bf29e1"}
2026-09-05T14:34:27+00:00 INFO Central bulk source orders received. CONTEXT: {"store_id":"site1","received":20,"succeeded":20,"failed":0,"request_id":"3d0d84c5-fccd-4a99-88bf-495a30713daa"}
2026-09-05T14:34:59+00:00 INFO Central order received successfully. CONTEXT: {"store_id":"site1","source_order_id":379713,"central_order_id":7118,"request_id":"48688d72-fde5-41c2-9e99-74f3af3284e0","event":"orderupdated"}
2026-09-05T14:35:15+00:00 INFO Central order received successfully. CONTEXT: {"store_id":"site1","source_order_id":379713,"central_order_id":7118,"request_id":"a7813491-8139-41fc-bcde-30cd732891e8","event":"orderupdated"}
2026-09-05T14:35:17+00:00 INFO Central bulk source orders received. CONTEXT: {"store_id":"site1","received":20,"succeeded":20,"failed":0,"request_id":"9d5483d5-5155-4c81-b3d8-937145e39597"}
2026-09-05T14:35:32+00:00 INFO Central order received successfully. CONTEXT: {"store_id":"site1","source_order_id":379713,"central_order_id":7118,"request_id":"ec03d35f-4400-44b4-b010-254954e13e14","event":"orderupdated"}
2026-09-05T14:35:42+00:00 INFO Central order received successfully. CONTEXT: {"store_id":"site1","source_order_id":379713,"central_order_id":7118,"request_id":"d9d7a730-b558-4bc3-b047-3233d1007280","event":"orderupdated"}
2026-09-05T14:36:22+00:00 INFO Central bulk source orders received. CONTEXT: {"store_id":"site1","received":20,"succeeded":20,"failed":0,"request_id":"bbeccffc-2398-406e-8958-07c132089447"}
2026-09-05T14:37:30+00:00 INFO Central bulk source orders received. CONTEXT: {"store_id":"site1","received":20,"succeeded":20,"failed":0,"request_id":"18d30892-46e3-4809-91b2-89030b2ef773"}
2026-09-05T14:37:56+00:00 INFO Central order received successfully. CONTEXT: {"store_id":"site1","source_order_id":379713,"central_order_id":7118,"request_id":"e79ec10c-6e35-4f54-851d-c62e0185b22d","event":"orderupdated"}
2026-09-05T14:37:58+00:00 INFO Central bulk source orders received. CONTEXT: {"store_id":"site1","received":20,"succeeded":20,"failed":0,"request_id":"ec51ec4e-2053-4f7a-beb8-b216d2b5e6dc"}
2026-09-05T14:38:40+00:00 INFO Central bulk source orders received. CONTEXT: {"store_id":"site1","received":20,"succeeded":20,"failed":0,"request_id":"dd79fecb-1755-4e11-92b1-3789c0ca859a"}
2026-09-05T14:39:22+00:00 INFO Central bulk source orders received. CONTEXT: {"store_id":"site1","received":20,"succeeded":20,"failed":0,"request_id":"0b90895b-5589-42eb-ae74-1585589b6dcd"}
2026-09-05T14:41:21+00:00 INFO Central bulk source orders received. CONTEXT: {"store_id":"site1","received":20,"succeeded":20,"failed":0,"request_id":"829fb574-bec0-48fb-9add-4324d46db58e"}
2026-09-05T14:42:04+00:00 INFO Central bulk source orders received. CONTEXT: {"store_id":"site1","received":20,"succeeded":20,"failed":0,"request_id":"6b373a19-8715-4d1b-be81-9356834fced0"}
2026-09-05T14:43:05+00:00 INFO Central bulk source orders received. CONTEXT: {"store_id":"site1","received":20,"succeeded":20,"failed":0,"request_id":"b404da3e-a76b-4c60-a2aa-b4cb58d6242a"}
2026-09-05T14:43:12+00:00 INFO Central order received successfully. CONTEXT: {"store_id":"site1","source_order_id":368848,"central_order_id":545,"request_id":"ab02dbc4-d41e-468c-8e75-c56af91281e3","event":"orderupdated"}
2026-09-05T14:43:18+00:00 INFO Central order received successfully. CONTEXT: {"store_id":"site1","source_order_id":368848,"central_order_id":545,"request_id":"44ec23c3-5e61-4f80-a99e-4668783ad1ad","event":"orderupdated"}
2026-09-05T14:43:26+00:00 INFO Central order received successfully. CONTEXT: {"store_id":"site1","source_order_id":368848,"central_order_id":545,"request_id":"a0a99e7f-1451-49b1-b650-040a90692490","event":"orderupdated"}
2026-09-05T14:43:37+00:00 INFO Central order received successfully. CONTEXT: {"store_id":"site1","source_order_id":368848,"central_order_id":545,"request_id":"14afbd1a-1aa3-4135-905a-529bfa1d09ab","event":"orderupdated"}
2026-09-05T14:44:35+00:00 INFO Central order received successfully. CONTEXT: {"store_id":"site1","source_order_id":368848,"central_order_id":545,"request_id":"5c17ab59-093a-4325-918f-4655a7290daf","event":"orderupdated"}
2026-09-05T14:44:37+00:00 INFO Central bulk source orders received. CONTEXT: {"store_id":"site1","received":20,"succeeded":20,"failed":0,"request_id":"e2936e66-c37b-40f3-9f6d-b9f8061b9b0d"}
2026-09-05T14:44:40+00:00 INFO Central order received successfully. CONTEXT: {"store_id":"site1","source_order_id":370757,"central_order_id":2035,"request_id":"4139b51c-4533-4ac2-92aa-92ea0b157fb1","event":"orderupdated"}
2026-09-05T14:45:07+00:00 INFO Central bulk source orders received. CONTEXT: {"store_id":"site1","received":20,"succeeded":20,"failed":0,"request_id":"a06f635a-3425-451b-8f23-4c51b0853cb9"}
2026-09-05T14:46:23+00:00 INFO Central order received successfully. CONTEXT: {"store_id":"site1","source_order_id":370757,"central_order_id":2035,"request_id":"b8830b05-be2b-4090-ab5f-16ad8b45b6a4","event":"orderupdated"}
2026-09-05T14:46:26+00:00 INFO Central order received successfully. CONTEXT: {"store_id":"site1","source_order_id":371779,"central_order_id":2375,"request_id":"d622efb7-b69c-476c-8dfd-14ba1e0032e0","event":"orderupdated"}
2026-09-05T14:46:27+00:00 INFO Central order received successfully. CONTEXT: {"store_id":"site1","source_order_id":371779,"central_order_id":2375,"request_id":"e522a5d2-fc53-40b4-83d3-7316b666536a","event":"orderupdated"}
2026-09-05T14:46:35+00:00 INFO Central order received successfully. CONTEXT: {"store_id":"site1","source_order_id":370541,"central_order_id":999,"request_id":"11a8d4dd-2439-42a7-bbd5-838e4e2e6786","event":"orderupdated"}
2026-09-05T14:46:51+00:00 INFO Central bulk source orders received. CONTEXT: {"store_id":"site1","received":20,"succeeded":20,"failed":0,"request_id":"85771cc2-789e-4f09-bbd8-e862e3be9332"}
2026-09-05T14:47:06+00:00 INFO Central order received successfully. CONTEXT: {"store_id":"site1","source_order_id":370541,"central_order_id":999,"request_id":"fb403d75-42fb-4842-a250-8eb0e050241f","event":"orderupdated"}
2026-09-05T14:47:13+00:00 INFO Central order received successfully. CONTEXT: {"store_id":"site1","source_order_id":371957,"central_order_id":6745,"request_id":"761e0721-f8e5-40d9-8ca8-dd28a2a2b50c","event":"orderupdated"}
2026-09-05T14:48:48+00:00 INFO Central bulk source orders received. CONTEXT: {"store_id":"site1","received":20,"succeeded":20,"failed":0,"request_id":"2291e247-0fb5-4c6d-8bb2-d72043c45f84"}
2026-09-05T14:49:02+00:00 INFO Central order received successfully. CONTEXT: {"store_id":"site1","source_order_id":370541,"central_order_id":999,"request_id":"2c03381f-76ab-4896-a2d2-61ee9a81dd4b","event":"orderupdated"}
2026-09-05T14:49:05+00:00 INFO Central bulk source orders received. CONTEXT: {"store_id":"site1","received":20,"succeeded":20,"failed":0,"request_id":"3b90cff3-1949-4a3d-ba12-09d5af782078"}
2026-09-05T14:49:14+00:00 INFO Central bulk source orders received. CONTEXT: {"store_id":"site1","received":20,"succeeded":20,"failed":0,"request_id":"83250cdc-f060-456b-800c-23632771cb5a"}
2026-09-05T14:56:24+00:00 INFO Central order received successfully. CONTEXT: {"store_id":"site1","source_order_id":367900,"central_order_id":321,"request_id":"30129dac-df3c-4518-b684-64aa5ac43968","event":"orderupdated"}
2026-09-05T14:56:40+00:00 INFO Central bulk source orders received. CONTEXT: {"store_id":"site1","received":20,"succeeded":20,"failed":0,"request_id":"99cc5337-8d5b-41f7-b70c-53bdc1482ea6"}
2026-09-05T14:57:01+00:00 INFO Central order received successfully. CONTEXT: {"store_id":"site1","source_order_id":376461,"central_order_id":6869,"request_id":"5c456f31-6cfa-405b-89a0-65a42d3d8d99","event":"orderupdated"}
2026-09-05T14:57:05+00:00 INFO Central order received successfully. CONTEXT: {"store_id":"site1","source_order_id":374260,"central_order_id":6571,"request_id":"059926f1-8d7c-4260-b3b3-d6fd8288f382","event":"orderupdated"}
2026-09-05T14:57:08+00:00 INFO Central order received successfully. CONTEXT: {"store_id":"site1","source_order_id":374260,"central_order_id":6571,"request_id":"ed832cce-d6b9-47fd-acdc-b28806f82cfd","event":"orderupdated"}
2026-09-05T14:57:49+00:00 INFO Central bulk source orders received. CONTEXT: {"store_id":"site1","received":20,"succeeded":20,"failed":0,"request_id":"a18d9069-d8b9-4c6e-a3bc-b2b240dc24ad"}
2026-09-05T14:58:22+00:00 INFO Central bulk source orders received. CONTEXT: {"store_id":"site1","received":20,"succeeded":20,"failed":0,"request_id":"9ab91948-afcb-47bd-bb3f-1fe04331a3b1"}
2026-09-05T14:58:52+00:00 INFO Central bulk source orders received. CONTEXT: {"store_id":"site1","received":20,"succeeded":20,"failed":0,"request_id":"60d4fd55-dcee-4177-8d73-6cf8964a2ab3"}
2026-09-05T14:59:14+00:00 INFO Central bulk source orders received. CONTEXT: {"store_id":"site1","received":20,"succeeded":20,"failed":0,"request_id":"c18e9f8a-84fe-4a44-98f5-16e632c54d8a"}
2026-09-05T14:59:44+00:00 INFO Central bulk source orders received. CONTEXT: {"store_id":"site1","received":20,"succeeded":20,"failed":0,"request_id":"4b4a36ce-b864-4c51-b937-9858f308e0f3"}
2026-09-05T15:00:04+00:00 INFO Order synchronization succeeded. CONTEXT: {"store_id":"site1","source_order_id":376461,"central_order_id":6869,"event":"company_order_sync_push_central_status","request_id":"1209d604-e7ac-4cc2-bdfa-b4df3af8a5e2"}
2026-09-05T15:00:05+00:00 INFO Central bulk source orders received. CONTEXT: {"store_id":"site1","received":20,"succeeded":20,"failed":0,"request_id":"ce59dd53-7c34-4b8c-9b50-c98098eb07aa"}
2026-09-05T15:00:14+00:00 INFO Central bulk source orders received. CONTEXT: {"store_id":"site1","received":20,"succeeded":20,"failed":0,"request_id":"c602243d-a004-4248-81ef-de71951b4c07"}
2026-09-05T15:01:05+00:00 INFO Central bulk source orders received. CONTEXT: {"store_id":"site1","received":20,"succeeded":20,"failed":0,"request_id":"bb1e0ebb-78c9-40b5-bcd8-1bec2ba0476f"}
2026-09-05T15:01:15+00:00 INFO Central bulk source orders received. CONTEXT: {"store_id":"site1","received":20,"succeeded":20,"failed":0,"request_id":"62d2e26f-71ec-443b-861a-856e3c434132"}
2026-09-05T15:02:03+00:00 INFO Central bulk source orders received. CONTEXT: {"store_id":"site1","received":2,"succeeded":2,"failed":0,"request_id":"db4a83ae-f3d9-4652-b9b2-c22b21ddf544"}
2026-09-05T15:02:20+00:00 INFO Central order received successfully. CONTEXT: {"store_id":"site1","source_order_id":378990,"central_order_id":6959,"request_id":"897594de-2750-41e7-9098-125bf6a6752f","event":"orderupdated"}
2026-09-05T15:02:43+00:00 INFO Central bulk source orders received. CONTEXT: {"store_id":"site1","received":2,"succeeded":2,"failed":0,"request_id":"43058cd0-201b-4952-ac25-5726e784a6a8"}
2026-09-05T15:02:58+00:00 INFO Central order received successfully. CONTEXT: {"store_id":"site1","source_order_id":378990,"central_order_id":6959,"request_id":"57d77927-afe1-4e49-9f2a-8cf98366e009","event":"orderupdated"}
2026-09-05T15:03:04+00:00 INFO Central order received successfully. CONTEXT: {"store_id":"site1","source_order_id":379457,"central_order_id":7079,"request_id":"d0be383f-097f-463f-89a9-093dcc397a25","event":"orderupdated"}
2026-09-05T15:03:05+00:00 INFO Central order received successfully. CONTEXT: {"store_id":"site1","source_order_id":379457,"central_order_id":7079,"request_id":"d401f760-a541-43fd-8f25-125832f50505","event":"orderupdated"}
2026-09-05T15:03:06+00:00 INFO Central order received successfully. CONTEXT: {"store_id":"site1","source_order_id":379457,"central_order_id":7079,"request_id":"04b4b8c8-1dd3-4c6b-b5f9-dda0a2e4950c","event":"orderupdated"}
2026-09-05T15:03:09+00:00 INFO Central bulk source orders received. CONTEXT: {"store_id":"site1","received":20,"succeeded":20,"failed":0,"request_id":"c3c4af96-2b64-45f6-b670-736b45c06e8b"}
2026-09-05T15:03:10+00:00 INFO Central order received successfully. CONTEXT: {"store_id":"site1","source_order_id":378990,"central_order_id":6959,"request_id":"2bfd840c-fb6d-43e7-8c3e-88978ea8ebc2","event":"orderupdated"}
2026-09-05T15:04:06+00:00 INFO Central bulk source orders received. CONTEXT: {"store_id":"site1","received":20,"succeeded":20,"failed":0,"request_id":"a5ff7105-62a5-4e88-a1d2-a2ffa7e99621"}
2026-09-05T15:04:13+00:00 INFO Central order received successfully. CONTEXT: {"store_id":"site1","source_order_id":372349,"central_order_id":5317,"request_id":"4f0cda0b-03dc-4115-a5a2-a2b92dc6a2d7","event":"orderupdated"}
2026-09-05T15:04:15+00:00 INFO Central bulk source orders received. CONTEXT: {"store_id":"site1","received":19,"succeeded":19,"failed":0,"request_id":"5f7a07dc-d7f9-4044-a72c-ec4d0fecc3d6"}
2026-09-05T15:04:19+00:00 INFO Central order received successfully. CONTEXT: {"store_id":"site1","source_order_id":372349,"central_order_id":5317,"request_id":"2a7af529-6d4b-4444-8124-3ccd470f0053","event":"orderupdated"}
2026-09-05T15:04:28+00:00 INFO Central order received successfully. CONTEXT: {"store_id":"site1","source_order_id":372349,"central_order_id":5317,"request_id":"eff4b607-9ec9-48a6-a63a-21436cd1c1c1","event":"orderupdated"}
2026-09-05T15:04:35+00:00 INFO Central bulk source orders received. CONTEXT: {"store_id":"site1","received":20,"succeeded":20,"failed":0,"request_id":"58bb5c39-fbd1-404c-8d61-ce33bb9281c2"}
2026-09-05T15:04:43+00:00 INFO Central order received successfully. CONTEXT: {"store_id":"site1","source_order_id":372349,"central_order_id":5317,"request_id":"701e039f-9944-4583-a36b-84f5bc63d91b","event":"orderupdated"}
2026-09-05T15:04:57+00:00 INFO Central order received successfully. CONTEXT: {"store_id":"site1","source_order_id":372349,"central_order_id":5317,"request_id":"da2e46a1-da74-4ae4-a93a-34e6d091263c","event":"orderupdated"}
2026-09-05T15:05:04+00:00 INFO Central order received successfully. CONTEXT: {"store_id":"site1","source_order_id":372349,"central_order_id":5317,"request_id":"d81f11cb-6b98-431a-af7e-927e3dfa3246","event":"orderupdated"}
2026-09-05T15:05:06+00:00 INFO Central bulk source orders received. CONTEXT: {"store_id":"site1","received":20,"succeeded":20,"failed":0,"request_id":"5d3cd41b-d66c-4f02-843e-45a48bbb90d2"}
2026-09-05T15:05:14+00:00 INFO Central order received successfully. CONTEXT: {"store_id":"site1","source_order_id":370534,"central_order_id":796,"request_id":"dfd22df7-79ac-4054-bf00-2f9adaf29b36","event":"orderupdated"}
2026-09-05T15:09:01+00:00 INFO Central bulk source orders received. CONTEXT: {"store_id":"site1","received":20,"succeeded":20,"failed":0,"request_id":"b0588f9b-632d-43f2-87b4-adc7de61a750"}
2026-09-05T15:09:14+00:00 INFO Central order received successfully. CONTEXT: {"store_id":"site1","source_order_id":372349,"central_order_id":5317,"request_id":"5a844b7c-9b17-48fd-98b0-c40b460c95c1","event":"orderupdated"}
2026-09-05T15:09:17+00:00 INFO Central bulk source orders received. CONTEXT: {"store_id":"site1","received":20,"succeeded":20,"failed":0,"request_id":"a8f79c4b-e17a-4266-a2cf-6debc64206d7"}
2026-09-05T15:09:18+00:00 INFO Central order received successfully. CONTEXT: {"store_id":"site1","source_order_id":370529,"central_order_id":793,"request_id":"ba6d2bdc-4d79-4ed7-b237-6ca7da0930be","event":"orderupdated"}
2026-09-05T15:09:37+00:00 INFO Central bulk source orders received. CONTEXT: {"store_id":"site1","received":20,"succeeded":20,"failed":0,"request_id":"7fef9ca1-d5ae-4b5c-87a9-3935944a31a2"}
2026-09-05T15:09:44+00:00 INFO Central order received successfully. CONTEXT: {"store_id":"site1","source_order_id":370529,"central_order_id":793,"request_id":"7dea7cbd-0444-4e08-9071-a8fe29c8cca0","event":"orderupdated"}
2026-09-05T15:11:39+00:00 INFO Central order received successfully. CONTEXT: {"store_id":"site1","source_order_id":370529,"central_order_id":793,"request_id":"85114267-b89c-4adb-8fd0-ef8492c07568","event":"orderupdated"}
2026-09-05T15:13:23+00:00 INFO Central bulk source orders received. CONTEXT: {"store_id":"site1","received":20,"succeeded":20,"failed":0,"request_id":"717d022b-6da8-49d9-9723-4ff2f4677fe4"}
2026-09-05T15:13:48+00:00 INFO Central bulk source statuses received. CONTEXT: {"store_id":"site1","received":3,"succeeded":3,"missing":0,"failed":0,"request_id":"ae043273-7dee-4723-92c1-ef2d19efe966"}
2026-09-05T15:13:58+00:00 INFO Central bulk source orders received. CONTEXT: {"store_id":"site1","received":20,"succeeded":20,"failed":0,"request_id":"1f00c39f-c6c5-4735-ae30-7cba7a836237"}
2026-09-05T15:14:14+00:00 INFO Central order received successfully. CONTEXT: {"store_id":"site1","source_order_id":370529,"central_order_id":793,"request_id":"88dbe0b2-98fa-470e-bd84-53d194c4b005","event":"orderupdated"}
2026-09-05T15:14:22+00:00 INFO Central order received successfully. CONTEXT: {"store_id":"site1","source_order_id":370566,"central_order_id":1604,"request_id":"282214cc-f0c0-4666-9fa8-f312e76bd166","event":"orderupdated"}
2026-09-05T15:14:37+00:00 INFO Central bulk source orders received. CONTEXT: {"store_id":"site1","received":20,"succeeded":20,"failed":0,"request_id":"c038c1e2-3c10-4f97-945b-4be098ac0bb4"}
2026-09-05T15:15:28+00:00 INFO Central bulk source orders received. CONTEXT: {"store_id":"site1","received":20,"succeeded":20,"failed":0,"request_id":"3cff047e-79b4-4c69-8aec-bfe308a84be1"}
2026-09-05T15:19:32+00:00 INFO Central order received successfully. CONTEXT: {"store_id":"site1","source_order_id":370566,"central_order_id":1604,"request_id":"1fbfb842-6ff4-43e8-80f3-023ba09f057b","event":"orderupdated"}
2026-09-05T15:19:40+00:00 INFO Central order received successfully. CONTEXT: {"store_id":"site1","source_order_id":370467,"central_order_id":672,"request_id":"c3d8c555-3904-4cbc-95c6-1444efa340bc","event":"orderupdated"}
2026-09-05T15:19:49+00:00 INFO Central order received successfully. CONTEXT: {"store_id":"site1","source_order_id":370467,"central_order_id":672,"request_id":"5dd50fdd-f0f3-41bc-870a-850279cb9141","event":"orderupdated"}
2026-09-05T15:20:05+00:00 INFO Central order received successfully. CONTEXT: {"store_id":"site1","source_order_id":372327,"central_order_id":4953,"request_id":"38b4db95-b35b-4498-99b4-b8251cd4cf56","event":"orderupdated"}
2026-09-05T15:20:08+00:00 INFO Central order received successfully. CONTEXT: {"store_id":"site1","source_order_id":372327,"central_order_id":4953,"request_id":"7dabbe7c-46f6-4d88-bf5e-99d76df44db1","event":"orderupdated"}
2026-09-05T15:20:15+00:00 INFO Central order received successfully. CONTEXT: {"store_id":"site1","source_order_id":370566,"central_order_id":1604,"request_id":"aab56c55-4fbe-4f7c-a05f-50efc2557bae","event":"orderupdated"}
2026-09-05T15:20:22+00:00 INFO Central order received successfully. CONTEXT: {"store_id":"site1","source_order_id":370467,"central_order_id":672,"request_id":"443101a7-e077-4245-99ea-84b381136540","event":"orderupdated"}
2026-09-05T15:20:30+00:00 INFO Central bulk source orders received. CONTEXT: {"store_id":"site1","received":20,"succeeded":20,"failed":0,"request_id":"b60bd6f9-46ec-4dfb-a599-f5291ff15391"}
2026-09-05T15:20:45+00:00 INFO Central order received successfully. CONTEXT: {"store_id":"site1","source_order_id":372327,"central_order_id":4953,"request_id":"af062243-fe39-4d2a-9c8d-ccaff4f77511","event":"orderupdated"}
2026-09-05T15:20:53+00:00 INFO Central order received successfully. CONTEXT: {"store_id":"site1","source_order_id":370566,"central_order_id":1604,"request_id":"c8cbe594-1907-48c9-8e77-bfdfe5d576e6","event":"orderupdated"}
2026-09-05T15:21:01+00:00 INFO Central order received successfully. CONTEXT: {"store_id":"site1","source_order_id":370467,"central_order_id":672,"request_id":"c9a02b00-4b39-444d-a836-a658cea991f3","event":"orderupdated"}
2026-09-05T15:21:09+00:00 INFO Central order received successfully. CONTEXT: {"store_id":"site1","source_order_id":372354,"central_order_id":5367,"request_id":"aff315f5-7b7c-4e0f-9d37-f4d541d37833","event":"orderupdated"}
2026-09-05T15:21:17+00:00 INFO Central order received successfully. CONTEXT: {"store_id":"site1","source_order_id":372354,"central_order_id":5367,"request_id":"080b0331-6188-4ab6-9740-4a6baf72c64f","event":"orderupdated"}
2026-09-05T15:26:33+00:00 INFO Central bulk source orders received. CONTEXT: {"store_id":"site1","received":20,"succeeded":20,"failed":0,"request_id":"1484f90f-b51c-4989-84db-90d34272aa52"}
2026-09-05T15:26:52+00:00 INFO Central order received successfully. CONTEXT: {"store_id":"site1","source_order_id":372327,"central_order_id":4953,"request_id":"b2e67f4a-cfcb-4089-b1fa-d60d7015e17a","event":"orderupdated"}
2026-09-05T15:27:01+00:00 INFO Central order received successfully. CONTEXT: {"store_id":"site1","source_order_id":371959,"central_order_id":6746,"request_id":"f57eda68-41db-4734-8002-31e637e3243d","event":"orderupdated"}
2026-09-05T15:27:18+00:00 INFO Central order received successfully. CONTEXT: {"store_id":"site1","source_order_id":368584,"central_order_id":526,"request_id":"db81dd47-21af-48a7-a4b4-d0b9658d57b1","event":"orderupdated"}
2026-09-05T15:27:33+00:00 INFO Central order received successfully. CONTEXT: {"store_id":"site1","source_order_id":371959,"central_order_id":6746,"request_id":"0ef474c3-49ae-4814-aa34-cb2c73fff0be","event":"orderupdated"}
2026-09-05T15:27:40+00:00 INFO Central order received successfully. CONTEXT: {"store_id":"site1","source_order_id":368584,"central_order_id":526,"request_id":"6ea6448c-3b2a-48b3-b27a-df91fa8fd05a","event":"orderupdated"}
2026-09-05T15:27:42+00:00 INFO Central order received successfully. CONTEXT: {"store_id":"site1","source_order_id":371959,"central_order_id":6746,"request_id":"22066a26-a2d0-4ea0-87df-8d19a02dc5f8","event":"orderupdated"}
2026-09-05T15:27:43+00:00 INFO Central bulk source orders received. CONTEXT: {"store_id":"site1","received":20,"succeeded":20,"failed":0,"request_id":"6b6d38c8-4a50-44ae-a9d5-d274623d47d5"}
2026-09-05T15:28:34+00:00 INFO Central bulk source orders received. CONTEXT: {"store_id":"site1","received":20,"succeeded":20,"failed":0,"request_id":"36d78fad-657d-4583-ba0e-411dd4df78cf"}
2026-09-05T15:29:07+00:00 INFO Central bulk source orders received. CONTEXT: {"store_id":"site1","received":20,"succeeded":20,"failed":0,"request_id":"bde8f420-f931-4553-9828-5f23d6aad18a"}
2026-09-05T15:29:34+00:00 INFO Central bulk source orders received. CONTEXT: {"store_id":"site1","received":20,"succeeded":20,"failed":0,"request_id":"25634828-6a50-4cba-a49b-16216493b33a"}
2026-09-05T15:30:22+00:00 INFO Central order received successfully. CONTEXT: {"store_id":"site1","source_order_id":371959,"central_order_id":6746,"request_id":"4113b408-fd1d-4bf3-8a07-8ae76f66b96e","event":"orderupdated"}
2026-09-05T15:30:24+00:00 INFO Central bulk source orders received. CONTEXT: {"store_id":"site1","received":20,"succeeded":20,"failed":0,"request_id":"f27ce00d-c149-4379-bde4-44733948aace"}
2026-09-05T15:30:26+00:00 INFO Central order received successfully. CONTEXT: {"store_id":"site1","source_order_id":380527,"central_order_id":7206,"request_id":"d1c51f03-5bdc-40f2-b838-232b8602c1d1","event":"orderupdated"}
2026-09-05T15:33:01+00:00 INFO Central bulk source orders received. CONTEXT: {"store_id":"site1","received":20,"succeeded":20,"failed":0,"request_id":"f504698a-3abc-45dd-82d0-db10ba9681fd"}
2026-09-05T15:33:17+00:00 INFO Central order received successfully. CONTEXT: {"store_id":"site1","source_order_id":380527,"central_order_id":7206,"request_id":"8ba767e7-11db-4ba8-8801-be4606c1f0ad","event":"orderupdated"}
2026-09-05T15:33:20+00:00 INFO Central bulk source orders received. CONTEXT: {"store_id":"site1","received":20,"succeeded":20,"failed":0,"request_id":"a8144472-bbdd-4486-abcc-bdb2d4f08d21"}
2026-09-05T15:34:20+00:00 INFO Central order received successfully. CONTEXT: {"store_id":"site1","source_order_id":380589,"central_order_id":7208,"request_id":"63413b93-3247-4b86-848c-10731e2fe8bc","event":"orderupdated"}
2026-09-05T15:34:23+00:00 INFO Central order received successfully. CONTEXT: {"store_id":"site1","source_order_id":380589,"central_order_id":7208,"request_id":"d6013138-72cc-48b2-9e0c-0f8248c9bca4","event":"orderupdated"}
2026-09-05T15:35:08+00:00 INFO Central order received successfully. CONTEXT: {"store_id":"site1","source_order_id":380589,"central_order_id":7208,"request_id":"9dc3a908-0379-4ea6-b369-82b20c9b9dfb","event":"orderupdated"}
2026-09-05T15:35:45+00:00 INFO Central order received successfully. CONTEXT: {"store_id":"site1","source_order_id":380589,"central_order_id":7208,"request_id":"6563dbf9-fa0f-4706-9574-0dcdad9c7818","event":"orderupdated"}
2026-09-05T15:36:27+00:00 INFO Central order received successfully. CONTEXT: {"store_id":"site1","source_order_id":380589,"central_order_id":7208,"request_id":"7433f46d-97f1-4dbc-9bb8-8935dddbbf3f","event":"orderupdated"}
2026-09-05T15:37:04+00:00 INFO Central order received successfully. CONTEXT: {"store_id":"site1","source_order_id":380589,"central_order_id":7208,"request_id":"f9a7cc82-e553-4cee-bac0-ea46b0ba743d","event":"orderupdated"}
2026-09-05T15:37:42+00:00 INFO Central order received successfully. CONTEXT: {"store_id":"site1","source_order_id":380589,"central_order_id":7208,"request_id":"d4ddfb7e-191b-47e1-8836-93f4195ce1ce","event":"orderupdated"}
2026-09-05T15:37:50+00:00 INFO Central order received successfully. CONTEXT: {"store_id":"site1","source_order_id":380589,"central_order_id":7208,"request_id":"7f134b07-8c87-4897-b350-7d7cf0938a5a","event":"orderupdated"}
2026-09-05T15:38:19+00:00 INFO Central order received successfully. CONTEXT: {"store_id":"site1","source_order_id":380589,"central_order_id":7208,"request_id":"4a598e84-b448-466a-824d-ad8a790fa9d0","event":"orderupdated"}
2026-09-05T15:38:27+00:00 INFO Central order received successfully. CONTEXT: {"store_id":"site1","source_order_id":380589,"central_order_id":7208,"request_id":"2dfaeac8-dbaf-4e19-b874-dd88250bbf29","event":"orderupdated"}
2026-09-05T15:38:56+00:00 INFO Central order received successfully. CONTEXT: {"store_id":"site1","source_order_id":380589,"central_order_id":7208,"request_id":"319ccb52-314c-4447-aa87-0c8b59e3148e","event":"orderupdated"}
2026-09-05T15:39:04+00:00 INFO Central order received successfully. CONTEXT: {"store_id":"site1","source_order_id":380589,"central_order_id":7208,"request_id":"0e063600-cfcd-4f6b-a62e-ac56a42462b8","event":"orderupdated"}
2026-09-05T15:39:07+00:00 INFO Central order received successfully. CONTEXT: {"store_id":"site1","source_order_id":380589,"central_order_id":7208,"request_id":"14e3de2c-a74e-4669-9f8b-ffbd90ab6117","event":"orderupdated"}
2026-09-05T15:39:35+00:00 INFO Central order received successfully. CONTEXT: {"store_id":"site1","source_order_id":380589,"central_order_id":7208,"request_id":"0879ee3b-9d9f-4cf0-a489-dd89ebef8835","event":"orderupdated"}
2026-09-05T15:40:18+00:00 INFO Central order received successfully. CONTEXT: {"store_id":"site1","source_order_id":380589,"central_order_id":7208,"request_id":"90121300-ed2d-478d-aa72-a382dcf0f080","event":"orderupdated"}
2026-09-05T15:40:23+00:00 INFO Central order received successfully. CONTEXT: {"store_id":"site1","source_order_id":380604,"central_order_id":7209,"request_id":"1ed6f466-cf3f-46de-b0d1-664bff6fa033","event":"orderupdated"}
2026-09-05T15:40:31+00:00 INFO Central order received successfully. CONTEXT: {"store_id":"site1","source_order_id":380604,"central_order_id":7209,"request_id":"72bb8021-811e-4e56-bfeb-568571b259ed","event":"orderupdated"}
2026-09-05T15:41:00+00:00 INFO Central order received successfully. CONTEXT: {"store_id":"site1","source_order_id":380589,"central_order_id":7208,"request_id":"8e52d713-0191-4c16-ab03-6dfe8d6a6ff3","event":"orderupdated"}
2026-09-05T15:41:08+00:00 INFO Central order received successfully. CONTEXT: {"store_id":"site1","source_order_id":380604,"central_order_id":7209,"request_id":"cfde7b35-61b5-4016-8fb4-eae6f138337b","event":"orderupdated"}
2026-09-05T15:41:36+00:00 INFO Central order received successfully. CONTEXT: {"store_id":"site1","source_order_id":380589,"central_order_id":7208,"request_id":"d6c20fd8-8755-40ba-a2dc-763a8d44aa7c","event":"orderupdated"}
2026-09-05T15:46:49+00:00 INFO Central order received successfully. CONTEXT: {"store_id":"site1","source_order_id":380604,"central_order_id":7209,"request_id":"e5a9c9aa-31f2-42ef-9368-d55965349ffd","event":"orderupdated"}
2026-09-05T15:46:49+00:00 INFO Central bulk source orders received. CONTEXT: {"store_id":"site1","received":20,"succeeded":20,"failed":0,"request_id":"36f824ff-33d0-47e9-abd8-b76fd78220dd"}
2026-09-05T15:47:28+00:00 INFO Central order received successfully. CONTEXT: {"store_id":"site1","source_order_id":380604,"central_order_id":7209,"request_id":"7997b3c5-aec5-4f34-893f-d4adffbbf652","event":"orderupdated"}
2026-09-05T15:48:05+00:00 INFO Central order received successfully. CONTEXT: {"store_id":"site1","source_order_id":380604,"central_order_id":7209,"request_id":"fe648ab6-ecbe-4b1b-9dd6-44986d0a214d","event":"orderupdated"}
2026-09-05T15:48:06+00:00 INFO Central order received successfully. CONTEXT: {"store_id":"site1","source_order_id":380604,"central_order_id":7209,"request_id":"076734fc-6d17-4b88-b20c-249a34db33cf","event":"orderupdated"}
2026-09-05T15:48:45+00:00 INFO Central order received successfully. CONTEXT: {"store_id":"site1","source_order_id":380604,"central_order_id":7209,"request_id":"a44b5b66-2a33-457b-be12-7f880634936d","event":"orderupdated"}
2026-09-05T15:49:26+00:00 INFO Central order received successfully. CONTEXT: {"store_id":"site1","source_order_id":380604,"central_order_id":7209,"request_id":"4ef374ee-cde5-4fb8-b0cd-389c3010f9b2","event":"orderupdated"}
2026-09-05T15:50:03+00:00 INFO Central order received successfully. CONTEXT: {"store_id":"site1","source_order_id":380604,"central_order_id":7209,"request_id":"76f7d392-682a-4f0c-aa4d-c77f078461db","event":"orderupdated"}
2026-09-05T15:51:00+00:00 INFO Central order received successfully. CONTEXT: {"store_id":"site1","source_order_id":380608,"central_order_id":7210,"request_id":"36054a62-6e4c-42cb-8f42-a81ff5f59dd3","event":"orderupdated"}
2026-09-05T15:52:44+00:00 INFO Central bulk source orders received. CONTEXT: {"store_id":"site1","received":20,"succeeded":20,"failed":0,"request_id":"808e40f7-cc72-4600-9e38-271d40b6c364"}
2026-09-05T15:53:35+00:00 INFO Central bulk source orders received. CONTEXT: {"store_id":"site1","received":20,"succeeded":20,"failed":0,"request_id":"94d83112-f105-41d4-bffe-37d4b294c3ed"}
2026-09-05T15:54:24+00:00 INFO Central bulk source orders received. CONTEXT: {"store_id":"site1","received":20,"succeeded":20,"failed":0,"request_id":"3e98c2b6-5387-4682-b1cb-29282da0e2c0"}
2026-09-05T15:54:48+00:00 INFO Central order received successfully. CONTEXT: {"store_id":"site1","source_order_id":380608,"central_order_id":7210,"request_id":"8742f7ed-1525-49ad-96fe-617549989a0d","event":"orderupdated"}
2026-09-05T15:54:55+00:00 INFO Central bulk source orders received. CONTEXT: {"store_id":"site1","received":20,"succeeded":20,"failed":0,"request_id":"252d1f04-f53f-439f-83d8-85234e3498a3"}
2026-09-05T15:55:17+00:00 INFO Central order received successfully. CONTEXT: {"store_id":"site1","source_order_id":380609,"central_order_id":7212,"request_id":"4ed0e4b2-67ee-4025-881f-82df500548cf","event":"orderupdated"}
2026-09-05T15:55:18+00:00 INFO Central bulk source orders received. CONTEXT: {"store_id":"site1","received":20,"succeeded":20,"failed":0,"request_id":"16d56af7-289c-45f1-aae4-aa32ff9ab7f8"}
2026-09-05T15:55:38+00:00 INFO Central order received successfully. CONTEXT: {"store_id":"site1","source_order_id":380609,"central_order_id":7212,"request_id":"d10e83ed-b213-4038-b16f-26f6f1e5b8f8","event":"orderupdated"}
2026-09-05T15:56:04+00:00 INFO Central bulk source statuses received. CONTEXT: {"store_id":"site1","received":1,"succeeded":1,"missing":0,"failed":0,"request_id":"1043cdb9-b572-4cc3-9416-c3f028bb4380"}
2026-09-05T15:56:05+00:00 INFO Central order received successfully. CONTEXT: {"store_id":"site1","source_order_id":379396,"central_order_id":6981,"request_id":"3d03a892-3601-4bd0-97fb-e7dd594a0d28","event":"orderupdated"}
2026-09-05T15:56:20+00:00 INFO Central order received successfully. CONTEXT: {"store_id":"site1","source_order_id":380609,"central_order_id":7212,"request_id":"56d2dd3f-6f51-4f6d-be8d-66be70734e70","event":"orderupdated"}
2026-09-05T15:56:42+00:00 INFO Central order received successfully. CONTEXT: {"store_id":"site1","source_order_id":379396,"central_order_id":6981,"request_id":"5c9f2449-48b5-43fc-9dd7-44967e7614c8","event":"orderupdated"}
2026-09-05T15:57:00+00:00 INFO Central order received successfully. CONTEXT: {"store_id":"site1","source_order_id":380609,"central_order_id":7212,"request_id":"015a1292-18d5-4253-ae56-eb57c8e9cfd4","event":"orderupdated"}
2026-09-05T15:57:37+00:00 INFO Central order received successfully. CONTEXT: {"store_id":"site1","source_order_id":380609,"central_order_id":7212,"request_id":"2d0ba4c8-223d-4d01-a2c9-0a9024fe9f98","event":"orderupdated"}
2026-09-05T15:57:42+00:00 INFO Central bulk source orders received. CONTEXT: {"store_id":"site1","received":20,"succeeded":20,"failed":0,"request_id":"3714e562-8fb3-4e54-9ca3-e2e25471ba59"}
2026-09-05T15:58:00+00:00 INFO Central bulk source orders received. CONTEXT: {"store_id":"site1","received":20,"succeeded":20,"failed":0,"request_id":"ed1127fb-643b-4c55-b1e1-329a2fff26b3"}
2026-09-05T15:58:14+00:00 INFO Central order received successfully. CONTEXT: {"store_id":"site1","source_order_id":380609,"central_order_id":7212,"request_id":"46df90ca-7f9c-4e07-877b-ed247d74e7df","event":"orderupdated"}
2026-09-05T15:58:16+00:00 INFO Central bulk source orders received. CONTEXT: {"store_id":"site1","received":20,"succeeded":20,"failed":0,"request_id":"af95110f-aaee-40b4-9835-2daf85fcc158"}
2026-09-05T15:58:35+00:00 INFO Central bulk source orders received. CONTEXT: {"store_id":"site1","received":20,"succeeded":20,"failed":0,"request_id":"5dcf4cce-4b4d-41e9-9c15-d4f8baa4f023"}
2026-09-05T16:06:19+00:00 INFO Central bulk source orders received. CONTEXT: {"store_id":"site1","received":20,"succeeded":20,"failed":0,"request_id":"460b3a99-c204-4cb7-a661-bc72f5485ba5"}
2026-09-05T16:06:33+00:00 INFO Central order received successfully. CONTEXT: {"store_id":"site1","source_order_id":380610,"central_order_id":7213,"request_id":"4c47bb8d-e5c7-401f-bcb1-dd0c831aea3f","event":"orderupdated"}
2026-09-05T16:06:47+00:00 INFO Central bulk source orders received. CONTEXT: {"store_id":"site1","received":20,"succeeded":20,"failed":0,"request_id":"67f218da-07fc-40da-a7ef-aa23af703d15"}
2026-09-05T16:09:59+00:00 INFO Central order received successfully. CONTEXT: {"store_id":"site1","source_order_id":379971,"central_order_id":7214,"request_id":"c12538a5-cf43-44a4-8956-f901f2a25557","event":"orderupdated"}
2026-09-05T16:10:05+00:00 INFO Central order received successfully. CONTEXT: {"store_id":"site1","source_order_id":379971,"central_order_id":7214,"request_id":"976889b3-5f02-45a3-8112-5ffee5778cfc","event":"orderupdated"}
2026-09-05T16:11:31+00:00 INFO Central bulk source orders received. CONTEXT: {"store_id":"site1","received":20,"succeeded":20,"failed":0,"request_id":"9d4e64f8-9bb7-476c-80f8-505b69267a88"}
2026-09-05T16:12:04+00:00 INFO Central order received successfully. CONTEXT: {"store_id":"site1","source_order_id":379971,"central_order_id":7214,"request_id":"4018fd66-8760-43db-9bf9-1f3ab82925e3","event":"orderupdated"}
2026-09-05T16:12:06+00:00 INFO Central order received successfully. CONTEXT: {"store_id":"site1","source_order_id":379971,"central_order_id":7214,"request_id":"e7b94037-2aef-4493-83c1-d81e5eb188b9","event":"orderupdated"}
2026-09-05T16:12:36+00:00 INFO Central bulk source orders received. CONTEXT: {"store_id":"site1","received":20,"succeeded":20,"failed":0,"request_id":"10de31e0-af30-415a-9582-051bee8efdeb"}
2026-09-05T16:12:44+00:00 INFO Central order received successfully. CONTEXT: {"store_id":"site1","source_order_id":379971,"central_order_id":7214,"request_id":"a4fa1ebc-3c9f-4122-abab-d634b146f759","event":"orderupdated"}
2026-09-05T16:14:57+00:00 INFO Central bulk source orders received. CONTEXT: {"store_id":"site1","received":20,"succeeded":20,"failed":0,"request_id":"5cc9ce40-0ed9-45e2-ac24-9d29cea6d6f7"}
2026-09-05T16:15:10+00:00 INFO Central order received successfully. CONTEXT: {"store_id":"site1","source_order_id":379971,"central_order_id":7214,"request_id":"97aedd6f-bcdf-42bd-b968-cc2a102c3e2c","event":"orderupdated"}
2026-09-05T16:15:29+00:00 INFO Central bulk source orders received. CONTEXT: {"store_id":"site1","received":20,"succeeded":20,"failed":0,"request_id":"ae0380d2-e3ac-444c-94a6-1bb2a9587b40"}
2026-09-05T16:19:59+00:00 INFO Central order received successfully. CONTEXT: {"store_id":"site1","source_order_id":379240,"central_order_id":6957,"request_id":"088037b8-286d-45e0-a5b6-245a041ab70f","event":"orderupdated"}
2026-09-05T16:25:43+00:00 INFO Central bulk source orders received. CONTEXT: {"store_id":"site1","received":20,"succeeded":20,"failed":0,"request_id":"ee5633bf-a79c-4540-a797-23fe38a20e5d"}
2026-09-05T16:25:45+00:00 INFO Central order received successfully. CONTEXT: {"store_id":"site1","source_order_id":379240,"central_order_id":6957,"request_id":"b09bef23-f229-496a-b08b-885bd9b12c7c","event":"orderupdated"}
2026-09-05T16:26:17+00:00 INFO Central bulk source orders received. CONTEXT: {"store_id":"site1","received":20,"succeeded":20,"failed":0,"request_id":"e18c8d7f-ef40-49e0-bda9-520e4a5bfd71"}
2026-09-05T16:26:26+00:00 INFO Central order received successfully. CONTEXT: {"store_id":"site1","source_order_id":379240,"central_order_id":6957,"request_id":"482d7adf-d850-4483-88df-e913f6ccddff","event":"orderupdated"}
2026-09-05T16:26:34+00:00 INFO Central bulk source orders received. CONTEXT: {"store_id":"site1","received":20,"succeeded":20,"failed":0,"request_id":"692927f9-5fdb-4e73-bcba-e0ff0422b04b"}
2026-09-05T16:27:04+00:00 INFO Central order received successfully. CONTEXT: {"store_id":"site1","source_order_id":379240,"central_order_id":6957,"request_id":"700c95e3-b8df-40c8-ad75-5b15541fca1d","event":"orderupdated"}
2026-09-05T16:27:07+00:00 INFO Central bulk source orders received. CONTEXT: {"store_id":"site1","received":20,"succeeded":20,"failed":0,"request_id":"81f1126d-e13b-46f1-aed4-6bb835e0ec19"}
2026-09-05T16:27:25+00:00 INFO Central bulk source orders received. CONTEXT: {"store_id":"site1","received":20,"succeeded":20,"failed":0,"request_id":"fd6d22e1-02f1-4fc7-aecc-03ff96fffb79"}
2026-09-05T16:27:33+00:00 INFO Central order received successfully. CONTEXT: {"store_id":"site1","source_order_id":380615,"central_order_id":7219,"request_id":"2205f498-ed79-4a15-bad9-b2a0ac28594e","event":"orderupdated"}
2026-09-05T16:27:39+00:00 INFO Central order received successfully. CONTEXT: {"store_id":"site1","source_order_id":380615,"central_order_id":7219,"request_id":"9ed0ff0c-027b-4218-a027-218af39227c5","event":"orderupdated"}
2026-09-05T16:27:57+00:00 INFO Central bulk source orders received. CONTEXT: {"store_id":"site1","received":20,"succeeded":20,"failed":0,"request_id":"f9a65e0c-565a-4e9e-b77c-e66a35bb6fca"}
2026-09-05T16:28:13+00:00 INFO Central order received successfully. CONTEXT: {"store_id":"site1","source_order_id":380615,"central_order_id":7219,"request_id":"ed0f3833-f4e9-4204-8448-83dd244c30f0","event":"orderupdated"}
2026-09-05T16:28:18+00:00 INFO Central bulk source orders received. CONTEXT: {"store_id":"site1","received":20,"succeeded":20,"failed":0,"request_id":"1afa0cf7-92c1-44bd-93b1-0fcaae5c3336"}
2026-09-05T16:28:47+00:00 INFO Central bulk source orders received. CONTEXT: {"store_id":"site1","received":20,"succeeded":20,"failed":0,"request_id":"a3eaf3b4-85c1-4bcc-83db-892d055de4ed"}
2026-09-05T16:28:51+00:00 INFO Central order received successfully. CONTEXT: {"store_id":"site1","source_order_id":380615,"central_order_id":7219,"request_id":"474ced87-ee0a-49cd-b47a-0f25cf9f56b1","event":"orderupdated"}
2026-09-05T16:29:07+00:00 INFO Central bulk source orders received. CONTEXT: {"store_id":"site1","received":20,"succeeded":20,"failed":0,"request_id":"3f84f95e-465a-4c25-9cd1-e67ce2d2a799"}
2026-09-05T16:29:28+00:00 INFO Central order received successfully. CONTEXT: {"store_id":"site1","source_order_id":380615,"central_order_id":7219,"request_id":"ed1a23c2-023c-4e69-92d3-dec46fdf8d57","event":"orderupdated"}
2026-09-05T16:29:36+00:00 INFO Central bulk source orders received. CONTEXT: {"store_id":"site1","received":20,"succeeded":20,"failed":0,"request_id":"beef66d2-7924-4836-8298-a1498779394a"}
2026-09-05T16:29:56+00:00 INFO Central bulk source orders received. CONTEXT: {"store_id":"site1","received":20,"succeeded":20,"failed":0,"request_id":"4a5acf25-29cf-4557-9e2f-7f85b457c5c2"}
2026-09-05T16:30:05+00:00 INFO Central order received successfully. CONTEXT: {"store_id":"site1","source_order_id":380615,"central_order_id":7219,"request_id":"df883908-2146-4e4d-ae2d-3cae17dae3ae","event":"orderupdated"}
2026-09-05T16:30:25+00:00 INFO Central bulk source orders received. CONTEXT: {"store_id":"site1","received":20,"succeeded":20,"failed":0,"request_id":"9ed4d987-7fa5-42ed-a008-de8bc54ee362"}
2026-09-05T16:30:42+00:00 INFO Central order received successfully. CONTEXT: {"store_id":"site1","source_order_id":380615,"central_order_id":7219,"request_id":"094c4133-0f57-4798-85a1-ef0b20763b12","event":"orderupdated"}
2026-09-05T16:30:45+00:00 INFO Central bulk source orders received. CONTEXT: {"store_id":"site1","received":20,"succeeded":20,"failed":0,"request_id":"38e807f3-6631-405d-a7fd-ce4c9015f024"}
2026-09-05T16:31:16+00:00 INFO Central bulk source orders received. CONTEXT: {"store_id":"site1","received":20,"succeeded":20,"failed":0,"request_id":"2a9ebfb6-6aaa-47ea-a1ed-53a72b13f828"}
2026-09-05T16:31:19+00:00 INFO Central order received successfully. CONTEXT: {"store_id":"site1","source_order_id":380615,"central_order_id":7219,"request_id":"3cb7c14a-9d89-40f2-8d49-313710a079a1","event":"orderupdated"}
2026-09-05T16:31:35+00:00 INFO Central bulk source orders received. CONTEXT: {"store_id":"site1","received":20,"succeeded":20,"failed":0,"request_id":"d9a519ce-b1d9-47c1-a21f-0fea6c67a5ef"}
2026-09-05T16:31:56+00:00 INFO Central order received successfully. CONTEXT: {"store_id":"site1","source_order_id":380615,"central_order_id":7219,"request_id":"34e482f1-b553-4b90-bc7c-7a65aee76732","event":"orderupdated"}
2026-09-05T16:32:06+00:00 INFO Central bulk source orders received. CONTEXT: {"store_id":"site1","received":20,"succeeded":20,"failed":0,"request_id":"83496f89-8e13-404b-9970-3c4df4235e58"}
2026-09-05T16:32:14+00:00 INFO Central order received successfully. CONTEXT: {"store_id":"site1","source_order_id":380620,"central_order_id":7220,"request_id":"fd770fa1-71c5-4486-b88c-9859e8de789d","event":"orderupdated"}
2026-09-05T16:32:16+00:00 INFO Central bulk source orders received. CONTEXT: {"store_id":"site1","received":20,"succeeded":20,"failed":0,"request_id":"bbf58986-5b03-4ccd-a8a2-2aafc39d1581"}
2026-09-05T16:32:36+00:00 INFO Central order received successfully. CONTEXT: {"store_id":"site1","source_order_id":380615,"central_order_id":7219,"request_id":"1934fe02-0d52-4a26-8bad-da4f4ceb02ad","event":"orderupdated"}
2026-09-05T16:33:07+00:00 INFO Central bulk source orders received. CONTEXT: {"store_id":"site1","received":20,"succeeded":20,"failed":0,"request_id":"d2478543-ce83-41d6-931e-e8ee06a1dc82"}
2026-09-05T16:33:13+00:00 INFO Central order received successfully. CONTEXT: {"store_id":"site1","source_order_id":380615,"central_order_id":7219,"request_id":"76ea06fc-06e3-47cb-ac5c-002547eeb02b","event":"orderupdated"}
2026-09-05T16:33:24+00:00 INFO Central bulk source orders received. CONTEXT: {"store_id":"site1","received":20,"succeeded":20,"failed":0,"request_id":"8a1eb2bc-90a7-4743-b9b8-7f2c04ecb05a"}
2026-09-05T16:33:54+00:00 INFO Central order received successfully. CONTEXT: {"store_id":"site1","source_order_id":380615,"central_order_id":7219,"request_id":"c64035a9-408c-4fbe-810b-c944a60a33e6","event":"orderupdated"}
2026-09-05T16:33:56+00:00 INFO Central bulk source orders received. CONTEXT: {"store_id":"site1","received":20,"succeeded":20,"failed":0,"request_id":"07ca5be5-758b-47db-9b90-7abb904c16d5"}
2026-09-05T16:35:45+00:00 INFO Central order received successfully. CONTEXT: {"store_id":"site1","source_order_id":380620,"central_order_id":7220,"request_id":"1eecdf51-0db5-41f6-a67f-60a740b8db0f","event":"orderupdated"}
2026-09-05T16:35:47+00:00 INFO Central bulk source orders received. CONTEXT: {"store_id":"site1","received":20,"succeeded":20,"failed":0,"request_id":"7d163cc5-f63d-442b-b7e5-db53c6da703a"}
2026-09-05T16:36:03+00:00 INFO Central bulk source orders received. CONTEXT: {"store_id":"site1","received":20,"succeeded":20,"failed":0,"request_id":"735a0641-3f03-4285-885c-14f910c714ce"}
2026-09-05T16:43:07+00:00 INFO Central order received successfully. CONTEXT: {"store_id":"site1","source_order_id":380664,"central_order_id":7221,"request_id":"5f330c5d-cbae-4f61-b3bb-0e2b15acc14c","event":"orderupdated"}
2026-09-05T16:43:39+00:00 INFO Central order received successfully. CONTEXT: {"store_id":"site1","source_order_id":380664,"central_order_id":7221,"request_id":"38a78287-e513-4732-8b31-c9eae9d60722","event":"orderupdated"}
2026-09-05T16:44:57+00:00 INFO Central order received successfully. CONTEXT: {"store_id":"site1","source_order_id":380664,"central_order_id":7221,"request_id":"64cbe3c8-4b69-40c6-aa01-68e724f175a4","event":"orderupdated"}
2026-09-05T16:45:36+00:00 INFO Central bulk source orders received. CONTEXT: {"store_id":"site1","received":20,"succeeded":20,"failed":0,"request_id":"97249bb4-d20e-42d0-890a-92c140f26e25"}
2026-09-05T16:46:00+00:00 INFO Central order received successfully. CONTEXT: {"store_id":"site1","source_order_id":380716,"central_order_id":7223,"request_id":"5601f74a-47a9-447e-a59a-5c32b7ceee86","event":"orderupdated"}
2026-09-05T16:46:09+00:00 INFO Central bulk source orders received. CONTEXT: {"store_id":"site1","received":20,"succeeded":20,"failed":0,"request_id":"14812e51-427d-4a20-a376-e0044a9f7ea0"}
2026-09-05T16:46:51+00:00 INFO Central bulk source orders received. CONTEXT: {"store_id":"site1","received":20,"succeeded":20,"failed":0,"request_id":"77c5db61-4a3f-47ba-ad44-b00ca1fc4702"}
2026-09-05T16:47:34+00:00 INFO Central bulk source orders received. CONTEXT: {"store_id":"site1","received":20,"succeeded":20,"failed":0,"request_id":"af68a477-648e-46e1-b1eb-ba5ab6b7c149"}
2026-09-05T16:48:43+00:00 INFO Central bulk source orders received. CONTEXT: {"store_id":"site1","received":20,"succeeded":20,"failed":0,"request_id":"e7a23886-2934-4364-b932-f60996038fac"}
2026-09-05T16:49:06+00:00 INFO Central bulk source orders received. CONTEXT: {"store_id":"site1","received":20,"succeeded":20,"failed":0,"request_id":"1f9f407f-eac5-44a3-a088-5150bcf83127"}
2026-09-05T16:49:17+00:00 INFO Central bulk source orders received. CONTEXT: {"store_id":"site1","received":20,"succeeded":20,"failed":0,"request_id":"8a1eb4d0-5ff9-4c1f-9f99-e1d4011bf74e"}
2026-09-05T16:57:13+00:00 INFO Central bulk source orders received. CONTEXT: {"store_id":"site1","received":20,"succeeded":20,"failed":0,"request_id":"4bcb1d80-4279-4843-a860-7520743d3f89"}
2026-09-05T16:59:21+00:00 INFO Central order received successfully. CONTEXT: {"store_id":"site1","source_order_id":380818,"central_order_id":7224,"request_id":"c716bed5-924c-4653-81fb-abf22e7f2ac5","event":"orderupdated"}
2026-09-05T17:00:44+00:00 INFO Central order received successfully. CONTEXT: {"store_id":"site1","source_order_id":380818,"central_order_id":7224,"request_id":"5f6b8b98-77f0-4b35-b416-3acfc3d6d542","event":"orderupdated"}
2026-09-05T17:01:36+00:00 INFO Central bulk source orders received. CONTEXT: {"store_id":"site1","received":20,"succeeded":20,"failed":0,"request_id":"3e4380f8-0313-4ebd-861b-23ee0aa999ba"}
2026-09-05T17:01:55+00:00 INFO Central order received successfully. CONTEXT: {"store_id":"site1","source_order_id":380818,"central_order_id":7224,"request_id":"8f6119dc-6432-442d-ac19-f5141216a94c","event":"orderupdated"}
2026-09-05T17:02:26+00:00 INFO Central bulk source orders received. CONTEXT: {"store_id":"site1","received":20,"succeeded":20,"failed":0,"request_id":"65a17a17-531a-4352-8976-e45444d64dd2"}
2026-09-05T17:02:53+00:00 INFO Central order received successfully. CONTEXT: {"store_id":"site1","source_order_id":380818,"central_order_id":7224,"request_id":"af937c8c-c417-4026-800c-20f4b928b1cc","event":"orderupdated"}
2026-09-05T17:03:18+00:00 INFO Central bulk source orders received. CONTEXT: {"store_id":"site1","received":20,"succeeded":20,"failed":0,"request_id":"18ad99b7-6db8-48c4-9afe-b2be8ef69f3d"}
2026-09-05T17:03:30+00:00 INFO Central order received successfully. CONTEXT: {"store_id":"site1","source_order_id":380818,"central_order_id":7224,"request_id":"32c95ad1-6e42-4f7d-91fc-ce2b46e49966","event":"orderupdated"}
2026-09-05T17:04:36+00:00 INFO Central bulk source orders received. CONTEXT: {"store_id":"site1","received":20,"succeeded":20,"failed":0,"request_id":"a37771a6-ca41-486c-aac2-95f89fe85a35"}
2026-09-05T17:05:10+00:00 INFO Central bulk source orders received. CONTEXT: {"store_id":"site1","received":20,"succeeded":20,"failed":0,"request_id":"4f455907-ed7f-422f-92a1-080ea264a9be"}
2026-09-05T17:05:28+00:00 INFO Central bulk source orders received. CONTEXT: {"store_id":"site1","received":20,"succeeded":20,"failed":0,"request_id":"439ce5c3-c737-4d32-8a86-e6d64a355f33"}
2026-09-05T17:05:44+00:00 INFO Central bulk source orders received. CONTEXT: {"store_id":"site1","received":20,"succeeded":20,"failed":0,"request_id":"27d739fb-e034-4005-9dbb-7a386d63fed5"}
2026-09-05T17:06:05+00:00 INFO Central bulk source orders received. CONTEXT: {"store_id":"site1","received":20,"succeeded":20,"failed":0,"request_id":"bded9656-f90c-4022-89aa-1fb14ee708ae"}
2026-09-05T17:06:19+00:00 INFO Central bulk source orders received. CONTEXT: {"store_id":"site1","received":20,"succeeded":20,"failed":0,"request_id":"765b6968-5d02-4534-98a2-2e2cd85373dc"}
2026-09-05T17:08:38+00:00 INFO Central bulk source orders received. CONTEXT: {"store_id":"site1","received":20,"succeeded":20,"failed":0,"request_id":"ee246b5a-38b2-4972-ada9-f879deccd980"}
2026-09-05T17:09:05+00:00 INFO Central bulk source orders received. CONTEXT: {"store_id":"site1","received":20,"succeeded":20,"failed":0,"request_id":"b5ca13a0-8ec7-43ee-acc7-dbed134eb832"}
2026-09-05T17:10:40+00:00 INFO Central order received successfully. CONTEXT: {"store_id":"site1","source_order_id":380819,"central_order_id":7225,"request_id":"344d9a00-d3ff-4f29-8f3d-3604f4253784","event":"orderupdated"}
2026-09-05T17:10:48+00:00 INFO Central order received successfully. CONTEXT: {"store_id":"site1","source_order_id":380819,"central_order_id":7225,"request_id":"3fc07178-0e8a-4e47-93ff-84e46ebc7890","event":"orderupdated"}
2026-09-05T17:11:22+00:00 INFO Central order received successfully. CONTEXT: {"store_id":"site1","source_order_id":380819,"central_order_id":7225,"request_id":"b10abcf2-b270-4975-b68e-05d6d1389966","event":"orderupdated"}
2026-09-05T17:11:29+00:00 INFO Central order received successfully. CONTEXT: {"store_id":"site1","source_order_id":380819,"central_order_id":7225,"request_id":"f6cc57c5-9a83-4bf1-9c34-23966f1f8448","event":"orderupdated"}
2026-09-05T17:11:59+00:00 INFO Central order received successfully. CONTEXT: {"store_id":"site1","source_order_id":380819,"central_order_id":7225,"request_id":"e03f047a-5856-41e8-ac62-dcbc4ff6b78e","event":"orderupdated"}
2026-09-05T17:12:08+00:00 INFO Central order received successfully. CONTEXT: {"store_id":"site1","source_order_id":380819,"central_order_id":7225,"request_id":"fb600cc5-f0b3-48ce-a2d0-129c659de31f","event":"orderupdated"}
2026-09-05T17:12:37+00:00 INFO Central order received successfully. CONTEXT: {"store_id":"site1","source_order_id":380819,"central_order_id":7225,"request_id":"b5c9a5c7-3345-4c1c-b9c0-814f48b43650","event":"orderupdated"}
2026-09-05T17:12:45+00:00 INFO Central order received successfully. CONTEXT: {"store_id":"site1","source_order_id":380819,"central_order_id":7225,"request_id":"5b5cd40a-dc43-4194-b553-f0ca27d2aa95","event":"orderupdated"}
2026-09-05T17:13:15+00:00 INFO Central order received successfully. CONTEXT: {"store_id":"site1","source_order_id":380819,"central_order_id":7225,"request_id":"fea8c713-96db-4095-9be7-c968ef8a0fbe","event":"orderupdated"}
2026-09-05T17:13:24+00:00 INFO Central order received successfully. CONTEXT: {"store_id":"site1","source_order_id":380819,"central_order_id":7225,"request_id":"a21c4ee0-fa89-4c9e-9203-24944023f0ab","event":"orderupdated"}
2026-09-05T17:13:58+00:00 INFO Central order received successfully. CONTEXT: {"store_id":"site1","source_order_id":380819,"central_order_id":7225,"request_id":"c641597d-7c9d-4bcd-a0f8-0c6a267b4f66","event":"orderupdated"}
2026-09-05T17:14:04+00:00 INFO Central order received successfully. CONTEXT: {"store_id":"site1","source_order_id":380819,"central_order_id":7225,"request_id":"aa269726-907c-4da5-82fc-9c3310b41a9f","event":"orderupdated"}
2026-09-05T17:14:05+00:00 INFO Central order received successfully. CONTEXT: {"store_id":"site1","source_order_id":380819,"central_order_id":7225,"request_id":"eac1bec8-91d6-4abd-a601-a045aa479bf5","event":"orderupdated"}
2026-09-05T17:14:20+00:00 INFO Central bulk source orders received. CONTEXT: {"store_id":"site1","received":20,"succeeded":20,"failed":0,"request_id":"5a5fc56f-c680-4793-8a90-b257bf33382d"}
2026-09-05T17:14:44+00:00 INFO Central order received successfully. CONTEXT: {"store_id":"site1","source_order_id":380819,"central_order_id":7225,"request_id":"65bfd34a-f4bf-429d-995f-2d6a3d848657","event":"orderupdated"}
2026-09-05T17:14:53+00:00 INFO Central order received successfully. CONTEXT: {"store_id":"site1","source_order_id":380819,"central_order_id":7225,"request_id":"5d5d5c72-4f2f-4695-ac0c-6651f6ee177b","event":"orderupdated"}
2026-09-05T17:15:09+00:00 INFO Central bulk source orders received. CONTEXT: {"store_id":"site1","received":20,"succeeded":20,"failed":0,"request_id":"86214350-a72f-4c40-b6ef-43031d71ae48"}
2026-09-05T17:15:23+00:00 INFO Central order received successfully. CONTEXT: {"store_id":"site1","source_order_id":380819,"central_order_id":7225,"request_id":"eb4bb940-5e5f-4d66-8b1e-8970ea8e56df","event":"orderupdated"}
2026-09-05T17:15:32+00:00 INFO Central order received successfully. CONTEXT: {"store_id":"site1","source_order_id":380819,"central_order_id":7225,"request_id":"f44fcf73-3db3-4222-8dd4-2af1bb821c4b","event":"orderupdated"}
2026-09-05T17:16:00+00:00 INFO Central order received successfully. CONTEXT: {"store_id":"site1","source_order_id":380819,"central_order_id":7225,"request_id":"11d24bc0-7620-4358-a1da-f5b2314b71d2","event":"orderupdated"}
2026-09-05T17:16:04+00:00 INFO Central bulk source orders received. CONTEXT: {"store_id":"site1","received":20,"succeeded":20,"failed":0,"request_id":"be46099c-42b7-4a3f-8234-c419cb47a5a8"}
2026-09-05T17:16:11+00:00 INFO Central order received successfully. CONTEXT: {"store_id":"site1","source_order_id":380819,"central_order_id":7225,"request_id":"d93faf16-2a18-4270-82e5-db4938cd564c","event":"orderupdated"}
2026-09-05T17:16:38+00:00 INFO Central order received successfully. CONTEXT: {"store_id":"site1","source_order_id":380819,"central_order_id":7225,"request_id":"33cee5d3-5646-41ee-8af3-bfad7dd5582f","event":"orderupdated"}
2026-09-05T17:16:52+00:00 INFO Central order received successfully. CONTEXT: {"store_id":"site1","source_order_id":380819,"central_order_id":7225,"request_id":"23a8d9eb-ab83-48ff-b1e4-ffb4ba4eb816","event":"orderupdated"}
2026-09-05T17:16:59+00:00 INFO Central bulk source orders received. CONTEXT: {"store_id":"site1","received":20,"succeeded":20,"failed":0,"request_id":"270bab74-6fff-42ff-8014-7f47b59d0ec5"}
2026-09-05T17:17:14+00:00 INFO Central order received successfully. CONTEXT: {"store_id":"site1","source_order_id":380819,"central_order_id":7225,"request_id":"02843cbe-8af8-40a6-813a-9d75e558615a","event":"orderupdated"}
2026-09-05T17:17:29+00:00 INFO Central order received successfully. CONTEXT: {"store_id":"site1","source_order_id":380819,"central_order_id":7225,"request_id":"8335ec7d-638e-4cc3-bf5f-ce051aa3005f","event":"orderupdated"}
2026-09-05T17:17:48+00:00 INFO Central bulk source orders received. CONTEXT: {"store_id":"site1","received":20,"succeeded":20,"failed":0,"request_id":"bdb8b01b-1f38-4be0-946f-045bef8fbee9"}
2026-09-05T17:17:52+00:00 INFO Central order received successfully. CONTEXT: {"store_id":"site1","source_order_id":380819,"central_order_id":7225,"request_id":"d084600f-65a7-4f93-baf9-aef2f5690181","event":"orderupdated"}
2026-09-05T17:18:06+00:00 INFO Central order received successfully. CONTEXT: {"store_id":"site1","source_order_id":380819,"central_order_id":7225,"request_id":"05fea93a-c6ff-40d9-a97f-2fc54fdc6ecd","event":"orderupdated"}
2026-09-05T17:18:30+00:00 INFO Central order received successfully. CONTEXT: {"store_id":"site1","source_order_id":380819,"central_order_id":7225,"request_id":"e0aabc78-8fb5-4805-8ce3-da3b89c8c005","event":"orderupdated"}
2026-09-05T17:18:37+00:00 INFO Central bulk source orders received. CONTEXT: {"store_id":"site1","received":20,"succeeded":20,"failed":0,"request_id":"c1bb7f1c-7d02-4b4d-9f26-773622a4add9"}
2026-09-05T17:18:44+00:00 INFO Central order received successfully. CONTEXT: {"store_id":"site1","source_order_id":380819,"central_order_id":7225,"request_id":"eed39b1b-387a-4ad0-a7cb-3c8d97f92cf8","event":"orderupdated"}
2026-09-05T17:19:07+00:00 INFO Central order received successfully. CONTEXT: {"store_id":"site1","source_order_id":380819,"central_order_id":7225,"request_id":"c234a118-8d48-4b85-a121-bb9199e1ceff","event":"orderupdated"}
2026-09-05T17:19:21+00:00 INFO Central order received successfully. CONTEXT: {"store_id":"site1","source_order_id":380819,"central_order_id":7225,"request_id":"95356355-738c-444b-8cd4-fb7f85f4ef56","event":"orderupdated"}
2026-09-05T17:19:26+00:00 INFO Central bulk source orders received. CONTEXT: {"store_id":"site1","received":20,"succeeded":20,"failed":0,"request_id":"995c6ef1-d0ed-4f4c-98f4-29012104da8b"}
2026-09-05T17:19:44+00:00 INFO Central order received successfully. CONTEXT: {"store_id":"site1","source_order_id":380819,"central_order_id":7225,"request_id":"6f5cd111-403a-435a-92d7-6a4f90cd9f4a","event":"orderupdated"}
2026-09-05T17:19:52+00:00 INFO Central order received successfully. CONTEXT: {"store_id":"site1","source_order_id":380819,"central_order_id":7225,"request_id":"b07001b9-e7d0-4445-b921-857a0664189e","event":"orderupdated"}
2026-09-05T17:20:17+00:00 INFO Central bulk source orders received. CONTEXT: {"store_id":"site1","received":20,"succeeded":20,"failed":0,"request_id":"3096d666-88e4-4124-84f9-37f86958239f"}
2026-09-05T17:20:19+00:00 INFO Central order received successfully. CONTEXT: {"store_id":"site1","source_order_id":380819,"central_order_id":7225,"request_id":"106448a9-fbb4-465e-b900-419a7f8787b4","event":"orderupdated"}
2026-09-05T17:20:57+00:00 INFO Central order received successfully. CONTEXT: {"store_id":"site1","source_order_id":380819,"central_order_id":7225,"request_id":"d808143b-45f9-4158-b000-ff273de22f7d","event":"orderupdated"}
2026-09-05T17:21:05+00:00 INFO Central order received successfully. CONTEXT: {"store_id":"site1","source_order_id":380820,"central_order_id":7227,"request_id":"2211b3fe-77b2-47fc-beb7-26ea416cf1ab","event":"orderupdated"}
2026-09-05T17:21:06+00:00 INFO Central bulk source orders received. CONTEXT: {"store_id":"site1","received":20,"succeeded":20,"failed":0,"request_id":"2edc3407-294e-4bf5-9b0f-84ef21d06066"}
2026-09-05T17:21:18+00:00 INFO Central order received successfully. CONTEXT: {"store_id":"site1","source_order_id":380820,"central_order_id":7227,"request_id":"e34619e5-d723-45f9-be56-191f31d64cc0","event":"orderupdated"}
2026-09-05T17:21:34+00:00 INFO Central order received successfully. CONTEXT: {"store_id":"site1","source_order_id":380819,"central_order_id":7225,"request_id":"1123e899-3d78-481f-8c9d-b4657b82b476","event":"orderupdated"}
2026-09-05T17:21:58+00:00 INFO Central bulk source orders received. CONTEXT: {"store_id":"site1","received":20,"succeeded":20,"failed":0,"request_id":"3aa57558-bb27-4fc2-8489-39f46c85c0c7"}
2026-09-05T17:22:12+00:00 INFO Central order received successfully. CONTEXT: {"store_id":"site1","source_order_id":380819,"central_order_id":7225,"request_id":"193ff302-1295-4ad8-8412-67df6d1798e8","event":"orderupdated"}
2026-09-05T17:22:27+00:00 INFO Central order received successfully. CONTEXT: {"store_id":"site1","source_order_id":380820,"central_order_id":7227,"request_id":"7fbe2dfb-b767-401a-9512-ccb042c7b524","event":"orderupdated"}
2026-09-05T17:22:52+00:00 INFO Central order received successfully. CONTEXT: {"store_id":"site1","source_order_id":380819,"central_order_id":7225,"request_id":"6571c704-1e43-4da3-855c-28a5aacba431","event":"orderupdated"}
2026-09-05T17:23:29+00:00 INFO Central order received successfully. CONTEXT: {"store_id":"site1","source_order_id":380819,"central_order_id":7225,"request_id":"d4e14e70-9124-421a-b1c4-1e52374de52d","event":"orderupdated"}
2026-09-05T17:24:07+00:00 INFO Central order received successfully. CONTEXT: {"store_id":"site1","source_order_id":380819,"central_order_id":7225,"request_id":"958fd3fc-4e66-46d0-905a-5f0846867379","event":"orderupdated"}
2026-09-05T17:24:35+00:00 INFO Central bulk source orders received. CONTEXT: {"store_id":"site1","received":20,"succeeded":20,"failed":0,"request_id":"ba898099-df2e-4e5e-acfa-eeb41e13ccff"}
2026-09-05T17:24:45+00:00 INFO Central order received successfully. CONTEXT: {"store_id":"site1","source_order_id":380819,"central_order_id":7225,"request_id":"2b3c6dda-9aa3-4d84-a7e4-18f1a7398df3","event":"orderupdated"}
2026-09-05T17:24:59+00:00 INFO Central bulk source orders received. CONTEXT: {"store_id":"site1","received":20,"succeeded":20,"failed":0,"request_id":"0da26c2e-925a-4ede-876d-689ffc886197"}
2026-09-05T17:25:26+00:00 INFO Central order received successfully. CONTEXT: {"store_id":"site1","source_order_id":380819,"central_order_id":7225,"request_id":"82b74a0d-9044-494d-9a63-32eb88e6365b","event":"orderupdated"}
2026-09-05T17:25:29+00:00 INFO Central bulk source orders received. CONTEXT: {"store_id":"site1","received":20,"succeeded":20,"failed":0,"request_id":"c5886e85-a4ec-43fe-8bb0-c7e69fc91fa9"}
2026-09-05T17:25:50+00:00 INFO Central bulk source orders received. CONTEXT: {"store_id":"site1","received":20,"succeeded":20,"failed":0,"request_id":"43acf357-4214-4ee3-b64e-472100eff7a4"}
2026-09-05T17:26:02+00:00 INFO Central order received successfully. CONTEXT: {"store_id":"site1","source_order_id":380819,"central_order_id":7225,"request_id":"0af12961-d4cd-486f-97ef-56e4fe0da497","event":"orderupdated"}
2026-09-05T17:26:18+00:00 INFO Central bulk source orders received. CONTEXT: {"store_id":"site1","received":20,"succeeded":20,"failed":0,"request_id":"c3010abb-8b41-4015-9c96-5d84cb1222d2"}
2026-09-05T17:26:45+00:00 INFO Central bulk source orders received. CONTEXT: {"store_id":"site1","received":20,"succeeded":20,"failed":0,"request_id":"c6e54e17-c0d3-43a3-bdde-d334c1557ec1"}
2026-09-05T17:27:08+00:00 INFO Central bulk source orders received. CONTEXT: {"store_id":"site1","received":20,"succeeded":20,"failed":0,"request_id":"438e3df4-2e7f-4873-a9ff-86232c87543a"}
2026-09-05T17:27:37+00:00 INFO Central bulk source orders received. CONTEXT: {"store_id":"site1","received":20,"succeeded":20,"failed":0,"request_id":"d043e75d-fd42-43d7-8b87-3b00c465005c"}
2026-09-05T17:27:51+00:00 INFO Central order received successfully. CONTEXT: {"store_id":"site1","source_order_id":380821,"central_order_id":7230,"request_id":"f15a8f29-7e74-407d-b8b7-671bd2b37a54","event":"orderupdated"}
2026-09-05T17:27:58+00:00 INFO Central bulk source orders received. CONTEXT: {"store_id":"site1","received":20,"succeeded":20,"failed":0,"request_id":"1efbd473-c9f6-4aee-a320-c4e607caddee"}
2026-09-05T17:28:10+00:00 INFO Central order received successfully. CONTEXT: {"store_id":"site1","source_order_id":380821,"central_order_id":7230,"request_id":"93249167-2b8e-46c4-8fae-24567223fbac","event":"orderupdated"}
2026-09-05T17:28:32+00:00 INFO Central bulk source orders received. CONTEXT: {"store_id":"site1","received":20,"succeeded":20,"failed":0,"request_id":"b04e192b-901d-436d-9352-a0aab9234b51"}
2026-09-05T17:28:48+00:00 INFO Central bulk source orders received. CONTEXT: {"store_id":"site1","received":20,"succeeded":20,"failed":0,"request_id":"37a12a24-32cf-45ae-b28a-9a39feaa7c13"}
2026-09-05T17:29:22+00:00 INFO Central bulk source orders received. CONTEXT: {"store_id":"site1","received":20,"succeeded":20,"failed":0,"request_id":"365c5645-d21d-46da-b9f3-0b4b8f4607af"}
2026-09-05T17:36:24+00:00 INFO Central bulk source orders received. CONTEXT: {"store_id":"site1","received":20,"succeeded":20,"failed":0,"request_id":"f3d095c6-9dfb-41d2-ae84-e606425743ee"}
2026-09-05T17:36:53+00:00 INFO Central bulk source orders received. CONTEXT: {"store_id":"site1","received":20,"succeeded":20,"failed":0,"request_id":"f9656e0d-6608-4aad-8e7b-4ac1ce5b75ea"}
2026-09-05T17:37:09+00:00 INFO Central bulk source orders received. CONTEXT: {"store_id":"site1","received":20,"succeeded":20,"failed":0,"request_id":"4c9a0869-f654-44a1-83d7-c04c0385f533"}
2026-09-05T17:37:44+00:00 INFO Central bulk source orders received. CONTEXT: {"store_id":"site1","received":20,"succeeded":20,"failed":0,"request_id":"353728de-bc3d-49cb-a031-8fb81d9348b0"}
2026-09-05T17:38:04+00:00 INFO Central bulk source orders received. CONTEXT: {"store_id":"site1","received":20,"succeeded":20,"failed":0,"request_id":"ee95214b-9cc7-4021-8107-1e2143a8beff"}
2026-09-05T17:38:39+00:00 INFO Central bulk source orders received. CONTEXT: {"store_id":"site1","received":20,"succeeded":20,"failed":0,"request_id":"d03869c6-e5fb-48f1-9fd1-d5e106adde44"}
2026-09-05T17:38:59+00:00 INFO Central bulk source orders received. CONTEXT: {"store_id":"site1","received":20,"succeeded":20,"failed":0,"request_id":"2318d66a-3a7f-42e5-8265-92c9688472eb"}
2026-09-05T17:39:30+00:00 INFO Central bulk source orders received. CONTEXT: {"store_id":"site1","received":20,"succeeded":20,"failed":0,"request_id":"7435f257-2833-46e2-96ac-c4984d0c04aa"}
2026-09-05T17:39:50+00:00 INFO Central bulk source orders received. CONTEXT: {"store_id":"site1","received":20,"succeeded":20,"failed":0,"request_id":"5226dc1f-89da-43f1-9364-188d524a30f0"}
2026-09-05T17:40:24+00:00 INFO Central bulk source orders received. CONTEXT: {"store_id":"site1","received":20,"succeeded":20,"failed":0,"request_id":"1f2334a9-3eb3-48f6-a0bc-b172a9830e7c"}
2026-09-05T17:40:45+00:00 INFO Central bulk source orders received. CONTEXT: {"store_id":"site1","received":20,"succeeded":20,"failed":0,"request_id":"49b5b2b6-8f8c-463e-bf07-2f49a32ae5ef"}
2026-09-05T17:41:16+00:00 INFO Central bulk source orders received. CONTEXT: {"store_id":"site1","received":20,"succeeded":20,"failed":0,"request_id":"22213099-ad06-4544-9190-01ea0d182ce2"}
2026-09-05T17:41:36+00:00 INFO Central bulk source orders received. CONTEXT: {"store_id":"site1","received":20,"succeeded":20,"failed":0,"request_id":"48fab87e-0019-4af9-8d86-2b4a36f11701"}
2026-09-05T17:41:36+00:00 INFO Central order received successfully. CONTEXT: {"store_id":"site1","source_order_id":380822,"central_order_id":7232,"request_id":"81d07873-3b03-4edc-bd5f-6e17778bfcae","event":"orderupdated"}
2026-09-05T17:41:48+00:00 INFO Central order received successfully. CONTEXT: {"store_id":"site1","source_order_id":380823,"central_order_id":7233,"request_id":"9e50eafb-2840-4c28-8c43-f902ea2b91b5","event":"orderupdated"}
2026-09-05T17:41:56+00:00 INFO Central order received successfully. CONTEXT: {"store_id":"site1","source_order_id":380823,"central_order_id":7233,"request_id":"5f5e83c4-a9a1-452a-885f-6a233264d860","event":"orderupdated"}
2026-09-05T17:42:05+00:00 INFO Central bulk source orders received. CONTEXT: {"store_id":"site1","received":20,"succeeded":20,"failed":0,"request_id":"c39b1174-ae4b-4800-bf19-8d846269340e"}
2026-09-05T17:42:16+00:00 INFO Central order received successfully. CONTEXT: {"store_id":"site1","source_order_id":380822,"central_order_id":7232,"request_id":"187e1bbc-ac79-4cb6-91aa-72a5330422b6","event":"orderupdated"}
2026-09-05T17:42:24+00:00 INFO Central order received successfully. CONTEXT: {"store_id":"site1","source_order_id":380822,"central_order_id":7232,"request_id":"ef603eee-4c10-4786-a48e-7288f7c5c44b","event":"orderupdated"}
2026-09-05T17:42:26+00:00 INFO Central bulk source orders received. CONTEXT: {"store_id":"site1","received":20,"succeeded":20,"failed":0,"request_id":"b3e9c329-46e0-4dc7-b4b5-cb3cceca14bc"}
2026-09-05T17:42:38+00:00 INFO Central order received successfully. CONTEXT: {"store_id":"site1","source_order_id":380823,"central_order_id":7233,"request_id":"bf003199-d881-4a67-a4ed-aba3d1857c44","event":"orderupdated"}
2026-09-05T17:42:59+00:00 INFO Central bulk source orders received. CONTEXT: {"store_id":"site1","received":20,"succeeded":20,"failed":0,"request_id":"c89ba538-66b8-4ea1-ac13-0b721fdcc854"}
2026-09-05T17:43:19+00:00 INFO Central bulk source orders received. CONTEXT: {"store_id":"site1","received":20,"succeeded":20,"failed":0,"request_id":"fdf20f5e-520e-4250-aa65-46bac1c4fef1"}
2026-09-05T17:43:48+00:00 INFO Central bulk source orders received. CONTEXT: {"store_id":"site1","received":20,"succeeded":20,"failed":0,"request_id":"83d3a0bf-f0bf-401c-81ab-c04c069e430b"}
2026-09-05T17:44:07+00:00 INFO Central bulk source orders received. CONTEXT: {"store_id":"site1","received":20,"succeeded":20,"failed":0,"request_id":"e2427b02-c0cf-4b0e-bce4-0b7f2366c1f3"}
2026-09-05T17:44:36+00:00 INFO Central bulk source orders received. CONTEXT: {"store_id":"site1","received":20,"succeeded":20,"failed":0,"request_id":"09f879ec-353f-41ce-8629-0e16ddc8d5f7"}
2026-09-05T17:44:57+00:00 INFO Central bulk source orders received. CONTEXT: {"store_id":"site1","received":20,"succeeded":20,"failed":0,"request_id":"ebd27748-8df9-4e8f-9b45-be8e76e55f47"}
2026-09-05T17:45:29+00:00 INFO Central bulk source orders received. CONTEXT: {"store_id":"site1","received":20,"succeeded":20,"failed":0,"request_id":"e3c3d442-6190-4199-9fa6-f12425d9892f"}
2026-09-05T17:45:49+00:00 INFO Central bulk source orders received. CONTEXT: {"store_id":"site1","received":20,"succeeded":20,"failed":0,"request_id":"7d442218-9a43-4f1f-9a95-367bca9dd73d"}
2026-09-05T17:46:21+00:00 INFO Central bulk source orders received. CONTEXT: {"store_id":"site1","received":20,"succeeded":20,"failed":0,"request_id":"6ccfed4f-a6aa-49ec-b4ff-3768c6aada05"}
2026-09-05T17:46:36+00:00 INFO Central bulk source orders received. CONTEXT: {"store_id":"site1","received":20,"succeeded":20,"failed":0,"request_id":"8dc54273-a800-4ca1-bc0a-226fe4cd8b40"}
2026-09-05T17:46:51+00:00 INFO Central order received successfully. CONTEXT: {"store_id":"site1","source_order_id":380824,"central_order_id":7234,"request_id":"1c26dc1a-f872-437e-95cb-86bd8cfa04a0","event":"orderupdated"}
2026-09-05T17:46:59+00:00 INFO Central order received successfully. CONTEXT: {"store_id":"site1","source_order_id":380824,"central_order_id":7234,"request_id":"0f92e272-0919-44c4-a5a5-f9300e5e5365","event":"orderupdated"}
2026-09-05T17:47:08+00:00 INFO Central bulk source orders received. CONTEXT: {"store_id":"site1","received":20,"succeeded":20,"failed":0,"request_id":"36cf57c7-463d-45b6-98b8-39f2845c13ff"}
2026-09-05T17:47:25+00:00 INFO Central bulk source orders received. CONTEXT: {"store_id":"site1","received":20,"succeeded":20,"failed":0,"request_id":"2155d3f2-bd5b-4653-95ec-c2762f189621"}
2026-09-05T17:47:28+00:00 INFO Central order received successfully. CONTEXT: {"store_id":"site1","source_order_id":380824,"central_order_id":7234,"request_id":"abee0ffa-ecb9-4232-be11-7cb77cc0e4db","event":"orderupdated"}
2026-09-05T17:47:59+00:00 INFO Central bulk source orders received. CONTEXT: {"store_id":"site1","received":20,"succeeded":20,"failed":0,"request_id":"b5924a78-d732-481c-8707-fd8ec2121b29"}
2026-09-05T17:48:11+00:00 INFO Central order received successfully. CONTEXT: {"store_id":"site1","source_order_id":380825,"central_order_id":7235,"request_id":"9110dd83-5734-4d57-a626-9c10f1021062","event":"orderupdated"}
2026-09-05T17:48:14+00:00 INFO Central bulk source orders received. CONTEXT: {"store_id":"site1","received":20,"succeeded":20,"failed":0,"request_id":"23489f1a-1e6c-45a4-a030-4eecab5b9068"}
2026-09-05T17:48:19+00:00 INFO Central order received successfully. CONTEXT: {"store_id":"site1","source_order_id":380825,"central_order_id":7235,"request_id":"d9271641-7c04-4736-ba61-c9d28298104d","event":"orderupdated"}
2026-09-05T17:49:05+00:00 INFO Central bulk source orders received. CONTEXT: {"store_id":"site1","received":20,"succeeded":20,"failed":0,"request_id":"29f71121-a837-48d2-91f2-498841bf2e27"}
2026-09-05T17:49:13+00:00 INFO Central bulk source orders received. CONTEXT: {"store_id":"site1","received":20,"succeeded":20,"failed":0,"request_id":"4b1450b5-bf46-4431-a34a-65668a68e9cd"}
2026-09-05T17:49:38+00:00 INFO Central bulk source orders received. CONTEXT: {"store_id":"site1","received":20,"succeeded":20,"failed":0,"request_id":"90c6fb7a-0edb-4a3b-88eb-4b2e63a30d4f"}
2026-09-05T17:50:05+00:00 INFO Central bulk source orders received. CONTEXT: {"store_id":"site1","received":20,"succeeded":20,"failed":0,"request_id":"e553ed45-cd4d-42f3-a9cf-97a65681c00a"}
2026-09-05T17:50:13+00:00 INFO Central bulk source orders received. CONTEXT: {"store_id":"site1","received":20,"succeeded":20,"failed":0,"request_id":"46d402a4-de82-465d-8ae6-2c8dba04073e"}
2026-09-05T17:50:32+00:00 INFO Central bulk source orders received. CONTEXT: {"store_id":"site1","received":20,"succeeded":20,"failed":0,"request_id":"3d1a99a0-34f3-4309-8d90-f8cb9469d2b2"}
2026-09-05T17:51:04+00:00 INFO Central bulk source orders received. CONTEXT: {"store_id":"site1","received":20,"succeeded":20,"failed":0,"request_id":"256c71fa-6186-4254-9882-2936ff30a3f0"}
2026-09-05T17:51:25+00:00 INFO Central bulk source orders received. CONTEXT: {"store_id":"site1","received":20,"succeeded":20,"failed":0,"request_id":"ff3f02fc-bfa6-4698-99a0-a5dc0f772284"}
2026-09-05T17:51:54+00:00 INFO Central bulk source orders received. CONTEXT: {"store_id":"site1","received":20,"succeeded":20,"failed":0,"request_id":"c31da8cd-07b9-4ffb-87c4-849adf66db12"}
2026-09-05T17:52:15+00:00 INFO Central bulk source orders received. CONTEXT: {"store_id":"site1","received":20,"succeeded":20,"failed":0,"request_id":"7b3fa2e5-8d79-40e4-8911-e93afbbaf7ba"}
2026-09-05T17:52:42+00:00 INFO Central bulk source orders received. CONTEXT: {"store_id":"site1","received":20,"succeeded":20,"failed":0,"request_id":"674cc395-9ced-4e14-932e-4b2407235763"}
2026-09-05T17:53:05+00:00 INFO Central bulk source orders received. CONTEXT: {"store_id":"site1","received":20,"succeeded":20,"failed":0,"request_id":"83e82505-3ee5-42ea-b652-adb6336f2a27"}
2026-09-05T17:53:15+00:00 INFO Central bulk source orders received. CONTEXT: {"store_id":"site1","received":20,"succeeded":20,"failed":0,"request_id":"585c7545-c533-4f9d-81fc-11a2a030b306"}
2026-09-05T17:53:32+00:00 INFO Central bulk source orders received. CONTEXT: {"store_id":"site1","received":20,"succeeded":20,"failed":0,"request_id":"b6a413dc-0a4e-446c-827b-53f8ad21a818"}
2026-09-05T17:54:05+00:00 INFO Central bulk source orders received. CONTEXT: {"store_id":"site1","received":20,"succeeded":20,"failed":0,"request_id":"617d4eb1-ac19-4e3b-8f96-d74e5f07f2e2"}
2026-09-05T17:54:25+00:00 INFO Central bulk source orders received. CONTEXT: {"store_id":"site1","received":20,"succeeded":20,"failed":0,"request_id":"b4414cfb-59dc-40ce-b126-d2b4f67bc9e5"}
2026-09-05T17:54:57+00:00 INFO Central bulk source orders received. CONTEXT: {"store_id":"site1","received":20,"succeeded":20,"failed":0,"request_id":"39dc2707-bc39-4927-b8c0-bb18399833b0"}
2026-09-05T17:55:17+00:00 INFO Central bulk source orders received. CONTEXT: {"store_id":"site1","received":20,"succeeded":20,"failed":0,"request_id":"cacaad7c-ebf2-4af8-96ff-869636aa182b"}
2026-09-05T17:55:46+00:00 INFO Central bulk source orders received. CONTEXT: {"store_id":"site1","received":20,"succeeded":20,"failed":0,"request_id":"da628855-c8dd-4f62-95c5-4ceafd0c0110"}
2026-09-05T17:56:06+00:00 INFO Central bulk source orders received. CONTEXT: {"store_id":"site1","received":20,"succeeded":20,"failed":0,"request_id":"67b6292c-192e-4dde-bbe7-8b9545ac3fdf"}
2026-09-05T17:56:36+00:00 INFO Central bulk source orders received. CONTEXT: {"store_id":"site1","received":20,"succeeded":20,"failed":0,"request_id":"1cea3c5b-018d-4a1f-b9eb-0e63ce15fea3"}
2026-09-05T17:56:56+00:00 INFO Central bulk source orders received. CONTEXT: {"store_id":"site1","received":20,"succeeded":20,"failed":0,"request_id":"07ae5acc-111c-4e43-b27a-9505f17bd039"}
2026-09-05T17:57:27+00:00 INFO Central bulk source orders received. CONTEXT: {"store_id":"site1","received":20,"succeeded":20,"failed":0,"request_id":"3cf350ec-e95d-42d1-bacd-40049fe7340a"}
2026-09-05T17:57:47+00:00 INFO Central bulk source orders received. CONTEXT: {"store_id":"site1","received":20,"succeeded":20,"failed":0,"request_id":"9a2ad33b-669b-4e40-bc62-f8b1b6b4e6d8"}
2026-09-05T17:58:16+00:00 INFO Central bulk source orders received. CONTEXT: {"store_id":"site1","received":20,"succeeded":20,"failed":0,"request_id":"333c4e85-bb9b-43ed-abc4-73e6704b1e49"}
2026-09-05T17:58:38+00:00 INFO Central bulk source orders received. CONTEXT: {"store_id":"site1","received":20,"succeeded":20,"failed":0,"request_id":"73df3a27-9126-469d-882b-b456ba168f7f"}
2026-09-05T17:59:08+00:00 INFO Central bulk source orders received. CONTEXT: {"store_id":"site1","received":20,"succeeded":20,"failed":0,"request_id":"68e17271-6d44-4493-8088-701cac85b3b8"}
2026-09-05T17:59:27+00:00 INFO Central bulk source orders received. CONTEXT: {"store_id":"site1","received":20,"succeeded":20,"failed":0,"request_id":"74ee82fe-45c5-4a72-a1e8-43a9b2f96313"}
2026-09-05T17:59:56+00:00 INFO Central bulk source orders received. CONTEXT: {"store_id":"site1","received":20,"succeeded":20,"failed":0,"request_id":"d0b2dc45-8ac0-441a-92f6-b337db6434fe"}
2026-09-05T18:00:17+00:00 INFO Central bulk source orders received. CONTEXT: {"store_id":"site1","received":20,"succeeded":20,"failed":0,"request_id":"3eadd081-ea71-44b1-9ff6-e301b6200de5"}
2026-09-05T18:00:50+00:00 INFO Central order received successfully. CONTEXT: {"store_id":"site1","source_order_id":380825,"central_order_id":7235,"request_id":"95600934-332b-4335-b52d-b32261e3d817","event":"orderupdated"}
2026-09-05T18:00:52+00:00 INFO Central bulk source orders received. CONTEXT: {"store_id":"site1","received":19,"succeeded":19,"failed":0,"request_id":"cb71ee02-350f-46cc-9afc-bdf971ab3661"}
2026-09-05T18:01:45+00:00 INFO Central bulk source orders received. CONTEXT: {"store_id":"site1","received":20,"succeeded":20,"failed":0,"request_id":"349b11ce-937b-4f20-a0b9-2cbe0b248bb5"}
2026-09-05T18:02:27+00:00 INFO Central bulk source orders received. CONTEXT: {"store_id":"site1","received":20,"succeeded":20,"failed":0,"request_id":"bfcbc6a1-a38b-48b3-be0a-bd05de61c90a"}
2026-09-05T18:02:53+00:00 INFO Central bulk source orders received. CONTEXT: {"store_id":"site1","received":20,"succeeded":20,"failed":0,"request_id":"0f2c298c-c1a5-4d73-9984-082f77d82c32"}
2026-09-05T18:03:13+00:00 INFO Central order received successfully. CONTEXT: {"store_id":"site1","source_order_id":380826,"central_order_id":7237,"request_id":"ac23d6c2-c102-4f09-ac89-f710a9e07beb","event":"orderupdated"}
2026-09-05T18:03:20+00:00 INFO Central bulk source orders received. CONTEXT: {"store_id":"site1","received":20,"succeeded":20,"failed":0,"request_id":"a092bd4e-9010-440a-ad8d-541b29fd0055"}
2026-09-05T18:03:20+00:00 INFO Central order received successfully. CONTEXT: {"store_id":"site1","source_order_id":380826,"central_order_id":7237,"request_id":"bed8aa09-2a6e-4d6e-8c08-c8dd66049c23","event":"orderupdated"}
2026-09-05T18:03:43+00:00 INFO Central bulk source orders received. CONTEXT: {"store_id":"site1","received":20,"succeeded":20,"failed":0,"request_id":"05c76863-179a-4f32-b2d3-52dd8aa701bc"}
2026-09-05T18:03:59+00:00 INFO Central order received successfully. CONTEXT: {"store_id":"site1","source_order_id":380826,"central_order_id":7237,"request_id":"c510aced-bad4-4449-bebb-b9cc6934aa78","event":"orderupdated"}
2026-09-05T18:04:09+00:00 INFO Central bulk source orders received. CONTEXT: {"store_id":"site1","received":20,"succeeded":20,"failed":0,"request_id":"d3a0c725-6bcc-4aad-8ca9-30ff976832f5"}
2026-09-05T18:04:34+00:00 INFO Central bulk source orders received. CONTEXT: {"store_id":"site1","received":20,"succeeded":20,"failed":0,"request_id":"3a4ead79-bf8c-46fd-8ebc-3121acc76d4e"}
2026-09-05T18:04:41+00:00 INFO Central order received successfully. CONTEXT: {"store_id":"site1","source_order_id":380826,"central_order_id":7237,"request_id":"762c8053-0650-45d9-b0a2-1c987901093b","event":"orderupdated"}
2026-09-05T18:04:59+00:00 INFO Central bulk source orders received. CONTEXT: {"store_id":"site1","received":20,"succeeded":20,"failed":0,"request_id":"9791335f-37e7-4216-bf17-6af63ffbf279"}
2026-09-05T18:05:18+00:00 INFO Central order received successfully. CONTEXT: {"store_id":"site1","source_order_id":380826,"central_order_id":7237,"request_id":"ffb5836b-8ec7-4ddf-b59f-79bab29c4613","event":"orderupdated"}
2026-09-05T18:05:22+00:00 INFO Central bulk source orders received. CONTEXT: {"store_id":"site1","received":20,"succeeded":20,"failed":0,"request_id":"a3b756bc-de84-4dda-9b03-500889833466"}
2026-09-05T18:05:52+00:00 INFO Central bulk source orders received. CONTEXT: {"store_id":"site1","received":20,"succeeded":20,"failed":0,"request_id":"e269423f-38dd-4d29-a101-4b40313395f1"}
2026-09-05T18:05:58+00:00 INFO Central order received successfully. CONTEXT: {"store_id":"site1","source_order_id":380826,"central_order_id":7237,"request_id":"1a9bad27-add5-4451-9976-1c355a3c4ce8","event":"orderupdated"}
2026-09-05T18:06:13+00:00 INFO Central bulk source orders received. CONTEXT: {"store_id":"site1","received":20,"succeeded":20,"failed":0,"request_id":"cd8adb20-8292-48e5-9673-ca8670e11446"}
2026-09-05T18:06:39+00:00 INFO Central order received successfully. CONTEXT: {"store_id":"site1","source_order_id":380826,"central_order_id":7237,"request_id":"6b9fe3b4-352c-4b3b-9065-f9d8764c155c","event":"orderupdated"}
2026-09-05T18:06:41+00:00 INFO Central bulk source orders received. CONTEXT: {"store_id":"site1","received":20,"succeeded":20,"failed":0,"request_id":"473a9d12-cfcc-43f4-ad11-65602d031fe4"}
2026-09-05T18:06:59+00:00 INFO Central order received successfully. CONTEXT: {"store_id":"site1","source_order_id":380827,"central_order_id":7238,"request_id":"a695190f-2ac0-4076-b074-09a12186ea81","event":"orderupdated"}
2026-09-05T18:07:03+00:00 INFO Central bulk source orders received. CONTEXT: {"store_id":"site1","received":20,"succeeded":20,"failed":0,"request_id":"4e3c689b-a2a0-45dd-9696-73fd8b600aca"}
2026-09-05T18:07:30+00:00 INFO Central bulk source orders received. CONTEXT: {"store_id":"site1","received":20,"succeeded":20,"failed":0,"request_id":"ac9aef82-1bd8-4eed-a7b9-d643824ab28e"}
2026-09-05T18:07:36+00:00 INFO Central order received successfully. CONTEXT: {"store_id":"site1","source_order_id":380827,"central_order_id":7238,"request_id":"031843ea-d887-4a0b-87c0-eb3be91b6fc4","event":"orderupdated"}
2026-09-05T18:07:55+00:00 INFO Central bulk source orders received. CONTEXT: {"store_id":"site1","received":20,"succeeded":20,"failed":0,"request_id":"4eb0a1c3-a7c6-4e67-a09b-78466ea6ae8a"}
2026-09-05T18:08:12+00:00 INFO Central bulk source orders received. CONTEXT: {"store_id":"site1","received":20,"succeeded":20,"failed":0,"request_id":"62cc60b8-0c09-4be3-96d0-f1bb30f1eaac"}
2026-09-05T18:08:13+00:00 INFO Central order received successfully. CONTEXT: {"store_id":"site1","source_order_id":380827,"central_order_id":7238,"request_id":"c9fcfccd-a859-435e-87d6-fc36e7da31c6","event":"orderupdated"}
2026-09-05T18:08:41+00:00 INFO Central order received successfully. CONTEXT: {"store_id":"site1","source_order_id":380827,"central_order_id":7238,"request_id":"74c2b911-5715-452e-9485-990d33e4a105","event":"orderupdated"}
2026-09-05T18:08:46+00:00 INFO Central bulk source orders received. CONTEXT: {"store_id":"site1","received":20,"succeeded":20,"failed":0,"request_id":"c04c4190-4506-459d-94a8-6d81417c85d5"}
2026-09-05T18:08:49+00:00 INFO Central order received successfully. CONTEXT: {"store_id":"site1","source_order_id":380827,"central_order_id":7238,"request_id":"5f8f0a4b-e7f5-4676-9de6-2ee782c01a4d","event":"orderupdated"}
2026-09-05T18:09:19+00:00 INFO Central order received successfully. CONTEXT: {"store_id":"site1","source_order_id":380827,"central_order_id":7238,"request_id":"4ace4ad3-9203-4d79-a698-2937442795f9","event":"orderupdated"}
2026-09-05T18:09:28+00:00 INFO Central order received successfully. CONTEXT: {"store_id":"site1","source_order_id":380827,"central_order_id":7238,"request_id":"8defcd66-e811-45b8-8c16-ad83d5079e8a","event":"orderupdated"}
2026-09-05T18:09:37+00:00 INFO Central bulk source orders received. CONTEXT: {"store_id":"site1","received":20,"succeeded":20,"failed":0,"request_id":"5f2c8ae4-5e95-41ea-ba48-d825327fc4ac"}
2026-09-05T18:09:50+00:00 INFO Central order received successfully. CONTEXT: {"store_id":"site1","source_order_id":380821,"central_order_id":7230,"request_id":"92d8bcf5-29fa-4866-9f9d-be9721f65004","event":"orderupdated"}
2026-09-05T18:09:56+00:00 INFO Central order received successfully. CONTEXT: {"store_id":"site1","source_order_id":380827,"central_order_id":7238,"request_id":"f2292521-e382-42d0-ad8d-aa20133dac93","event":"orderupdated"}
2026-09-05T18:10:05+00:00 INFO Central order received successfully. CONTEXT: {"store_id":"site1","source_order_id":380827,"central_order_id":7238,"request_id":"fda7f6cc-ca5d-4171-8652-8c800ea58681","event":"orderupdated"}
2026-09-05T18:10:06+00:00 INFO Central order received successfully. CONTEXT: {"store_id":"site1","source_order_id":380827,"central_order_id":7238,"request_id":"5cd5a390-f23f-41fc-859b-7b26ade35efb","event":"orderupdated"}
2026-09-05T18:10:26+00:00 INFO Central bulk source orders received. CONTEXT: {"store_id":"site1","received":20,"succeeded":20,"failed":0,"request_id":"e06d07bd-91c5-40df-b619-a73357a1626d"}
2026-09-05T18:10:40+00:00 INFO Central order received successfully. CONTEXT: {"store_id":"site1","source_order_id":380822,"central_order_id":7232,"request_id":"7a472769-e1b5-4194-ac7d-0f99e88ae72b","event":"orderupdated"}
2026-09-05T18:10:44+00:00 INFO Central order received successfully. CONTEXT: {"store_id":"site1","source_order_id":380827,"central_order_id":7238,"request_id":"82ff599f-e681-4201-b931-ddc269aa1b1e","event":"orderupdated"}
2026-09-05T18:11:15+00:00 INFO Central bulk source orders received. CONTEXT: {"store_id":"site1","received":20,"succeeded":20,"failed":0,"request_id":"a503c38a-41be-49d9-8169-f8f810ac07b5"}
2026-09-05T18:11:18+00:00 INFO Central order received successfully. CONTEXT: {"store_id":"site1","source_order_id":380822,"central_order_id":7232,"request_id":"d4ccb360-eabe-4aa4-900a-ef662b524c6f","event":"orderupdated"}
2026-09-05T18:11:22+00:00 INFO Central order received successfully. CONTEXT: {"store_id":"site1","source_order_id":380827,"central_order_id":7238,"request_id":"53bb680e-757a-4568-b37b-80cd7996f7e5","event":"orderupdated"}
2026-09-05T18:11:55+00:00 INFO Central order received successfully. CONTEXT: {"store_id":"site1","source_order_id":380828,"central_order_id":7239,"request_id":"5019970b-5b9b-49dd-b143-bca0da5edf71","event":"orderupdated"}
2026-09-05T18:11:58+00:00 INFO Central order received successfully. CONTEXT: {"store_id":"site1","source_order_id":380827,"central_order_id":7238,"request_id":"c6353256-4561-4a98-bc79-130c2acbbb3e","event":"orderupdated"}
2026-09-05T18:12:00+00:00 INFO Central bulk source orders received. CONTEXT: {"store_id":"site1","received":20,"succeeded":20,"failed":0,"request_id":"271e0f73-110d-4780-8e67-bdf6984ddcc6"}
2026-09-05T18:12:27+00:00 INFO Central bulk source orders received. CONTEXT: {"store_id":"site1","received":20,"succeeded":20,"failed":0,"request_id":"a106b9e7-d42a-4095-aaf6-057282fdf95d"}
2026-09-05T18:12:53+00:00 INFO Central bulk source orders received. CONTEXT: {"store_id":"site1","received":20,"succeeded":20,"failed":0,"request_id":"682dd098-d856-4d0e-91b2-7823aca214e5"}
2026-09-05T18:13:17+00:00 INFO Central bulk source orders received. CONTEXT: {"store_id":"site1","received":20,"succeeded":20,"failed":0,"request_id":"9b4eaaee-981e-4349-bef7-241de75bef49"}
2026-09-05T18:13:44+00:00 INFO Central bulk source orders received. CONTEXT: {"store_id":"site1","received":20,"succeeded":20,"failed":0,"request_id":"dbddb6ed-fc4b-4dbc-80d7-b8aba8c7ba06"}
2026-09-05T18:14:07+00:00 INFO Central bulk source orders received. CONTEXT: {"store_id":"site1","received":20,"succeeded":20,"failed":0,"request_id":"1032b66d-9b2a-420d-9b4e-121344f88857"}
2026-09-05T18:14:34+00:00 INFO Central bulk source orders received. CONTEXT: {"store_id":"site1","received":20,"succeeded":20,"failed":0,"request_id":"61d7fcef-86cf-4652-8a47-23602019c27e"}
2026-09-05T18:14:56+00:00 INFO Central bulk source orders received. CONTEXT: {"store_id":"site1","received":20,"succeeded":20,"failed":0,"request_id":"0fa2aa13-f876-4f3e-9ce3-5a31f9c00dc5"}
2026-09-05T18:15:25+00:00 INFO Central bulk source orders received. CONTEXT: {"store_id":"site1","received":20,"succeeded":20,"failed":0,"request_id":"d5ca1e1d-7cde-438a-b0ff-120345b1c9d8"}
2026-09-05T18:19:25+00:00 INFO Central bulk source orders received. CONTEXT: {"store_id":"site1","received":20,"succeeded":20,"failed":0,"request_id":"88c08357-cfeb-4f23-bfbb-1e7e92e0e140"}
2026-09-05T18:19:38+00:00 INFO Central order received successfully. CONTEXT: {"store_id":"site1","source_order_id":380826,"central_order_id":7237,"request_id":"db35b4cf-ef1b-49c5-82e6-775c5b2f090e","event":"orderupdated"}
2026-09-05T18:19:47+00:00 INFO Central bulk source orders received. CONTEXT: {"store_id":"site1","received":20,"succeeded":20,"failed":0,"request_id":"f8ed9cee-0875-41a4-9e5d-f7fab0130f41"}
2026-09-05T18:20:10+00:00 INFO Central order received successfully. CONTEXT: {"store_id":"site1","source_order_id":380826,"central_order_id":7237,"request_id":"5c96379b-7343-4d1d-a74c-740314c8be53","event":"orderupdated"}
2026-09-05T18:20:15+00:00 INFO Central bulk source orders received. CONTEXT: {"store_id":"site1","received":20,"succeeded":20,"failed":0,"request_id":"85f5543b-9413-4233-9585-d0fd4990442e"}
2026-09-05T18:20:18+00:00 INFO Central order received successfully. CONTEXT: {"store_id":"site1","source_order_id":380826,"central_order_id":7237,"request_id":"2b5b63eb-5520-4f66-87d7-d931c9870c76","event":"orderupdated"}
2026-09-05T18:20:38+00:00 INFO Central bulk source orders received. CONTEXT: {"store_id":"site1","received":20,"succeeded":20,"failed":0,"request_id":"bdafdb2c-ee42-4d22-9f5d-4f78fe5993cb"}
2026-09-05T18:20:55+00:00 INFO Central order received successfully. CONTEXT: {"store_id":"site1","source_order_id":380826,"central_order_id":7237,"request_id":"381f57fe-a275-4336-b1e6-11e3a9917620","event":"orderupdated"}
2026-09-05T18:21:11+00:00 INFO Central bulk source orders received. CONTEXT: {"store_id":"site1","received":20,"succeeded":20,"failed":0,"request_id":"7fca4d1e-5125-491f-8c4c-4389de54e7ab"}
2026-09-05T18:21:27+00:00 INFO Central bulk source orders received. CONTEXT: {"store_id":"site1","received":20,"succeeded":20,"failed":0,"request_id":"f52547cc-cdca-499a-905b-60cc20b70656"}
2026-09-05T18:21:31+00:00 INFO Central order received successfully. CONTEXT: {"store_id":"site1","source_order_id":380826,"central_order_id":7237,"request_id":"6c22fd60-a77e-4a10-a26e-129a1f71d999","event":"orderupdated"}
2026-09-05T18:21:50+00:00 INFO Central bulk source orders received. CONTEXT: {"store_id":"site1","received":20,"succeeded":20,"failed":0,"request_id":"140a937f-5a76-4bfc-8b16-a0407c546df0"}
2026-09-05T18:22:08+00:00 INFO Central order received successfully. CONTEXT: {"store_id":"site1","source_order_id":380826,"central_order_id":7237,"request_id":"0c6d38cb-77a9-472b-ba56-780db9043072","event":"orderupdated"}
2026-09-05T18:22:17+00:00 INFO Central bulk source orders received. CONTEXT: {"store_id":"site1","received":20,"succeeded":20,"failed":0,"request_id":"ec0714e5-818a-4591-8292-a938eceab0a9"}
2026-09-05T18:22:40+00:00 INFO Central bulk source orders received. CONTEXT: {"store_id":"site1","received":20,"succeeded":20,"failed":0,"request_id":"56f611b0-77d3-452b-ae24-fbcdae75dbeb"}
2026-09-05T18:22:46+00:00 INFO Central order received successfully. CONTEXT: {"store_id":"site1","source_order_id":380826,"central_order_id":7237,"request_id":"0ccd6f14-8c79-495f-965b-2e6ebddfb6b0","event":"orderupdated"}
2026-09-05T18:22:53+00:00 INFO Central order received successfully. CONTEXT: {"store_id":"site1","source_order_id":380826,"central_order_id":7237,"request_id":"005018ec-6551-4d28-a4e0-867b3b2db88a","event":"orderupdated"}
2026-09-05T18:23:05+00:00 INFO Central bulk source orders received. CONTEXT: {"store_id":"site1","received":20,"succeeded":20,"failed":0,"request_id":"c1a04b8d-36fe-46a5-8dc3-6e75ef5ebe1e"}
2026-09-05T18:23:56+00:00 INFO Central bulk source orders received. CONTEXT: {"store_id":"site1","received":20,"succeeded":20,"failed":0,"request_id":"798039e3-293f-41c4-89e1-2b096214a25a"}
2026-09-05T18:24:40+00:00 INFO Central bulk source orders received. CONTEXT: {"store_id":"site1","received":20,"succeeded":20,"failed":0,"request_id":"c8751629-ce82-4b89-9a61-a780c44e982a"}
2026-09-05T18:25:14+00:00 INFO Central bulk source orders received. CONTEXT: {"store_id":"site1","received":20,"succeeded":20,"failed":0,"request_id":"bfe36f4a-a8e6-4feb-8377-f443ce448f5b"}
2026-09-05T18:28:32+00:00 INFO Central order received successfully. CONTEXT: {"store_id":"site1","source_order_id":380829,"central_order_id":7240,"request_id":"10c1d4ce-a9a0-41be-9ee6-47ca8d8d83fc","event":"orderupdated"}
2026-09-05T18:28:40+00:00 INFO Central order received successfully. CONTEXT: {"store_id":"site1","source_order_id":380829,"central_order_id":7240,"request_id":"a1ce0827-818a-4000-a7da-987619db95e8","event":"orderupdated"}
2026-09-05T18:29:10+00:00 INFO Central order received successfully. CONTEXT: {"store_id":"site1","source_order_id":380829,"central_order_id":7240,"request_id":"47c35cf2-0076-4e6b-bf8c-f3fc8d0d57fc","event":"orderupdated"}
2026-09-05T18:29:17+00:00 INFO Central order received successfully. CONTEXT: {"store_id":"site1","source_order_id":380829,"central_order_id":7240,"request_id":"acd98e69-a5c5-4cc1-a9a6-17447d90fbc5","event":"orderupdated"}
2026-09-05T18:29:37+00:00 INFO Central order received successfully. CONTEXT: {"store_id":"site1","source_order_id":380830,"central_order_id":7241,"request_id":"fe5e6f72-48af-449f-882d-9b6ab3a8c5a1","event":"orderupdated"}
2026-09-05T18:29:47+00:00 INFO Central order received successfully. CONTEXT: {"store_id":"site1","source_order_id":380829,"central_order_id":7240,"request_id":"92dc5e11-5b75-460b-98b9-db2995bc9225","event":"orderupdated"}
2026-09-05T18:29:55+00:00 INFO Central order received successfully. CONTEXT: {"store_id":"site1","source_order_id":380829,"central_order_id":7240,"request_id":"64ffb76d-6c1b-4c91-8443-560fca8d3609","event":"orderupdated"}
2026-09-05T18:30:16+00:00 INFO Central order received successfully. CONTEXT: {"store_id":"site1","source_order_id":380830,"central_order_id":7241,"request_id":"078abd58-e600-4d9c-a3bf-37fc2c8d2aa1","event":"orderupdated"}
2026-09-05T18:30:24+00:00 INFO Central order received successfully. CONTEXT: {"store_id":"site1","source_order_id":380829,"central_order_id":7240,"request_id":"99bfe50f-2947-47f7-b58e-dde7634c6d4a","event":"orderupdated"}
2026-09-05T18:30:32+00:00 INFO Central order received successfully. CONTEXT: {"store_id":"site1","source_order_id":380829,"central_order_id":7240,"request_id":"4a0ad5a8-c179-47f1-84c8-929684a022d2","event":"orderupdated"}
2026-09-05T18:30:37+00:00 INFO Central bulk source orders received. CONTEXT: {"store_id":"site1","received":20,"succeeded":20,"failed":0,"request_id":"a94f4464-3506-4956-8330-a341b2015132"}
2026-09-05T18:30:52+00:00 INFO Central order received successfully. CONTEXT: {"store_id":"site1","source_order_id":380830,"central_order_id":7241,"request_id":"f91c5184-0958-47b8-8b21-37ce59e67198","event":"orderupdated"}
2026-09-05T18:31:00+00:00 INFO Central order received successfully. CONTEXT: {"store_id":"site1","source_order_id":380829,"central_order_id":7240,"request_id":"8a3b643e-381f-4def-b4d2-9da898c84180","event":"orderupdated"}
2026-09-05T18:31:08+00:00 INFO Central order received successfully. CONTEXT: {"store_id":"site1","source_order_id":380829,"central_order_id":7240,"request_id":"31f8092b-16a5-4681-80d3-ad9444ef7249","event":"orderupdated"}
2026-09-05T18:31:25+00:00 INFO Central bulk source orders received. CONTEXT: {"store_id":"site1","received":20,"succeeded":20,"failed":0,"request_id":"1629c713-4768-45ad-bc26-e849077e42b4"}
2026-09-05T18:31:29+00:00 INFO Central order received successfully. CONTEXT: {"store_id":"site1","source_order_id":380830,"central_order_id":7241,"request_id":"a9153b8f-a94f-406e-91a5-feac2ddf51c2","event":"orderupdated"}
2026-09-05T18:31:37+00:00 INFO Central order received successfully. CONTEXT: {"store_id":"site1","source_order_id":380829,"central_order_id":7240,"request_id":"33a29947-61e8-4383-9c05-647fff4bdf71","event":"orderupdated"}
2026-09-05T18:31:48+00:00 INFO Central order received successfully. CONTEXT: {"store_id":"site1","source_order_id":380829,"central_order_id":7240,"request_id":"3f40cccb-045a-4750-99bc-937f21171a3f","event":"orderupdated"}
2026-09-05T18:32:05+00:00 INFO Central bulk source orders received. CONTEXT: {"store_id":"site1","received":20,"succeeded":20,"failed":0,"request_id":"acffc6fd-ec40-47b4-8a4f-032ae8114597"}
2026-09-05T18:32:06+00:00 INFO Central order received successfully. CONTEXT: {"store_id":"site1","source_order_id":380830,"central_order_id":7241,"request_id":"51565b94-cf1e-4ac2-b63c-99f93fa52adb","event":"orderupdated"}
2026-09-05T18:32:14+00:00 INFO Central order received successfully. CONTEXT: {"store_id":"site1","source_order_id":380829,"central_order_id":7240,"request_id":"07bbfc2f-cb13-4f3b-90c3-2bb426a094e1","event":"orderupdated"}
2026-09-05T18:32:31+00:00 INFO Central order received successfully. CONTEXT: {"store_id":"site1","source_order_id":380829,"central_order_id":7240,"request_id":"95e5d0ef-cd7d-4753-a8c5-8a438be24fca","event":"orderupdated"}
2026-09-05T18:32:43+00:00 INFO Central order received successfully. CONTEXT: {"store_id":"site1","source_order_id":380830,"central_order_id":7241,"request_id":"2f6782ae-1dd0-4965-8062-03c4f693151b","event":"orderupdated"}
2026-09-05T18:32:45+00:00 INFO Central order received successfully. CONTEXT: {"store_id":"site1","source_order_id":380829,"central_order_id":7240,"request_id":"fa726b46-ed92-4aea-9aaa-622ead4b37ec","event":"orderupdated"}
2026-09-05T18:32:48+00:00 INFO Central order received successfully. CONTEXT: {"store_id":"site1","source_order_id":380829,"central_order_id":7240,"request_id":"9c8397c1-6c8f-4dc9-a073-70e0bbc17472","event":"orderupdated"}
2026-09-05T18:32:50+00:00 INFO Central order received successfully. CONTEXT: {"store_id":"site1","source_order_id":380829,"central_order_id":7240,"request_id":"8186a325-0a5f-4a49-bae7-9796f18461cc","event":"orderupdated"}
2026-09-05T18:32:54+00:00 INFO Central bulk source orders received. CONTEXT: {"store_id":"site1","received":20,"succeeded":20,"failed":0,"request_id":"97c6f41f-e5df-4335-9ce9-49f03c34efe5"}
2026-09-05T18:33:10+00:00 INFO Central order received successfully. CONTEXT: {"store_id":"site1","source_order_id":380829,"central_order_id":7240,"request_id":"f61a5d42-67b3-478c-b229-bc3b567c9f72","event":"orderupdated"}
2026-09-05T18:33:25+00:00 INFO Central order received successfully. CONTEXT: {"store_id":"site1","source_order_id":380830,"central_order_id":7241,"request_id":"ca6d3227-097c-4086-925d-342e0a4e53bd","event":"orderupdated"}
2026-09-05T18:33:43+00:00 INFO Central bulk source orders received. CONTEXT: {"store_id":"site1","received":20,"succeeded":20,"failed":0,"request_id":"14ac83ef-7c2a-4f3c-84d3-2b8342d16c85"}
2026-09-05T18:33:48+00:00 INFO Central order received successfully. CONTEXT: {"store_id":"site1","source_order_id":380829,"central_order_id":7240,"request_id":"9333db27-0707-4816-9bc0-c0bcb9e5299f","event":"orderupdated"}
2026-09-05T18:34:02+00:00 INFO Central order received successfully. CONTEXT: {"store_id":"site1","source_order_id":380830,"central_order_id":7241,"request_id":"12e20052-14c1-4153-82aa-575e3e5bfb55","event":"orderupdated"}
2026-09-05T18:34:25+00:00 INFO Central order received successfully. CONTEXT: {"store_id":"site1","source_order_id":380829,"central_order_id":7240,"request_id":"716db13c-be63-4c98-9624-34562a0cd347","event":"orderupdated"}
2026-09-05T18:34:33+00:00 INFO Central bulk source orders received. CONTEXT: {"store_id":"site1","received":20,"succeeded":20,"failed":0,"request_id":"6752e764-2975-4a06-98f4-471e3a7e6233"}
2026-09-05T18:34:39+00:00 INFO Central order received successfully. CONTEXT: {"store_id":"site1","source_order_id":380830,"central_order_id":7241,"request_id":"54d4c2f5-a82b-499d-90fd-a286edfdf244","event":"orderupdated"}
2026-09-05T18:35:23+00:00 INFO Central bulk source orders received. CONTEXT: {"store_id":"site1","received":20,"succeeded":20,"failed":0,"request_id":"02cbbbc0-2e16-4ca7-b5eb-d09ea513710a"}
2026-09-05T18:36:14+00:00 INFO Central bulk source orders received. CONTEXT: {"store_id":"site1","received":20,"succeeded":20,"failed":0,"request_id":"2e59d105-16d6-4f59-8d1a-dcbe55a1cc04"}
2026-09-05T18:37:06+00:00 INFO Central bulk source orders received. CONTEXT: {"store_id":"site1","received":20,"succeeded":20,"failed":0,"request_id":"39218c07-b62e-4f13-a27d-f0cde6f72029"}
2026-09-05T18:37:15+00:00 INFO Central bulk source orders received. CONTEXT: {"store_id":"site1","received":20,"succeeded":20,"failed":0,"request_id":"de652804-e8ce-4b31-99f0-13776afe01d0"}
2026-09-05T18:37:44+00:00 INFO Central bulk source orders received. CONTEXT: {"store_id":"site1","received":20,"succeeded":20,"failed":0,"request_id":"89aa8d77-6a40-4071-8c6c-f9c69cefb85f"}
2026-09-05T18:38:05+00:00 INFO Central bulk source orders received. CONTEXT: {"store_id":"site1","received":20,"succeeded":20,"failed":0,"request_id":"825ea651-de92-472e-811c-4cb6830c6963"}
2026-09-05T18:38:23+00:00 INFO Central order received successfully. CONTEXT: {"store_id":"site1","source_order_id":380829,"central_order_id":7240,"request_id":"75d315c9-7673-4a3b-a1cd-94aa737d61ac","event":"orderupdated"}
2026-09-05T18:38:34+00:00 INFO Central bulk source orders received. CONTEXT: {"store_id":"site1","received":20,"succeeded":20,"failed":0,"request_id":"7c687734-0f8b-44a1-99ee-101d5ee6fbd9"}
2026-09-05T18:38:55+00:00 INFO Central bulk source orders received. CONTEXT: {"store_id":"site1","received":20,"succeeded":20,"failed":0,"request_id":"c65664f1-6369-4d2b-b776-c88167b90fe0"}
2026-09-05T18:39:01+00:00 INFO Central order received successfully. CONTEXT: {"store_id":"site1","source_order_id":380829,"central_order_id":7240,"request_id":"ad36a7e9-cfc2-4d93-8a08-d925274c52b4","event":"orderupdated"}
2026-09-05T18:39:08+00:00 INFO Central order received successfully. CONTEXT: {"store_id":"site1","source_order_id":380831,"central_order_id":7243,"request_id":"5484f1f4-5b1f-4ee1-b9a5-6ef641258f8c","event":"orderupdated"}
2026-09-05T18:39:12+00:00 INFO Central order received successfully. CONTEXT: {"store_id":"site1","source_order_id":380831,"central_order_id":7243,"request_id":"895adef2-de30-44ff-a817-4f7977a7092d","event":"orderupdated"}
2026-09-05T18:55:06+00:00 INFO Central bulk source orders received. CONTEXT: {"store_id":"site1","received":20,"succeeded":20,"failed":0,"request_id":"3e45f21d-f82b-409e-a10b-c13bd621c7f4"}
2026-09-05T18:55:21+00:00 INFO Central order received successfully. CONTEXT: {"store_id":"site1","source_order_id":380831,"central_order_id":7243,"request_id":"e42d105c-deb5-4f69-96aa-5fe91bf33ce5","event":"orderupdated"}
2026-09-05T18:55:24+00:00 INFO Central bulk source orders received. CONTEXT: {"store_id":"site1","received":20,"succeeded":20,"failed":0,"request_id":"d71c53b1-186c-4f5d-a4b4-cdf24d0f6f90"}
2026-09-05T18:55:56+00:00 INFO Central order received successfully. CONTEXT: {"store_id":"site1","source_order_id":380838,"central_order_id":7244,"request_id":"9b356c3e-7b91-4b75-9dd3-c6f90f159924","event":"orderupdated"}
2026-09-05T18:55:58+00:00 INFO Central bulk source orders received. CONTEXT: {"store_id":"site1","received":20,"succeeded":20,"failed":0,"request_id":"e69860bc-a1df-4889-9ab8-e5a7303d98cb"}
2026-09-05T18:56:18+00:00 INFO Central bulk source orders received. CONTEXT: {"store_id":"site1","received":20,"succeeded":20,"failed":0,"request_id":"69c8b609-fc2d-46c8-a97f-09df3378e365"}
2026-09-05T18:56:38+00:00 INFO Central bulk source orders received. CONTEXT: {"store_id":"site1","received":20,"succeeded":20,"failed":0,"request_id":"6e098c01-216f-4c7e-93bf-fc08d0582dcb"}
2026-09-05T18:56:43+00:00 INFO Central order received successfully. CONTEXT: {"store_id":"site1","source_order_id":380838,"central_order_id":7244,"request_id":"b16cb112-0ff0-4e03-8c19-1f6eb02aa057","event":"orderupdated"}
2026-09-05T18:57:14+00:00 INFO Central bulk source orders received. CONTEXT: {"store_id":"site1","received":20,"succeeded":20,"failed":0,"request_id":"844bf60d-a503-424e-9090-f37f918d9d5c"}
2026-09-05T18:57:19+00:00 INFO Central order received successfully. CONTEXT: {"store_id":"site1","source_order_id":380839,"central_order_id":7245,"request_id":"57f62a05-c4e2-4732-87b8-58cee8d3a48d","event":"orderupdated"}
2026-09-05T18:57:29+00:00 INFO Central bulk source orders received. CONTEXT: {"store_id":"site1","received":20,"succeeded":20,"failed":0,"request_id":"17e91ff4-afa5-4cf0-853d-f18d0948ad35"}
2026-09-05T18:58:01+00:00 INFO Central order received successfully. CONTEXT: {"store_id":"site1","source_order_id":380839,"central_order_id":7245,"request_id":"e6400a11-a0a4-4296-943b-76827985fd47","event":"orderupdated"}
2026-09-05T18:58:06+00:00 INFO Central bulk source orders received. CONTEXT: {"store_id":"site1","received":20,"succeeded":20,"failed":0,"request_id":"5716f357-3b53-4eb1-b1e9-bf043e50b2ed"}
2026-09-05T18:58:15+00:00 INFO Central bulk source orders received. CONTEXT: {"store_id":"site1","received":20,"succeeded":20,"failed":0,"request_id":"61b352a7-20a8-4e92-a0fc-7ccdc2e7c8ff"}
2026-09-05T18:58:38+00:00 INFO Central order received successfully. CONTEXT: {"store_id":"site1","source_order_id":380839,"central_order_id":7245,"request_id":"6d769d1b-e8eb-4e2a-bbed-4b93d52df9d3","event":"orderupdated"}
2026-09-05T18:59:04+00:00 INFO Central bulk source orders received. CONTEXT: {"store_id":"site1","received":20,"succeeded":20,"failed":0,"request_id":"5843eb1b-8e71-41c5-8c0b-d22ed688fb5f"}
2026-09-05T18:59:15+00:00 INFO Central order received successfully. CONTEXT: {"store_id":"site1","source_order_id":380839,"central_order_id":7245,"request_id":"d97e935f-bb8d-4639-ab46-bca5639d84f6","event":"orderupdated"}
2026-09-05T18:59:38+00:00 INFO Central bulk source orders received. CONTEXT: {"store_id":"site1","received":20,"succeeded":20,"failed":0,"request_id":"89d317cd-48c7-4b19-b9ce-1eb96290ff93"}
2026-09-05T18:59:55+00:00 INFO Central order received successfully. CONTEXT: {"store_id":"site1","source_order_id":380839,"central_order_id":7245,"request_id":"d9a36f7e-630b-4eea-9193-29fc1234545a","event":"orderupdated"}
2026-09-05T19:00:35+00:00 INFO Central bulk source orders received. CONTEXT: {"store_id":"site1","received":20,"succeeded":20,"failed":0,"request_id":"24150f7a-c337-4da7-85cd-cd7f35e4e578"}
2026-09-05T19:01:15+00:00 INFO Central bulk source orders received. CONTEXT: {"store_id":"site1","received":20,"succeeded":20,"failed":0,"request_id":"06908a4c-c7db-4e50-b9d9-eb5badd8d7ac"}
2026-09-05T19:02:45+00:00 INFO Central bulk source orders received. CONTEXT: {"store_id":"site1","received":20,"succeeded":20,"failed":0,"request_id":"0f19b5cc-a20f-4dfa-aab0-854bd3f69e70"}
2026-09-05T19:03:18+00:00 INFO Central bulk source orders received. CONTEXT: {"store_id":"site1","received":20,"succeeded":20,"failed":0,"request_id":"ee5c6170-7b3a-471a-b5cf-a1e2b6cff22e"}
2026-09-05T19:07:59+00:00 INFO Central bulk source orders received. CONTEXT: {"store_id":"site1","received":20,"succeeded":20,"failed":0,"request_id":"935a71b3-d4c2-415d-85d8-4f78e754f0c2"}
2026-09-05T19:08:35+00:00 INFO Central bulk source orders received. CONTEXT: {"store_id":"site1","received":20,"succeeded":20,"failed":0,"request_id":"3003584d-a0c8-40a9-9abd-fc0b5fa18725"}
2026-09-05T19:09:04+00:00 INFO Central bulk source orders received. CONTEXT: {"store_id":"site1","received":20,"succeeded":20,"failed":0,"request_id":"f36986d3-a74e-4464-b643-cf733a7cfae3"}
2026-09-05T19:09:24+00:00 INFO Central bulk source orders received. CONTEXT: {"store_id":"site1","received":20,"succeeded":20,"failed":0,"request_id":"01430401-7483-499c-adef-1e2d43a1d9d1"}
2026-09-05T19:09:56+00:00 INFO Central bulk source orders received. CONTEXT: {"store_id":"site1","received":20,"succeeded":20,"failed":0,"request_id":"f16ca599-e2b5-41da-adcc-73ac1c9b4e07"}
2026-09-05T19:10:16+00:00 INFO Central bulk source orders received. CONTEXT: {"store_id":"site1","received":20,"succeeded":20,"failed":0,"request_id":"b119cd6d-613d-40e1-abc4-4c7bcc2330ed"}
2026-09-05T19:10:22+00:00 INFO Central order received successfully. CONTEXT: {"store_id":"site1","source_order_id":380840,"central_order_id":7248,"request_id":"5128fc55-0c99-4ae5-afa3-d21fe7088ea4","event":"orderupdated"}
2026-09-05T19:10:30+00:00 INFO Central order received successfully. CONTEXT: {"store_id":"site1","source_order_id":380840,"central_order_id":7248,"request_id":"c24a21a1-2705-4541-93dc-b6c8ad49092b","event":"orderupdated"}
2026-09-05T19:10:45+00:00 INFO Central bulk source orders received. CONTEXT: {"store_id":"site1","received":20,"succeeded":20,"failed":0,"request_id":"9742ca97-0722-46df-8abb-6ea6b441b3ef"}
2026-09-05T19:11:02+00:00 INFO Central order received successfully. CONTEXT: {"store_id":"site1","source_order_id":380840,"central_order_id":7248,"request_id":"162cd7a5-6420-4683-90ae-3d09a7140b77","event":"orderupdated"}
2026-09-05T19:11:11+00:00 INFO Central bulk source orders received. CONTEXT: {"store_id":"site1","received":20,"succeeded":20,"failed":0,"request_id":"576efc4a-461d-40bc-8288-a7c40348d6f4"}
2026-09-05T19:11:37+00:00 INFO Central bulk source orders received. CONTEXT: {"store_id":"site1","received":20,"succeeded":20,"failed":0,"request_id":"3f33f1e6-13a4-4074-a6f9-216d8a462b02"}
2026-09-05T19:11:45+00:00 INFO Central order received successfully. CONTEXT: {"store_id":"site1","source_order_id":380840,"central_order_id":7248,"request_id":"eaf75d73-bc3c-41da-b9b9-63ffc90ed5b0","event":"orderupdated"}
2026-09-05T19:12:01+00:00 INFO Central bulk source orders received. CONTEXT: {"store_id":"site1","received":20,"succeeded":20,"failed":0,"request_id":"1fb237c1-a7f0-41a8-be48-2266806b1867"}
2026-09-05T19:12:28+00:00 INFO Central bulk source orders received. CONTEXT: {"store_id":"site1","received":20,"succeeded":20,"failed":0,"request_id":"7c58263f-75f0-455f-9d15-6fb3234f6563"}
2026-09-05T19:12:51+00:00 INFO Central bulk source orders received. CONTEXT: {"store_id":"site1","received":20,"succeeded":20,"failed":0,"request_id":"4a86e664-7916-4000-abf2-efe253727b0c"}
2026-09-05T19:13:18+00:00 INFO Central bulk source orders received. CONTEXT: {"store_id":"site1","received":20,"succeeded":20,"failed":0,"request_id":"7879356c-9156-4661-a6d7-15721ecd55c5"}
2026-09-05T19:13:42+00:00 INFO Central bulk source orders received. CONTEXT: {"store_id":"site1","received":20,"succeeded":20,"failed":0,"request_id":"bfd747ed-4a4a-46f8-9508-187b3330dda2"}
2026-09-05T19:14:09+00:00 INFO Central bulk source orders received. CONTEXT: {"store_id":"site1","received":20,"succeeded":20,"failed":0,"request_id":"4bfc23d1-891c-46d3-807f-845d53b7ea6f"}
2026-09-05T19:14:33+00:00 INFO Central bulk source orders received. CONTEXT: {"store_id":"site1","received":20,"succeeded":20,"failed":0,"request_id":"a63757bc-7af6-48d1-bdf5-5de94022d42c"}
2026-09-05T19:15:00+00:00 INFO Central bulk source orders received. CONTEXT: {"store_id":"site1","received":20,"succeeded":20,"failed":0,"request_id":"e1d1c8f8-a879-4842-939c-c128e21c6c66"}
2026-09-05T19:19:21+00:00 INFO Central bulk source orders received. CONTEXT: {"store_id":"site1","received":20,"succeeded":20,"failed":0,"request_id":"599828fa-557a-47e9-aa10-0707ede2b622"}
2026-09-05T19:19:55+00:00 INFO Central bulk source orders received. CONTEXT: {"store_id":"site1","received":20,"succeeded":20,"failed":0,"request_id":"6b2ffbce-51a4-4d79-8bd4-7983c280216a"}
2026-09-05T19:20:46+00:00 INFO Central bulk source orders received. CONTEXT: {"store_id":"site1","received":20,"succeeded":20,"failed":0,"request_id":"d2180b29-dc0c-40df-99ee-b0a419cb484d"}
2026-09-05T19:21:35+00:00 INFO Central bulk source orders received. CONTEXT: {"store_id":"site1","received":20,"succeeded":20,"failed":0,"request_id":"2563780e-5305-4464-9725-ddfa5bc399b7"}
2026-09-05T19:22:27+00:00 INFO Central bulk source orders received. CONTEXT: {"store_id":"site1","received":20,"succeeded":20,"failed":0,"request_id":"25baf0cf-be20-4deb-985f-84fb79ee73a4"}
2026-09-05T19:23:15+00:00 INFO Central bulk source orders received. CONTEXT: {"store_id":"site1","received":20,"succeeded":20,"failed":0,"request_id":"6d9e5209-c696-4062-a027-4bc6629e25fb"}
2026-09-05T19:23:36+00:00 INFO Central bulk source orders received. CONTEXT: {"store_id":"site1","received":20,"succeeded":20,"failed":0,"request_id":"711ec393-0150-4410-9c49-01bfe84ae839"}
2026-09-05T19:24:10+00:00 INFO Central bulk source orders received. CONTEXT: {"store_id":"site1","received":20,"succeeded":20,"failed":0,"request_id":"8587b57a-3938-4569-8651-849c57dc46f0"}
2026-09-05T19:24:26+00:00 INFO Central bulk source orders received. CONTEXT: {"store_id":"site1","received":20,"succeeded":20,"failed":0,"request_id":"86ba2453-35b7-44ab-976d-f3fd82f6d98e"}
2026-09-05T19:27:10+00:00 INFO Central order received successfully. CONTEXT: {"store_id":"site1","source_order_id":380840,"central_order_id":7248,"request_id":"51b7a73c-23a5-49ef-aa43-e1b37097af78","event":"orderupdated"}
2026-09-05T19:27:13+00:00 INFO Central bulk source orders received. CONTEXT: {"store_id":"site1","received":20,"succeeded":20,"failed":0,"request_id":"2f0d2f21-1e27-4844-8c59-2cc82cb5597d"}
2026-09-05T19:27:25+00:00 INFO Central bulk source orders received. CONTEXT: {"store_id":"site1","received":20,"succeeded":20,"failed":0,"request_id":"da726b4f-de33-4c9b-8e99-28f45fb7f75e"}
2026-09-05T19:27:53+00:00 INFO Central bulk source orders received. CONTEXT: {"store_id":"site1","received":20,"succeeded":20,"failed":0,"request_id":"ca585025-0409-4c2d-9367-43c09733420a"}
2026-09-05T19:28:14+00:00 INFO Central bulk source orders received. CONTEXT: {"store_id":"site1","received":20,"succeeded":20,"failed":0,"request_id":"119aa312-1f43-4d09-b8a8-a06a301610f0"}
2026-09-05T19:28:29+00:00 INFO Central bulk source orders received. CONTEXT: {"store_id":"site1","received":20,"succeeded":20,"failed":0,"request_id":"164c40fb-7c18-4e16-8877-78c71dd6dcc7"}
2026-09-05T19:29:03+00:00 INFO Central bulk source orders received. CONTEXT: {"store_id":"site1","received":20,"succeeded":20,"failed":0,"request_id":"1b0dfd66-7f9f-4be3-8a4b-7799a7f80081"}
2026-09-05T19:29:24+00:00 INFO Central bulk source orders received. CONTEXT: {"store_id":"site1","received":20,"succeeded":20,"failed":0,"request_id":"718e963b-4fb3-484f-a1cd-ad23b005f21b"}
2026-09-05T19:31:40+00:00 INFO Central bulk source orders received. CONTEXT: {"store_id":"site1","received":20,"succeeded":20,"failed":0,"request_id":"3dca9ae5-f022-4c0f-9eae-4f365b10e699"}
2026-09-05T19:32:01+00:00 INFO Central order received successfully. CONTEXT: {"store_id":"site1","source_order_id":380850,"central_order_id":7250,"request_id":"4e0458e5-afd9-4e12-802e-cb1d450e0d07","event":"orderupdated"}
2026-09-05T19:32:11+00:00 INFO Central bulk source orders received. CONTEXT: {"store_id":"site1","received":20,"succeeded":20,"failed":0,"request_id":"8aaec906-5155-4bbf-bf22-db1e2eea6a33"}
2026-09-05T19:32:31+00:00 INFO Central bulk source orders received. CONTEXT: {"store_id":"site1","received":20,"succeeded":20,"failed":0,"request_id":"5538d347-69aa-4ad0-82d2-757b0a6888aa"}
2026-09-05T19:32:45+00:00 INFO Central bulk source orders received. CONTEXT: {"store_id":"site1","received":20,"succeeded":20,"failed":0,"request_id":"31561e79-289b-4d86-aba0-4b030cffffd4"}
2026-09-05T19:33:20+00:00 INFO Central bulk source orders received. CONTEXT: {"store_id":"site1","received":20,"succeeded":20,"failed":0,"request_id":"385dc9ef-078e-4f16-9cfb-d7d14445f7c8"}
2026-09-05T19:33:38+00:00 INFO Central bulk source orders received. CONTEXT: {"store_id":"site1","received":20,"succeeded":20,"failed":0,"request_id":"b3a60496-e796-4073-8f2a-9ec0d63fecf8"}
2026-09-05T19:34:13+00:00 INFO Central bulk source orders received. CONTEXT: {"store_id":"site1","received":20,"succeeded":20,"failed":0,"request_id":"581d7dee-9894-4fdf-a23e-6fd9541d7b6d"}
2026-09-05T19:34:36+00:00 INFO Central order received successfully. CONTEXT: {"store_id":"site1","source_order_id":380850,"central_order_id":7250,"request_id":"f4787f4e-9ea8-4ba4-8cac-bef667089d3a","event":"orderupdated"}
2026-09-05T19:34:44+00:00 INFO Central bulk source orders received. CONTEXT: {"store_id":"site1","received":20,"succeeded":20,"failed":0,"request_id":"8897e868-a161-4fa0-bad2-6c8cc8c46374"}
2026-09-05T19:35:05+00:00 INFO Central bulk source orders received. CONTEXT: {"store_id":"site1","received":20,"succeeded":20,"failed":0,"request_id":"267f7fc1-aa3a-4e19-9294-47a5fac7d460"}
2026-09-05T19:35:27+00:00 INFO Central bulk source orders received. CONTEXT: {"store_id":"site1","received":20,"succeeded":20,"failed":0,"request_id":"ed0f9904-513b-4a2d-bbdb-a60c5c2c4552"}
2026-09-05T19:35:40+00:00 INFO Central order received successfully. CONTEXT: {"store_id":"site1","source_order_id":380851,"central_order_id":7252,"request_id":"c9944b91-154a-47bc-8515-f85c9558bede","event":"orderupdated"}
2026-09-05T19:36:03+00:00 INFO Central bulk source orders received. CONTEXT: {"store_id":"site1","received":20,"succeeded":20,"failed":0,"request_id":"6ddfe727-2a37-4650-a371-74989fc72c49"}
2026-09-05T19:36:48+00:00 INFO Central bulk source orders received. CONTEXT: {"store_id":"site1","received":20,"succeeded":20,"failed":0,"request_id":"09aca1a1-97bf-4732-9758-afc49d679756"}
2026-09-05T19:37:36+00:00 INFO Central bulk source orders received. CONTEXT: {"store_id":"site1","received":20,"succeeded":20,"failed":0,"request_id":"f5087e12-8542-42c9-abc6-4f6d12111ac8"}
2026-09-05T19:37:48+00:00 INFO Central order received successfully. CONTEXT: {"store_id":"site1","source_order_id":380852,"central_order_id":7255,"request_id":"03272581-aab8-48ef-b967-c2830d3a4087","event":"orderupdated"}
2026-09-05T19:38:28+00:00 INFO Central bulk source orders received. CONTEXT: {"store_id":"site1","received":20,"succeeded":20,"failed":0,"request_id":"3c659068-28d4-4401-a2e0-e5f9eea0f6a4"}
2026-09-05T19:38:50+00:00 INFO Central bulk source orders received. CONTEXT: {"store_id":"site1","received":20,"succeeded":20,"failed":0,"request_id":"d4c0e562-49d7-4ba6-b99a-312809f19723"}
2026-09-05T19:39:39+00:00 INFO Central order received successfully. CONTEXT: {"store_id":"site1","source_order_id":380852,"central_order_id":7255,"request_id":"3d3d9a8b-2d77-4694-9869-6b29922384a2","event":"orderupdated"}
2026-09-05T19:40:22+00:00 INFO Central order received successfully. CONTEXT: {"store_id":"site1","source_order_id":380852,"central_order_id":7255,"request_id":"164bcdc5-e377-4551-bed6-a76aed3b1626","event":"orderupdated"}
2026-09-05T19:40:30+00:00 INFO Central order received successfully. CONTEXT: {"store_id":"site1","source_order_id":380852,"central_order_id":7255,"request_id":"e6f2e671-8484-4ad4-b430-49f57ab8be1d","event":"orderupdated"}
2026-09-05T19:41:00+00:00 INFO Central order received successfully. CONTEXT: {"store_id":"site1","source_order_id":380852,"central_order_id":7255,"request_id":"d612b740-0251-4718-8b1a-43d2fc1d1166","event":"orderupdated"}
2026-09-05T19:41:37+00:00 INFO Central order received successfully. CONTEXT: {"store_id":"site1","source_order_id":380852,"central_order_id":7255,"request_id":"e875fd6f-c92d-43aa-8819-87381ac01148","event":"orderupdated"}
2026-09-05T19:45:18+00:00 INFO Central bulk source orders received. CONTEXT: {"store_id":"site1","received":20,"succeeded":20,"failed":0,"request_id":"c9cf2a5b-6f03-4bcb-9e9f-2de9fa79f65c"}
2026-09-05T19:45:32+00:00 INFO Central order received successfully. CONTEXT: {"store_id":"site1","source_order_id":380852,"central_order_id":7255,"request_id":"d84832e4-219e-473d-ad91-52c841a5a786","event":"orderupdated"}
2026-09-05T19:46:04+00:00 INFO Central bulk source orders received. CONTEXT: {"store_id":"site1","received":20,"succeeded":20,"failed":0,"request_id":"d2333396-dc8e-4634-a609-51e76e9c62f9"}
2026-09-05T19:57:44+00:00 INFO Central bulk source orders received. CONTEXT: {"store_id":"site1","received":20,"succeeded":20,"failed":0,"request_id":"44844c56-d81d-402e-b293-b93410e09271"}
2026-09-05T19:57:57+00:00 INFO Central order received successfully. CONTEXT: {"store_id":"site1","source_order_id":380853,"central_order_id":7256,"request_id":"83891751-6ed7-4f7a-be74-5fbfcd61b7b7","event":"orderupdated"}
2026-09-05T19:58:15+00:00 INFO Central bulk source orders received. CONTEXT: {"store_id":"site1","received":20,"succeeded":20,"failed":0,"request_id":"d8a5a339-5df3-4393-98c2-15975553e0cc"}
2026-09-05T19:58:37+00:00 INFO Central bulk source orders received. CONTEXT: {"store_id":"site1","received":20,"succeeded":20,"failed":0,"request_id":"6a92ff56-c696-46cd-87d3-dedbb910fa94"}
2026-09-05T19:58:51+00:00 INFO Central bulk source orders received. CONTEXT: {"store_id":"site1","received":20,"succeeded":20,"failed":0,"request_id":"cc81817b-1f8a-4753-9b10-5c2753498ad5"}
2026-09-05T19:59:08+00:00 INFO Central bulk source orders received. CONTEXT: {"store_id":"site1","received":20,"succeeded":20,"failed":0,"request_id":"a8ac625f-e7e5-4be0-a2df-2c0b5e0af71c"}
2026-09-05T20:00:20+00:00 INFO Central order received successfully. CONTEXT: {"store_id":"site1","source_order_id":380855,"central_order_id":7257,"request_id":"0d8f8a8f-28d5-4d8d-b6dc-56f88186afdc","event":"orderupdated"}
2026-09-05T20:00:26+00:00 INFO Central order received successfully. CONTEXT: {"store_id":"site1","source_order_id":380855,"central_order_id":7257,"request_id":"7f6fb28f-b4ff-437a-af0c-371c4f969e73","event":"orderupdated"}
2026-09-05T20:01:00+00:00 INFO Central order received successfully. CONTEXT: {"store_id":"site1","source_order_id":380855,"central_order_id":7257,"request_id":"23568aea-5eed-42fa-8cbe-75e9a554d2c0","event":"orderupdated"}
2026-09-05T20:01:03+00:00 INFO Central order received successfully. CONTEXT: {"store_id":"site1","source_order_id":380855,"central_order_id":7257,"request_id":"3a89060f-3f01-4948-8804-42715f102ffa","event":"orderupdated"}
2026-09-05T20:01:41+00:00 INFO Central order received successfully. CONTEXT: {"store_id":"site1","source_order_id":380855,"central_order_id":7257,"request_id":"0553acfe-6f5b-41f2-9664-ec8131ac2eb2","event":"orderupdated"}
2026-09-05T20:01:55+00:00 INFO Central order received successfully. CONTEXT: {"store_id":"site1","source_order_id":380855,"central_order_id":7257,"request_id":"eda3c81f-71b7-41a4-8818-25ba4fe25b81","event":"orderupdated"}
2026-09-05T20:02:37+00:00 INFO Central order received successfully. CONTEXT: {"store_id":"site1","source_order_id":380855,"central_order_id":7257,"request_id":"f367879c-3f7d-4d5b-86f6-1cadced68611","event":"orderupdated"}
2026-09-05T20:03:10+00:00 INFO Central bulk source orders received. CONTEXT: {"store_id":"site1","received":20,"succeeded":20,"failed":0,"request_id":"38925111-cdf3-4195-86d7-c8b546b466e7"}
2026-09-05T20:03:15+00:00 INFO Central order received successfully. CONTEXT: {"store_id":"site1","source_order_id":380855,"central_order_id":7257,"request_id":"fc175450-015a-486c-99f9-7be1a16b7e21","event":"orderupdated"}
2026-09-05T20:03:54+00:00 INFO Central bulk source orders received. CONTEXT: {"store_id":"site1","received":20,"succeeded":20,"failed":0,"request_id":"3af7361a-728e-4d03-8183-2a3c0b447436"}
2026-09-05T20:03:56+00:00 INFO Central order received successfully. CONTEXT: {"store_id":"site1","source_order_id":380855,"central_order_id":7257,"request_id":"1cbe40cd-0bcf-479d-9492-4543473f0ec0","event":"orderupdated"}
2026-09-05T20:07:06+00:00 INFO Central order received successfully. CONTEXT: {"store_id":"site1","source_order_id":380855,"central_order_id":7257,"request_id":"effafe70-00df-427e-aa45-791e8e77271d","event":"orderupdated"}
2026-09-05T20:07:08+00:00 INFO Central bulk source orders received. CONTEXT: {"store_id":"site1","received":17,"succeeded":17,"failed":0,"request_id":"513f716e-4b6c-4e18-9174-052ad615b577"}
2026-09-05T20:07:26+00:00 INFO Central bulk source orders received. CONTEXT: {"store_id":"site1","received":18,"succeeded":18,"failed":0,"request_id":"92a531d3-1d2e-415d-ad28-e59e4465d271"}
2026-09-05T20:07:58+00:00 INFO Central bulk source orders received. CONTEXT: {"store_id":"site1","received":20,"succeeded":20,"failed":0,"request_id":"19a84e43-8432-4b39-9204-b2dced069d98"}
2026-09-05T20:08:17+00:00 INFO Central bulk source orders received. CONTEXT: {"store_id":"site1","received":18,"succeeded":18,"failed":0,"request_id":"74060413-1000-41a9-a25b-7af7e7d7ce17"}
2026-09-05T20:08:43+00:00 INFO Central bulk source orders received. CONTEXT: {"store_id":"site1","received":20,"succeeded":20,"failed":0,"request_id":"1d2afb5f-8f79-41a2-865c-769d6022ae89"}
2026-09-05T20:08:57+00:00 INFO Central order received successfully. CONTEXT: {"store_id":"site1","source_order_id":380856,"central_order_id":7261,"request_id":"722f902d-a7c4-49a6-99af-bab458dfb4cc","event":"orderupdated"}
2026-09-05T20:12:34+00:00 INFO Central order received successfully. CONTEXT: {"store_id":"site1","source_order_id":380857,"central_order_id":7262,"request_id":"50cb6dab-257a-4e52-a3ec-ca7d8dffa4bd","event":"orderupdated"}
2026-09-05T20:12:43+00:00 INFO Central order received successfully. CONTEXT: {"store_id":"site1","source_order_id":380858,"central_order_id":7263,"request_id":"cbdbd16d-ee54-47f9-a25f-76c63786e9f2","event":"orderupdated"}
2026-09-05T20:13:11+00:00 INFO Central order received successfully. CONTEXT: {"store_id":"site1","source_order_id":380857,"central_order_id":7262,"request_id":"8631f16d-23b8-4d68-97a8-7d9e85c8551c","event":"orderupdated"}
2026-09-05T20:13:25+00:00 INFO Central order received successfully. CONTEXT: {"store_id":"site1","source_order_id":380858,"central_order_id":7263,"request_id":"2e8b783e-d958-4ee4-9c25-9a3cd56b2345","event":"orderupdated"}
2026-09-05T20:13:34+00:00 INFO Central bulk source orders received. CONTEXT: {"store_id":"site1","received":18,"succeeded":18,"failed":0,"request_id":"d9334e1a-4450-4722-8dea-deb72f2a4118"}
2026-09-05T20:13:48+00:00 INFO Central order received successfully. CONTEXT: {"store_id":"site1","source_order_id":380857,"central_order_id":7262,"request_id":"1678b266-9d91-4256-8de5-af906a97ce4f","event":"orderupdated"}
2026-09-05T20:14:03+00:00 INFO Central order received successfully. CONTEXT: {"store_id":"site1","source_order_id":380858,"central_order_id":7263,"request_id":"7cefa8ad-5ae0-4b29-8fd9-0892cf6ce0b3","event":"orderupdated"}
2026-09-05T20:14:05+00:00 INFO Central bulk source orders received. CONTEXT: {"store_id":"site1","received":20,"succeeded":20,"failed":0,"request_id":"5c856678-a744-43ef-b773-67ae93608d8f"}
2026-09-05T20:14:26+00:00 INFO Central bulk source orders received. CONTEXT: {"store_id":"site1","received":18,"succeeded":18,"failed":0,"request_id":"6c0fd624-b97f-4a50-a68a-9ba66f9eb2b4"}
2026-09-05T20:14:37+00:00 INFO Central order received successfully. CONTEXT: {"store_id":"site1","source_order_id":380857,"central_order_id":7262,"request_id":"d44c99e1-7bd5-4066-8c69-3a10cb09a68a","event":"orderupdated"}
2026-09-05T20:14:55+00:00 INFO Central bulk source orders received. CONTEXT: {"store_id":"site1","received":20,"succeeded":20,"failed":0,"request_id":"a58733aa-cb36-4806-9480-45b8d4dcba4f"}
2026-09-05T20:15:12+00:00 INFO Central order received successfully. CONTEXT: {"store_id":"site1","source_order_id":380859,"central_order_id":7264,"request_id":"d92ce7c5-9525-4b27-af28-39c504a2e724","event":"orderupdated"}
2026-09-05T20:15:23+00:00 INFO Central order received successfully. CONTEXT: {"store_id":"site1","source_order_id":380857,"central_order_id":7262,"request_id":"3393f40b-30a2-40fa-ba4a-cab6cc4d1ac1","event":"orderupdated"}
2026-09-05T20:15:25+00:00 INFO Central bulk source orders received. CONTEXT: {"store_id":"site1","received":20,"succeeded":20,"failed":0,"request_id":"50f8f577-b0d2-4957-aacd-73dabdb0a8c0"}
2026-09-05T20:15:53+00:00 INFO Central order received successfully. CONTEXT: {"store_id":"site1","source_order_id":380859,"central_order_id":7264,"request_id":"c283832d-19b5-4fa0-93e6-cdc0428284f7","event":"orderupdated"}
2026-09-05T20:16:30+00:00 INFO Central order received successfully. CONTEXT: {"store_id":"site1","source_order_id":380859,"central_order_id":7264,"request_id":"41ee0d2f-5cd6-4794-b519-dfeb38b3fc07","event":"orderupdated"}
2026-09-05T20:17:09+00:00 INFO Central order received successfully. CONTEXT: {"store_id":"site1","source_order_id":380859,"central_order_id":7264,"request_id":"5c64c29f-c3a0-4ca6-b1be-0862d7836ff5","event":"orderupdated"}
2026-09-05T20:17:11+00:00 INFO Central order received successfully. CONTEXT: {"store_id":"site1","source_order_id":380859,"central_order_id":7264,"request_id":"888a3478-4511-410b-820b-7ba74e3bb3c1","event":"orderupdated"}
2026-09-05T20:17:49+00:00 INFO Central order received successfully. CONTEXT: {"store_id":"site1","source_order_id":380859,"central_order_id":7264,"request_id":"084dc215-4660-42ed-97b8-2ba9c0ae4849","event":"orderupdated"}
2026-09-05T20:18:04+00:00 INFO Central order received successfully. CONTEXT: {"store_id":"site1","source_order_id":380860,"central_order_id":7266,"request_id":"9ddfd487-c6ce-49d0-a294-aaccd1346c43","event":"orderupdated"}
2026-09-05T20:18:13+00:00 INFO Central order received successfully. CONTEXT: {"store_id":"site1","source_order_id":380860,"central_order_id":7266,"request_id":"b412caaa-7715-4794-986f-8ccdc3ecd370","event":"orderupdated"}
2026-09-05T20:18:15+00:00 INFO Central bulk source orders received. CONTEXT: {"store_id":"site1","received":20,"succeeded":20,"failed":0,"request_id":"f16cbca1-3bd2-4bde-a0ab-c21fe4fc1554"}
2026-09-05T20:18:28+00:00 INFO Central order received successfully. CONTEXT: {"store_id":"site1","source_order_id":380859,"central_order_id":7264,"request_id":"c0371af1-46fe-4adf-bb3b-ee25e4bc1bc0","event":"orderupdated"}
2026-09-05T20:18:43+00:00 INFO Central order received successfully. CONTEXT: {"store_id":"site1","source_order_id":380860,"central_order_id":7266,"request_id":"e8c8802f-db60-4d0d-962f-99331f760d56","event":"orderupdated"}
2026-09-05T20:18:51+00:00 INFO Central bulk source orders received. CONTEXT: {"store_id":"site1","received":20,"succeeded":20,"failed":0,"request_id":"976f767c-3380-4bad-8809-8b3657e60f78"}
2026-09-05T20:19:05+00:00 INFO Central order received successfully. CONTEXT: {"store_id":"site1","source_order_id":380860,"central_order_id":7266,"request_id":"891b33cb-24fc-4af7-ae65-c35d6b7cd149","event":"orderupdated"}
2026-09-05T20:19:11+00:00 INFO Central order received successfully. CONTEXT: {"store_id":"site1","source_order_id":380860,"central_order_id":7266,"request_id":"024753e9-dace-4fc2-a287-667a132d5517","event":"orderupdated"}
2026-09-05T20:24:16+00:00 INFO Central order received successfully. CONTEXT: {"store_id":"site1","source_order_id":380860,"central_order_id":7266,"request_id":"ae6d4ab2-d2fe-436d-8582-50df38d81c89","event":"orderupdated"}
2026-09-05T20:24:18+00:00 INFO Central bulk source orders received. CONTEXT: {"store_id":"site1","received":20,"succeeded":20,"failed":0,"request_id":"42e7c187-09a5-467b-b894-08a1a7ad9af7"}
2026-09-05T20:25:12+00:00 INFO Central bulk source orders received. CONTEXT: {"store_id":"site1","received":20,"succeeded":20,"failed":0,"request_id":"96ff3a58-a14f-4769-ab78-3ab49c666fbd"}
2026-09-05T20:25:54+00:00 INFO Central bulk source orders received. CONTEXT: {"store_id":"site1","received":20,"succeeded":20,"failed":0,"request_id":"2c8856f9-184a-4243-a15a-bd5f6d67cb14"}
2026-09-05T20:32:34+00:00 INFO Central order received successfully. CONTEXT: {"store_id":"site1","source_order_id":380861,"central_order_id":7269,"request_id":"70293380-d7d2-40b4-83a7-f31cb95f53b9","event":"orderupdated"}
2026-09-05T20:32:44+00:00 INFO Central order received successfully. CONTEXT: {"store_id":"site1","source_order_id":380861,"central_order_id":7269,"request_id":"9c767f46-5be7-4955-9bdf-5e0adf004fa6","event":"orderupdated"}
2026-09-05T20:33:13+00:00 INFO Central order received successfully. CONTEXT: {"store_id":"site1","source_order_id":380861,"central_order_id":7269,"request_id":"b0bceec8-5a94-47a7-90e8-64983aff42ae","event":"orderupdated"}
2026-09-05T20:33:22+00:00 INFO Central order received successfully. CONTEXT: {"store_id":"site1","source_order_id":380861,"central_order_id":7269,"request_id":"d6dc3ddc-5d07-465f-827a-e180de3966b5","event":"orderupdated"}
2026-09-05T20:33:51+00:00 INFO Central order received successfully. CONTEXT: {"store_id":"site1","source_order_id":380861,"central_order_id":7269,"request_id":"d1171a85-6634-4c00-aa68-4f07edb8ef6c","event":"orderupdated"}
2026-09-05T20:33:59+00:00 INFO Central order received successfully. CONTEXT: {"store_id":"site1","source_order_id":380861,"central_order_id":7269,"request_id":"34fe63c3-f6ff-4a70-aff6-9bd68a3193c5","event":"orderupdated"}
2026-09-05T20:34:28+00:00 INFO Central order received successfully. CONTEXT: {"store_id":"site1","source_order_id":380861,"central_order_id":7269,"request_id":"7ea9b9c7-f6d7-443c-bddb-d50f5e41106b","event":"orderupdated"}
2026-09-05T20:34:37+00:00 INFO Central order received successfully. CONTEXT: {"store_id":"site1","source_order_id":380861,"central_order_id":7269,"request_id":"84cc59f7-c19b-4582-ba8e-2a8e93040d51","event":"orderupdated"}
2026-09-05T20:35:05+00:00 INFO Central order received successfully. CONTEXT: {"store_id":"site1","source_order_id":380861,"central_order_id":7269,"request_id":"6f576aef-5bea-4edf-8020-64c7f9d7aa8a","event":"orderupdated"}
2026-09-05T20:35:07+00:00 INFO Central order received successfully. CONTEXT: {"store_id":"site1","source_order_id":380861,"central_order_id":7269,"request_id":"e18687af-d093-425d-9b42-19e417fa9835","event":"orderupdated"}
2026-09-05T20:35:15+00:00 INFO Central order received successfully. CONTEXT: {"store_id":"site1","source_order_id":380861,"central_order_id":7269,"request_id":"c73d55aa-ab5f-403e-a202-fc3dd9e0b878","event":"orderupdated"}
2026-09-05T20:35:44+00:00 INFO Central order received successfully. CONTEXT: {"store_id":"site1","source_order_id":380861,"central_order_id":7269,"request_id":"a31adca0-3138-4b46-82cd-e193cade63ee","event":"orderupdated"}
2026-09-05T20:35:53+00:00 INFO Central order received successfully. CONTEXT: {"store_id":"site1","source_order_id":380861,"central_order_id":7269,"request_id":"1772e2f9-3f72-4c01-a2e1-383ab876237b","event":"orderupdated"}
2026-09-05T20:36:19+00:00 INFO Central bulk source orders received. CONTEXT: {"store_id":"site1","received":20,"succeeded":20,"failed":0,"request_id":"2f86c133-291e-433b-963f-6ee7160940f1"}
2026-09-05T20:36:31+00:00 INFO Central order received successfully. CONTEXT: {"store_id":"site1","source_order_id":380861,"central_order_id":7269,"request_id":"32c7882e-b50d-4ac7-9279-56888a1a0998","event":"orderupdated"}
2026-09-05T20:37:09+00:00 INFO Central bulk source orders received. CONTEXT: {"store_id":"site1","received":20,"succeeded":20,"failed":0,"request_id":"6f227c56-63ab-4921-a823-3bab0ccd7246"}
2026-09-05T20:38:00+00:00 INFO Central bulk source orders received. CONTEXT: {"store_id":"site1","received":20,"succeeded":20,"failed":0,"request_id":"138e8d1a-9ab3-4ced-99b3-adbc7b44050b"}
2026-09-05T20:38:53+00:00 INFO Central bulk source orders received. CONTEXT: {"store_id":"site1","received":20,"succeeded":20,"failed":0,"request_id":"06a664d9-10d9-4c67-b781-cfcf06e0ff14"}
2026-09-05T20:39:41+00:00 INFO Central bulk source orders received. CONTEXT: {"store_id":"site1","received":20,"succeeded":20,"failed":0,"request_id":"257a887e-6599-40e2-a566-370575b874fe"}
2026-09-05T20:40:14+00:00 INFO Central bulk source orders received. CONTEXT: {"store_id":"site1","received":20,"succeeded":20,"failed":0,"request_id":"3529adda-6a15-4948-8a48-29167840ccc9"}
2026-09-05T20:40:30+00:00 INFO Central bulk source orders received. CONTEXT: {"store_id":"site1","received":20,"succeeded":20,"failed":0,"request_id":"9642604a-d7ce-4429-915c-5eca86c3cac2"}
2026-09-05T20:41:25+00:00 INFO Central bulk source orders received. CONTEXT: {"store_id":"site1","received":20,"succeeded":20,"failed":0,"request_id":"548c6d6f-9b14-4361-88f4-b0feca9ce9cc"}
2026-09-05T20:42:20+00:00 INFO Central bulk source orders received. CONTEXT: {"store_id":"site1","received":20,"succeeded":20,"failed":0,"request_id":"cdf53de2-d2e1-4b9d-8448-bef22271c310"}
2026-09-05T20:43:01+00:00 INFO Central bulk source orders received. CONTEXT: {"store_id":"site1","received":20,"succeeded":20,"failed":0,"request_id":"97215bfd-f3ba-4576-9c48-33b4e39fff69"}
2026-09-05T20:44:06+00:00 INFO Central bulk source orders received. CONTEXT: {"store_id":"site1","received":20,"succeeded":20,"failed":0,"request_id":"8b61b10a-77a0-4637-9f32-e6f259f16cf0"}
2026-09-05T20:45:03+00:00 INFO Central order received successfully. CONTEXT: {"store_id":"site1","source_order_id":380862,"central_order_id":7271,"request_id":"a9dd1a20-f266-4e40-b2d6-ee68a1033017","event":"orderupdated"}
2026-09-05T20:45:06+00:00 INFO Central bulk source orders received. CONTEXT: {"store_id":"site1","received":20,"succeeded":20,"failed":0,"request_id":"984f624e-3ee0-4f57-8910-915b4ff3245a"}
2026-09-05T20:45:35+00:00 INFO Central bulk source orders received. CONTEXT: {"store_id":"site1","received":20,"succeeded":20,"failed":0,"request_id":"abc5e2cd-6bc0-4075-862d-82de7f7b6cae"}
2026-09-05T20:46:01+00:00 INFO Central order received successfully. CONTEXT: {"store_id":"site1","source_order_id":380863,"central_order_id":7272,"request_id":"56e3ec16-563a-4ab8-8630-9a0a7795b399","event":"orderupdated"}
2026-09-05T20:46:04+00:00 INFO Central bulk source orders received. CONTEXT: {"store_id":"site1","received":20,"succeeded":20,"failed":0,"request_id":"72e54e8d-47d1-48cd-a24b-cfcb379735af"}
2026-09-05T20:46:24+00:00 INFO Central bulk source orders received. CONTEXT: {"store_id":"site1","received":20,"succeeded":20,"failed":0,"request_id":"3da204db-78f7-427f-b75e-e63b9f800626"}
2026-09-05T20:46:53+00:00 INFO Central bulk source orders received. CONTEXT: {"store_id":"site1","received":20,"succeeded":20,"failed":0,"request_id":"8a8c4e1b-ac66-4f32-96b7-9ad4e0c810bb"}
2026-09-05T20:47:18+00:00 INFO Central bulk source orders received. CONTEXT: {"store_id":"site1","received":20,"succeeded":20,"failed":0,"request_id":"c31149de-47ca-421c-bc43-b681d5f76f27"}
2026-09-05T20:47:44+00:00 INFO Central bulk source orders received. CONTEXT: {"store_id":"site1","received":20,"succeeded":20,"failed":0,"request_id":"267b5d3c-6c0a-4d9c-a73a-abc7eabb785f"}
2026-09-05T20:48:06+00:00 INFO Central bulk source orders received. CONTEXT: {"store_id":"site1","received":20,"succeeded":20,"failed":0,"request_id":"797424d9-c7c0-41e4-b329-5ef8e5f90a6b"}
2026-09-05T20:48:37+00:00 INFO Central bulk source orders received. CONTEXT: {"store_id":"site1","received":20,"succeeded":20,"failed":0,"request_id":"7635ed5a-17d0-4640-a8e3-9bea6abf8e94"}
2026-09-05T20:48:57+00:00 INFO Central bulk source orders received. CONTEXT: {"store_id":"site1","received":20,"succeeded":20,"failed":0,"request_id":"42b228db-cbcc-405a-9ff0-e30b35bfb506"}
2026-09-05T20:49:26+00:00 INFO Central bulk source orders received. CONTEXT: {"store_id":"site1","received":20,"succeeded":20,"failed":0,"request_id":"b97f2a34-1306-40a5-b502-2b4c95695d5b"}
2026-09-05T20:49:46+00:00 INFO Central bulk source orders received. CONTEXT: {"store_id":"site1","received":20,"succeeded":20,"failed":0,"request_id":"d7c15778-3f96-4406-a3e2-0d07ff91c311"}
2026-09-05T20:50:17+00:00 INFO Central bulk source orders received. CONTEXT: {"store_id":"site1","received":20,"succeeded":20,"failed":0,"request_id":"3a4fb906-dacf-45ce-886b-2a9096d4a2fc"}
2026-09-05T20:50:35+00:00 INFO Central bulk source orders received. CONTEXT: {"store_id":"site1","received":20,"succeeded":20,"failed":0,"request_id":"a09417db-ff74-4fd1-ac46-ef65ea748694"}
2026-09-05T20:51:08+00:00 INFO Central bulk source orders received. CONTEXT: {"store_id":"site1","received":20,"succeeded":20,"failed":0,"request_id":"702df0df-d6a1-4297-8ccb-71e9e93b2e6e"}
2026-09-05T20:51:25+00:00 INFO Central bulk source orders received. CONTEXT: {"store_id":"site1","received":20,"succeeded":20,"failed":0,"request_id":"cf1dc664-bf97-47a5-9796-f1436e354267"}
2026-09-05T20:52:00+00:00 INFO Central bulk source orders received. CONTEXT: {"store_id":"site1","received":20,"succeeded":20,"failed":0,"request_id":"84164e96-198b-47ab-9197-dc19090e2a08"}
2026-09-05T20:52:16+00:00 INFO Central bulk source orders received. CONTEXT: {"store_id":"site1","received":20,"succeeded":20,"failed":0,"request_id":"4e17baf3-7a34-4a79-ae39-fa3bc22ce08e"}
2026-09-05T20:52:49+00:00 INFO Central bulk source orders received. CONTEXT: {"store_id":"site1","received":20,"succeeded":20,"failed":0,"request_id":"f34624da-8dac-484b-8550-509375c5b14d"}
2026-09-05T20:53:05+00:00 INFO Central bulk source orders received. CONTEXT: {"store_id":"site1","received":20,"succeeded":20,"failed":0,"request_id":"a3dd529e-3c0d-4594-b2e7-5ea56007494d"}
2026-09-05T20:53:58+00:00 INFO Central bulk source orders received. CONTEXT: {"store_id":"site1","received":20,"succeeded":20,"failed":0,"request_id":"301a99bb-59c2-4f43-8789-80b68e8d65c4"}
2026-09-05T20:54:44+00:00 INFO Central order received successfully. CONTEXT: {"store_id":"site1","source_order_id":380864,"central_order_id":7274,"request_id":"285380d1-dd61-4ad1-962d-5ed66099f13e","event":"orderupdated"}
2026-09-05T20:54:47+00:00 INFO Central bulk source orders received. CONTEXT: {"store_id":"site1","received":20,"succeeded":20,"failed":0,"request_id":"1da27222-973a-474c-aab9-55095795c0b9"}
2026-09-05T20:54:51+00:00 INFO Central order received successfully. CONTEXT: {"store_id":"site1","source_order_id":380864,"central_order_id":7274,"request_id":"f711f31e-3f91-4f6f-bf12-12e132e2d348","event":"orderupdated"}
2026-09-05T20:55:32+00:00 INFO Central order received successfully. CONTEXT: {"store_id":"site1","source_order_id":380864,"central_order_id":7274,"request_id":"ec03cae3-73f7-4a59-b876-df9c12de871f","event":"orderupdated"}
2026-09-05T20:55:39+00:00 INFO Central bulk source orders received. CONTEXT: {"store_id":"site1","received":20,"succeeded":20,"failed":0,"request_id":"a3337e35-d749-4f53-abe4-3f5c86516945"}
2026-09-05T20:56:12+00:00 INFO Central order received successfully. CONTEXT: {"store_id":"site1","source_order_id":380864,"central_order_id":7274,"request_id":"bb58914d-7a0a-42a3-a1cb-b60014f7ef2a","event":"orderupdated"}
2026-09-05T20:56:28+00:00 INFO Central bulk source orders received. CONTEXT: {"store_id":"site1","received":20,"succeeded":20,"failed":0,"request_id":"4a9e7d47-75db-41fe-abfc-f23f2928d52a"}
2026-09-05T20:56:52+00:00 INFO Central order received successfully. CONTEXT: {"store_id":"site1","source_order_id":380864,"central_order_id":7274,"request_id":"b51121c1-6b41-409b-817b-f4a08483bfb3","event":"orderupdated"}
2026-09-05T20:57:07+00:00 INFO Central order received successfully. CONTEXT: {"store_id":"site1","source_order_id":380864,"central_order_id":7274,"request_id":"0a4793c5-8de0-4f6d-a454-10d61ea72708","event":"orderupdated"}
2026-09-05T20:57:20+00:00 INFO Central bulk source orders received. CONTEXT: {"store_id":"site1","received":20,"succeeded":20,"failed":0,"request_id":"55941426-4757-46fc-a232-84163de910d8"}
2026-09-05T20:57:47+00:00 INFO Central order received successfully. CONTEXT: {"store_id":"site1","source_order_id":380864,"central_order_id":7274,"request_id":"b44547ab-a2fc-4e7d-a045-a773456b5c8d","event":"orderupdated"}
2026-09-05T20:58:15+00:00 INFO Central bulk source orders received. CONTEXT: {"store_id":"site1","received":20,"succeeded":20,"failed":0,"request_id":"86d70945-374a-4c7e-9f3c-c877b73be19e"}
2026-09-05T20:58:28+00:00 INFO Central order received successfully. CONTEXT: {"store_id":"site1","source_order_id":380864,"central_order_id":7274,"request_id":"de8ebe1b-bc74-4157-a2f5-3f78b5de0d2d","event":"orderupdated"}
2026-09-05T20:59:05+00:00 INFO Central bulk source orders received. CONTEXT: {"store_id":"site1","received":20,"succeeded":20,"failed":0,"request_id":"c0ddf7c5-360c-41ca-9f5a-e03649460853"}
2026-09-05T20:59:07+00:00 INFO Central order received successfully. CONTEXT: {"store_id":"site1","source_order_id":380864,"central_order_id":7274,"request_id":"46040f2b-3ab9-4ae7-890a-19c90e77c06c","event":"orderupdated"}
2026-09-05T20:59:15+00:00 INFO Central bulk source orders received. CONTEXT: {"store_id":"site1","received":20,"succeeded":20,"failed":0,"request_id":"422cc3a4-ac8b-4ea7-a65e-f9db9f7f9a09"}
2026-09-05T20:59:48+00:00 INFO Central order received successfully. CONTEXT: {"store_id":"site1","source_order_id":380864,"central_order_id":7274,"request_id":"e3ae8417-b53e-4a6b-b465-22c35e04a52a","event":"orderupdated"}
2026-09-05T21:00:06+00:00 INFO Central bulk source orders received. CONTEXT: {"store_id":"site1","received":20,"succeeded":20,"failed":0,"request_id":"43923424-a3c6-4a66-a3a9-35688e808ed6"}
2026-09-05T21:00:24+00:00 INFO Central bulk source orders received. CONTEXT: {"store_id":"site1","received":20,"succeeded":20,"failed":0,"request_id":"34eeba92-df7c-40b2-971d-d9ba611cd5f6"}
2026-09-05T21:00:27+00:00 INFO Central order received successfully. CONTEXT: {"store_id":"site1","source_order_id":380864,"central_order_id":7274,"request_id":"c005fbcc-228f-42db-92f2-96d986fd540c","event":"orderupdated"}
2026-09-05T21:00:56+00:00 INFO Central bulk source orders received. CONTEXT: {"store_id":"site1","received":20,"succeeded":20,"failed":0,"request_id":"0483318d-45d8-4095-b4c6-4fb84ae0b90e"}
2026-09-05T21:01:04+00:00 INFO Central order received successfully. CONTEXT: {"store_id":"site1","source_order_id":380864,"central_order_id":7274,"request_id":"c9230b45-c77d-4d07-b180-1f87a183719f","event":"orderupdated"}
2026-09-05T21:01:13+00:00 INFO Central bulk source orders received. CONTEXT: {"store_id":"site1","received":20,"succeeded":20,"failed":0,"request_id":"9171816f-f4f8-4c1d-8ac9-be4177437d7f"}
2026-09-05T21:02:30+00:00 INFO Central order received successfully. CONTEXT: {"store_id":"site1","source_order_id":380864,"central_order_id":7274,"request_id":"3388b001-f585-4147-868d-09ddef77d43d","event":"orderupdated"}
2026-09-05T21:02:33+00:00 INFO Central bulk source orders received. CONTEXT: {"store_id":"site1","received":20,"succeeded":20,"failed":0,"request_id":"ef2f215b-f15c-4167-8653-bb0b0aa009be"}
2026-09-05T21:02:56+00:00 INFO Central bulk source orders received. CONTEXT: {"store_id":"site1","received":20,"succeeded":20,"failed":0,"request_id":"a4475c4c-56bf-4d46-8e40-ea8dbc697aa4"}
2026-09-05T21:03:20+00:00 INFO Central bulk source orders received. CONTEXT: {"store_id":"site1","received":20,"succeeded":20,"failed":0,"request_id":"4339e7d4-7e21-47a1-b86b-0de43556ea10"}
2026-09-05T21:04:52+00:00 INFO Central bulk source orders received. CONTEXT: {"store_id":"site1","received":20,"succeeded":20,"failed":0,"request_id":"5b9c8054-481d-4911-89ea-6fcff32ac54d"}
2026-09-05T21:05:42+00:00 INFO Central bulk source orders received. CONTEXT: {"store_id":"site1","received":20,"succeeded":20,"failed":0,"request_id":"bb21386d-0f84-4c5f-8366-a0bd2b2ac351"}
2026-09-05T21:06:34+00:00 INFO Central bulk source orders received. CONTEXT: {"store_id":"site1","received":20,"succeeded":20,"failed":0,"request_id":"1c39ed8b-d2e3-4470-9cf4-0ed4181bd155"}
2026-09-05T21:07:23+00:00 INFO Central bulk source orders received. CONTEXT: {"store_id":"site1","received":20,"succeeded":20,"failed":0,"request_id":"47f9b3b4-2a96-4c6b-b96e-43b2761f58f8"}
2026-09-05T21:08:11+00:00 INFO Central bulk source orders received. CONTEXT: {"store_id":"site1","received":20,"succeeded":20,"failed":0,"request_id":"c2854fd2-1910-4882-bdc8-eb769a84c844"}
2026-09-05T21:09:02+00:00 INFO Central bulk source orders received. CONTEXT: {"store_id":"site1","received":20,"succeeded":20,"failed":0,"request_id":"047fba49-38ba-4970-b487-6e11ece0c541"}
2026-09-05T21:09:57+00:00 INFO Central bulk source orders received. CONTEXT: {"store_id":"site1","received":20,"succeeded":20,"failed":0,"request_id":"54306093-be7a-4a72-abea-5fd2e5d8d8cc"}
2026-09-05T21:10:51+00:00 INFO Central bulk source orders received. CONTEXT: {"store_id":"site1","received":20,"succeeded":20,"failed":0,"request_id":"b0901c39-41af-4962-97d0-89d6c7c63587"}
2026-09-05T21:11:39+00:00 INFO Central bulk source orders received. CONTEXT: {"store_id":"site1","received":20,"succeeded":20,"failed":0,"request_id":"f4be3c46-15c3-4ede-b34c-31c27639d3f7"}
2026-09-05T21:12:33+00:00 INFO Central bulk source orders received. CONTEXT: {"store_id":"site1","received":20,"succeeded":20,"failed":0,"request_id":"e7f2d5fc-a1bd-4962-902c-3c440eab9170"}
2026-09-05T21:13:04+00:00 INFO Central bulk source orders received. CONTEXT: {"store_id":"site1","received":20,"succeeded":20,"failed":0,"request_id":"ffdd797c-8626-4180-9204-170d23b3c1f2"}
2026-09-05T21:13:23+00:00 INFO Central bulk source orders received. CONTEXT: {"store_id":"site1","received":20,"succeeded":20,"failed":0,"request_id":"57daa915-5d5a-4daa-ba38-d0c214f5b4d0"}
2026-09-05T21:13:53+00:00 INFO Central bulk source orders received. CONTEXT: {"store_id":"site1","received":20,"succeeded":20,"failed":0,"request_id":"b18e4849-087c-46c5-9e69-b3291401502a"}
2026-09-05T21:14:12+00:00 INFO Central bulk source orders received. CONTEXT: {"store_id":"site1","received":20,"succeeded":20,"failed":0,"request_id":"ad0598d4-9b55-440a-9ff2-f7ee30018fdf"}
2026-09-05T21:14:42+00:00 INFO Central bulk source orders received. CONTEXT: {"store_id":"site1","received":20,"succeeded":20,"failed":0,"request_id":"3b984ffa-ba7b-4448-93f0-1565dc72f7a8"}
2026-09-05T21:15:03+00:00 INFO Central bulk source orders received. CONTEXT: {"store_id":"site1","received":20,"succeeded":20,"failed":0,"request_id":"68384313-06b1-441b-86f7-d37f31684c64"}
2026-09-05T21:15:38+00:00 INFO Central bulk source orders received. CONTEXT: {"store_id":"site1","received":20,"succeeded":20,"failed":0,"request_id":"9fa333ab-65ee-4c62-935f-7f5a14edbeb2"}
2026-09-05T21:25:18+00:00 INFO Central order received successfully. CONTEXT: {"store_id":"site1","source_order_id":380865,"central_order_id":7276,"request_id":"1911ae92-2876-4f0f-91be-e162c159497c","event":"orderupdated"}
2026-09-05T21:25:55+00:00 INFO Central order received successfully. CONTEXT: {"store_id":"site1","source_order_id":380865,"central_order_id":7276,"request_id":"65413018-3d37-4a38-b704-43ee0796ec1d","event":"orderupdated"}
2026-09-05T21:26:32+00:00 INFO Central order received successfully. CONTEXT: {"store_id":"site1","source_order_id":380865,"central_order_id":7276,"request_id":"cb7a0f86-1509-43dd-a2be-a4a3993db04c","event":"orderupdated"}
2026-09-05T21:28:06+00:00 INFO Central bulk source orders received. CONTEXT: {"store_id":"site1","received":20,"succeeded":20,"failed":0,"request_id":"bb6c9a3e-18e4-438f-8b8e-640230d00c7d"}
2026-09-05T21:28:15+00:00 INFO Central bulk source orders received. CONTEXT: {"store_id":"site1","received":20,"succeeded":20,"failed":0,"request_id":"eb656314-4e43-4950-aa28-7452ec0d29ba"}
2026-09-05T21:28:53+00:00 INFO Central order received successfully. CONTEXT: {"store_id":"site1","source_order_id":380865,"central_order_id":7276,"request_id":"8350ab2e-e1a0-420b-8e50-ffce47ef444e","event":"orderupdated"}
2026-09-05T21:28:59+00:00 INFO Central bulk source orders received. CONTEXT: {"store_id":"site1","received":20,"succeeded":20,"failed":0,"request_id":"c2e24d9c-ebc3-400e-86db-a50ff06bbed1"}
2026-09-05T21:29:22+00:00 INFO Central bulk source orders received. CONTEXT: {"store_id":"site1","received":20,"succeeded":20,"failed":0,"request_id":"9fa68c2d-3c0c-4e29-a022-0cb3315a58b7"}
2026-09-05T21:29:32+00:00 INFO Central order received successfully. CONTEXT: {"store_id":"site1","source_order_id":380865,"central_order_id":7276,"request_id":"f86ac5aa-70e0-4cee-9392-39d74816da55","event":"orderupdated"}
2026-09-05T21:29:49+00:00 INFO Central bulk source orders received. CONTEXT: {"store_id":"site1","received":20,"succeeded":20,"failed":0,"request_id":"ba6a8343-7d03-4493-b358-6645d9806761"}
2026-09-05T21:30:08+00:00 INFO Central order received successfully. CONTEXT: {"store_id":"site1","source_order_id":380865,"central_order_id":7276,"request_id":"d25c8541-24a1-4e4c-af7b-595c4d884715","event":"orderupdated"}
2026-09-05T21:30:15+00:00 INFO Central bulk source orders received. CONTEXT: {"store_id":"site1","received":20,"succeeded":20,"failed":0,"request_id":"3d3090dd-cffe-412b-8351-ab46a1a1b407"}
2026-09-05T21:30:38+00:00 INFO Central bulk source orders received. CONTEXT: {"store_id":"site1","received":20,"succeeded":20,"failed":0,"request_id":"d2f3b075-fb6c-43ff-b0e3-1c2ac910ab34"}
2026-09-05T21:30:48+00:00 INFO Central order received successfully. CONTEXT: {"store_id":"site1","source_order_id":380865,"central_order_id":7276,"request_id":"76a8acf1-f397-4c7c-9a75-c7bb314ecdd7","event":"orderupdated"}
2026-09-05T21:31:04+00:00 INFO Central bulk source orders received. CONTEXT: {"store_id":"site1","received":20,"succeeded":20,"failed":0,"request_id":"6b1af702-1e3a-41ac-8f5d-c78be1d977e4"}
2026-09-05T21:43:43+00:00 INFO Central order received successfully. CONTEXT: {"store_id":"site1","source_order_id":380865,"central_order_id":7276,"request_id":"ec673d4b-4540-4081-9f6a-b65d953e577a","event":"orderupdated"}
2026-09-05T21:43:45+00:00 INFO Central bulk source orders received. CONTEXT: {"store_id":"site1","received":20,"succeeded":20,"failed":0,"request_id":"b38742e8-0c36-43f6-b386-5ff5b1abc6e8"}
2026-09-05T21:43:57+00:00 INFO Central order received successfully. CONTEXT: {"store_id":"site1","source_order_id":380866,"central_order_id":7277,"request_id":"1b66d592-b493-4438-8ea5-9c35b14455ea","event":"orderupdated"}
2026-09-05T21:44:29+00:00 INFO Central order received successfully. CONTEXT: {"store_id":"site1","source_order_id":380866,"central_order_id":7277,"request_id":"b0753ccb-6e1e-4f9c-b7e5-06e7cf49908a","event":"orderupdated"}
2026-09-05T21:44:37+00:00 INFO Central bulk source orders received. CONTEXT: {"store_id":"site1","received":20,"succeeded":20,"failed":0,"request_id":"df7e68d8-2ff3-46fc-a7f7-a8d2efbdda81"}
2026-09-05T21:45:07+00:00 INFO Central order received successfully. CONTEXT: {"store_id":"site1","source_order_id":380866,"central_order_id":7277,"request_id":"196fe154-20bb-4d97-baca-cc12e2809cb8","event":"orderupdated"}
2026-09-05T21:45:29+00:00 INFO Central bulk source orders received. CONTEXT: {"store_id":"site1","received":20,"succeeded":20,"failed":0,"request_id":"81c3f067-2397-4484-96ec-9f240a0c1455"}
2026-09-05T21:45:44+00:00 INFO Central order received successfully. CONTEXT: {"store_id":"site1","source_order_id":380866,"central_order_id":7277,"request_id":"f8f9e79b-d7a6-4e66-8a85-d355037c256c","event":"orderupdated"}
2026-09-05T21:46:05+00:00 INFO Central bulk source orders received. CONTEXT: {"store_id":"site1","received":20,"succeeded":20,"failed":0,"request_id":"c4ec694b-8ae7-48a0-bf9e-aa97df649cdf"}
2026-09-05T21:46:13+00:00 INFO Central bulk source orders received. CONTEXT: {"store_id":"site1","received":20,"succeeded":20,"failed":0,"request_id":"df3814f3-1860-4f47-9fa4-b8963b61f268"}
2026-09-05T21:46:25+00:00 INFO Central order received successfully. CONTEXT: {"store_id":"site1","source_order_id":380866,"central_order_id":7277,"request_id":"f86ec04d-9d56-49d9-8b3e-b9f33c96b7b5","event":"orderupdated"}
2026-09-05T21:47:03+00:00 INFO Central order received successfully. CONTEXT: {"store_id":"site1","source_order_id":380866,"central_order_id":7277,"request_id":"01724cbf-2609-4af6-acf8-939845db6669","event":"orderupdated"}
2026-09-05T21:47:06+00:00 INFO Central bulk source orders received. CONTEXT: {"store_id":"site1","received":20,"succeeded":20,"failed":0,"request_id":"9d5aaf42-1ed6-4079-9d67-d401170d915b"}
2026-09-05T21:47:31+00:00 INFO Central order received successfully. CONTEXT: {"store_id":"site1","source_order_id":380867,"central_order_id":7278,"request_id":"825b5107-1645-419e-887d-847f43208873","event":"orderupdated"}
2026-09-05T21:47:58+00:00 INFO Central bulk source orders received. CONTEXT: {"store_id":"site1","received":20,"succeeded":20,"failed":0,"request_id":"6d60e4c2-7316-4b54-80ed-8a4ecacf0dfd"}
2026-09-05T21:48:10+00:00 INFO Central order received successfully. CONTEXT: {"store_id":"site1","source_order_id":380867,"central_order_id":7278,"request_id":"1631a515-5297-4819-8d84-5ac597f7f393","event":"orderupdated"}
2026-09-05T21:48:22+00:00 INFO Central bulk source orders received. CONTEXT: {"store_id":"site1","received":20,"succeeded":20,"failed":0,"request_id":"6347df12-b77f-41af-8a76-5bf452ad7742"}
2026-09-05T21:48:54+00:00 INFO Central order received successfully. CONTEXT: {"store_id":"site1","source_order_id":380867,"central_order_id":7278,"request_id":"116bc5fd-d1c5-4c2d-982e-703f011012fe","event":"orderupdated"}
2026-09-05T21:49:11+00:00 INFO Central bulk source orders received. CONTEXT: {"store_id":"site1","received":20,"succeeded":20,"failed":0,"request_id":"56e3fb2a-d813-47ab-b2a6-2dd5f28d3c49"}
2026-09-05T21:49:33+00:00 INFO Central order received successfully. CONTEXT: {"store_id":"site1","source_order_id":380867,"central_order_id":7278,"request_id":"492d3584-bca1-4ef2-8a8d-3abe45b3d859","event":"orderupdated"}
2026-09-05T21:50:02+00:00 INFO Central bulk source orders received. CONTEXT: {"store_id":"site1","received":20,"succeeded":20,"failed":0,"request_id":"13324874-a06e-4ff3-94d9-0fce23d9e9d6"}
2026-09-05T21:50:14+00:00 INFO Central order received successfully. CONTEXT: {"store_id":"site1","source_order_id":380867,"central_order_id":7278,"request_id":"8bbe90c2-bbfa-4ca0-9166-f47113fc1733","event":"orderupdated"}
2026-09-05T21:50:56+00:00 INFO Central bulk source orders received. CONTEXT: {"store_id":"site1","received":20,"succeeded":20,"failed":0,"request_id":"df2a078e-af3d-48ce-b820-47eb85a7b77a"}
2026-09-05T21:51:45+00:00 INFO Central bulk source orders received. CONTEXT: {"store_id":"site1","received":20,"succeeded":20,"failed":0,"request_id":"0294be00-c06b-4c78-82e1-bb1de4935c67"}
2026-09-05T21:52:09+00:00 INFO Central bulk source orders received. CONTEXT: {"store_id":"site1","received":20,"succeeded":20,"failed":0,"request_id":"6a9b6cae-f197-47b2-aa69-7fc49c954e4e"}
2026-09-05T21:52:36+00:00 INFO Central bulk source orders received. CONTEXT: {"store_id":"site1","received":20,"succeeded":20,"failed":0,"request_id":"009a4b2d-a08f-4949-a289-b5a0a010c388"}
2026-09-05T21:53:30+00:00 INFO Central bulk source orders received. CONTEXT: {"store_id":"site1","received":20,"succeeded":20,"failed":0,"request_id":"56263023-fab9-4aab-8a7f-dc1765313540"}
2026-09-05T21:53:50+00:00 INFO Central bulk source orders received. CONTEXT: {"store_id":"site1","received":20,"succeeded":20,"failed":0,"request_id":"bad968ef-a8e3-4aa1-b6df-a6c5deda28d3"}
2026-09-05T21:54:14+00:00 INFO Central bulk source orders received. CONTEXT: {"store_id":"site1","received":20,"succeeded":20,"failed":0,"request_id":"89f51b82-9fe6-4a77-b244-4a478a0fb003"}
2026-09-05T21:55:48+00:00 INFO Central bulk source orders received. CONTEXT: {"store_id":"site1","received":20,"succeeded":20,"failed":0,"request_id":"f9fc919f-185a-44de-bee8-c334ee6e36a7"}
2026-09-05T21:56:11+00:00 INFO Central bulk source orders received. CONTEXT: {"store_id":"site1","received":20,"succeeded":20,"failed":0,"request_id":"fd8c03e3-1fe1-427a-8330-8a18e0983635"}
2026-09-05T21:56:39+00:00 INFO Central bulk source orders received. CONTEXT: {"store_id":"site1","received":20,"succeeded":20,"failed":0,"request_id":"2960ca43-ddba-4c3f-8594-2f7aeeadcc91"}
2026-09-05T21:57:01+00:00 INFO Central bulk source orders received. CONTEXT: {"store_id":"site1","received":20,"succeeded":20,"failed":0,"request_id":"edad1020-4c45-49c2-a9fd-a764db10b011"}
2026-09-05T22:02:33+00:00 INFO Central bulk source orders received. CONTEXT: {"store_id":"site1","received":20,"succeeded":20,"failed":0,"request_id":"f139a6f3-45e1-4e77-a003-0da049a8ec32"}
2026-09-05T22:03:25+00:00 INFO Central bulk source orders received. CONTEXT: {"store_id":"site1","received":20,"succeeded":20,"failed":0,"request_id":"06ec6865-122c-4010-bef9-8023775052b4"}
2026-09-05T22:04:16+00:00 INFO Central bulk source orders received. CONTEXT: {"store_id":"site1","received":20,"succeeded":20,"failed":0,"request_id":"50d0be1c-1c49-4635-a80d-e93c4b2e47b9"}
2026-09-05T22:05:04+00:00 INFO Central bulk source orders received. CONTEXT: {"store_id":"site1","received":20,"succeeded":20,"failed":0,"request_id":"af355bd0-9178-4c8d-b3e2-0bf445d10ca8"}
2026-09-05T22:05:54+00:00 INFO Central bulk source orders received. CONTEXT: {"store_id":"site1","received":20,"succeeded":20,"failed":0,"request_id":"b10ad96d-95a6-4c80-afb9-6fec86630944"}
2026-09-05T22:06:44+00:00 INFO Central bulk source orders received. CONTEXT: {"store_id":"site1","received":20,"succeeded":20,"failed":0,"request_id":"ba021f13-8dda-4580-979c-cddd45d42199"}
2026-09-05T22:06:46+00:00 INFO Central order received successfully. CONTEXT: {"store_id":"site1","source_order_id":380868,"central_order_id":7279,"request_id":"fe0deda3-a491-48c9-8be5-b6da4063c1ff","event":"orderupdated"}
2026-09-05T22:06:54+00:00 INFO Central order received successfully. CONTEXT: {"store_id":"site1","source_order_id":380868,"central_order_id":7279,"request_id":"536d4bbf-1bf7-44cc-a63d-59b65617017a","event":"orderupdated"}
2026-09-05T22:07:24+00:00 INFO Central order received successfully. CONTEXT: {"store_id":"site1","source_order_id":380868,"central_order_id":7279,"request_id":"29919ca2-1920-4f72-86e3-d73f25fcc956","event":"orderupdated"}
2026-09-05T22:07:31+00:00 INFO Central order received successfully. CONTEXT: {"store_id":"site1","source_order_id":380868,"central_order_id":7279,"request_id":"360803c9-dded-4911-ab0c-dc1a2a8fbd14","event":"orderupdated"}
2026-09-05T22:07:33+00:00 INFO Central bulk source orders received. CONTEXT: {"store_id":"site1","received":20,"succeeded":20,"failed":0,"request_id":"0be143be-5581-4d33-b17d-6108a22885ba"}
2026-09-05T22:07:59+00:00 INFO Central order received successfully. CONTEXT: {"store_id":"site1","source_order_id":380868,"central_order_id":7279,"request_id":"09dee96e-6f78-473e-9038-526db6239ad0","event":"orderupdated"}
2026-09-05T22:08:22+00:00 INFO Central bulk source orders received. CONTEXT: {"store_id":"site1","received":20,"succeeded":20,"failed":0,"request_id":"5f95310b-c471-4e33-bc9f-e09f26a6d9fb"}
2026-09-05T22:08:38+00:00 INFO Central order received successfully. CONTEXT: {"store_id":"site1","source_order_id":380868,"central_order_id":7279,"request_id":"22c68b4e-5487-4dcf-a143-9353642fa0a7","event":"orderupdated"}
2026-09-05T22:08:48+00:00 INFO Central order received successfully. CONTEXT: {"store_id":"site1","source_order_id":380869,"central_order_id":7280,"request_id":"013d1890-fcdd-4b66-81d2-a5ed719c8ab0","event":"orderupdated"}
2026-09-05T22:09:14+00:00 INFO Central bulk source orders received. CONTEXT: {"store_id":"site1","received":20,"succeeded":20,"failed":0,"request_id":"7ebfb12c-bd2a-4b5d-bc88-b374fe839b5f"}
2026-09-05T22:09:16+00:00 INFO Central order received successfully. CONTEXT: {"store_id":"site1","source_order_id":380868,"central_order_id":7279,"request_id":"87ac1b6b-69f5-4a76-b3c7-3ac6da10b295","event":"orderupdated"}
2026-09-05T22:09:26+00:00 INFO Central order received successfully. CONTEXT: {"store_id":"site1","source_order_id":380869,"central_order_id":7280,"request_id":"d16015e2-d1f7-4fee-800e-582e29106ad7","event":"orderupdated"}
2026-09-05T22:09:54+00:00 INFO Central order received successfully. CONTEXT: {"store_id":"site1","source_order_id":380868,"central_order_id":7279,"request_id":"709807a1-7bd1-4d19-96f3-b312242b7264","event":"orderupdated"}
2026-09-05T22:10:05+00:00 INFO Central bulk source orders received. CONTEXT: {"store_id":"site1","received":20,"succeeded":20,"failed":0,"request_id":"1ab827d3-7482-491e-8da7-3252a4132a93"}
2026-09-05T22:10:12+00:00 INFO Central order received successfully. CONTEXT: {"store_id":"site1","source_order_id":380870,"central_order_id":7281,"request_id":"4a5123b2-cc7a-4c2a-97f3-36275089615f","event":"orderupdated"}
2026-09-05T22:10:15+00:00 INFO Central bulk source orders received. CONTEXT: {"store_id":"site1","received":20,"succeeded":20,"failed":0,"request_id":"5ed70331-db8e-48b4-b784-1f55023a897d"}
2026-09-05T22:12:58+00:00 INFO Central bulk source orders received. CONTEXT: {"store_id":"site1","received":20,"succeeded":20,"failed":0,"request_id":"ba6304d0-30aa-4ee5-825b-5b2b99eb0427"}
2026-09-05T22:13:12+00:00 INFO Central order received successfully. CONTEXT: {"store_id":"site1","source_order_id":380868,"central_order_id":7279,"request_id":"404a6c6a-6bd8-4bc6-98fb-f1a420cf3319","event":"orderupdated"}
2026-09-05T22:13:32+00:00 INFO Central bulk source orders received. CONTEXT: {"store_id":"site1","received":20,"succeeded":20,"failed":0,"request_id":"c4c35acc-5cde-476f-b4d9-3d880d5cd92c"}
2026-09-05T22:13:49+00:00 INFO Central bulk source orders received. CONTEXT: {"store_id":"site1","received":20,"succeeded":20,"failed":0,"request_id":"55fcc6b1-0734-4853-9d4c-ebf465b00f21"}
2026-09-05T22:14:12+00:00 INFO Central bulk source orders received. CONTEXT: {"store_id":"site1","received":20,"succeeded":20,"failed":0,"request_id":"dda91aa5-76de-4c45-98e7-8d9dac105308"}
2026-09-05T22:15:21+00:00 INFO Central bulk source orders received. CONTEXT: {"store_id":"site1","received":19,"succeeded":19,"failed":0,"request_id":"7cd6885b-1afb-4372-ab5f-f5734d204196"}
2026-09-05T22:15:49+00:00 INFO Central bulk source orders received. CONTEXT: {"store_id":"site1","received":20,"succeeded":20,"failed":0,"request_id":"457dfff8-87ca-467b-b5dd-1d1629d3057a"}
2026-09-05T22:16:11+00:00 INFO Central bulk source orders received. CONTEXT: {"store_id":"site1","received":19,"succeeded":19,"failed":0,"request_id":"4672e77a-45ef-45a4-96fd-8db928ccad24"}
2026-09-05T22:34:36+00:00 INFO Central bulk source orders received. CONTEXT: {"store_id":"site1","received":20,"succeeded":20,"failed":0,"request_id":"f7bcf97d-1e24-45a4-a9cf-3df3bb80e6bb"}
2026-09-05T22:35:29+00:00 INFO Central bulk source orders received. CONTEXT: {"store_id":"site1","received":20,"succeeded":20,"failed":0,"request_id":"41eee993-025f-4252-af11-a54e573efa1b"}
2026-09-05T22:36:18+00:00 INFO Central bulk source orders received. CONTEXT: {"store_id":"site1","received":20,"succeeded":20,"failed":0,"request_id":"18e0c803-fa6f-47a5-a68b-e164df9d803d"}
2026-09-05T22:36:56+00:00 INFO Central order received successfully. CONTEXT: {"store_id":"site1","source_order_id":380871,"central_order_id":7283,"request_id":"c2288485-89d7-4ee5-90ce-529c47023d5b","event":"orderupdated"}
2026-09-05T22:37:06+00:00 INFO Central bulk source orders received. CONTEXT: {"store_id":"site1","received":20,"succeeded":20,"failed":0,"request_id":"82efcc68-ab5c-43da-a38c-443f7c7c51f0"}
2026-09-05T22:37:35+00:00 INFO Central bulk source orders received. CONTEXT: {"store_id":"site1","received":20,"succeeded":20,"failed":0,"request_id":"8b2be269-b4d0-4472-aa0e-477a8db63476"}
2026-09-05T22:37:37+00:00 INFO Central order received successfully. CONTEXT: {"store_id":"site1","source_order_id":380871,"central_order_id":7283,"request_id":"c229de84-2843-4c65-8710-d2c8c13b507d","event":"orderupdated"}
2026-09-05T22:37:55+00:00 INFO Central bulk source orders received. CONTEXT: {"store_id":"site1","received":20,"succeeded":20,"failed":0,"request_id":"6e69e686-b7c7-4e4e-8118-e856b4331e4f"}
2026-09-05T22:38:26+00:00 INFO Central bulk source orders received. CONTEXT: {"store_id":"site1","received":20,"succeeded":20,"failed":0,"request_id":"795b157a-f9d7-4906-9d39-b8f0e155d887"}
2026-09-05T22:39:18+00:00 INFO Central bulk source orders received. CONTEXT: {"store_id":"site1","received":20,"succeeded":20,"failed":0,"request_id":"5ad4dc28-3e6a-4d6d-b7ae-a740cc86b5f3"}
2026-09-05T22:39:36+00:00 INFO Central order received successfully. CONTEXT: {"store_id":"site1","source_order_id":380871,"central_order_id":7283,"request_id":"1e05c6c9-8f62-4b1e-9789-2672019c28cb","event":"orderupdated"}
2026-09-05T22:40:05+00:00 INFO Central bulk source orders received. CONTEXT: {"store_id":"site1","received":20,"succeeded":20,"failed":0,"request_id":"616eb045-b2eb-44d2-be17-60f3119dd0fd"}
2026-09-05T22:41:30+00:00 INFO Central bulk source orders received. CONTEXT: {"store_id":"site1","received":20,"succeeded":20,"failed":0,"request_id":"6705245b-1915-4d23-97e0-e5e9b9fc8689"}
2026-09-05T22:41:43+00:00 INFO Central order received successfully. CONTEXT: {"store_id":"site1","source_order_id":380872,"central_order_id":7285,"request_id":"081ad414-8c76-4525-80b1-6502d863a364","event":"orderupdated"}
2026-09-05T22:41:49+00:00 INFO Central bulk source orders received. CONTEXT: {"store_id":"site1","received":20,"succeeded":20,"failed":0,"request_id":"46a8b2ae-9381-4442-95c0-a7de2daaee01"}
2026-09-05T23:02:05+00:00 INFO Central bulk source orders received. CONTEXT: {"store_id":"site1","received":20,"succeeded":20,"failed":0,"request_id":"b6e4f00b-034c-41d2-93e6-cd354f687a3a"}
2026-09-05T23:02:10+00:00 INFO Central order received successfully. CONTEXT: {"store_id":"site1","source_order_id":380872,"central_order_id":7285,"request_id":"2581b371-9cf3-4faf-ace9-1d5d8a858534","event":"orderupdated"}
2026-09-05T23:02:13+00:00 INFO Central order received successfully. CONTEXT: {"store_id":"site1","source_order_id":380872,"central_order_id":7285,"request_id":"5350be39-ac7a-460d-9500-0f82e80b9dfc","event":"orderupdated"}
2026-09-05T23:02:51+00:00 INFO Central order received successfully. CONTEXT: {"store_id":"site1","source_order_id":380872,"central_order_id":7285,"request_id":"505964b7-1f77-4ade-ae97-6dcff5c3400d","event":"orderupdated"}
2026-09-05T23:02:56+00:00 INFO Central bulk source orders received. CONTEXT: {"store_id":"site1","received":20,"succeeded":20,"failed":0,"request_id":"441606f0-bf80-46b0-a574-181a3d59adc1"}
2026-09-05T23:03:31+00:00 INFO Central order received successfully. CONTEXT: {"store_id":"site1","source_order_id":380872,"central_order_id":7285,"request_id":"ce2a12dc-fdba-4673-a389-d52d315ef79f","event":"orderupdated"}
2026-09-05T23:03:45+00:00 INFO Central bulk source orders received. CONTEXT: {"store_id":"site1","received":20,"succeeded":20,"failed":0,"request_id":"5a9b556a-8e00-467e-9944-bf483a666a87"}
2026-09-05T23:04:09+00:00 INFO Central order received successfully. CONTEXT: {"store_id":"site1","source_order_id":380872,"central_order_id":7285,"request_id":"4cc4e381-bd74-41ba-a627-ac084abf8129","event":"orderupdated"}
2026-09-05T23:04:38+00:00 INFO Central bulk source orders received. CONTEXT: {"store_id":"site1","received":20,"succeeded":20,"failed":0,"request_id":"81d67b26-df7f-46ad-8844-2226f356af2c"}
2026-09-05T23:04:46+00:00 INFO Central order received successfully. CONTEXT: {"store_id":"site1","source_order_id":380872,"central_order_id":7285,"request_id":"80af1ed9-42d1-409f-b8d5-c882c1561a1f","event":"orderupdated"}
2026-09-05T23:04:59+00:00 INFO Central bulk source orders received. CONTEXT: {"store_id":"site1","received":20,"succeeded":20,"failed":0,"request_id":"aa3d2e4d-b7b5-4349-abe1-58c7b581c128"}
2026-09-05T23:05:25+00:00 INFO Central order received successfully. CONTEXT: {"store_id":"site1","source_order_id":380872,"central_order_id":7285,"request_id":"b90580b2-dc63-4498-8072-c40e5c80d213","event":"orderupdated"}
2026-09-05T23:05:26+00:00 INFO Central bulk source orders received. CONTEXT: {"store_id":"site1","received":20,"succeeded":20,"failed":0,"request_id":"cca303b3-f311-461c-8754-adb678ba7ef9"}
2026-09-05T23:05:48+00:00 INFO Central bulk source orders received. CONTEXT: {"store_id":"site1","received":20,"succeeded":20,"failed":0,"request_id":"f800a792-66c3-4675-b691-43e2ba4fe306"}
2026-09-05T23:06:04+00:00 INFO Central order received successfully. CONTEXT: {"store_id":"site1","source_order_id":380872,"central_order_id":7285,"request_id":"8bd4bba0-017d-4c5b-bcc0-fab79600e757","event":"orderupdated"}
2026-09-05T23:06:05+00:00 INFO Central order received successfully. CONTEXT: {"store_id":"site1","source_order_id":380872,"central_order_id":7285,"request_id":"7e8a7984-74ad-4e99-9359-0392262dbcec","event":"orderupdated"}
2026-09-05T23:06:15+00:00 INFO Central bulk source orders received. CONTEXT: {"store_id":"site1","received":20,"succeeded":20,"failed":0,"request_id":"ec5bba30-a8a0-45e3-b55a-932a6757e689"}
2026-09-05T23:06:38+00:00 INFO Central bulk source orders received. CONTEXT: {"store_id":"site1","received":20,"succeeded":20,"failed":0,"request_id":"7fff129d-64c1-4672-bd7f-143886cb1893"}
2026-09-05T23:06:43+00:00 INFO Central order received successfully. CONTEXT: {"store_id":"site1","source_order_id":380872,"central_order_id":7285,"request_id":"6e9975be-e381-48c0-ab32-f6f6db3a6752","event":"orderupdated"}
2026-09-05T23:07:03+00:00 INFO Central bulk source orders received. CONTEXT: {"store_id":"site1","received":20,"succeeded":20,"failed":0,"request_id":"2f4a6998-7266-482d-96d2-8c25aa049fe1"}
2026-09-05T23:07:20+00:00 INFO Central order received successfully. CONTEXT: {"store_id":"site1","source_order_id":380872,"central_order_id":7285,"request_id":"44f716ad-f0aa-4178-aca9-4c71b2531905","event":"orderupdated"}
2026-09-05T23:07:22+00:00 INFO Central bulk source orders received. CONTEXT: {"store_id":"site1","received":20,"succeeded":20,"failed":0,"request_id":"57a5b001-d9eb-4d8d-be80-8d1887c70992"}
2026-09-05T23:08:04+00:00 INFO Central bulk source orders received. CONTEXT: {"store_id":"site1","received":20,"succeeded":20,"failed":0,"request_id":"3a01b5fb-21d2-452d-a2e1-26da78924713"}
2026-09-05T23:08:12+00:00 INFO Central order received successfully. CONTEXT: {"store_id":"site1","source_order_id":380872,"central_order_id":7285,"request_id":"e7e0c955-3b16-4e1e-b349-e7f601ec2b21","event":"orderupdated"}
2026-09-05T23:18:39+00:00 INFO Central bulk source orders received. CONTEXT: {"store_id":"site1","received":20,"succeeded":20,"failed":0,"request_id":"3451ffe3-1590-42fe-b898-27f0f56804c9"}
2026-09-05T23:19:27+00:00 INFO Central bulk source orders received. CONTEXT: {"store_id":"site1","received":20,"succeeded":20,"failed":0,"request_id":"1c28c85f-4e68-4ee2-b5df-840a116d9f00"}
2026-09-05T23:20:05+00:00 INFO Central bulk source orders received. CONTEXT: {"store_id":"site1","received":20,"succeeded":20,"failed":0,"request_id":"f9cba3ff-e6e3-4179-9821-3ca290155d58"}
2026-09-05T23:20:15+00:00 INFO Central bulk source orders received. CONTEXT: {"store_id":"site1","received":19,"succeeded":19,"failed":0,"request_id":"a0b36892-2786-4160-b43e-b142792716e9"}
2026-09-05T23:21:04+00:00 INFO Central bulk source orders received. CONTEXT: {"store_id":"site1","received":19,"succeeded":19,"failed":0,"request_id":"1f4a3406-357c-4a96-b063-76871afa8cb0"}
2026-09-05T23:21:28+00:00 INFO Central bulk source orders received. CONTEXT: {"store_id":"site1","received":20,"succeeded":20,"failed":0,"request_id":"1be6b737-ff49-46e3-aa98-c60b0120f7d1"}
2026-09-05T23:21:53+00:00 INFO Central bulk source orders received. CONTEXT: {"store_id":"site1","received":19,"succeeded":19,"failed":0,"request_id":"29c25d30-9212-4103-aebb-345747d2111c"}
2026-09-05T23:22:17+00:00 INFO Central bulk source orders received. CONTEXT: {"store_id":"site1","received":20,"succeeded":20,"failed":0,"request_id":"675c894f-9cf7-4793-822c-7290b49a66ae"}
2026-09-05T23:22:43+00:00 INFO Central bulk source orders received. CONTEXT: {"store_id":"site1","received":19,"succeeded":19,"failed":0,"request_id":"211aa60b-4fde-45f6-9f48-4bcd9e802c92"}
2026-09-05T23:23:05+00:00 INFO Central bulk source orders received. CONTEXT: {"store_id":"site1","received":20,"succeeded":20,"failed":0,"request_id":"49758712-7e84-4ad2-a677-07c65b21fc0c"}
2026-09-05T23:23:15+00:00 INFO Central bulk source orders received. CONTEXT: {"store_id":"site1","received":20,"succeeded":20,"failed":0,"request_id":"72a2cbb5-955a-4457-80ee-360fa38f4eb5"}
2026-09-05T23:23:33+00:00 INFO Central bulk source orders received. CONTEXT: {"store_id":"site1","received":19,"succeeded":19,"failed":0,"request_id":"391f4bf1-2652-4177-832e-78c876a00858"}
2026-09-05T23:24:04+00:00 INFO Central bulk source orders received. CONTEXT: {"store_id":"site1","received":20,"succeeded":20,"failed":0,"request_id":"0d21d120-c792-4e80-ad91-effce6fdacf3"}
2026-09-05T23:24:12+00:00 INFO Central bulk source orders received. CONTEXT: {"store_id":"site1","received":20,"succeeded":20,"failed":0,"request_id":"78b3f84b-7981-4598-9eab-9d859f77a2e4"}
2026-09-05T23:25:02+00:00 INFO Central bulk source orders received. CONTEXT: {"store_id":"site1","received":20,"succeeded":20,"failed":0,"request_id":"28e50910-cda8-4d00-b0e1-0af8b296c48e"}
2026-09-05T23:25:55+00:00 INFO Central bulk source orders received. CONTEXT: {"store_id":"site1","received":20,"succeeded":20,"failed":0,"request_id":"0a17fde3-c165-423c-a135-52c5bf4d3882"}
2026-09-05T23:26:40+00:00 INFO Central bulk source orders received. CONTEXT: {"store_id":"site1","received":20,"succeeded":20,"failed":0,"request_id":"00e136fe-9914-4299-a9ec-60bd59433b2f"}
2026-09-05T23:27:29+00:00 INFO Central bulk source orders received. CONTEXT: {"store_id":"site1","received":20,"succeeded":20,"failed":0,"request_id":"36c79099-9902-4bd5-86a4-8e0a6ffdb7bd"}
2026-09-05T23:28:21+00:00 INFO Central bulk source orders received. CONTEXT: {"store_id":"site1","received":20,"succeeded":20,"failed":0,"request_id":"918f7fa4-aaf6-40cf-bc67-74377294a697"}
2026-09-05T23:34:25+00:00 INFO Central bulk source orders received. CONTEXT: {"store_id":"site1","received":20,"succeeded":20,"failed":0,"request_id":"67ee7b8e-c165-4f5e-95d3-5a9ea45a6e0c"}
2026-09-05T23:34:52+00:00 INFO Central bulk source orders received. CONTEXT: {"store_id":"site1","received":20,"succeeded":20,"failed":0,"request_id":"f58e1920-0336-4762-ba2c-77471dd70980"}
2026-09-05T23:40:42+00:00 INFO Central bulk source orders received. CONTEXT: {"store_id":"site1","received":20,"succeeded":20,"failed":0,"request_id":"c163276d-7a43-49ba-81f2-0e3ebae7274c"}
2026-09-05T23:41:14+00:00 INFO Central bulk source orders received. CONTEXT: {"store_id":"site1","received":20,"succeeded":20,"failed":0,"request_id":"a85621c4-c7a8-42b0-993f-58f838c7bdf5"}
2026-09-05T23:41:34+00:00 INFO Central bulk source orders received. CONTEXT: {"store_id":"site1","received":20,"succeeded":20,"failed":0,"request_id":"78b794c9-be35-46d7-baa7-40bfe878e866"}
2026-09-05T23:42:05+00:00 INFO Central bulk source orders received. CONTEXT: {"store_id":"site1","received":20,"succeeded":20,"failed":0,"request_id":"1f3ca327-b6a2-4012-9381-a24c53415bb6"}
2026-09-05T23:42:24+00:00 INFO Central bulk source orders received. CONTEXT: {"store_id":"site1","received":20,"succeeded":20,"failed":0,"request_id":"05efbdbd-db27-4cb5-bda1-ad8468dd7824"}
2026-09-05T23:42:53+00:00 INFO Central bulk source orders received. CONTEXT: {"store_id":"site1","received":20,"succeeded":20,"failed":0,"request_id":"100ec597-18d4-403a-9bb4-634bb406eb19"}
2026-09-05T23:43:13+00:00 INFO Central bulk source orders received. CONTEXT: {"store_id":"site1","received":20,"succeeded":20,"failed":0,"request_id":"f30b8011-2234-4cec-9490-6cb731b373c8"}
2026-09-05T23:43:43+00:00 INFO Central bulk source orders received. CONTEXT: {"store_id":"site1","received":20,"succeeded":20,"failed":0,"request_id":"235d917f-4b77-454a-aae0-5fb7fab1d792"}
2026-09-05T23:44:03+00:00 INFO Central bulk source orders received. CONTEXT: {"store_id":"site1","received":20,"succeeded":20,"failed":0,"request_id":"a880541e-7ab2-4d56-9163-037ab9b0d751"}
2026-09-05T23:44:32+00:00 INFO Central bulk source orders received. CONTEXT: {"store_id":"site1","received":20,"succeeded":20,"failed":0,"request_id":"6e473c50-1fd6-4876-8de6-620ddcd7091d"}
2026-09-05T23:44:51+00:00 INFO Central bulk source orders received. CONTEXT: {"store_id":"site1","received":20,"succeeded":20,"failed":0,"request_id":"3cdf5713-bf6d-40a8-9dd9-7f1c9a64ef73"}
2026-09-05T23:45:24+00:00 INFO Central bulk source orders received. CONTEXT: {"store_id":"site1","received":20,"succeeded":20,"failed":0,"request_id":"8f842934-968b-4959-b520-5142a94f8047"}
2026-09-05T23:45:44+00:00 INFO Central bulk source orders received. CONTEXT: {"store_id":"site1","received":20,"succeeded":20,"failed":0,"request_id":"3c8856db-aafc-40e2-a653-ff908b8b923d"}
2026-09-05T23:46:18+00:00 INFO Central bulk source orders received. CONTEXT: {"store_id":"site1","received":20,"succeeded":20,"failed":0,"request_id":"37e4253c-cce5-4b95-88ba-a55be97c8c4b"}
2026-09-05T23:46:38+00:00 INFO Central bulk source orders received. CONTEXT: {"store_id":"site1","received":20,"succeeded":20,"failed":0,"request_id":"8a731d02-237c-4fec-99b0-d4d696a68214"}
2026-09-05T23:47:10+00:00 INFO Central bulk source orders received. CONTEXT: {"store_id":"site1","received":20,"succeeded":20,"failed":0,"request_id":"de9c4f7e-b1a4-416e-85cd-25ebc645981b"}
2026-09-05T23:47:30+00:00 INFO Central bulk source orders received. CONTEXT: {"store_id":"site1","received":20,"succeeded":20,"failed":0,"request_id":"d936fa6b-4c64-476e-afb6-00f9ccc79846"}
2026-09-05T23:48:04+00:00 INFO Central bulk source orders received. CONTEXT: {"store_id":"site1","received":20,"succeeded":20,"failed":0,"request_id":"56dfb58d-b0dc-447d-b443-3485daa3689f"}
2026-09-05T23:48:24+00:00 INFO Central bulk source orders received. CONTEXT: {"store_id":"site1","received":20,"succeeded":20,"failed":0,"request_id":"4ad413cf-11e9-4a4e-8d2c-86e655894f03"}
2026-09-05T23:48:56+00:00 INFO Central bulk source orders received. CONTEXT: {"store_id":"site1","received":20,"succeeded":20,"failed":0,"request_id":"a3381b6a-0c18-4722-b159-2c288c18e50c"}
2026-09-05T23:49:15+00:00 INFO Central bulk source orders received. CONTEXT: {"store_id":"site1","received":20,"succeeded":20,"failed":0,"request_id":"2cb5928d-a1c2-4c0d-bef8-581c5b87295a"}
2026-09-05T23:49:47+00:00 INFO Central bulk source orders received. CONTEXT: {"store_id":"site1","received":20,"succeeded":20,"failed":0,"request_id":"a53f6c37-47d7-4321-811b-63fe217c8eeb"}
2026-09-05T23:50:05+00:00 INFO Central bulk source orders received. CONTEXT: {"store_id":"site1","received":20,"succeeded":20,"failed":0,"request_id":"c7cd881d-ee2b-4771-82f0-19b77d9fb14e"}
2026-09-05T23:50:14+00:00 INFO Central bulk source orders received. CONTEXT: {"store_id":"site1","received":20,"succeeded":20,"failed":0,"request_id":"eb5f3cd6-ddf1-4cc1-9b75-171ba13bb924"}
2026-09-05T23:50:37+00:00 INFO Central bulk source orders received. CONTEXT: {"store_id":"site1","received":20,"succeeded":20,"failed":0,"request_id":"e1fe9be1-b15c-4e46-b829-b58a9f73e3f2"}
2026-09-05T23:51:00+00:00 INFO Central bulk source orders received. CONTEXT: {"store_id":"site1","received":20,"succeeded":20,"failed":0,"request_id":"907d6ae3-ca40-4c35-a9ba-f643c0cbef0e"}
2026-09-05T23:56:31+00:00 INFO Central bulk source orders received. CONTEXT: {"store_id":"site1","received":20,"succeeded":20,"failed":0,"request_id":"900417c2-0908-4f11-87f9-56a434f1f05b"}
2026-09-05T23:56:59+00:00 INFO Central bulk source orders received. CONTEXT: {"store_id":"site1","received":20,"succeeded":20,"failed":0,"request_id":"907b03bf-1f9d-47f3-be6b-e1a42fa79422"}
2026-09-05T23:57:21+00:00 INFO Central bulk source orders received. CONTEXT: {"store_id":"site1","received":20,"succeeded":20,"failed":0,"request_id":"68233fe5-0c62-453d-bdd5-0e586a99794e"}
2026-09-05T23:57:41+00:00 INFO Central bulk source orders received. CONTEXT: {"store_id":"site1","received":20,"succeeded":20,"failed":0,"request_id":"d1755e2c-d54b-4fe6-a1ae-7e28aff3cff4"}
2026-09-05T23:58:41+00:00 INFO Central bulk source orders received. CONTEXT: {"store_id":"site1","received":20,"succeeded":20,"failed":0,"request_id":"332bf18a-6982-4b25-8dab-96de44600a43"}
2026-09-05T23:59:10+00:00 INFO Central bulk source orders received. CONTEXT: {"store_id":"site1","received":20,"succeeded":20,"failed":0,"request_id":"77f315e6-3483-4636-ab43-bf7e1d382b18"}
2026-09-05T23:59:32+00:00 INFO Central bulk source orders received. CONTEXT: {"store_id":"site1","received":20,"succeeded":20,"failed":0,"request_id":"df34e380-0885-478a-a8d3-3259b44b3a97"}
