2026-09-15T00:01:44+00:00 INFO Email "cancelled_order" for order #10499 sent CONTEXT: {"email_type":"cancelled_order","status":"sent","recipient":"guest","order":10499}
2026-09-15T00:01:51+00:00 NOTICE Email "customer_failed_order" for order #10406 not sent: email type is disabled CONTEXT: {"email_type":"customer_failed_order","status":"disabled","recipient":"guest","order":10406}
2026-09-15T00:01:57+00:00 INFO Email "failed_order" for order #10406 sent CONTEXT: {"email_type":"failed_order","status":"sent","recipient":"guest","order":10406}
2026-09-15T00:02:33+00:00 INFO Email "cancelled_order" for order #10524 sent CONTEXT: {"email_type":"cancelled_order","status":"sent","recipient":"guest","order":10524}
2026-09-15T00:02:33+00:00 INFO Email "cancelled_order" for order #10523 sent CONTEXT: {"email_type":"cancelled_order","status":"sent","recipient":"guest","order":10523}
2026-09-15T00:02:37+00:00 INFO Email "cancelled_order" for order #10391 sent CONTEXT: {"email_type":"cancelled_order","status":"sent","recipient":"guest","order":10391}
2026-09-15T00:02:39+00:00 INFO Email "cancelled_order" for order #10517 sent CONTEXT: {"email_type":"cancelled_order","status":"sent","recipient":"guest","order":10517}
2026-09-15T00:02:44+00:00 INFO Email "cancelled_order" for order #10503 sent CONTEXT: {"email_type":"cancelled_order","status":"sent","recipient":"guest","order":10503}
2026-09-15T00:02:49+00:00 INFO Email "cancelled_order" for order #10502 sent CONTEXT: {"email_type":"cancelled_order","status":"sent","recipient":"guest","order":10502}
2026-09-15T00:02:49+00:00 NOTICE Email "customer_failed_order" for order #10498 not sent: email type is disabled CONTEXT: {"email_type":"customer_failed_order","status":"disabled","recipient":"guest","order":10498}
2026-09-15T00:02:54+00:00 INFO Email "failed_order" for order #10498 sent CONTEXT: {"email_type":"failed_order","status":"sent","recipient":"guest","order":10498}
2026-09-15T00:02:59+00:00 INFO Email "cancelled_order" for order #10485 sent CONTEXT: {"email_type":"cancelled_order","status":"sent","recipient":"guest","order":10485}
2026-09-15T00:02:59+00:00 INFO Email "cancelled_order" for order #10482 sent CONTEXT: {"email_type":"cancelled_order","status":"sent","recipient":"guest","order":10482}
2026-09-15T00:03:04+00:00 INFO Email "cancelled_order" for order #10481 sent CONTEXT: {"email_type":"cancelled_order","status":"sent","recipient":"guest","order":10481}
2026-09-15T00:03:07+00:00 INFO Email "cancelled_order" for order #10389 sent CONTEXT: {"email_type":"cancelled_order","status":"sent","recipient":"guest","order":10389}
2026-09-15T00:03:09+00:00 INFO Email "cancelled_order" for order #10478 sent CONTEXT: {"email_type":"cancelled_order","status":"sent","recipient":"guest","order":10478}
2026-09-15T00:03:09+00:00 NOTICE Email "customer_failed_order" for order #10476 not sent: email type is disabled CONTEXT: {"email_type":"customer_failed_order","status":"disabled","recipient":"guest","order":10476}
2026-09-15T00:03:12+00:00 INFO Email "cancelled_order" for order #10449 sent CONTEXT: {"email_type":"cancelled_order","status":"sent","recipient":"guest","order":10449}
2026-09-15T00:03:15+00:00 INFO Email "failed_order" for order #10476 sent CONTEXT: {"email_type":"failed_order","status":"sent","recipient":"guest","order":10476}
2026-09-15T00:03:16+00:00 INFO Email "cancelled_order" for order #10420 sent CONTEXT: {"email_type":"cancelled_order","status":"sent","recipient":"guest","order":10420}
2026-09-15T00:03:20+00:00 INFO Email "cancelled_order" for order #10471 sent CONTEXT: {"email_type":"cancelled_order","status":"sent","recipient":"guest","order":10471}
2026-09-15T00:03:22+00:00 INFO Email "cancelled_order" for order #10417 sent CONTEXT: {"email_type":"cancelled_order","status":"sent","recipient":"guest","order":10417}
2026-09-15T00:03:22+00:00 NOTICE Email "customer_failed_order" for order #10412 not sent: email type is disabled CONTEXT: {"email_type":"customer_failed_order","status":"disabled","recipient":"guest","order":10412}
2026-09-15T00:03:27+00:00 INFO Email "failed_order" for order #10412 sent CONTEXT: {"email_type":"failed_order","status":"sent","recipient":"guest","order":10412}
2026-09-15T00:03:32+00:00 INFO Email "cancelled_order" for order #10407 sent CONTEXT: {"email_type":"cancelled_order","status":"sent","recipient":"guest","order":10407}
2026-09-15T00:03:37+00:00 INFO Email "cancelled_order" for order #10397 sent CONTEXT: {"email_type":"cancelled_order","status":"sent","recipient":"guest","order":10397}
2026-09-15T00:03:37+00:00 NOTICE Email "customer_failed_order" for order #10390 not sent: email type is disabled CONTEXT: {"email_type":"customer_failed_order","status":"disabled","recipient":"guest","order":10390}
2026-09-15T00:03:42+00:00 INFO Email "failed_order" for order #10390 sent CONTEXT: {"email_type":"failed_order","status":"sent","recipient":"guest","order":10390}
2026-09-15T00:03:42+00:00 NOTICE Email "customer_failed_order" for order #10388 not sent: email type is disabled CONTEXT: {"email_type":"customer_failed_order","status":"disabled","recipient":"guest","order":10388}
2026-09-15T00:03:48+00:00 INFO Email "failed_order" for order #10388 sent CONTEXT: {"email_type":"failed_order","status":"sent","recipient":"guest","order":10388}
2026-09-15T00:03:49+00:00 INFO Email "cancelled_order" for order #10369 sent CONTEXT: {"email_type":"cancelled_order","status":"sent","recipient":"guest","order":10369}
2026-09-15T00:03:53+00:00 INFO Email "cancelled_order" for order #10374 sent CONTEXT: {"email_type":"cancelled_order","status":"sent","recipient":"guest","order":10374}
2026-09-15T00:03:55+00:00 INFO Email "cancelled_order" for order #10366 sent CONTEXT: {"email_type":"cancelled_order","status":"sent","recipient":"guest","order":10366}
2026-09-15T00:03:55+00:00 NOTICE Email "customer_failed_order" for order #10362 not sent: email type is disabled CONTEXT: {"email_type":"customer_failed_order","status":"disabled","recipient":"guest","order":10362}
2026-09-15T00:03:58+00:00 INFO Email "cancelled_order" for order #10372 sent CONTEXT: {"email_type":"cancelled_order","status":"sent","recipient":"guest","order":10372}
2026-09-15T00:04:00+00:00 INFO Email "failed_order" for order #10362 sent CONTEXT: {"email_type":"failed_order","status":"sent","recipient":"guest","order":10362}
2026-09-15T00:04:00+00:00 NOTICE Email "customer_failed_order" for order #10361 not sent: email type is disabled CONTEXT: {"email_type":"customer_failed_order","status":"disabled","recipient":"guest","order":10361}
2026-09-15T00:04:03+00:00 INFO Email "cancelled_order" for order #10371 sent CONTEXT: {"email_type":"cancelled_order","status":"sent","recipient":"guest","order":10371}
2026-09-15T00:04:05+00:00 INFO Email "failed_order" for order #10361 sent CONTEXT: {"email_type":"failed_order","status":"sent","recipient":"guest","order":10361}
2026-09-15T00:04:05+00:00 NOTICE Email "customer_failed_order" for order #10358 not sent: email type is disabled CONTEXT: {"email_type":"customer_failed_order","status":"disabled","recipient":"guest","order":10358}
2026-09-15T00:04:08+00:00 INFO Email "cancelled_order" for order #10370 sent CONTEXT: {"email_type":"cancelled_order","status":"sent","recipient":"guest","order":10370}
2026-09-15T00:04:10+00:00 INFO Email "failed_order" for order #10358 sent CONTEXT: {"email_type":"failed_order","status":"sent","recipient":"guest","order":10358}
2026-09-15T00:04:15+00:00 INFO Email "cancelled_order" for order #10350 sent CONTEXT: {"email_type":"cancelled_order","status":"sent","recipient":"guest","order":10350}
2026-09-15T00:04:15+00:00 NOTICE Email "customer_failed_order" for order #10340 not sent: email type is disabled CONTEXT: {"email_type":"customer_failed_order","status":"disabled","recipient":"guest","order":10340}
2026-09-15T00:04:20+00:00 INFO Email "failed_order" for order #10340 sent CONTEXT: {"email_type":"failed_order","status":"sent","recipient":"guest","order":10340}
2026-09-15T00:04:25+00:00 INFO Email "cancelled_order" for order #10339 sent CONTEXT: {"email_type":"cancelled_order","status":"sent","recipient":"guest","order":10339}
2026-09-15T00:04:29+00:00 INFO Email "cancelled_order" for order #10337 sent CONTEXT: {"email_type":"cancelled_order","status":"sent","recipient":"guest","order":10337}
2026-09-15T00:04:34+00:00 INFO Email "cancelled_order" for order #10332 sent CONTEXT: {"email_type":"cancelled_order","status":"sent","recipient":"guest","order":10332}
2026-09-15T00:04:38+00:00 INFO Email "cancelled_order" for order #10331 sent CONTEXT: {"email_type":"cancelled_order","status":"sent","recipient":"guest","order":10331}
2026-09-15T00:06:34+00:00 NOTICE Email "customer_failed_order" for order #10525 not sent: email type is disabled CONTEXT: {"email_type":"customer_failed_order","status":"disabled","recipient":"guest","order":10525}
2026-09-15T00:06:39+00:00 INFO Email "failed_order" for order #10525 sent CONTEXT: {"email_type":"failed_order","status":"sent","recipient":"guest","order":10525}
2026-09-15T00:06:39+00:00 NOTICE Email "customer_failed_order" for order #10522 not sent: email type is disabled CONTEXT: {"email_type":"customer_failed_order","status":"disabled","recipient":"guest","order":10522}
2026-09-15T00:06:44+00:00 INFO Email "failed_order" for order #10522 sent CONTEXT: {"email_type":"failed_order","status":"sent","recipient":"guest","order":10522}
2026-09-15T00:06:44+00:00 NOTICE Email "customer_failed_order" for order #10516 not sent: email type is disabled CONTEXT: {"email_type":"customer_failed_order","status":"disabled","recipient":"guest","order":10516}
2026-09-15T00:06:48+00:00 INFO Email "failed_order" for order #10516 sent CONTEXT: {"email_type":"failed_order","status":"sent","recipient":"guest","order":10516}
2026-09-15T00:06:48+00:00 NOTICE Email "customer_failed_order" for order #10501 not sent: email type is disabled CONTEXT: {"email_type":"customer_failed_order","status":"disabled","recipient":"guest","order":10501}
2026-09-15T00:06:53+00:00 INFO Email "failed_order" for order #10501 sent CONTEXT: {"email_type":"failed_order","status":"sent","recipient":"guest","order":10501}
2026-09-15T00:06:53+00:00 NOTICE Email "customer_failed_order" for order #10497 not sent: email type is disabled CONTEXT: {"email_type":"customer_failed_order","status":"disabled","recipient":"guest","order":10497}
2026-09-15T00:06:58+00:00 INFO Email "failed_order" for order #10497 sent CONTEXT: {"email_type":"failed_order","status":"sent","recipient":"guest","order":10497}
2026-09-15T00:06:59+00:00 NOTICE Email "customer_failed_order" for order #10486 not sent: email type is disabled CONTEXT: {"email_type":"customer_failed_order","status":"disabled","recipient":"guest","order":10486}
2026-09-15T00:07:04+00:00 INFO Email "failed_order" for order #10486 sent CONTEXT: {"email_type":"failed_order","status":"sent","recipient":"guest","order":10486}
2026-09-15T00:07:04+00:00 NOTICE Email "customer_failed_order" for order #10484 not sent: email type is disabled CONTEXT: {"email_type":"customer_failed_order","status":"disabled","recipient":"guest","order":10484}
2026-09-15T00:07:09+00:00 INFO Email "failed_order" for order #10484 sent CONTEXT: {"email_type":"failed_order","status":"sent","recipient":"guest","order":10484}
2026-09-15T00:07:09+00:00 NOTICE Email "customer_failed_order" for order #10470 not sent: email type is disabled CONTEXT: {"email_type":"customer_failed_order","status":"disabled","recipient":"guest","order":10470}
2026-09-15T00:07:13+00:00 INFO Email "failed_order" for order #10470 sent CONTEXT: {"email_type":"failed_order","status":"sent","recipient":"guest","order":10470}
2026-09-15T00:07:13+00:00 NOTICE Email "customer_failed_order" for order #10461 not sent: email type is disabled CONTEXT: {"email_type":"customer_failed_order","status":"disabled","recipient":"guest","order":10461}
2026-09-15T00:07:18+00:00 INFO Email "failed_order" for order #10461 sent CONTEXT: {"email_type":"failed_order","status":"sent","recipient":"guest","order":10461}
2026-09-15T00:07:18+00:00 NOTICE Email "customer_failed_order" for order #10419 not sent: email type is disabled CONTEXT: {"email_type":"customer_failed_order","status":"disabled","recipient":"guest","order":10419}
2026-09-15T00:07:24+00:00 INFO Email "failed_order" for order #10419 sent CONTEXT: {"email_type":"failed_order","status":"sent","recipient":"guest","order":10419}
2026-09-15T00:07:24+00:00 NOTICE Email "customer_failed_order" for order #10414 not sent: email type is disabled CONTEXT: {"email_type":"customer_failed_order","status":"disabled","recipient":"guest","order":10414}
2026-09-15T00:07:29+00:00 INFO Email "failed_order" for order #10414 sent CONTEXT: {"email_type":"failed_order","status":"sent","recipient":"guest","order":10414}
2026-09-15T00:07:29+00:00 NOTICE Email "customer_failed_order" for order #10404 not sent: email type is disabled CONTEXT: {"email_type":"customer_failed_order","status":"disabled","recipient":"guest","order":10404}
2026-09-15T00:07:34+00:00 INFO Email "failed_order" for order #10404 sent CONTEXT: {"email_type":"failed_order","status":"sent","recipient":"guest","order":10404}
2026-09-15T00:07:34+00:00 NOTICE Email "customer_failed_order" for order #10365 not sent: email type is disabled CONTEXT: {"email_type":"customer_failed_order","status":"disabled","recipient":"guest","order":10365}
2026-09-15T00:07:39+00:00 INFO Email "failed_order" for order #10365 sent CONTEXT: {"email_type":"failed_order","status":"sent","recipient":"guest","order":10365}
2026-09-15T00:07:39+00:00 NOTICE Email "customer_failed_order" for order #10348 not sent: email type is disabled CONTEXT: {"email_type":"customer_failed_order","status":"disabled","recipient":"guest","order":10348}
2026-09-15T00:07:44+00:00 INFO Email "failed_order" for order #10348 sent CONTEXT: {"email_type":"failed_order","status":"sent","recipient":"guest","order":10348}
2026-09-15T00:07:44+00:00 NOTICE Email "customer_failed_order" for order #10346 not sent: email type is disabled CONTEXT: {"email_type":"customer_failed_order","status":"disabled","recipient":"guest","order":10346}
2026-09-15T00:07:49+00:00 INFO Email "failed_order" for order #10346 sent CONTEXT: {"email_type":"failed_order","status":"sent","recipient":"guest","order":10346}
2026-09-15T00:20:17+00:00 INFO Email "new_order" for order #10774 sent CONTEXT: {"email_type":"new_order","status":"sent","recipient":"guest","order":10774}
2026-09-15T00:20:17+00:00 NOTICE Email "customer_processing_order" for order #10774 not sent: email type is disabled CONTEXT: {"email_type":"customer_processing_order","status":"disabled","recipient":"guest","order":10774}
2026-09-15T00:20:43+00:00 NOTICE Email "customer_note" for order #10775 not sent: email type is disabled CONTEXT: {"email_type":"customer_note","status":"disabled","recipient":"guest","order":10775}
2026-09-15T00:55:51+00:00 INFO Email "cancelled_order" for order #10776 sent CONTEXT: {"email_type":"cancelled_order","status":"sent","recipient":"guest","order":10776}
2026-09-15T00:55:55+00:00 INFO Email "cancelled_order" for order #10777 sent CONTEXT: {"email_type":"cancelled_order","status":"sent","recipient":"guest","order":10777}
2026-09-15T01:27:54+00:00 INFO Email "cancelled_order" for order #10778 sent CONTEXT: {"email_type":"cancelled_order","status":"sent","recipient":"guest","order":10778}
2026-09-15T02:30:46+00:00 INFO Email "cancelled_order" for order #10563 sent CONTEXT: {"email_type":"cancelled_order","status":"sent","recipient":"guest","order":10563}
2026-09-15T02:30:51+00:00 INFO Email "cancelled_order" for order #10583 sent CONTEXT: {"email_type":"cancelled_order","status":"sent","recipient":"guest","order":10583}
2026-09-15T04:27:11+00:00 INFO Email "cancelled_order" for order #10784 sent CONTEXT: {"email_type":"cancelled_order","status":"sent","recipient":"guest","order":10784}
2026-09-15T04:31:31+00:00 INFO Email "cancelled_order" for order #10536 sent CONTEXT: {"email_type":"cancelled_order","status":"sent","recipient":"guest","order":10536}
2026-09-15T04:31:31+00:00 NOTICE Email "customer_failed_order" for order #10543 not sent: email type is disabled CONTEXT: {"email_type":"customer_failed_order","status":"disabled","recipient":"guest","order":10543}
2026-09-15T04:31:36+00:00 INFO Email "failed_order" for order #10543 sent CONTEXT: {"email_type":"failed_order","status":"sent","recipient":"guest","order":10543}
2026-09-15T04:53:03+00:00 NOTICE Email "customer_completed_order" for order #10547 not sent: email type is disabled CONTEXT: {"email_type":"customer_completed_order","status":"disabled","recipient":"guest","order":10547}
2026-09-15T04:53:03+00:00 NOTICE Email "customer_completed_order" for order #10509 not sent: email type is disabled CONTEXT: {"email_type":"customer_completed_order","status":"disabled","recipient":"guest","order":10509}
2026-09-15T04:53:03+00:00 NOTICE Email "customer_completed_order" for order #10479 not sent: email type is disabled CONTEXT: {"email_type":"customer_completed_order","status":"disabled","recipient":"guest","order":10479}
2026-09-15T04:53:03+00:00 NOTICE Email "customer_completed_order" for order #10446 not sent: email type is disabled CONTEXT: {"email_type":"customer_completed_order","status":"disabled","recipient":"guest","order":10446}
2026-09-15T04:53:03+00:00 NOTICE Email "customer_completed_order" for order #10421 not sent: email type is disabled CONTEXT: {"email_type":"customer_completed_order","status":"disabled","recipient":"guest","order":10421}
2026-09-15T04:53:03+00:00 NOTICE Email "customer_completed_order" for order #10211 not sent: email type is disabled CONTEXT: {"email_type":"customer_completed_order","status":"disabled","recipient":"guest","order":10211}
2026-09-15T04:53:03+00:00 NOTICE Email "customer_completed_order" for order #10182 not sent: email type is disabled CONTEXT: {"email_type":"customer_completed_order","status":"disabled","recipient":"guest","order":10182}
2026-09-15T04:58:24+00:00 NOTICE Email "customer_note" for order #10785 not sent: email type is disabled CONTEXT: {"email_type":"customer_note","status":"disabled","recipient":"guest","order":10785}
2026-09-15T05:00:27+00:00 INFO Email "new_order" for order #10785 sent CONTEXT: {"email_type":"new_order","status":"sent","recipient":"guest","order":10785}
2026-09-15T05:00:27+00:00 NOTICE Email "customer_processing_order" for order #10785 not sent: email type is disabled CONTEXT: {"email_type":"customer_processing_order","status":"disabled","recipient":"guest","order":10785}
2026-09-15T05:00:27+00:00 NOTICE Email "customer_note" for order #10785 not sent: email type is disabled CONTEXT: {"email_type":"customer_note","status":"disabled","recipient":"guest","order":10785}
2026-09-15T05:14:58+00:00 NOTICE Email "customer_note" for order #10787 not sent: email type is disabled CONTEXT: {"email_type":"customer_note","status":"disabled","recipient":"guest","order":10787}
2026-09-15T05:21:11+00:00 NOTICE Email "customer_failed_order" for order #10351 not sent: email type is disabled CONTEXT: {"email_type":"customer_failed_order","status":"disabled","recipient":"guest","order":10351}
2026-09-15T05:21:16+00:00 INFO Email "cancelled_order" for order #10610 sent CONTEXT: {"email_type":"cancelled_order","status":"sent","recipient":"guest","order":10610}
2026-09-15T05:22:21+00:00 NOTICE Email "customer_note" for order #10788 not sent: email type is disabled CONTEXT: {"email_type":"customer_note","status":"disabled","recipient":"guest","order":10788}
2026-09-15T05:22:26+00:00 INFO Email "cancelled_order" for order #10787 sent CONTEXT: {"email_type":"cancelled_order","status":"sent","recipient":"guest","order":10787}
2026-09-15T05:22:44+00:00 NOTICE Email "customer_failed_order" for order #10208 not sent: email type is disabled CONTEXT: {"email_type":"customer_failed_order","status":"disabled","recipient":"guest","order":10208}
2026-09-15T05:24:02+00:00 NOTICE Email "customer_completed_order" for order #10222 not sent: email type is disabled CONTEXT: {"email_type":"customer_completed_order","status":"disabled","recipient":"guest","order":10222}
2026-09-15T05:24:04+00:00 INFO Email "new_order" for order #10788 sent CONTEXT: {"email_type":"new_order","status":"sent","recipient":"guest","order":10788}
2026-09-15T05:24:04+00:00 NOTICE Email "customer_processing_order" for order #10788 not sent: email type is disabled CONTEXT: {"email_type":"customer_processing_order","status":"disabled","recipient":"guest","order":10788}
2026-09-15T05:24:04+00:00 NOTICE Email "customer_note" for order #10788 not sent: email type is disabled CONTEXT: {"email_type":"customer_note","status":"disabled","recipient":"guest","order":10788}
2026-09-15T05:24:36+00:00 NOTICE Email "customer_completed_order" for order #10312 not sent: email type is disabled CONTEXT: {"email_type":"customer_completed_order","status":"disabled","recipient":"guest","order":10312}
2026-09-15T05:24:36+00:00 NOTICE Email "customer_completed_order" for order #9923 not sent: email type is disabled CONTEXT: {"email_type":"customer_completed_order","status":"disabled","recipient":"guest","order":9923}
2026-09-15T05:25:37+00:00 NOTICE Email "customer_completed_order" for order #10061 not sent: email type is disabled CONTEXT: {"email_type":"customer_completed_order","status":"disabled","recipient":"guest","order":10061}
2026-09-15T05:25:42+00:00 NOTICE Email "customer_completed_order" for order #9766 not sent: email type is disabled CONTEXT: {"email_type":"customer_completed_order","status":"disabled","recipient":"guest","order":9766}
2026-09-15T05:25:48+00:00 NOTICE Email "customer_completed_order" for order #9892 not sent: email type is disabled CONTEXT: {"email_type":"customer_completed_order","status":"disabled","recipient":"guest","order":9892}
2026-09-15T05:25:48+00:00 NOTICE Email "customer_completed_order" for order #9907 not sent: email type is disabled CONTEXT: {"email_type":"customer_completed_order","status":"disabled","recipient":"guest","order":9907}
2026-09-15T05:25:49+00:00 NOTICE Email "customer_completed_order" for order #9952 not sent: email type is disabled CONTEXT: {"email_type":"customer_completed_order","status":"disabled","recipient":"guest","order":9952}
2026-09-15T05:25:49+00:00 NOTICE Email "customer_completed_order" for order #10112 not sent: email type is disabled CONTEXT: {"email_type":"customer_completed_order","status":"disabled","recipient":"guest","order":10112}
2026-09-15T05:25:49+00:00 NOTICE Email "customer_completed_order" for order #9773 not sent: email type is disabled CONTEXT: {"email_type":"customer_completed_order","status":"disabled","recipient":"guest","order":9773}
2026-09-15T05:25:50+00:00 NOTICE Email "customer_completed_order" for order #10141 not sent: email type is disabled CONTEXT: {"email_type":"customer_completed_order","status":"disabled","recipient":"guest","order":10141}
2026-09-15T05:25:57+00:00 NOTICE Email "customer_completed_order" for order #10168 not sent: email type is disabled CONTEXT: {"email_type":"customer_completed_order","status":"disabled","recipient":"guest","order":10168}
2026-09-15T05:25:57+00:00 NOTICE Email "customer_completed_order" for order #10216 not sent: email type is disabled CONTEXT: {"email_type":"customer_completed_order","status":"disabled","recipient":"guest","order":10216}
2026-09-15T05:25:57+00:00 NOTICE Email "customer_completed_order" for order #10225 not sent: email type is disabled CONTEXT: {"email_type":"customer_completed_order","status":"disabled","recipient":"guest","order":10225}
2026-09-15T05:25:57+00:00 NOTICE Email "customer_completed_order" for order #10249 not sent: email type is disabled CONTEXT: {"email_type":"customer_completed_order","status":"disabled","recipient":"guest","order":10249}
2026-09-15T05:25:58+00:00 NOTICE Email "customer_completed_order" for order #10349 not sent: email type is disabled CONTEXT: {"email_type":"customer_completed_order","status":"disabled","recipient":"guest","order":10349}
2026-09-15T05:26:30+00:00 NOTICE Email "customer_completed_order" for order #9852 not sent: email type is disabled CONTEXT: {"email_type":"customer_completed_order","status":"disabled","recipient":"guest","order":9852}
2026-09-15T05:26:47+00:00 NOTICE Email "customer_completed_order" for order #10126 not sent: email type is disabled CONTEXT: {"email_type":"customer_completed_order","status":"disabled","recipient":"guest","order":10126}
2026-09-15T05:27:28+00:00 NOTICE Email "customer_completed_order" for order #10319 not sent: email type is disabled CONTEXT: {"email_type":"customer_completed_order","status":"disabled","recipient":"guest","order":10319}
2026-09-15T05:28:03+00:00 NOTICE Email "customer_completed_order" for order #10258 not sent: email type is disabled CONTEXT: {"email_type":"customer_completed_order","status":"disabled","recipient":"guest","order":10258}
2026-09-15T05:28:03+00:00 NOTICE Email "customer_completed_order" for order #10247 not sent: email type is disabled CONTEXT: {"email_type":"customer_completed_order","status":"disabled","recipient":"guest","order":10247}
2026-09-15T05:28:03+00:00 NOTICE Email "customer_completed_order" for order #9851 not sent: email type is disabled CONTEXT: {"email_type":"customer_completed_order","status":"disabled","recipient":"guest","order":9851}
2026-09-15T05:28:22+00:00 NOTICE Email "customer_completed_order" for order #10086 not sent: email type is disabled CONTEXT: {"email_type":"customer_completed_order","status":"disabled","recipient":"guest","order":10086}
2026-09-15T05:28:53+00:00 NOTICE Email "customer_completed_order" for order #9900 not sent: email type is disabled CONTEXT: {"email_type":"customer_completed_order","status":"disabled","recipient":"guest","order":9900}
2026-09-15T05:28:55+00:00 NOTICE Email "customer_completed_order" for order #10239 not sent: email type is disabled CONTEXT: {"email_type":"customer_completed_order","status":"disabled","recipient":"guest","order":10239}
2026-09-15T05:28:55+00:00 NOTICE Email "customer_completed_order" for order #9757 not sent: email type is disabled CONTEXT: {"email_type":"customer_completed_order","status":"disabled","recipient":"guest","order":9757}
2026-09-15T05:32:56+00:00 NOTICE Email "customer_note" for order #10789 not sent: email type is disabled CONTEXT: {"email_type":"customer_note","status":"disabled","recipient":"guest","order":10789}
2026-09-15T05:35:11+00:00 NOTICE Email "customer_failed_order" for order #10320 not sent: email type is disabled CONTEXT: {"email_type":"customer_failed_order","status":"disabled","recipient":"guest","order":10320}
2026-09-15T05:35:11+00:00 NOTICE Email "customer_completed_order" for order #10148 not sent: email type is disabled CONTEXT: {"email_type":"customer_completed_order","status":"disabled","recipient":"guest","order":10148}
2026-09-15T05:36:01+00:00 NOTICE Email "customer_failed_order" for order #10351 not sent: email type is disabled CONTEXT: {"email_type":"customer_failed_order","status":"disabled","recipient":"guest","order":10351}
2026-09-15T05:37:10+00:00 NOTICE Email "customer_note" for order #10790 not sent: email type is disabled CONTEXT: {"email_type":"customer_note","status":"disabled","recipient":"guest","order":10790}
2026-09-15T05:37:30+00:00 NOTICE Email "customer_completed_order" for order #9833 not sent: email type is disabled CONTEXT: {"email_type":"customer_completed_order","status":"disabled","recipient":"guest","order":9833}
2026-09-15T05:37:46+00:00 NOTICE Email "customer_failed_order" for order #10208 not sent: email type is disabled CONTEXT: {"email_type":"customer_failed_order","status":"disabled","recipient":"guest","order":10208}
2026-09-15T05:37:50+00:00 NOTICE Email "customer_completed_order" for order #10086 not sent: email type is disabled CONTEXT: {"email_type":"customer_completed_order","status":"disabled","recipient":"guest","order":10086}
2026-09-15T05:37:50+00:00 NOTICE Email "customer_completed_order" for order #9900 not sent: email type is disabled CONTEXT: {"email_type":"customer_completed_order","status":"disabled","recipient":"guest","order":9900}
2026-09-15T05:38:40+00:00 NOTICE Email "customer_completed_order" for order #10225 not sent: email type is disabled CONTEXT: {"email_type":"customer_completed_order","status":"disabled","recipient":"guest","order":10225}
2026-09-15T05:39:09+00:00 INFO Email "new_order" for order #10790 sent CONTEXT: {"email_type":"new_order","status":"sent","recipient":"guest","order":10790}
2026-09-15T05:39:09+00:00 NOTICE Email "customer_processing_order" for order #10790 not sent: email type is disabled CONTEXT: {"email_type":"customer_processing_order","status":"disabled","recipient":"guest","order":10790}
2026-09-15T05:39:09+00:00 NOTICE Email "customer_note" for order #10790 not sent: email type is disabled CONTEXT: {"email_type":"customer_note","status":"disabled","recipient":"guest","order":10790}
2026-09-15T05:39:31+00:00 NOTICE Email "customer_completed_order" for order #10140 not sent: email type is disabled CONTEXT: {"email_type":"customer_completed_order","status":"disabled","recipient":"guest","order":10140}
2026-09-15T05:39:32+00:00 NOTICE Email "customer_completed_order" for order #10222 not sent: email type is disabled CONTEXT: {"email_type":"customer_completed_order","status":"disabled","recipient":"guest","order":10222}
2026-09-15T05:39:32+00:00 NOTICE Email "customer_completed_order" for order #10112 not sent: email type is disabled CONTEXT: {"email_type":"customer_completed_order","status":"disabled","recipient":"guest","order":10112}
2026-09-15T05:39:39+00:00 NOTICE Email "customer_completed_order" for order #10319 not sent: email type is disabled CONTEXT: {"email_type":"customer_completed_order","status":"disabled","recipient":"guest","order":10319}
2026-09-15T05:39:49+00:00 NOTICE Email "customer_completed_order" for order #10247 not sent: email type is disabled CONTEXT: {"email_type":"customer_completed_order","status":"disabled","recipient":"guest","order":10247}
2026-09-15T05:39:49+00:00 NOTICE Email "customer_completed_order" for order #10342 not sent: email type is disabled CONTEXT: {"email_type":"customer_completed_order","status":"disabled","recipient":"guest","order":10342}
2026-09-15T05:40:00+00:00 NOTICE Email "customer_failed_order" for order #10351 not sent: email type is disabled CONTEXT: {"email_type":"customer_failed_order","status":"disabled","recipient":"guest","order":10351}
2026-09-15T05:40:06+00:00 NOTICE Email "customer_completed_order" for order #10258 not sent: email type is disabled CONTEXT: {"email_type":"customer_completed_order","status":"disabled","recipient":"guest","order":10258}
2026-09-15T05:40:24+00:00 NOTICE Email "customer_completed_order" for order #9851 not sent: email type is disabled CONTEXT: {"email_type":"customer_completed_order","status":"disabled","recipient":"guest","order":9851}
2026-09-15T05:40:24+00:00 NOTICE Email "customer_completed_order" for order #9852 not sent: email type is disabled CONTEXT: {"email_type":"customer_completed_order","status":"disabled","recipient":"guest","order":9852}
2026-09-15T05:40:24+00:00 NOTICE Email "customer_completed_order" for order #9892 not sent: email type is disabled CONTEXT: {"email_type":"customer_completed_order","status":"disabled","recipient":"guest","order":9892}
2026-09-15T05:40:24+00:00 NOTICE Email "customer_completed_order" for order #9923 not sent: email type is disabled CONTEXT: {"email_type":"customer_completed_order","status":"disabled","recipient":"guest","order":9923}
2026-09-15T05:40:24+00:00 NOTICE Email "customer_completed_order" for order #9936 not sent: email type is disabled CONTEXT: {"email_type":"customer_completed_order","status":"disabled","recipient":"guest","order":9936}
2026-09-15T05:40:25+00:00 NOTICE Email "customer_completed_order" for order #9952 not sent: email type is disabled CONTEXT: {"email_type":"customer_completed_order","status":"disabled","recipient":"guest","order":9952}
2026-09-15T05:40:25+00:00 NOTICE Email "customer_completed_order" for order #10034 not sent: email type is disabled CONTEXT: {"email_type":"customer_completed_order","status":"disabled","recipient":"guest","order":10034}
2026-09-15T05:40:31+00:00 NOTICE Email "customer_failed_order" for order #10320 not sent: email type is disabled CONTEXT: {"email_type":"customer_failed_order","status":"disabled","recipient":"guest","order":10320}
2026-09-15T05:40:31+00:00 NOTICE Email "customer_completed_order" for order #10225 not sent: email type is disabled CONTEXT: {"email_type":"customer_completed_order","status":"disabled","recipient":"guest","order":10225}
2026-09-15T05:40:33+00:00 NOTICE Email "customer_completed_order" for order #10126 not sent: email type is disabled CONTEXT: {"email_type":"customer_completed_order","status":"disabled","recipient":"guest","order":10126}
2026-09-15T05:40:33+00:00 NOTICE Email "customer_completed_order" for order #10141 not sent: email type is disabled CONTEXT: {"email_type":"customer_completed_order","status":"disabled","recipient":"guest","order":10141}
2026-09-15T05:40:34+00:00 NOTICE Email "customer_completed_order" for order #10168 not sent: email type is disabled CONTEXT: {"email_type":"customer_completed_order","status":"disabled","recipient":"guest","order":10168}
2026-09-15T05:40:34+00:00 NOTICE Email "customer_completed_order" for order #10185 not sent: email type is disabled CONTEXT: {"email_type":"customer_completed_order","status":"disabled","recipient":"guest","order":10185}
2026-09-15T05:40:34+00:00 NOTICE Email "customer_completed_order" for order #10197 not sent: email type is disabled CONTEXT: {"email_type":"customer_completed_order","status":"disabled","recipient":"guest","order":10197}
2026-09-15T05:40:34+00:00 NOTICE Email "customer_completed_order" for order #10215 not sent: email type is disabled CONTEXT: {"email_type":"customer_completed_order","status":"disabled","recipient":"guest","order":10215}
2026-09-15T05:40:34+00:00 NOTICE Email "customer_completed_order" for order #10219 not sent: email type is disabled CONTEXT: {"email_type":"customer_completed_order","status":"disabled","recipient":"guest","order":10219}
2026-09-15T05:40:34+00:00 NOTICE Email "customer_completed_order" for order #10225 not sent: email type is disabled CONTEXT: {"email_type":"customer_completed_order","status":"disabled","recipient":"guest","order":10225}
2026-09-15T05:40:41+00:00 NOTICE Email "customer_completed_order" for order #10285 not sent: email type is disabled CONTEXT: {"email_type":"customer_completed_order","status":"disabled","recipient":"guest","order":10285}
2026-09-15T05:40:41+00:00 NOTICE Email "customer_completed_order" for order #10286 not sent: email type is disabled CONTEXT: {"email_type":"customer_completed_order","status":"disabled","recipient":"guest","order":10286}
2026-09-15T05:40:41+00:00 NOTICE Email "customer_completed_order" for order #10291 not sent: email type is disabled CONTEXT: {"email_type":"customer_completed_order","status":"disabled","recipient":"guest","order":10291}
2026-09-15T05:40:41+00:00 NOTICE Email "customer_completed_order" for order #10327 not sent: email type is disabled CONTEXT: {"email_type":"customer_completed_order","status":"disabled","recipient":"guest","order":10327}
2026-09-15T05:40:42+00:00 NOTICE Email "customer_completed_order" for order #10349 not sent: email type is disabled CONTEXT: {"email_type":"customer_completed_order","status":"disabled","recipient":"guest","order":10349}
2026-09-15T05:40:49+00:00 NOTICE Email "customer_failed_order" for order #10351 not sent: email type is disabled CONTEXT: {"email_type":"customer_failed_order","status":"disabled","recipient":"guest","order":10351}
2026-09-15T05:40:56+00:00 INFO Email "cancelled_order" for order #10786 sent CONTEXT: {"email_type":"cancelled_order","status":"sent","recipient":"guest","order":10786}
2026-09-15T05:41:08+00:00 NOTICE Email "customer_failed_order" for order #10208 not sent: email type is disabled CONTEXT: {"email_type":"customer_failed_order","status":"disabled","recipient":"guest","order":10208}
2026-09-15T05:41:24+00:00 NOTICE Email "customer_completed_order" for order #9943 not sent: email type is disabled CONTEXT: {"email_type":"customer_completed_order","status":"disabled","recipient":"guest","order":9943}
2026-09-15T05:41:41+00:00 NOTICE Email "customer_completed_order" for order #9936 not sent: email type is disabled CONTEXT: {"email_type":"customer_completed_order","status":"disabled","recipient":"guest","order":9936}
2026-09-15T05:41:41+00:00 NOTICE Email "customer_completed_order" for order #10249 not sent: email type is disabled CONTEXT: {"email_type":"customer_completed_order","status":"disabled","recipient":"guest","order":10249}
2026-09-15T05:42:18+00:00 NOTICE Email "customer_completed_order" for order #10242 not sent: email type is disabled CONTEXT: {"email_type":"customer_completed_order","status":"disabled","recipient":"guest","order":10242}
2026-09-15T05:42:24+00:00 NOTICE Email "customer_completed_order" for order #10312 not sent: email type is disabled CONTEXT: {"email_type":"customer_completed_order","status":"disabled","recipient":"guest","order":10312}
2026-09-15T05:42:42+00:00 NOTICE Email "customer_completed_order" for order #10267 not sent: email type is disabled CONTEXT: {"email_type":"customer_completed_order","status":"disabled","recipient":"guest","order":10267}
2026-09-15T05:42:42+00:00 NOTICE Email "customer_completed_order" for order #9907 not sent: email type is disabled CONTEXT: {"email_type":"customer_completed_order","status":"disabled","recipient":"guest","order":9907}
2026-09-15T05:43:00+00:00 NOTICE Email "customer_completed_order" for order #7526 not sent: email type is disabled CONTEXT: {"email_type":"customer_completed_order","status":"disabled","recipient":"guest","order":7526}
2026-09-15T05:43:00+00:00 NOTICE Email "customer_completed_order" for order #10333 not sent: email type is disabled CONTEXT: {"email_type":"customer_completed_order","status":"disabled","recipient":"guest","order":10333}
2026-09-15T05:43:17+00:00 NOTICE Email "customer_completed_order" for order #9810 not sent: email type is disabled CONTEXT: {"email_type":"customer_completed_order","status":"disabled","recipient":"guest","order":9810}
2026-09-15T05:43:17+00:00 NOTICE Email "customer_completed_order" for order #10061 not sent: email type is disabled CONTEXT: {"email_type":"customer_completed_order","status":"disabled","recipient":"guest","order":10061}
2026-09-15T05:43:51+00:00 NOTICE Email "customer_completed_order" for order #9923 not sent: email type is disabled CONTEXT: {"email_type":"customer_completed_order","status":"disabled","recipient":"guest","order":9923}
2026-09-15T05:44:09+00:00 NOTICE Email "customer_completed_order" for order #9766 not sent: email type is disabled CONTEXT: {"email_type":"customer_completed_order","status":"disabled","recipient":"guest","order":9766}
2026-09-15T05:44:09+00:00 NOTICE Email "customer_completed_order" for order #9833 not sent: email type is disabled CONTEXT: {"email_type":"customer_completed_order","status":"disabled","recipient":"guest","order":9833}
2026-09-15T05:44:28+00:00 NOTICE Email "customer_completed_order" for order #10086 not sent: email type is disabled CONTEXT: {"email_type":"customer_completed_order","status":"disabled","recipient":"guest","order":10086}
2026-09-15T05:52:19+00:00 NOTICE Email "customer_completed_order" for order #10222 not sent: email type is disabled CONTEXT: {"email_type":"customer_completed_order","status":"disabled","recipient":"guest","order":10222}
2026-09-15T05:52:19+00:00 NOTICE Email "customer_completed_order" for order #10336 not sent: email type is disabled CONTEXT: {"email_type":"customer_completed_order","status":"disabled","recipient":"guest","order":10336}
2026-09-15T05:52:23+00:00 NOTICE Email "customer_completed_order" for order #9766 not sent: email type is disabled CONTEXT: {"email_type":"customer_completed_order","status":"disabled","recipient":"guest","order":9766}
2026-09-15T05:52:24+00:00 NOTICE Email "customer_completed_order" for order #10185 not sent: email type is disabled CONTEXT: {"email_type":"customer_completed_order","status":"disabled","recipient":"guest","order":10185}
2026-09-15T05:52:24+00:00 NOTICE Email "customer_completed_order" for order #10239 not sent: email type is disabled CONTEXT: {"email_type":"customer_completed_order","status":"disabled","recipient":"guest","order":10239}
2026-09-15T05:52:35+00:00 NOTICE Email "customer_completed_order" for order #10216 not sent: email type is disabled CONTEXT: {"email_type":"customer_completed_order","status":"disabled","recipient":"guest","order":10216}
2026-09-15T05:52:35+00:00 NOTICE Email "customer_completed_order" for order #10291 not sent: email type is disabled CONTEXT: {"email_type":"customer_completed_order","status":"disabled","recipient":"guest","order":10291}
2026-09-15T05:52:39+00:00 NOTICE Email "customer_completed_order" for order #10199 not sent: email type is disabled CONTEXT: {"email_type":"customer_completed_order","status":"disabled","recipient":"guest","order":10199}
2026-09-15T05:52:39+00:00 NOTICE Email "customer_failed_order" for order #10320 not sent: email type is disabled CONTEXT: {"email_type":"customer_failed_order","status":"disabled","recipient":"guest","order":10320}
2026-09-15T05:52:57+00:00 NOTICE Email "customer_completed_order" for order #9757 not sent: email type is disabled CONTEXT: {"email_type":"customer_completed_order","status":"disabled","recipient":"guest","order":9757}
2026-09-15T05:52:58+00:00 NOTICE Email "customer_completed_order" for order #10140 not sent: email type is disabled CONTEXT: {"email_type":"customer_completed_order","status":"disabled","recipient":"guest","order":10140}
2026-09-15T05:52:59+00:00 NOTICE Email "customer_completed_order" for order #9809 not sent: email type is disabled CONTEXT: {"email_type":"customer_completed_order","status":"disabled","recipient":"guest","order":9809}
2026-09-15T05:53:15+00:00 NOTICE Email "customer_completed_order" for order #10225 not sent: email type is disabled CONTEXT: {"email_type":"customer_completed_order","status":"disabled","recipient":"guest","order":10225}
2026-09-15T05:53:28+00:00 NOTICE Email "customer_completed_order" for order #9809 not sent: email type is disabled CONTEXT: {"email_type":"customer_completed_order","status":"disabled","recipient":"guest","order":9809}
2026-09-15T05:53:35+00:00 NOTICE Email "customer_completed_order" for order #9952 not sent: email type is disabled CONTEXT: {"email_type":"customer_completed_order","status":"disabled","recipient":"guest","order":9952}
2026-09-15T05:53:45+00:00 NOTICE Email "customer_completed_order" for order #10168 not sent: email type is disabled CONTEXT: {"email_type":"customer_completed_order","status":"disabled","recipient":"guest","order":10168}
2026-09-15T05:54:10+00:00 NOTICE Email "customer_completed_order" for order #10262 not sent: email type is disabled CONTEXT: {"email_type":"customer_completed_order","status":"disabled","recipient":"guest","order":10262}
2026-09-15T05:54:10+00:00 NOTICE Email "customer_completed_order" for order #10345 not sent: email type is disabled CONTEXT: {"email_type":"customer_completed_order","status":"disabled","recipient":"guest","order":10345}
2026-09-15T05:54:25+00:00 NOTICE Email "customer_failed_order" for order #10208 not sent: email type is disabled CONTEXT: {"email_type":"customer_failed_order","status":"disabled","recipient":"guest","order":10208}
2026-09-15T05:54:46+00:00 NOTICE Email "customer_completed_order" for order #9810 not sent: email type is disabled CONTEXT: {"email_type":"customer_completed_order","status":"disabled","recipient":"guest","order":9810}
2026-09-15T05:54:46+00:00 NOTICE Email "customer_completed_order" for order #10196 not sent: email type is disabled CONTEXT: {"email_type":"customer_completed_order","status":"disabled","recipient":"guest","order":10196}
2026-09-15T05:54:56+00:00 NOTICE Email "customer_completed_order" for order #9892 not sent: email type is disabled CONTEXT: {"email_type":"customer_completed_order","status":"disabled","recipient":"guest","order":9892}
2026-09-15T05:55:00+00:00 NOTICE Email "customer_completed_order" for order #9865 not sent: email type is disabled CONTEXT: {"email_type":"customer_completed_order","status":"disabled","recipient":"guest","order":9865}
2026-09-15T05:55:00+00:00 NOTICE Email "customer_completed_order" for order #10262 not sent: email type is disabled CONTEXT: {"email_type":"customer_completed_order","status":"disabled","recipient":"guest","order":10262}
2026-09-15T05:55:04+00:00 NOTICE Email "customer_completed_order" for order #10141 not sent: email type is disabled CONTEXT: {"email_type":"customer_completed_order","status":"disabled","recipient":"guest","order":10141}
2026-09-15T05:55:04+00:00 NOTICE Email "customer_completed_order" for order #10034 not sent: email type is disabled CONTEXT: {"email_type":"customer_completed_order","status":"disabled","recipient":"guest","order":10034}
2026-09-15T05:55:04+00:00 NOTICE Email "customer_completed_order" for order #10126 not sent: email type is disabled CONTEXT: {"email_type":"customer_completed_order","status":"disabled","recipient":"guest","order":10126}
2026-09-15T05:55:13+00:00 NOTICE Email "customer_completed_order" for order #9923 not sent: email type is disabled CONTEXT: {"email_type":"customer_completed_order","status":"disabled","recipient":"guest","order":9923}
2026-09-15T05:55:13+00:00 NOTICE Email "customer_completed_order" for order #10197 not sent: email type is disabled CONTEXT: {"email_type":"customer_completed_order","status":"disabled","recipient":"guest","order":10197}
2026-09-15T05:55:21+00:00 NOTICE Email "customer_completed_order" for order #9757 not sent: email type is disabled CONTEXT: {"email_type":"customer_completed_order","status":"disabled","recipient":"guest","order":9757}
2026-09-15T05:55:21+00:00 NOTICE Email "customer_completed_order" for order #9766 not sent: email type is disabled CONTEXT: {"email_type":"customer_completed_order","status":"disabled","recipient":"guest","order":9766}
2026-09-15T05:55:21+00:00 NOTICE Email "customer_completed_order" for order #9773 not sent: email type is disabled CONTEXT: {"email_type":"customer_completed_order","status":"disabled","recipient":"guest","order":9773}
2026-09-15T05:55:27+00:00 NOTICE Email "customer_completed_order" for order #10345 not sent: email type is disabled CONTEXT: {"email_type":"customer_completed_order","status":"disabled","recipient":"guest","order":10345}
2026-09-15T05:55:29+00:00 NOTICE Email "customer_completed_order" for order #9798 not sent: email type is disabled CONTEXT: {"email_type":"customer_completed_order","status":"disabled","recipient":"guest","order":9798}
2026-09-15T05:55:29+00:00 NOTICE Email "customer_completed_order" for order #9833 not sent: email type is disabled CONTEXT: {"email_type":"customer_completed_order","status":"disabled","recipient":"guest","order":9833}
2026-09-15T05:55:29+00:00 NOTICE Email "customer_completed_order" for order #9851 not sent: email type is disabled CONTEXT: {"email_type":"customer_completed_order","status":"disabled","recipient":"guest","order":9851}
2026-09-15T05:55:30+00:00 NOTICE Email "customer_completed_order" for order #9936 not sent: email type is disabled CONTEXT: {"email_type":"customer_completed_order","status":"disabled","recipient":"guest","order":9936}
2026-09-15T05:55:30+00:00 NOTICE Email "customer_completed_order" for order #9943 not sent: email type is disabled CONTEXT: {"email_type":"customer_completed_order","status":"disabled","recipient":"guest","order":9943}
2026-09-15T05:55:30+00:00 NOTICE Email "customer_completed_order" for order #9950 not sent: email type is disabled CONTEXT: {"email_type":"customer_completed_order","status":"disabled","recipient":"guest","order":9950}
2026-09-15T05:55:30+00:00 NOTICE Email "customer_completed_order" for order #9997 not sent: email type is disabled CONTEXT: {"email_type":"customer_completed_order","status":"disabled","recipient":"guest","order":9997}
2026-09-15T05:55:30+00:00 NOTICE Email "customer_completed_order" for order #10003 not sent: email type is disabled CONTEXT: {"email_type":"customer_completed_order","status":"disabled","recipient":"guest","order":10003}
2026-09-15T05:55:31+00:00 NOTICE Email "customer_completed_order" for order #10061 not sent: email type is disabled CONTEXT: {"email_type":"customer_completed_order","status":"disabled","recipient":"guest","order":10061}
2026-09-15T05:55:33+00:00 NOTICE Email "customer_completed_order" for order #10349 not sent: email type is disabled CONTEXT: {"email_type":"customer_completed_order","status":"disabled","recipient":"guest","order":10349}
2026-09-15T05:55:38+00:00 NOTICE Email "customer_completed_order" for order #10112 not sent: email type is disabled CONTEXT: {"email_type":"customer_completed_order","status":"disabled","recipient":"guest","order":10112}
2026-09-15T05:55:38+00:00 NOTICE Email "customer_completed_order" for order #10140 not sent: email type is disabled CONTEXT: {"email_type":"customer_completed_order","status":"disabled","recipient":"guest","order":10140}
2026-09-15T05:55:38+00:00 NOTICE Email "customer_completed_order" for order #10156 not sent: email type is disabled CONTEXT: {"email_type":"customer_completed_order","status":"disabled","recipient":"guest","order":10156}
2026-09-15T05:55:39+00:00 NOTICE Email "customer_completed_order" for order #10215 not sent: email type is disabled CONTEXT: {"email_type":"customer_completed_order","status":"disabled","recipient":"guest","order":10215}
2026-09-15T05:55:39+00:00 NOTICE Email "customer_completed_order" for order #10182 not sent: email type is disabled CONTEXT: {"email_type":"customer_completed_order","status":"disabled","recipient":"guest","order":10182}
2026-09-15T05:55:39+00:00 NOTICE Email "customer_completed_order" for order #10199 not sent: email type is disabled CONTEXT: {"email_type":"customer_completed_order","status":"disabled","recipient":"guest","order":10199}
2026-09-15T05:55:39+00:00 NOTICE Email "customer_completed_order" for order #10215 not sent: email type is disabled CONTEXT: {"email_type":"customer_completed_order","status":"disabled","recipient":"guest","order":10215}
2026-09-15T05:55:39+00:00 NOTICE Email "customer_completed_order" for order #10216 not sent: email type is disabled CONTEXT: {"email_type":"customer_completed_order","status":"disabled","recipient":"guest","order":10216}
2026-09-15T05:55:39+00:00 NOTICE Email "customer_completed_order" for order #10222 not sent: email type is disabled CONTEXT: {"email_type":"customer_completed_order","status":"disabled","recipient":"guest","order":10222}
2026-09-15T05:55:39+00:00 NOTICE Email "customer_completed_order" for order #10233 not sent: email type is disabled CONTEXT: {"email_type":"customer_completed_order","status":"disabled","recipient":"guest","order":10233}
2026-09-15T05:55:39+00:00 NOTICE Email "customer_completed_order" for order #10242 not sent: email type is disabled CONTEXT: {"email_type":"customer_completed_order","status":"disabled","recipient":"guest","order":10242}
2026-09-15T05:55:39+00:00 NOTICE Email "customer_completed_order" for order #10247 not sent: email type is disabled CONTEXT: {"email_type":"customer_completed_order","status":"disabled","recipient":"guest","order":10247}
2026-09-15T05:55:39+00:00 NOTICE Email "customer_completed_order" for order #10249 not sent: email type is disabled CONTEXT: {"email_type":"customer_completed_order","status":"disabled","recipient":"guest","order":10249}
2026-09-15T05:55:39+00:00 NOTICE Email "customer_completed_order" for order #10266 not sent: email type is disabled CONTEXT: {"email_type":"customer_completed_order","status":"disabled","recipient":"guest","order":10266}
2026-09-15T05:55:40+00:00 NOTICE Email "customer_completed_order" for order #10285 not sent: email type is disabled CONTEXT: {"email_type":"customer_completed_order","status":"disabled","recipient":"guest","order":10285}
2026-09-15T05:55:40+00:00 NOTICE Email "customer_completed_order" for order #10286 not sent: email type is disabled CONTEXT: {"email_type":"customer_completed_order","status":"disabled","recipient":"guest","order":10286}
2026-09-15T05:55:48+00:00 NOTICE Email "customer_completed_order" for order #10258 not sent: email type is disabled CONTEXT: {"email_type":"customer_completed_order","status":"disabled","recipient":"guest","order":10258}
2026-09-15T05:55:49+00:00 NOTICE Email "customer_completed_order" for order #9900 not sent: email type is disabled CONTEXT: {"email_type":"customer_completed_order","status":"disabled","recipient":"guest","order":9900}
2026-09-15T05:55:54+00:00 NOTICE Email "customer_completed_order" for order #10342 not sent: email type is disabled CONTEXT: {"email_type":"customer_completed_order","status":"disabled","recipient":"guest","order":10342}
2026-09-15T05:55:56+00:00 NOTICE Email "customer_completed_order" for order #10289 not sent: email type is disabled CONTEXT: {"email_type":"customer_completed_order","status":"disabled","recipient":"guest","order":10289}
2026-09-15T05:55:56+00:00 NOTICE Email "customer_completed_order" for order #10327 not sent: email type is disabled CONTEXT: {"email_type":"customer_completed_order","status":"disabled","recipient":"guest","order":10327}
2026-09-15T05:56:06+00:00 NOTICE Email "customer_completed_order" for order #10267 not sent: email type is disabled CONTEXT: {"email_type":"customer_completed_order","status":"disabled","recipient":"guest","order":10267}
2026-09-15T05:56:06+00:00 NOTICE Email "customer_completed_order" for order #10086 not sent: email type is disabled CONTEXT: {"email_type":"customer_completed_order","status":"disabled","recipient":"guest","order":10086}
2026-09-15T05:56:22+00:00 NOTICE Email "customer_completed_order" for order #10319 not sent: email type is disabled CONTEXT: {"email_type":"customer_completed_order","status":"disabled","recipient":"guest","order":10319}
2026-09-15T05:56:30+00:00 NOTICE Email "customer_completed_order" for order #10299 not sent: email type is disabled CONTEXT: {"email_type":"customer_completed_order","status":"disabled","recipient":"guest","order":10299}
2026-09-15T05:56:32+00:00 NOTICE Email "customer_completed_order" for order #10336 not sent: email type is disabled CONTEXT: {"email_type":"customer_completed_order","status":"disabled","recipient":"guest","order":10336}
2026-09-15T05:56:53+00:00 NOTICE Email "customer_completed_order" for order #7526 not sent: email type is disabled CONTEXT: {"email_type":"customer_completed_order","status":"disabled","recipient":"guest","order":7526}
2026-09-15T05:57:09+00:00 NOTICE Email "customer_failed_order" for order #10320 not sent: email type is disabled CONTEXT: {"email_type":"customer_failed_order","status":"disabled","recipient":"guest","order":10320}
2026-09-15T05:57:18+00:00 NOTICE Email "customer_completed_order" for order #10291 not sent: email type is disabled CONTEXT: {"email_type":"customer_completed_order","status":"disabled","recipient":"guest","order":10291}
2026-09-15T05:57:35+00:00 NOTICE Email "customer_completed_order" for order #10225 not sent: email type is disabled CONTEXT: {"email_type":"customer_completed_order","status":"disabled","recipient":"guest","order":10225}
2026-09-15T05:57:56+00:00 NOTICE Email "customer_completed_order" for order #9852 not sent: email type is disabled CONTEXT: {"email_type":"customer_completed_order","status":"disabled","recipient":"guest","order":9852}
2026-09-15T05:58:16+00:00 NOTICE Email "customer_completed_order" for order #10312 not sent: email type is disabled CONTEXT: {"email_type":"customer_completed_order","status":"disabled","recipient":"guest","order":10312}
2026-09-15T05:58:19+00:00 NOTICE Email "customer_failed_order" for order #10302 not sent: email type is disabled CONTEXT: {"email_type":"customer_failed_order","status":"disabled","recipient":"guest","order":10302}
2026-09-15T05:58:30+00:00 NOTICE Email "customer_completed_order" for order #9907 not sent: email type is disabled CONTEXT: {"email_type":"customer_completed_order","status":"disabled","recipient":"guest","order":9907}
2026-09-15T05:58:39+00:00 NOTICE Email "customer_completed_order" for order #10219 not sent: email type is disabled CONTEXT: {"email_type":"customer_completed_order","status":"disabled","recipient":"guest","order":10219}
2026-09-15T05:58:39+00:00 NOTICE Email "customer_completed_order" for order #9786 not sent: email type is disabled CONTEXT: {"email_type":"customer_completed_order","status":"disabled","recipient":"guest","order":9786}
2026-09-15T05:58:49+00:00 NOTICE Email "customer_completed_order" for order #10338 not sent: email type is disabled CONTEXT: {"email_type":"customer_completed_order","status":"disabled","recipient":"guest","order":10338}
2026-09-15T05:58:53+00:00 NOTICE Email "customer_completed_order" for order #10185 not sent: email type is disabled CONTEXT: {"email_type":"customer_completed_order","status":"disabled","recipient":"guest","order":10185}
2026-09-15T05:58:57+00:00 NOTICE Email "customer_completed_order" for order #9830 not sent: email type is disabled CONTEXT: {"email_type":"customer_completed_order","status":"disabled","recipient":"guest","order":9830}
2026-09-15T05:59:04+00:00 NOTICE Email "customer_completed_order" for order #10333 not sent: email type is disabled CONTEXT: {"email_type":"customer_completed_order","status":"disabled","recipient":"guest","order":10333}
2026-09-15T05:59:09+00:00 NOTICE Email "customer_completed_order" for order #10148 not sent: email type is disabled CONTEXT: {"email_type":"customer_completed_order","status":"disabled","recipient":"guest","order":10148}
2026-09-15T06:03:18+00:00 NOTICE Email "customer_failed_order" for order #10351 not sent: email type is disabled CONTEXT: {"email_type":"customer_failed_order","status":"disabled","recipient":"guest","order":10351}
2026-09-15T06:04:59+00:00 NOTICE Email "customer_completed_order" for order #7526 not sent: email type is disabled CONTEXT: {"email_type":"customer_completed_order","status":"disabled","recipient":"guest","order":7526}
2026-09-15T06:05:36+00:00 NOTICE Email "customer_failed_order" for order #10208 not sent: email type is disabled CONTEXT: {"email_type":"customer_failed_order","status":"disabled","recipient":"guest","order":10208}
2026-09-15T06:06:28+00:00 NOTICE Email "customer_completed_order" for order #10061 not sent: email type is disabled CONTEXT: {"email_type":"customer_completed_order","status":"disabled","recipient":"guest","order":10061}
2026-09-15T06:06:45+00:00 NOTICE Email "customer_completed_order" for order #10197 not sent: email type is disabled CONTEXT: {"email_type":"customer_completed_order","status":"disabled","recipient":"guest","order":10197}
2026-09-15T06:06:52+00:00 NOTICE Email "customer_failed_order" for order #10351 not sent: email type is disabled CONTEXT: {"email_type":"customer_failed_order","status":"disabled","recipient":"guest","order":10351}
2026-09-15T06:07:02+00:00 NOTICE Email "customer_completed_order" for order #9757 not sent: email type is disabled CONTEXT: {"email_type":"customer_completed_order","status":"disabled","recipient":"guest","order":9757}
2026-09-15T06:07:02+00:00 NOTICE Email "customer_completed_order" for order #10003 not sent: email type is disabled CONTEXT: {"email_type":"customer_completed_order","status":"disabled","recipient":"guest","order":10003}
2026-09-15T06:07:19+00:00 NOTICE Email "customer_completed_order" for order #10249 not sent: email type is disabled CONTEXT: {"email_type":"customer_completed_order","status":"disabled","recipient":"guest","order":10249}
2026-09-15T06:07:35+00:00 NOTICE Email "customer_completed_order" for order #10299 not sent: email type is disabled CONTEXT: {"email_type":"customer_completed_order","status":"disabled","recipient":"guest","order":10299}
2026-09-15T06:07:55+00:00 NOTICE Email "customer_completed_order" for order #10216 not sent: email type is disabled CONTEXT: {"email_type":"customer_completed_order","status":"disabled","recipient":"guest","order":10216}
2026-09-15T06:07:55+00:00 NOTICE Email "customer_completed_order" for order #10247 not sent: email type is disabled CONTEXT: {"email_type":"customer_completed_order","status":"disabled","recipient":"guest","order":10247}
2026-09-15T06:07:55+00:00 NOTICE Email "customer_completed_order" for order #10342 not sent: email type is disabled CONTEXT: {"email_type":"customer_completed_order","status":"disabled","recipient":"guest","order":10342}
2026-09-15T06:08:49+00:00 NOTICE Email "customer_completed_order" for order #10086 not sent: email type is disabled CONTEXT: {"email_type":"customer_completed_order","status":"disabled","recipient":"guest","order":10086}
2026-09-15T06:08:54+00:00 NOTICE Email "customer_completed_order" for order #10233 not sent: email type is disabled CONTEXT: {"email_type":"customer_completed_order","status":"disabled","recipient":"guest","order":10233}
2026-09-15T06:08:54+00:00 NOTICE Email "customer_completed_order" for order #10338 not sent: email type is disabled CONTEXT: {"email_type":"customer_completed_order","status":"disabled","recipient":"guest","order":10338}
2026-09-15T06:08:54+00:00 NOTICE Email "customer_completed_order" for order #10286 not sent: email type is disabled CONTEXT: {"email_type":"customer_completed_order","status":"disabled","recipient":"guest","order":10286}
2026-09-15T06:09:11+00:00 NOTICE Email "customer_failed_order" for order #10302 not sent: email type is disabled CONTEXT: {"email_type":"customer_failed_order","status":"disabled","recipient":"guest","order":10302}
2026-09-15T06:09:27+00:00 NOTICE Email "customer_completed_order" for order #10199 not sent: email type is disabled CONTEXT: {"email_type":"customer_completed_order","status":"disabled","recipient":"guest","order":10199}
2026-09-15T06:09:27+00:00 NOTICE Email "customer_completed_order" for order #9773 not sent: email type is disabled CONTEXT: {"email_type":"customer_completed_order","status":"disabled","recipient":"guest","order":9773}
2026-09-15T06:09:44+00:00 NOTICE Email "customer_completed_order" for order #9798 not sent: email type is disabled CONTEXT: {"email_type":"customer_completed_order","status":"disabled","recipient":"guest","order":9798}
2026-09-15T06:09:44+00:00 NOTICE Email "customer_completed_order" for order #10156 not sent: email type is disabled CONTEXT: {"email_type":"customer_completed_order","status":"disabled","recipient":"guest","order":10156}
2026-09-15T06:09:44+00:00 NOTICE Email "customer_completed_order" for order #10219 not sent: email type is disabled CONTEXT: {"email_type":"customer_completed_order","status":"disabled","recipient":"guest","order":10219}
2026-09-15T06:10:03+00:00 NOTICE Email "customer_completed_order" for order #10242 not sent: email type is disabled CONTEXT: {"email_type":"customer_completed_order","status":"disabled","recipient":"guest","order":10242}
2026-09-15T06:10:03+00:00 NOTICE Email "customer_completed_order" for order #10196 not sent: email type is disabled CONTEXT: {"email_type":"customer_completed_order","status":"disabled","recipient":"guest","order":10196}
2026-09-15T06:10:03+00:00 NOTICE Email "customer_completed_order" for order #9810 not sent: email type is disabled CONTEXT: {"email_type":"customer_completed_order","status":"disabled","recipient":"guest","order":9810}
2026-09-15T06:10:21+00:00 NOTICE Email "customer_completed_order" for order #9833 not sent: email type is disabled CONTEXT: {"email_type":"customer_completed_order","status":"disabled","recipient":"guest","order":9833}
2026-09-15T06:10:39+00:00 NOTICE Email "customer_completed_order" for order #9865 not sent: email type is disabled CONTEXT: {"email_type":"customer_completed_order","status":"disabled","recipient":"guest","order":9865}
2026-09-15T06:10:39+00:00 NOTICE Email "customer_completed_order" for order #9907 not sent: email type is disabled CONTEXT: {"email_type":"customer_completed_order","status":"disabled","recipient":"guest","order":9907}
2026-09-15T06:10:39+00:00 NOTICE Email "customer_completed_order" for order #9936 not sent: email type is disabled CONTEXT: {"email_type":"customer_completed_order","status":"disabled","recipient":"guest","order":9936}
2026-09-15T06:10:39+00:00 NOTICE Email "customer_completed_order" for order #9997 not sent: email type is disabled CONTEXT: {"email_type":"customer_completed_order","status":"disabled","recipient":"guest","order":9997}
2026-09-15T06:10:40+00:00 NOTICE Email "customer_completed_order" for order #10061 not sent: email type is disabled CONTEXT: {"email_type":"customer_completed_order","status":"disabled","recipient":"guest","order":10061}
2026-09-15T06:10:46+00:00 NOTICE Email "customer_completed_order" for order #10112 not sent: email type is disabled CONTEXT: {"email_type":"customer_completed_order","status":"disabled","recipient":"guest","order":10112}
2026-09-15T06:10:47+00:00 NOTICE Email "customer_completed_order" for order #10140 not sent: email type is disabled CONTEXT: {"email_type":"customer_completed_order","status":"disabled","recipient":"guest","order":10140}
2026-09-15T06:10:47+00:00 NOTICE Email "customer_completed_order" for order #10148 not sent: email type is disabled CONTEXT: {"email_type":"customer_completed_order","status":"disabled","recipient":"guest","order":10148}
2026-09-15T06:10:47+00:00 NOTICE Email "customer_completed_order" for order #10182 not sent: email type is disabled CONTEXT: {"email_type":"customer_completed_order","status":"disabled","recipient":"guest","order":10182}
2026-09-15T06:10:47+00:00 NOTICE Email "customer_completed_order" for order #10185 not sent: email type is disabled CONTEXT: {"email_type":"customer_completed_order","status":"disabled","recipient":"guest","order":10185}
2026-09-15T06:10:47+00:00 NOTICE Email "customer_completed_order" for order #10197 not sent: email type is disabled CONTEXT: {"email_type":"customer_completed_order","status":"disabled","recipient":"guest","order":10197}
2026-09-15T06:10:47+00:00 NOTICE Email "customer_completed_order" for order #10215 not sent: email type is disabled CONTEXT: {"email_type":"customer_completed_order","status":"disabled","recipient":"guest","order":10215}
2026-09-15T06:10:47+00:00 NOTICE Email "customer_completed_order" for order #10239 not sent: email type is disabled CONTEXT: {"email_type":"customer_completed_order","status":"disabled","recipient":"guest","order":10239}
2026-09-15T06:10:47+00:00 NOTICE Email "customer_completed_order" for order #10258 not sent: email type is disabled CONTEXT: {"email_type":"customer_completed_order","status":"disabled","recipient":"guest","order":10258}
2026-09-15T06:10:48+00:00 NOTICE Email "customer_completed_order" for order #10266 not sent: email type is disabled CONTEXT: {"email_type":"customer_completed_order","status":"disabled","recipient":"guest","order":10266}
2026-09-15T06:10:54+00:00 NOTICE Email "customer_completed_order" for order #10291 not sent: email type is disabled CONTEXT: {"email_type":"customer_completed_order","status":"disabled","recipient":"guest","order":10291}
2026-09-15T06:10:54+00:00 NOTICE Email "customer_failed_order" for order #10320 not sent: email type is disabled CONTEXT: {"email_type":"customer_failed_order","status":"disabled","recipient":"guest","order":10320}
2026-09-15T06:10:54+00:00 NOTICE Email "customer_completed_order" for order #10336 not sent: email type is disabled CONTEXT: {"email_type":"customer_completed_order","status":"disabled","recipient":"guest","order":10336}
2026-09-15T06:10:54+00:00 NOTICE Email "customer_completed_order" for order #10267 not sent: email type is disabled CONTEXT: {"email_type":"customer_completed_order","status":"disabled","recipient":"guest","order":10267}
2026-09-15T06:13:35+00:00 NOTICE Email "customer_failed_order" for order #10208 not sent: email type is disabled CONTEXT: {"email_type":"customer_failed_order","status":"disabled","recipient":"guest","order":10208}
2026-09-15T06:13:50+00:00 NOTICE Email "customer_completed_order" for order #10233 not sent: email type is disabled CONTEXT: {"email_type":"customer_completed_order","status":"disabled","recipient":"guest","order":10233}
2026-09-15T06:14:49+00:00 NOTICE Email "customer_completed_order" for order #9952 not sent: email type is disabled CONTEXT: {"email_type":"customer_completed_order","status":"disabled","recipient":"guest","order":9952}
2026-09-15T06:15:15+00:00 NOTICE Email "customer_failed_order" for order #10302 not sent: email type is disabled CONTEXT: {"email_type":"customer_failed_order","status":"disabled","recipient":"guest","order":10302}
2026-09-15T06:15:15+00:00 NOTICE Email "customer_completed_order" for order #10199 not sent: email type is disabled CONTEXT: {"email_type":"customer_completed_order","status":"disabled","recipient":"guest","order":10199}
2026-09-15T06:15:23+00:00 NOTICE Email "customer_completed_order" for order #9943 not sent: email type is disabled CONTEXT: {"email_type":"customer_completed_order","status":"disabled","recipient":"guest","order":9943}
2026-09-15T06:15:23+00:00 NOTICE Email "customer_completed_order" for order #10289 not sent: email type is disabled CONTEXT: {"email_type":"customer_completed_order","status":"disabled","recipient":"guest","order":10289}
2026-09-15T06:15:23+00:00 NOTICE Email "customer_completed_order" for order #10141 not sent: email type is disabled CONTEXT: {"email_type":"customer_completed_order","status":"disabled","recipient":"guest","order":10141}
2026-09-15T06:15:24+00:00 NOTICE Email "customer_failed_order" for order #10351 not sent: email type is disabled CONTEXT: {"email_type":"customer_failed_order","status":"disabled","recipient":"guest","order":10351}
2026-09-15T06:15:41+00:00 NOTICE Email "customer_completed_order" for order #10034 not sent: email type is disabled CONTEXT: {"email_type":"customer_completed_order","status":"disabled","recipient":"guest","order":10034}
2026-09-15T06:15:41+00:00 NOTICE Email "customer_completed_order" for order #10327 not sent: email type is disabled CONTEXT: {"email_type":"customer_completed_order","status":"disabled","recipient":"guest","order":10327}
2026-09-15T06:15:55+00:00 NOTICE Email "customer_completed_order" for order #9892 not sent: email type is disabled CONTEXT: {"email_type":"customer_completed_order","status":"disabled","recipient":"guest","order":9892}
2026-09-15T06:15:55+00:00 NOTICE Email "customer_completed_order" for order #10126 not sent: email type is disabled CONTEXT: {"email_type":"customer_completed_order","status":"disabled","recipient":"guest","order":10126}
2026-09-15T06:15:58+00:00 NOTICE Email "customer_completed_order" for order #9798 not sent: email type is disabled CONTEXT: {"email_type":"customer_completed_order","status":"disabled","recipient":"guest","order":9798}
2026-09-15T06:16:21+00:00 NOTICE Email "customer_completed_order" for order #9833 not sent: email type is disabled CONTEXT: {"email_type":"customer_completed_order","status":"disabled","recipient":"guest","order":9833}
2026-09-15T06:16:21+00:00 NOTICE Email "customer_completed_order" for order #10215 not sent: email type is disabled CONTEXT: {"email_type":"customer_completed_order","status":"disabled","recipient":"guest","order":10215}
2026-09-15T06:16:40+00:00 NOTICE Email "customer_completed_order" for order #9900 not sent: email type is disabled CONTEXT: {"email_type":"customer_completed_order","status":"disabled","recipient":"guest","order":9900}
2026-09-15T06:17:00+00:00 NOTICE Email "customer_completed_order" for order #10222 not sent: email type is disabled CONTEXT: {"email_type":"customer_completed_order","status":"disabled","recipient":"guest","order":10222}
2026-09-15T06:17:00+00:00 NOTICE Email "customer_completed_order" for order #9997 not sent: email type is disabled CONTEXT: {"email_type":"customer_completed_order","status":"disabled","recipient":"guest","order":9997}
2026-09-15T06:17:25+00:00 NOTICE Email "customer_completed_order" for order #10086 not sent: email type is disabled CONTEXT: {"email_type":"customer_completed_order","status":"disabled","recipient":"guest","order":10086}
2026-09-15T06:17:25+00:00 NOTICE Email "customer_completed_order" for order #9766 not sent: email type is disabled CONTEXT: {"email_type":"customer_completed_order","status":"disabled","recipient":"guest","order":9766}
2026-09-15T06:17:25+00:00 NOTICE Email "customer_completed_order" for order #10233 not sent: email type is disabled CONTEXT: {"email_type":"customer_completed_order","status":"disabled","recipient":"guest","order":10233}
2026-09-15T06:17:41+00:00 NOTICE Email "customer_completed_order" for order #10291 not sent: email type is disabled CONTEXT: {"email_type":"customer_completed_order","status":"disabled","recipient":"guest","order":10291}
2026-09-15T06:17:44+00:00 NOTICE Email "customer_completed_order" for order #10286 not sent: email type is disabled CONTEXT: {"email_type":"customer_completed_order","status":"disabled","recipient":"guest","order":10286}
2026-09-15T06:17:59+00:00 NOTICE Email "customer_completed_order" for order #10342 not sent: email type is disabled CONTEXT: {"email_type":"customer_completed_order","status":"disabled","recipient":"guest","order":10342}
2026-09-15T06:18:03+00:00 NOTICE Email "customer_completed_order" for order #9865 not sent: email type is disabled CONTEXT: {"email_type":"customer_completed_order","status":"disabled","recipient":"guest","order":9865}
2026-09-15T06:18:04+00:00 NOTICE Email "customer_completed_order" for order #10003 not sent: email type is disabled CONTEXT: {"email_type":"customer_completed_order","status":"disabled","recipient":"guest","order":10003}
2026-09-15T06:18:24+00:00 NOTICE Email "customer_completed_order" for order #10112 not sent: email type is disabled CONTEXT: {"email_type":"customer_completed_order","status":"disabled","recipient":"guest","order":10112}
2026-09-15T06:18:34+00:00 NOTICE Email "customer_completed_order" for order #9809 not sent: email type is disabled CONTEXT: {"email_type":"customer_completed_order","status":"disabled","recipient":"guest","order":9809}
2026-09-15T06:18:52+00:00 NOTICE Email "customer_completed_order" for order #10215 not sent: email type is disabled CONTEXT: {"email_type":"customer_completed_order","status":"disabled","recipient":"guest","order":10215}
2026-09-15T06:18:52+00:00 NOTICE Email "customer_completed_order" for order #10168 not sent: email type is disabled CONTEXT: {"email_type":"customer_completed_order","status":"disabled","recipient":"guest","order":10168}
2026-09-15T06:19:08+00:00 NOTICE Email "customer_completed_order" for order #10349 not sent: email type is disabled CONTEXT: {"email_type":"customer_completed_order","status":"disabled","recipient":"guest","order":10349}
2026-09-15T06:19:11+00:00 NOTICE Email "customer_completed_order" for order #10242 not sent: email type is disabled CONTEXT: {"email_type":"customer_completed_order","status":"disabled","recipient":"guest","order":10242}
2026-09-15T06:19:11+00:00 NOTICE Email "customer_completed_order" for order #10196 not sent: email type is disabled CONTEXT: {"email_type":"customer_completed_order","status":"disabled","recipient":"guest","order":10196}
2026-09-15T06:19:11+00:00 NOTICE Email "customer_completed_order" for order #9810 not sent: email type is disabled CONTEXT: {"email_type":"customer_completed_order","status":"disabled","recipient":"guest","order":9810}
2026-09-15T06:19:26+00:00 NOTICE Email "customer_completed_order" for order #10345 not sent: email type is disabled CONTEXT: {"email_type":"customer_completed_order","status":"disabled","recipient":"guest","order":10345}
2026-09-15T06:19:26+00:00 NOTICE Email "customer_completed_order" for order #10285 not sent: email type is disabled CONTEXT: {"email_type":"customer_completed_order","status":"disabled","recipient":"guest","order":10285}
2026-09-15T06:19:43+00:00 NOTICE Email "customer_completed_order" for order #10319 not sent: email type is disabled CONTEXT: {"email_type":"customer_completed_order","status":"disabled","recipient":"guest","order":10319}
2026-09-15T06:19:45+00:00 NOTICE Email "customer_completed_order" for order #10239 not sent: email type is disabled CONTEXT: {"email_type":"customer_completed_order","status":"disabled","recipient":"guest","order":10239}
2026-09-15T06:20:05+00:00 NOTICE Email "customer_completed_order" for order #10333 not sent: email type is disabled CONTEXT: {"email_type":"customer_completed_order","status":"disabled","recipient":"guest","order":10333}
2026-09-15T06:20:20+00:00 NOTICE Email "customer_completed_order" for order #10267 not sent: email type is disabled CONTEXT: {"email_type":"customer_completed_order","status":"disabled","recipient":"guest","order":10267}
2026-09-15T06:20:23+00:00 NOTICE Email "customer_completed_order" for order #7526 not sent: email type is disabled CONTEXT: {"email_type":"customer_completed_order","status":"disabled","recipient":"guest","order":7526}
2026-09-15T06:20:38+00:00 NOTICE Email "customer_completed_order" for order #9852 not sent: email type is disabled CONTEXT: {"email_type":"customer_completed_order","status":"disabled","recipient":"guest","order":9852}
2026-09-15T06:21:01+00:00 NOTICE Email "customer_completed_order" for order #10182 not sent: email type is disabled CONTEXT: {"email_type":"customer_completed_order","status":"disabled","recipient":"guest","order":10182}
2026-09-15T06:21:08+00:00 NOTICE Email "customer_completed_order" for order #9907 not sent: email type is disabled CONTEXT: {"email_type":"customer_completed_order","status":"disabled","recipient":"guest","order":9907}
2026-09-15T06:21:10+00:00 NOTICE Email "customer_completed_order" for order #10262 not sent: email type is disabled CONTEXT: {"email_type":"customer_completed_order","status":"disabled","recipient":"guest","order":10262}
2026-09-15T06:21:19+00:00 NOTICE Email "customer_completed_order" for order #9950 not sent: email type is disabled CONTEXT: {"email_type":"customer_completed_order","status":"disabled","recipient":"guest","order":9950}
2026-09-15T06:21:19+00:00 NOTICE Email "customer_completed_order" for order #10216 not sent: email type is disabled CONTEXT: {"email_type":"customer_completed_order","status":"disabled","recipient":"guest","order":10216}
2026-09-15T06:21:19+00:00 NOTICE Email "customer_completed_order" for order #10140 not sent: email type is disabled CONTEXT: {"email_type":"customer_completed_order","status":"disabled","recipient":"guest","order":10140}
2026-09-15T06:21:44+00:00 NOTICE Email "customer_completed_order" for order #10112 not sent: email type is disabled CONTEXT: {"email_type":"customer_completed_order","status":"disabled","recipient":"guest","order":10112}
2026-09-15T06:21:44+00:00 NOTICE Email "customer_completed_order" for order #10086 not sent: email type is disabled CONTEXT: {"email_type":"customer_completed_order","status":"disabled","recipient":"guest","order":10086}
2026-09-15T06:21:55+00:00 NOTICE Email "customer_completed_order" for order #9936 not sent: email type is disabled CONTEXT: {"email_type":"customer_completed_order","status":"disabled","recipient":"guest","order":9936}
2026-09-15T06:21:55+00:00 NOTICE Email "customer_completed_order" for order #10258 not sent: email type is disabled CONTEXT: {"email_type":"customer_completed_order","status":"disabled","recipient":"guest","order":10258}
2026-09-15T06:22:07+00:00 NOTICE Email "customer_completed_order" for order #10336 not sent: email type is disabled CONTEXT: {"email_type":"customer_completed_order","status":"disabled","recipient":"guest","order":10336}
2026-09-15T06:22:25+00:00 NOTICE Email "customer_failed_order" for order #10351 not sent: email type is disabled CONTEXT: {"email_type":"customer_failed_order","status":"disabled","recipient":"guest","order":10351}
2026-09-15T06:22:29+00:00 NOTICE Email "customer_completed_order" for order #10338 not sent: email type is disabled CONTEXT: {"email_type":"customer_completed_order","status":"disabled","recipient":"guest","order":10338}
2026-09-15T06:22:29+00:00 NOTICE Email "customer_completed_order" for order #10233 not sent: email type is disabled CONTEXT: {"email_type":"customer_completed_order","status":"disabled","recipient":"guest","order":10233}
2026-09-15T06:23:13+00:00 NOTICE Email "customer_completed_order" for order #9809 not sent: email type is disabled CONTEXT: {"email_type":"customer_completed_order","status":"disabled","recipient":"guest","order":9809}
2026-09-15T06:23:53+00:00 NOTICE Email "customer_completed_order" for order #10342 not sent: email type is disabled CONTEXT: {"email_type":"customer_completed_order","status":"disabled","recipient":"guest","order":10342}
2026-09-15T06:23:53+00:00 NOTICE Email "customer_completed_order" for order #10349 not sent: email type is disabled CONTEXT: {"email_type":"customer_completed_order","status":"disabled","recipient":"guest","order":10349}
2026-09-15T06:23:54+00:00 NOTICE Email "customer_completed_order" for order #9892 not sent: email type is disabled CONTEXT: {"email_type":"customer_completed_order","status":"disabled","recipient":"guest","order":9892}
2026-09-15T06:23:54+00:00 NOTICE Email "customer_completed_order" for order #10291 not sent: email type is disabled CONTEXT: {"email_type":"customer_completed_order","status":"disabled","recipient":"guest","order":10291}
2026-09-15T06:23:54+00:00 NOTICE Email "customer_completed_order" for order #10126 not sent: email type is disabled CONTEXT: {"email_type":"customer_completed_order","status":"disabled","recipient":"guest","order":10126}
2026-09-15T06:24:03+00:00 NOTICE Email "customer_completed_order" for order #10247 not sent: email type is disabled CONTEXT: {"email_type":"customer_completed_order","status":"disabled","recipient":"guest","order":10247}
2026-09-15T06:24:03+00:00 NOTICE Email "customer_completed_order" for order #10242 not sent: email type is disabled CONTEXT: {"email_type":"customer_completed_order","status":"disabled","recipient":"guest","order":10242}
2026-09-15T06:24:03+00:00 NOTICE Email "customer_completed_order" for order #10239 not sent: email type is disabled CONTEXT: {"email_type":"customer_completed_order","status":"disabled","recipient":"guest","order":10239}
2026-09-15T06:24:13+00:00 NOTICE Email "customer_completed_order" for order #9830 not sent: email type is disabled CONTEXT: {"email_type":"customer_completed_order","status":"disabled","recipient":"guest","order":9830}
2026-09-15T06:24:14+00:00 NOTICE Email "customer_completed_order" for order #10199 not sent: email type is disabled CONTEXT: {"email_type":"customer_completed_order","status":"disabled","recipient":"guest","order":10199}
2026-09-15T06:24:14+00:00 NOTICE Email "customer_completed_order" for order #9773 not sent: email type is disabled CONTEXT: {"email_type":"customer_completed_order","status":"disabled","recipient":"guest","order":9773}
2026-09-15T06:24:34+00:00 NOTICE Email "customer_completed_order" for order #9798 not sent: email type is disabled CONTEXT: {"email_type":"customer_completed_order","status":"disabled","recipient":"guest","order":9798}
2026-09-15T06:24:34+00:00 NOTICE Email "customer_completed_order" for order #9786 not sent: email type is disabled CONTEXT: {"email_type":"customer_completed_order","status":"disabled","recipient":"guest","order":9786}
2026-09-15T06:24:34+00:00 NOTICE Email "customer_completed_order" for order #10156 not sent: email type is disabled CONTEXT: {"email_type":"customer_completed_order","status":"disabled","recipient":"guest","order":10156}
2026-09-15T06:24:35+00:00 NOTICE Email "customer_completed_order" for order #10319 not sent: email type is disabled CONTEXT: {"email_type":"customer_completed_order","status":"disabled","recipient":"guest","order":10319}
2026-09-15T06:24:43+00:00 NOTICE Email "customer_completed_order" for order #9923 not sent: email type is disabled CONTEXT: {"email_type":"customer_completed_order","status":"disabled","recipient":"guest","order":9923}
2026-09-15T06:25:05+00:00 NOTICE Email "customer_failed_order" for order #10208 not sent: email type is disabled CONTEXT: {"email_type":"customer_failed_order","status":"disabled","recipient":"guest","order":10208}
2026-09-15T06:27:04+00:00 NOTICE Email "customer_completed_order" for order #9810 not sent: email type is disabled CONTEXT: {"email_type":"customer_completed_order","status":"disabled","recipient":"guest","order":9810}
2026-09-15T06:27:12+00:00 NOTICE Email "customer_refunded_order" for order #10423 not sent: email type is disabled CONTEXT: {"email_type":"customer_refunded_order","status":"disabled","recipient":"guest","order":10423}
2026-09-15T06:27:17+00:00 NOTICE Email "customer_completed_order" for order #9852 not sent: email type is disabled CONTEXT: {"email_type":"customer_completed_order","status":"disabled","recipient":"guest","order":9852}
2026-09-15T06:27:18+00:00 NOTICE Email "customer_completed_order" for order #9936 not sent: email type is disabled CONTEXT: {"email_type":"customer_completed_order","status":"disabled","recipient":"guest","order":9936}
2026-09-15T06:27:18+00:00 NOTICE Email "customer_completed_order" for order #9943 not sent: email type is disabled CONTEXT: {"email_type":"customer_completed_order","status":"disabled","recipient":"guest","order":9943}
2026-09-15T06:27:18+00:00 NOTICE Email "customer_completed_order" for order #9952 not sent: email type is disabled CONTEXT: {"email_type":"customer_completed_order","status":"disabled","recipient":"guest","order":9952}
2026-09-15T06:27:29+00:00 NOTICE Email "customer_completed_order" for order #10182 not sent: email type is disabled CONTEXT: {"email_type":"customer_completed_order","status":"disabled","recipient":"guest","order":10182}
2026-09-15T06:27:35+00:00 NOTICE Email "customer_completed_order" for order #10258 not sent: email type is disabled CONTEXT: {"email_type":"customer_completed_order","status":"disabled","recipient":"guest","order":10258}
2026-09-15T06:27:35+00:00 NOTICE Email "customer_completed_order" for order #10262 not sent: email type is disabled CONTEXT: {"email_type":"customer_completed_order","status":"disabled","recipient":"guest","order":10262}
2026-09-15T06:27:35+00:00 NOTICE Email "customer_completed_order" for order #10286 not sent: email type is disabled CONTEXT: {"email_type":"customer_completed_order","status":"disabled","recipient":"guest","order":10286}
2026-09-15T06:27:35+00:00 NOTICE Email "customer_completed_order" for order #10336 not sent: email type is disabled CONTEXT: {"email_type":"customer_completed_order","status":"disabled","recipient":"guest","order":10336}
2026-09-15T06:29:47+00:00 NOTICE Email "customer_note" for order #10793 not sent: email type is disabled CONTEXT: {"email_type":"customer_note","status":"disabled","recipient":"guest","order":10793}
2026-09-15T06:30:31+00:00 NOTICE Email "customer_completed_order" for order #10299 not sent: email type is disabled CONTEXT: {"email_type":"customer_completed_order","status":"disabled","recipient":"guest","order":10299}
2026-09-15T06:30:31+00:00 NOTICE Email "customer_completed_order" for order #10112 not sent: email type is disabled CONTEXT: {"email_type":"customer_completed_order","status":"disabled","recipient":"guest","order":10112}
2026-09-15T06:30:49+00:00 NOTICE Email "customer_completed_order" for order #10034 not sent: email type is disabled CONTEXT: {"email_type":"customer_completed_order","status":"disabled","recipient":"guest","order":10034}
2026-09-15T06:30:49+00:00 NOTICE Email "customer_completed_order" for order #10312 not sent: email type is disabled CONTEXT: {"email_type":"customer_completed_order","status":"disabled","recipient":"guest","order":10312}
2026-09-15T06:30:49+00:00 NOTICE Email "customer_completed_order" for order #10219 not sent: email type is disabled CONTEXT: {"email_type":"customer_completed_order","status":"disabled","recipient":"guest","order":10219}
2026-09-15T06:31:06+00:00 NOTICE Email "customer_completed_order" for order #9757 not sent: email type is disabled CONTEXT: {"email_type":"customer_completed_order","status":"disabled","recipient":"guest","order":9757}
2026-09-15T06:31:25+00:00 NOTICE Email "customer_completed_order" for order #9900 not sent: email type is disabled CONTEXT: {"email_type":"customer_completed_order","status":"disabled","recipient":"guest","order":9900}
2026-09-15T06:31:42+00:00 NOTICE Email "customer_completed_order" for order #10225 not sent: email type is disabled CONTEXT: {"email_type":"customer_completed_order","status":"disabled","recipient":"guest","order":10225}
2026-09-15T06:32:01+00:00 NOTICE Email "customer_completed_order" for order #10199 not sent: email type is disabled CONTEXT: {"email_type":"customer_completed_order","status":"disabled","recipient":"guest","order":10199}
2026-09-15T06:32:01+00:00 NOTICE Email "customer_completed_order" for order #9830 not sent: email type is disabled CONTEXT: {"email_type":"customer_completed_order","status":"disabled","recipient":"guest","order":9830}
2026-09-15T06:32:02+00:00 NOTICE Email "customer_completed_order" for order #10345 not sent: email type is disabled CONTEXT: {"email_type":"customer_completed_order","status":"disabled","recipient":"guest","order":10345}
2026-09-15T06:32:02+00:00 NOTICE Email "customer_failed_order" for order #10302 not sent: email type is disabled CONTEXT: {"email_type":"customer_failed_order","status":"disabled","recipient":"guest","order":10302}
2026-09-15T06:32:03+00:00 NOTICE Email "customer_note" for order #10795 not sent: email type is disabled CONTEXT: {"email_type":"customer_note","status":"disabled","recipient":"guest","order":10795}
2026-09-15T06:32:22+00:00 NOTICE Email "customer_completed_order" for order #10342 not sent: email type is disabled CONTEXT: {"email_type":"customer_completed_order","status":"disabled","recipient":"guest","order":10342}
2026-09-15T06:32:42+00:00 NOTICE Email "customer_completed_order" for order #10239 not sent: email type is disabled CONTEXT: {"email_type":"customer_completed_order","status":"disabled","recipient":"guest","order":10239}
2026-09-15T06:32:42+00:00 NOTICE Email "customer_completed_order" for order #10247 not sent: email type is disabled CONTEXT: {"email_type":"customer_completed_order","status":"disabled","recipient":"guest","order":10247}
2026-09-15T06:32:42+00:00 NOTICE Email "customer_completed_order" for order #10242 not sent: email type is disabled CONTEXT: {"email_type":"customer_completed_order","status":"disabled","recipient":"guest","order":10242}
2026-09-15T06:33:03+00:00 NOTICE Email "customer_completed_order" for order #10126 not sent: email type is disabled CONTEXT: {"email_type":"customer_completed_order","status":"disabled","recipient":"guest","order":10126}
2026-09-15T06:33:03+00:00 NOTICE Email "customer_completed_order" for order #10291 not sent: email type is disabled CONTEXT: {"email_type":"customer_completed_order","status":"disabled","recipient":"guest","order":10291}
2026-09-15T06:33:03+00:00 NOTICE Email "customer_completed_order" for order #9892 not sent: email type is disabled CONTEXT: {"email_type":"customer_completed_order","status":"disabled","recipient":"guest","order":9892}
2026-09-15T06:33:03+00:00 NOTICE Email "customer_completed_order" for order #9766 not sent: email type is disabled CONTEXT: {"email_type":"customer_completed_order","status":"disabled","recipient":"guest","order":9766}
2026-09-15T06:33:06+00:00 INFO Email "new_order" for order #10794 sent CONTEXT: {"email_type":"new_order","status":"sent","recipient":"guest","order":10794}
2026-09-15T06:33:06+00:00 NOTICE Email "customer_processing_order" for order #10794 not sent: email type is disabled CONTEXT: {"email_type":"customer_processing_order","status":"disabled","recipient":"guest","order":10794}
2026-09-15T06:33:22+00:00 NOTICE Email "customer_completed_order" for order #10349 not sent: email type is disabled CONTEXT: {"email_type":"customer_completed_order","status":"disabled","recipient":"guest","order":10349}
2026-09-15T06:33:37+00:00 INFO Email "new_order" for order #10795 sent CONTEXT: {"email_type":"new_order","status":"sent","recipient":"guest","order":10795}
2026-09-15T06:33:37+00:00 NOTICE Email "customer_processing_order" for order #10795 not sent: email type is disabled CONTEXT: {"email_type":"customer_processing_order","status":"disabled","recipient":"guest","order":10795}
2026-09-15T06:33:37+00:00 NOTICE Email "customer_note" for order #10795 not sent: email type is disabled CONTEXT: {"email_type":"customer_note","status":"disabled","recipient":"guest","order":10795}
2026-09-15T06:33:40+00:00 NOTICE Email "customer_completed_order" for order #10338 not sent: email type is disabled CONTEXT: {"email_type":"customer_completed_order","status":"disabled","recipient":"guest","order":10338}
2026-09-15T06:33:43+00:00 NOTICE Email "customer_completed_order" for order #10168 not sent: email type is disabled CONTEXT: {"email_type":"customer_completed_order","status":"disabled","recipient":"guest","order":10168}
2026-09-15T06:33:54+00:00 NOTICE Email "customer_completed_order" for order #9892 not sent: email type is disabled CONTEXT: {"email_type":"customer_completed_order","status":"disabled","recipient":"guest","order":9892}
2026-09-15T06:34:00+00:00 NOTICE Email "customer_failed_order" for order #10208 not sent: email type is disabled CONTEXT: {"email_type":"customer_failed_order","status":"disabled","recipient":"guest","order":10208}
2026-09-15T06:34:04+00:00 NOTICE Email "customer_completed_order" for order #7526 not sent: email type is disabled CONTEXT: {"email_type":"customer_completed_order","status":"disabled","recipient":"guest","order":7526}
2026-09-15T06:34:16+00:00 NOTICE Email "customer_completed_order" for order #10286 not sent: email type is disabled CONTEXT: {"email_type":"customer_completed_order","status":"disabled","recipient":"guest","order":10286}
2026-09-15T06:34:28+00:00 NOTICE Email "customer_completed_order" for order #10247 not sent: email type is disabled CONTEXT: {"email_type":"customer_completed_order","status":"disabled","recipient":"guest","order":10247}
2026-09-15T06:34:45+00:00 NOTICE Email "customer_completed_order" for order #10185 not sent: email type is disabled CONTEXT: {"email_type":"customer_completed_order","status":"disabled","recipient":"guest","order":10185}
2026-09-15T06:34:45+00:00 NOTICE Email "customer_completed_order" for order #9997 not sent: email type is disabled CONTEXT: {"email_type":"customer_completed_order","status":"disabled","recipient":"guest","order":9997}
2026-09-15T06:34:49+00:00 NOTICE Email "customer_completed_order" for order #10249 not sent: email type is disabled CONTEXT: {"email_type":"customer_completed_order","status":"disabled","recipient":"guest","order":10249}
2026-09-15T06:35:02+00:00 NOTICE Email "customer_completed_order" for order #9809 not sent: email type is disabled CONTEXT: {"email_type":"customer_completed_order","status":"disabled","recipient":"guest","order":9809}
2026-09-15T06:35:02+00:00 NOTICE Email "customer_completed_order" for order #10233 not sent: email type is disabled CONTEXT: {"email_type":"customer_completed_order","status":"disabled","recipient":"guest","order":10233}
2026-09-15T06:35:03+00:00 NOTICE Email "customer_completed_order" for order #10222 not sent: email type is disabled CONTEXT: {"email_type":"customer_completed_order","status":"disabled","recipient":"guest","order":10222}
2026-09-15T06:35:37+00:00 NOTICE Email "customer_completed_order" for order #10215 not sent: email type is disabled CONTEXT: {"email_type":"customer_completed_order","status":"disabled","recipient":"guest","order":10215}
2026-09-15T06:35:37+00:00 NOTICE Email "customer_completed_order" for order #9851 not sent: email type is disabled CONTEXT: {"email_type":"customer_completed_order","status":"disabled","recipient":"guest","order":9851}
2026-09-15T06:35:37+00:00 NOTICE Email "customer_completed_order" for order #9833 not sent: email type is disabled CONTEXT: {"email_type":"customer_completed_order","status":"disabled","recipient":"guest","order":9833}
2026-09-15T06:35:54+00:00 NOTICE Email "customer_failed_order" for order #10320 not sent: email type is disabled CONTEXT: {"email_type":"customer_failed_order","status":"disabled","recipient":"guest","order":10320}
2026-09-15T06:35:54+00:00 NOTICE Email "customer_completed_order" for order #10333 not sent: email type is disabled CONTEXT: {"email_type":"customer_completed_order","status":"disabled","recipient":"guest","order":10333}
2026-09-15T06:35:54+00:00 NOTICE Email "customer_completed_order" for order #10266 not sent: email type is disabled CONTEXT: {"email_type":"customer_completed_order","status":"disabled","recipient":"guest","order":10266}
2026-09-15T06:36:04+00:00 NOTICE Email "customer_completed_order" for order #10225 not sent: email type is disabled CONTEXT: {"email_type":"customer_completed_order","status":"disabled","recipient":"guest","order":10225}
2026-09-15T06:36:04+00:00 NOTICE Email "customer_completed_order" for order #10258 not sent: email type is disabled CONTEXT: {"email_type":"customer_completed_order","status":"disabled","recipient":"guest","order":10258}
2026-09-15T06:36:04+00:00 NOTICE Email "customer_completed_order" for order #10336 not sent: email type is disabled CONTEXT: {"email_type":"customer_completed_order","status":"disabled","recipient":"guest","order":10336}
2026-09-15T06:36:04+00:00 NOTICE Email "customer_completed_order" for order #10197 not sent: email type is disabled CONTEXT: {"email_type":"customer_completed_order","status":"disabled","recipient":"guest","order":10197}
2026-09-15T06:36:21+00:00 NOTICE Email "customer_completed_order" for order #9810 not sent: email type is disabled CONTEXT: {"email_type":"customer_completed_order","status":"disabled","recipient":"guest","order":9810}
2026-09-15T06:36:23+00:00 NOTICE Email "customer_note" for order #10796 not sent: email type is disabled CONTEXT: {"email_type":"customer_note","status":"disabled","recipient":"guest","order":10796}
2026-09-15T06:36:30+00:00 NOTICE Email "customer_completed_order" for order #9907 not sent: email type is disabled CONTEXT: {"email_type":"customer_completed_order","status":"disabled","recipient":"guest","order":9907}
2026-09-15T06:36:31+00:00 NOTICE Email "customer_completed_order" for order #10289 not sent: email type is disabled CONTEXT: {"email_type":"customer_completed_order","status":"disabled","recipient":"guest","order":10289}
2026-09-15T06:36:33+00:00 NOTICE Email "customer_completed_order" for order #10148 not sent: email type is disabled CONTEXT: {"email_type":"customer_completed_order","status":"disabled","recipient":"guest","order":10148}
2026-09-15T06:36:34+00:00 NOTICE Email "customer_completed_order" for order #9950 not sent: email type is disabled CONTEXT: {"email_type":"customer_completed_order","status":"disabled","recipient":"guest","order":9950}
2026-09-15T06:36:36+00:00 NOTICE Email "customer_completed_order" for order #9865 not sent: email type is disabled CONTEXT: {"email_type":"customer_completed_order","status":"disabled","recipient":"guest","order":9865}
2026-09-15T06:36:36+00:00 NOTICE Email "customer_completed_order" for order #10216 not sent: email type is disabled CONTEXT: {"email_type":"customer_completed_order","status":"disabled","recipient":"guest","order":10216}
2026-09-15T06:36:36+00:00 NOTICE Email "customer_completed_order" for order #10140 not sent: email type is disabled CONTEXT: {"email_type":"customer_completed_order","status":"disabled","recipient":"guest","order":10140}
2026-09-15T06:36:37+00:00 NOTICE Email "customer_completed_order" for order #10003 not sent: email type is disabled CONTEXT: {"email_type":"customer_completed_order","status":"disabled","recipient":"guest","order":10003}
2026-09-15T06:36:38+00:00 NOTICE Email "customer_completed_order" for order #10182 not sent: email type is disabled CONTEXT: {"email_type":"customer_completed_order","status":"disabled","recipient":"guest","order":10182}
2026-09-15T06:36:47+00:00 NOTICE Email "customer_completed_order" for order #10267 not sent: email type is disabled CONTEXT: {"email_type":"customer_completed_order","status":"disabled","recipient":"guest","order":10267}
2026-09-15T06:36:53+00:00 NOTICE Email "customer_completed_order" for order #10061 not sent: email type is disabled CONTEXT: {"email_type":"customer_completed_order","status":"disabled","recipient":"guest","order":10061}
2026-09-15T06:36:53+00:00 NOTICE Email "customer_completed_order" for order #10141 not sent: email type is disabled CONTEXT: {"email_type":"customer_completed_order","status":"disabled","recipient":"guest","order":10141}
2026-09-15T06:37:15+00:00 NOTICE Email "customer_completed_order" for order #10196 not sent: email type is disabled CONTEXT: {"email_type":"customer_completed_order","status":"disabled","recipient":"guest","order":10196}
2026-09-15T06:38:24+00:00 NOTICE Email "customer_completed_order" for order #10168 not sent: email type is disabled CONTEXT: {"email_type":"customer_completed_order","status":"disabled","recipient":"guest","order":10168}
2026-09-15T06:38:42+00:00 NOTICE Email "customer_note" for order #10797 not sent: email type is disabled CONTEXT: {"email_type":"customer_note","status":"disabled","recipient":"guest","order":10797}
2026-09-15T06:38:43+00:00 NOTICE Email "customer_completed_order" for order #10327 not sent: email type is disabled CONTEXT: {"email_type":"customer_completed_order","status":"disabled","recipient":"guest","order":10327}
2026-09-15T06:38:43+00:00 NOTICE Email "customer_completed_order" for order #9786 not sent: email type is disabled CONTEXT: {"email_type":"customer_completed_order","status":"disabled","recipient":"guest","order":9786}
2026-09-15T06:39:02+00:00 NOTICE Email "customer_completed_order" for order #9923 not sent: email type is disabled CONTEXT: {"email_type":"customer_completed_order","status":"disabled","recipient":"guest","order":9923}
2026-09-15T06:39:15+00:00 NOTICE Email "customer_completed_order" for order #9852 not sent: email type is disabled CONTEXT: {"email_type":"customer_completed_order","status":"disabled","recipient":"guest","order":9852}
2026-09-15T06:39:31+00:00 NOTICE Email "customer_completed_order" for order #10299 not sent: email type is disabled CONTEXT: {"email_type":"customer_completed_order","status":"disabled","recipient":"guest","order":10299}
2026-09-15T06:39:31+00:00 NOTICE Email "customer_completed_order" for order #10112 not sent: email type is disabled CONTEXT: {"email_type":"customer_completed_order","status":"disabled","recipient":"guest","order":10112}
2026-09-15T06:39:52+00:00 INFO Email "new_order" for order #10796 sent CONTEXT: {"email_type":"new_order","status":"sent","recipient":"guest","order":10796}
2026-09-15T06:39:52+00:00 NOTICE Email "customer_processing_order" for order #10796 not sent: email type is disabled CONTEXT: {"email_type":"customer_processing_order","status":"disabled","recipient":"guest","order":10796}
2026-09-15T06:39:52+00:00 NOTICE Email "customer_note" for order #10796 not sent: email type is disabled CONTEXT: {"email_type":"customer_note","status":"disabled","recipient":"guest","order":10796}
2026-09-15T06:40:57+00:00 NOTICE Email "customer_completed_order" for order #10345 not sent: email type is disabled CONTEXT: {"email_type":"customer_completed_order","status":"disabled","recipient":"guest","order":10345}
2026-09-15T06:40:57+00:00 NOTICE Email "customer_failed_order" for order #10302 not sent: email type is disabled CONTEXT: {"email_type":"customer_failed_order","status":"disabled","recipient":"guest","order":10302}
2026-09-15T06:40:57+00:00 NOTICE Email "customer_completed_order" for order #10349 not sent: email type is disabled CONTEXT: {"email_type":"customer_completed_order","status":"disabled","recipient":"guest","order":10349}
2026-09-15T06:41:47+00:00 NOTICE Email "customer_completed_order" for order #9773 not sent: email type is disabled CONTEXT: {"email_type":"customer_completed_order","status":"disabled","recipient":"guest","order":9773}
2026-09-15T06:41:48+00:00 NOTICE Email "customer_completed_order" for order #9830 not sent: email type is disabled CONTEXT: {"email_type":"customer_completed_order","status":"disabled","recipient":"guest","order":9830}
2026-09-15T06:41:50+00:00 NOTICE Email "customer_completed_order" for order #10242 not sent: email type is disabled CONTEXT: {"email_type":"customer_completed_order","status":"disabled","recipient":"guest","order":10242}
2026-09-15T06:41:51+00:00 NOTICE Email "customer_completed_order" for order #10247 not sent: email type is disabled CONTEXT: {"email_type":"customer_completed_order","status":"disabled","recipient":"guest","order":10247}
2026-09-15T06:41:55+00:00 NOTICE Email "customer_completed_order" for order #9997 not sent: email type is disabled CONTEXT: {"email_type":"customer_completed_order","status":"disabled","recipient":"guest","order":9997}
2026-09-15T06:41:55+00:00 NOTICE Email "customer_completed_order" for order #9952 not sent: email type is disabled CONTEXT: {"email_type":"customer_completed_order","status":"disabled","recipient":"guest","order":9952}
2026-09-15T06:41:55+00:00 NOTICE Email "customer_completed_order" for order #9952 not sent: email type is disabled CONTEXT: {"email_type":"customer_completed_order","status":"disabled","recipient":"guest","order":9952}
2026-09-15T06:41:56+00:00 NOTICE Email "customer_completed_order" for order #10061 not sent: email type is disabled CONTEXT: {"email_type":"customer_completed_order","status":"disabled","recipient":"guest","order":10061}
2026-09-15T06:41:57+00:00 NOTICE Email "customer_completed_order" for order #10140 not sent: email type is disabled CONTEXT: {"email_type":"customer_completed_order","status":"disabled","recipient":"guest","order":10140}
2026-09-15T06:41:57+00:00 NOTICE Email "customer_completed_order" for order #10141 not sent: email type is disabled CONTEXT: {"email_type":"customer_completed_order","status":"disabled","recipient":"guest","order":10141}
2026-09-15T06:41:57+00:00 NOTICE Email "customer_completed_order" for order #10196 not sent: email type is disabled CONTEXT: {"email_type":"customer_completed_order","status":"disabled","recipient":"guest","order":10196}
2026-09-15T06:42:05+00:00 NOTICE Email "customer_completed_order" for order #10249 not sent: email type is disabled CONTEXT: {"email_type":"customer_completed_order","status":"disabled","recipient":"guest","order":10249}
2026-09-15T06:42:05+00:00 NOTICE Email "customer_completed_order" for order #10267 not sent: email type is disabled CONTEXT: {"email_type":"customer_completed_order","status":"disabled","recipient":"guest","order":10267}
2026-09-15T06:42:05+00:00 NOTICE Email "customer_failed_order" for order #10302 not sent: email type is disabled CONTEXT: {"email_type":"customer_failed_order","status":"disabled","recipient":"guest","order":10302}
2026-09-15T06:42:05+00:00 NOTICE Email "customer_completed_order" for order #10319 not sent: email type is disabled CONTEXT: {"email_type":"customer_completed_order","status":"disabled","recipient":"guest","order":10319}
2026-09-15T06:42:05+00:00 NOTICE Email "customer_failed_order" for order #10320 not sent: email type is disabled CONTEXT: {"email_type":"customer_failed_order","status":"disabled","recipient":"guest","order":10320}
2026-09-15T06:42:14+00:00 NOTICE Email "customer_failed_order" for order #10351 not sent: email type is disabled CONTEXT: {"email_type":"customer_failed_order","status":"disabled","recipient":"guest","order":10351}
2026-09-15T06:42:19+00:00 INFO Email "new_order" for order #10798 sent CONTEXT: {"email_type":"new_order","status":"sent","recipient":"guest","order":10798}
2026-09-15T06:42:19+00:00 NOTICE Email "customer_processing_order" for order #10798 not sent: email type is disabled CONTEXT: {"email_type":"customer_processing_order","status":"disabled","recipient":"guest","order":10798}
2026-09-15T06:42:19+00:00 NOTICE Email "customer_note" for order #10798 not sent: email type is disabled CONTEXT: {"email_type":"customer_note","status":"disabled","recipient":"guest","order":10798}
2026-09-15T06:42:19+00:00 NOTICE Email "customer_note" for order #10798 not sent: email type is disabled CONTEXT: {"email_type":"customer_note","status":"disabled","recipient":"guest","order":10798}
2026-09-15T06:42:33+00:00 NOTICE Email "customer_failed_order" for order #10208 not sent: email type is disabled CONTEXT: {"email_type":"customer_failed_order","status":"disabled","recipient":"guest","order":10208}
2026-09-15T06:43:57+00:00 NOTICE Email "customer_completed_order" for order #9852 not sent: email type is disabled CONTEXT: {"email_type":"customer_completed_order","status":"disabled","recipient":"guest","order":9852}
2026-09-15T06:44:13+00:00 NOTICE Email "customer_completed_order" for order #9851 not sent: email type is disabled CONTEXT: {"email_type":"customer_completed_order","status":"disabled","recipient":"guest","order":9851}
2026-09-15T06:44:13+00:00 NOTICE Email "customer_completed_order" for order #10126 not sent: email type is disabled CONTEXT: {"email_type":"customer_completed_order","status":"disabled","recipient":"guest","order":10126}
2026-09-15T06:44:30+00:00 NOTICE Email "customer_completed_order" for order #10291 not sent: email type is disabled CONTEXT: {"email_type":"customer_completed_order","status":"disabled","recipient":"guest","order":10291}
2026-09-15T06:44:35+00:00 NOTICE Email "customer_completed_order" for order #10266 not sent: email type is disabled CONTEXT: {"email_type":"customer_completed_order","status":"disabled","recipient":"guest","order":10266}
2026-09-15T06:44:52+00:00 NOTICE Email "customer_completed_order" for order #10333 not sent: email type is disabled CONTEXT: {"email_type":"customer_completed_order","status":"disabled","recipient":"guest","order":10333}
2026-09-15T06:44:52+00:00 NOTICE Email "customer_completed_order" for order #10338 not sent: email type is disabled CONTEXT: {"email_type":"customer_completed_order","status":"disabled","recipient":"guest","order":10338}
2026-09-15T06:44:58+00:00 NOTICE Email "customer_completed_order" for order #10289 not sent: email type is disabled CONTEXT: {"email_type":"customer_completed_order","status":"disabled","recipient":"guest","order":10289}
2026-09-15T06:44:58+00:00 NOTICE Email "customer_completed_order" for order #10086 not sent: email type is disabled CONTEXT: {"email_type":"customer_completed_order","status":"disabled","recipient":"guest","order":10086}
2026-09-15T06:45:15+00:00 NOTICE Email "customer_completed_order" for order #9943 not sent: email type is disabled CONTEXT: {"email_type":"customer_completed_order","status":"disabled","recipient":"guest","order":9943}
2026-09-15T06:45:29+00:00 NOTICE Email "customer_completed_order" for order #10199 not sent: email type is disabled CONTEXT: {"email_type":"customer_completed_order","status":"disabled","recipient":"guest","order":10199}
2026-09-15T06:45:34+00:00 NOTICE Email "customer_completed_order" for order #9907 not sent: email type is disabled CONTEXT: {"email_type":"customer_completed_order","status":"disabled","recipient":"guest","order":9907}
2026-09-15T06:45:51+00:00 NOTICE Email "customer_completed_order" for order #9809 not sent: email type is disabled CONTEXT: {"email_type":"customer_completed_order","status":"disabled","recipient":"guest","order":9809}
2026-09-15T06:46:12+00:00 NOTICE Email "customer_completed_order" for order #10286 not sent: email type is disabled CONTEXT: {"email_type":"customer_completed_order","status":"disabled","recipient":"guest","order":10286}
2026-09-15T06:46:13+00:00 NOTICE Email "customer_completed_order" for order #10239 not sent: email type is disabled CONTEXT: {"email_type":"customer_completed_order","status":"disabled","recipient":"guest","order":10239}
2026-09-15T06:46:14+00:00 NOTICE Email "customer_completed_order" for order #9952 not sent: email type is disabled CONTEXT: {"email_type":"customer_completed_order","status":"disabled","recipient":"guest","order":9952}
2026-09-15T06:46:30+00:00 NOTICE Email "customer_completed_order" for order #9907 not sent: email type is disabled CONTEXT: {"email_type":"customer_completed_order","status":"disabled","recipient":"guest","order":9907}
2026-09-15T06:46:31+00:00 NOTICE Email "customer_completed_order" for order #10185 not sent: email type is disabled CONTEXT: {"email_type":"customer_completed_order","status":"disabled","recipient":"guest","order":10185}
2026-09-15T06:46:31+00:00 NOTICE Email "customer_completed_order" for order #9757 not sent: email type is disabled CONTEXT: {"email_type":"customer_completed_order","status":"disabled","recipient":"guest","order":9757}
2026-09-15T06:46:48+00:00 NOTICE Email "customer_completed_order" for order #10258 not sent: email type is disabled CONTEXT: {"email_type":"customer_completed_order","status":"disabled","recipient":"guest","order":10258}
2026-09-15T06:46:49+00:00 NOTICE Email "customer_completed_order" for order #10336 not sent: email type is disabled CONTEXT: {"email_type":"customer_completed_order","status":"disabled","recipient":"guest","order":10336}
2026-09-15T06:46:49+00:00 NOTICE Email "customer_completed_order" for order #10197 not sent: email type is disabled CONTEXT: {"email_type":"customer_completed_order","status":"disabled","recipient":"guest","order":10197}
2026-09-15T06:46:49+00:00 NOTICE Email "customer_completed_order" for order #9900 not sent: email type is disabled CONTEXT: {"email_type":"customer_completed_order","status":"disabled","recipient":"guest","order":9900}
2026-09-15T06:47:05+00:00 NOTICE Email "customer_completed_order" for order #9892 not sent: email type is disabled CONTEXT: {"email_type":"customer_completed_order","status":"disabled","recipient":"guest","order":9892}
2026-09-15T06:47:05+00:00 NOTICE Email "customer_completed_order" for order #9766 not sent: email type is disabled CONTEXT: {"email_type":"customer_completed_order","status":"disabled","recipient":"guest","order":9766}
2026-09-15T06:47:06+00:00 NOTICE Email "customer_completed_order" for order #10285 not sent: email type is disabled CONTEXT: {"email_type":"customer_completed_order","status":"disabled","recipient":"guest","order":10285}
2026-09-15T06:47:06+00:00 NOTICE Email "customer_completed_order" for order #10233 not sent: email type is disabled CONTEXT: {"email_type":"customer_completed_order","status":"disabled","recipient":"guest","order":10233}
2026-09-15T06:47:09+00:00 NOTICE Email "customer_completed_order" for order #9950 not sent: email type is disabled CONTEXT: {"email_type":"customer_completed_order","status":"disabled","recipient":"guest","order":9950}
2026-09-15T06:47:22+00:00 NOTICE Email "customer_completed_order" for order #9833 not sent: email type is disabled CONTEXT: {"email_type":"customer_completed_order","status":"disabled","recipient":"guest","order":9833}
2026-09-15T06:47:22+00:00 NOTICE Email "customer_completed_order" for order #10112 not sent: email type is disabled CONTEXT: {"email_type":"customer_completed_order","status":"disabled","recipient":"guest","order":10112}
2026-09-15T06:47:25+00:00 NOTICE Email "customer_completed_order" for order #9923 not sent: email type is disabled CONTEXT: {"email_type":"customer_completed_order","status":"disabled","recipient":"guest","order":9923}
2026-09-15T06:47:25+00:00 NOTICE Email "customer_completed_order" for order #7526 not sent: email type is disabled CONTEXT: {"email_type":"customer_completed_order","status":"disabled","recipient":"guest","order":7526}
2026-09-15T06:47:30+00:00 NOTICE Email "customer_note" for order #10800 not sent: email type is disabled CONTEXT: {"email_type":"customer_note","status":"disabled","recipient":"guest","order":10800}
2026-09-15T06:47:41+00:00 NOTICE Email "customer_completed_order" for order #10156 not sent: email type is disabled CONTEXT: {"email_type":"customer_completed_order","status":"disabled","recipient":"guest","order":10156}
2026-09-15T06:49:14+00:00 NOTICE Email "customer_completed_order" for order #10266 not sent: email type is disabled CONTEXT: {"email_type":"customer_completed_order","status":"disabled","recipient":"guest","order":10266}
2026-09-15T06:49:14+00:00 NOTICE Email "customer_completed_order" for order #10196 not sent: email type is disabled CONTEXT: {"email_type":"customer_completed_order","status":"disabled","recipient":"guest","order":10196}
2026-09-15T06:49:37+00:00 NOTICE Email "customer_completed_order" for order #10242 not sent: email type is disabled CONTEXT: {"email_type":"customer_completed_order","status":"disabled","recipient":"guest","order":10242}
2026-09-15T06:49:37+00:00 NOTICE Email "customer_completed_order" for order #9773 not sent: email type is disabled CONTEXT: {"email_type":"customer_completed_order","status":"disabled","recipient":"guest","order":9773}
2026-09-15T06:49:38+00:00 NOTICE Email "customer_completed_order" for order #10126 not sent: email type is disabled CONTEXT: {"email_type":"customer_completed_order","status":"disabled","recipient":"guest","order":10126}
2026-09-15T06:49:39+00:00 NOTICE Email "customer_completed_order" for order #9851 not sent: email type is disabled CONTEXT: {"email_type":"customer_completed_order","status":"disabled","recipient":"guest","order":9851}
2026-09-15T06:50:02+00:00 NOTICE Email "customer_completed_order" for order #10003 not sent: email type is disabled CONTEXT: {"email_type":"customer_completed_order","status":"disabled","recipient":"guest","order":10003}
2026-09-15T06:50:03+00:00 NOTICE Email "customer_completed_order" for order #10168 not sent: email type is disabled CONTEXT: {"email_type":"customer_completed_order","status":"disabled","recipient":"guest","order":10168}
2026-09-15T06:50:27+00:00 INFO Email "new_order" for order #10800 sent CONTEXT: {"email_type":"new_order","status":"sent","recipient":"guest","order":10800}
2026-09-15T06:50:28+00:00 NOTICE Email "customer_processing_order" for order #10800 not sent: email type is disabled CONTEXT: {"email_type":"customer_processing_order","status":"disabled","recipient":"guest","order":10800}
2026-09-15T06:50:28+00:00 NOTICE Email "customer_note" for order #10800 not sent: email type is disabled CONTEXT: {"email_type":"customer_note","status":"disabled","recipient":"guest","order":10800}
2026-09-15T06:50:38+00:00 NOTICE Email "customer_completed_order" for order #10215 not sent: email type is disabled CONTEXT: {"email_type":"customer_completed_order","status":"disabled","recipient":"guest","order":10215}
2026-09-15T06:50:54+00:00 NOTICE Email "customer_completed_order" for order #9936 not sent: email type is disabled CONTEXT: {"email_type":"customer_completed_order","status":"disabled","recipient":"guest","order":9936}
2026-09-15T06:54:14+00:00 NOTICE Email "customer_completed_order" for order #9757 not sent: email type is disabled CONTEXT: {"email_type":"customer_completed_order","status":"disabled","recipient":"guest","order":9757}
2026-09-15T06:54:32+00:00 NOTICE Email "customer_completed_order" for order #10185 not sent: email type is disabled CONTEXT: {"email_type":"customer_completed_order","status":"disabled","recipient":"guest","order":10185}
2026-09-15T06:54:51+00:00 NOTICE Email "customer_completed_order" for order #10247 not sent: email type is disabled CONTEXT: {"email_type":"customer_completed_order","status":"disabled","recipient":"guest","order":10247}
2026-09-15T06:55:27+00:00 NOTICE Email "customer_completed_order" for order #10239 not sent: email type is disabled CONTEXT: {"email_type":"customer_completed_order","status":"disabled","recipient":"guest","order":10239}
2026-09-15T06:55:45+00:00 NOTICE Email "customer_completed_order" for order #10333 not sent: email type is disabled CONTEXT: {"email_type":"customer_completed_order","status":"disabled","recipient":"guest","order":10333}
2026-09-15T06:56:25+00:00 NOTICE Email "customer_completed_order" for order #10156 not sent: email type is disabled CONTEXT: {"email_type":"customer_completed_order","status":"disabled","recipient":"guest","order":10156}
2026-09-15T06:56:25+00:00 NOTICE Email "customer_completed_order" for order #10034 not sent: email type is disabled CONTEXT: {"email_type":"customer_completed_order","status":"disabled","recipient":"guest","order":10034}
2026-09-15T06:56:40+00:00 NOTICE Email "customer_completed_order" for order #9997 not sent: email type is disabled CONTEXT: {"email_type":"customer_completed_order","status":"disabled","recipient":"guest","order":9997}
2026-09-15T06:56:40+00:00 NOTICE Email "customer_completed_order" for order #10312 not sent: email type is disabled CONTEXT: {"email_type":"customer_completed_order","status":"disabled","recipient":"guest","order":10312}
2026-09-15T06:56:46+00:00 NOTICE Email "customer_completed_order" for order #7526 not sent: email type is disabled CONTEXT: {"email_type":"customer_completed_order","status":"disabled","recipient":"guest","order":7526}
2026-09-15T06:56:46+00:00 NOTICE Email "customer_completed_order" for order #10168 not sent: email type is disabled CONTEXT: {"email_type":"customer_completed_order","status":"disabled","recipient":"guest","order":10168}
2026-09-15T06:56:47+00:00 NOTICE Email "customer_note" for order #10801 not sent: email type is disabled CONTEXT: {"email_type":"customer_note","status":"disabled","recipient":"guest","order":10801}
2026-09-15T06:56:47+00:00 NOTICE Email "customer_completed_order" for order #9923 not sent: email type is disabled CONTEXT: {"email_type":"customer_completed_order","status":"disabled","recipient":"guest","order":9923}
2026-09-15T06:56:53+00:00 NOTICE Email "customer_completed_order" for order #9766 not sent: email type is disabled CONTEXT: {"email_type":"customer_completed_order","status":"disabled","recipient":"guest","order":9766}
2026-09-15T06:56:53+00:00 NOTICE Email "customer_completed_order" for order #9773 not sent: email type is disabled CONTEXT: {"email_type":"customer_completed_order","status":"disabled","recipient":"guest","order":9773}
2026-09-15T06:56:53+00:00 NOTICE Email "customer_completed_order" for order #9786 not sent: email type is disabled CONTEXT: {"email_type":"customer_completed_order","status":"disabled","recipient":"guest","order":9786}
2026-09-15T06:56:54+00:00 NOTICE Email "customer_completed_order" for order #9833 not sent: email type is disabled CONTEXT: {"email_type":"customer_completed_order","status":"disabled","recipient":"guest","order":9833}
2026-09-15T06:56:54+00:00 NOTICE Email "customer_completed_order" for order #9851 not sent: email type is disabled CONTEXT: {"email_type":"customer_completed_order","status":"disabled","recipient":"guest","order":9851}
2026-09-15T06:56:59+00:00 NOTICE Email "customer_completed_order" for order #10219 not sent: email type is disabled CONTEXT: {"email_type":"customer_completed_order","status":"disabled","recipient":"guest","order":10219}
2026-09-15T06:56:59+00:00 NOTICE Email "customer_completed_order" for order #10349 not sent: email type is disabled CONTEXT: {"email_type":"customer_completed_order","status":"disabled","recipient":"guest","order":10349}
2026-09-15T06:57:00+00:00 NOTICE Email "customer_completed_order" for order #9900 not sent: email type is disabled CONTEXT: {"email_type":"customer_completed_order","status":"disabled","recipient":"guest","order":9900}
2026-09-15T06:57:00+00:00 NOTICE Email "customer_completed_order" for order #9943 not sent: email type is disabled CONTEXT: {"email_type":"customer_completed_order","status":"disabled","recipient":"guest","order":9943}
2026-09-15T06:57:01+00:00 NOTICE Email "customer_completed_order" for order #10003 not sent: email type is disabled CONTEXT: {"email_type":"customer_completed_order","status":"disabled","recipient":"guest","order":10003}
2026-09-15T06:57:01+00:00 NOTICE Email "customer_completed_order" for order #10061 not sent: email type is disabled CONTEXT: {"email_type":"customer_completed_order","status":"disabled","recipient":"guest","order":10061}
2026-09-15T06:57:01+00:00 NOTICE Email "customer_completed_order" for order #10086 not sent: email type is disabled CONTEXT: {"email_type":"customer_completed_order","status":"disabled","recipient":"guest","order":10086}
2026-09-15T06:57:02+00:00 NOTICE Email "customer_completed_order" for order #10126 not sent: email type is disabled CONTEXT: {"email_type":"customer_completed_order","status":"disabled","recipient":"guest","order":10126}
2026-09-15T06:57:10+00:00 NOTICE Email "customer_completed_order" for order #10185 not sent: email type is disabled CONTEXT: {"email_type":"customer_completed_order","status":"disabled","recipient":"guest","order":10185}
2026-09-15T06:57:11+00:00 NOTICE Email "customer_completed_order" for order #10242 not sent: email type is disabled CONTEXT: {"email_type":"customer_completed_order","status":"disabled","recipient":"guest","order":10242}
2026-09-15T06:57:11+00:00 NOTICE Email "customer_completed_order" for order #10247 not sent: email type is disabled CONTEXT: {"email_type":"customer_completed_order","status":"disabled","recipient":"guest","order":10247}
2026-09-15T06:57:11+00:00 NOTICE Email "customer_completed_order" for order #10258 not sent: email type is disabled CONTEXT: {"email_type":"customer_completed_order","status":"disabled","recipient":"guest","order":10258}
2026-09-15T06:57:11+00:00 NOTICE Email "customer_completed_order" for order #10262 not sent: email type is disabled CONTEXT: {"email_type":"customer_completed_order","status":"disabled","recipient":"guest","order":10262}
2026-09-15T06:57:11+00:00 NOTICE Email "customer_completed_order" for order #10286 not sent: email type is disabled CONTEXT: {"email_type":"customer_completed_order","status":"disabled","recipient":"guest","order":10286}
2026-09-15T06:57:11+00:00 NOTICE Email "customer_completed_order" for order #10291 not sent: email type is disabled CONTEXT: {"email_type":"customer_completed_order","status":"disabled","recipient":"guest","order":10291}
2026-09-15T06:57:11+00:00 NOTICE Email "customer_completed_order" for order #10336 not sent: email type is disabled CONTEXT: {"email_type":"customer_completed_order","status":"disabled","recipient":"guest","order":10336}
2026-09-15T06:57:11+00:00 NOTICE Email "customer_completed_order" for order #10342 not sent: email type is disabled CONTEXT: {"email_type":"customer_completed_order","status":"disabled","recipient":"guest","order":10342}
2026-09-15T06:57:15+00:00 NOTICE Email "customer_note" for order #10802 not sent: email type is disabled CONTEXT: {"email_type":"customer_note","status":"disabled","recipient":"guest","order":10802}
2026-09-15T06:57:48+00:00 NOTICE Email "customer_completed_order" for order #10197 not sent: email type is disabled CONTEXT: {"email_type":"customer_completed_order","status":"disabled","recipient":"guest","order":10197}
2026-09-15T06:57:48+00:00 NOTICE Email "customer_completed_order" for order #9892 not sent: email type is disabled CONTEXT: {"email_type":"customer_completed_order","status":"disabled","recipient":"guest","order":9892}
2026-09-15T06:57:49+00:00 NOTICE Email "customer_completed_order" for order #10112 not sent: email type is disabled CONTEXT: {"email_type":"customer_completed_order","status":"disabled","recipient":"guest","order":10112}
2026-09-15T06:58:10+00:00 INFO Email "new_order" for order #10801 sent CONTEXT: {"email_type":"new_order","status":"sent","recipient":"guest","order":10801}
2026-09-15T06:58:10+00:00 NOTICE Email "customer_processing_order" for order #10801 not sent: email type is disabled CONTEXT: {"email_type":"customer_processing_order","status":"disabled","recipient":"guest","order":10801}
2026-09-15T06:58:10+00:00 NOTICE Email "customer_note" for order #10801 not sent: email type is disabled CONTEXT: {"email_type":"customer_note","status":"disabled","recipient":"guest","order":10801}
2026-09-15T06:58:13+00:00 NOTICE Email "customer_completed_order" for order #10345 not sent: email type is disabled CONTEXT: {"email_type":"customer_completed_order","status":"disabled","recipient":"guest","order":10345}
2026-09-15T06:58:13+00:00 NOTICE Email "customer_completed_order" for order #9757 not sent: email type is disabled CONTEXT: {"email_type":"customer_completed_order","status":"disabled","recipient":"guest","order":9757}
2026-09-15T06:58:55+00:00 NOTICE Email "customer_completed_order" for order #10239 not sent: email type is disabled CONTEXT: {"email_type":"customer_completed_order","status":"disabled","recipient":"guest","order":10239}
2026-09-15T06:58:57+00:00 NOTICE Email "customer_completed_order" for order #10140 not sent: email type is disabled CONTEXT: {"email_type":"customer_completed_order","status":"disabled","recipient":"guest","order":10140}
2026-09-15T06:58:57+00:00 NOTICE Email "customer_failed_order" for order #10320 not sent: email type is disabled CONTEXT: {"email_type":"customer_failed_order","status":"disabled","recipient":"guest","order":10320}
2026-09-15T06:59:29+00:00 NOTICE Email "customer_completed_order" for order #10156 not sent: email type is disabled CONTEXT: {"email_type":"customer_completed_order","status":"disabled","recipient":"guest","order":10156}
2026-09-15T07:00:04+00:00 NOTICE Email "customer_completed_order" for order #9907 not sent: email type is disabled CONTEXT: {"email_type":"customer_completed_order","status":"disabled","recipient":"guest","order":9907}
2026-09-15T07:00:35+00:00 NOTICE Email "customer_completed_order" for order #9997 not sent: email type is disabled CONTEXT: {"email_type":"customer_completed_order","status":"disabled","recipient":"guest","order":9997}
2026-09-15T07:00:41+00:00 NOTICE Email "customer_completed_order" for order #10342 not sent: email type is disabled CONTEXT: {"email_type":"customer_completed_order","status":"disabled","recipient":"guest","order":10342}
2026-09-15T07:00:57+00:00 NOTICE Email "customer_completed_order" for order #10141 not sent: email type is disabled CONTEXT: {"email_type":"customer_completed_order","status":"disabled","recipient":"guest","order":10141}
2026-09-15T07:00:57+00:00 NOTICE Email "customer_completed_order" for order #10267 not sent: email type is disabled CONTEXT: {"email_type":"customer_completed_order","status":"disabled","recipient":"guest","order":10267}
2026-09-15T07:01:03+00:00 NOTICE Email "customer_completed_order" for order #10199 not sent: email type is disabled CONTEXT: {"email_type":"customer_completed_order","status":"disabled","recipient":"guest","order":10199}
2026-09-15T07:01:20+00:00 NOTICE Email "customer_failed_order" for order #10302 not sent: email type is disabled CONTEXT: {"email_type":"customer_failed_order","status":"disabled","recipient":"guest","order":10302}
2026-09-15T07:01:20+00:00 NOTICE Email "customer_completed_order" for order #10327 not sent: email type is disabled CONTEXT: {"email_type":"customer_completed_order","status":"disabled","recipient":"guest","order":10327}
2026-09-15T07:01:20+00:00 NOTICE Email "customer_completed_order" for order #10249 not sent: email type is disabled CONTEXT: {"email_type":"customer_completed_order","status":"disabled","recipient":"guest","order":10249}
2026-09-15T07:01:51+00:00 NOTICE Email "customer_completed_order" for order #10289 not sent: email type is disabled CONTEXT: {"email_type":"customer_completed_order","status":"disabled","recipient":"guest","order":10289}
2026-09-15T07:01:54+00:00 NOTICE Email "customer_failed_order" for order #10631 not sent: email type is disabled CONTEXT: {"email_type":"customer_failed_order","status":"disabled","recipient":"guest","order":10631}
2026-09-15T07:01:56+00:00 NOTICE Email "customer_completed_order" for order #9798 not sent: email type is disabled CONTEXT: {"email_type":"customer_completed_order","status":"disabled","recipient":"guest","order":9798}
2026-09-15T07:01:59+00:00 INFO Email "failed_order" for order #10631 sent CONTEXT: {"email_type":"failed_order","status":"sent","recipient":"guest","order":10631}
2026-09-15T07:02:05+00:00 INFO Email "cancelled_order" for order #10791 sent CONTEXT: {"email_type":"cancelled_order","status":"sent","recipient":"guest","order":10791}
2026-09-15T07:02:11+00:00 NOTICE Email "customer_completed_order" for order #9833 not sent: email type is disabled CONTEXT: {"email_type":"customer_completed_order","status":"disabled","recipient":"guest","order":9833}
2026-09-15T07:02:11+00:00 NOTICE Email "customer_completed_order" for order #10286 not sent: email type is disabled CONTEXT: {"email_type":"customer_completed_order","status":"disabled","recipient":"guest","order":10286}
2026-09-15T07:02:16+00:00 NOTICE Email "customer_completed_order" for order #10233 not sent: email type is disabled CONTEXT: {"email_type":"customer_completed_order","status":"disabled","recipient":"guest","order":10233}
2026-09-15T07:02:16+00:00 NOTICE Email "customer_completed_order" for order #10222 not sent: email type is disabled CONTEXT: {"email_type":"customer_completed_order","status":"disabled","recipient":"guest","order":10222}
2026-09-15T07:02:35+00:00 NOTICE Email "customer_completed_order" for order #10225 not sent: email type is disabled CONTEXT: {"email_type":"customer_completed_order","status":"disabled","recipient":"guest","order":10225}
2026-09-15T07:02:36+00:00 NOTICE Email "customer_completed_order" for order #10338 not sent: email type is disabled CONTEXT: {"email_type":"customer_completed_order","status":"disabled","recipient":"guest","order":10338}
2026-09-15T07:02:36+00:00 NOTICE Email "customer_completed_order" for order #9952 not sent: email type is disabled CONTEXT: {"email_type":"customer_completed_order","status":"disabled","recipient":"guest","order":9952}
2026-09-15T07:02:52+00:00 NOTICE Email "customer_completed_order" for order #10266 not sent: email type is disabled CONTEXT: {"email_type":"customer_completed_order","status":"disabled","recipient":"guest","order":10266}
2026-09-15T07:02:52+00:00 NOTICE Email "customer_completed_order" for order #10196 not sent: email type is disabled CONTEXT: {"email_type":"customer_completed_order","status":"disabled","recipient":"guest","order":10196}
2026-09-15T07:02:52+00:00 NOTICE Email "customer_completed_order" for order #9936 not sent: email type is disabled CONTEXT: {"email_type":"customer_completed_order","status":"disabled","recipient":"guest","order":9936}
2026-09-15T07:03:39+00:00 NOTICE Email "customer_failed_order" for order #10208 not sent: email type is disabled CONTEXT: {"email_type":"customer_failed_order","status":"disabled","recipient":"guest","order":10208}
2026-09-15T07:04:36+00:00 NOTICE Email "customer_completed_order" for order #10239 not sent: email type is disabled CONTEXT: {"email_type":"customer_completed_order","status":"disabled","recipient":"guest","order":10239}
2026-09-15T07:04:46+00:00 NOTICE Email "customer_failed_order" for order #10351 not sent: email type is disabled CONTEXT: {"email_type":"customer_failed_order","status":"disabled","recipient":"guest","order":10351}
2026-09-15T07:04:50+00:00 NOTICE Email "customer_completed_order" for order #10285 not sent: email type is disabled CONTEXT: {"email_type":"customer_completed_order","status":"disabled","recipient":"guest","order":10285}
2026-09-15T07:04:50+00:00 NOTICE Email "customer_completed_order" for order #10216 not sent: email type is disabled CONTEXT: {"email_type":"customer_completed_order","status":"disabled","recipient":"guest","order":10216}
2026-09-15T07:04:51+00:00 NOTICE Email "customer_completed_order" for order #10185 not sent: email type is disabled CONTEXT: {"email_type":"customer_completed_order","status":"disabled","recipient":"guest","order":10185}
2026-09-15T07:05:30+00:00 NOTICE Email "customer_completed_order" for order #10262 not sent: email type is disabled CONTEXT: {"email_type":"customer_completed_order","status":"disabled","recipient":"guest","order":10262}
2026-09-15T07:05:46+00:00 NOTICE Email "customer_completed_order" for order #10291 not sent: email type is disabled CONTEXT: {"email_type":"customer_completed_order","status":"disabled","recipient":"guest","order":10291}
2026-09-15T07:05:46+00:00 NOTICE Email "customer_completed_order" for order #9852 not sent: email type is disabled CONTEXT: {"email_type":"customer_completed_order","status":"disabled","recipient":"guest","order":9852}
2026-09-15T07:07:58+00:00 NOTICE Email "customer_failed_order" for order #10208 not sent: email type is disabled CONTEXT: {"email_type":"customer_failed_order","status":"disabled","recipient":"guest","order":10208}
2026-09-15T07:08:20+00:00 NOTICE Email "customer_completed_order" for order #9833 not sent: email type is disabled CONTEXT: {"email_type":"customer_completed_order","status":"disabled","recipient":"guest","order":9833}
2026-09-15T07:08:49+00:00 NOTICE Email "customer_completed_order" for order #9936 not sent: email type is disabled CONTEXT: {"email_type":"customer_completed_order","status":"disabled","recipient":"guest","order":9936}
2026-09-15T07:08:53+00:00 NOTICE Email "customer_completed_order" for order #10289 not sent: email type is disabled CONTEXT: {"email_type":"customer_completed_order","status":"disabled","recipient":"guest","order":10289}
2026-09-15T07:08:53+00:00 NOTICE Email "customer_completed_order" for order #9798 not sent: email type is disabled CONTEXT: {"email_type":"customer_completed_order","status":"disabled","recipient":"guest","order":9798}
2026-09-15T07:09:07+00:00 NOTICE Email "customer_completed_order" for order #9950 not sent: email type is disabled CONTEXT: {"email_type":"customer_completed_order","status":"disabled","recipient":"guest","order":9950}
2026-09-15T07:09:07+00:00 NOTICE Email "customer_completed_order" for order #10196 not sent: email type is disabled CONTEXT: {"email_type":"customer_completed_order","status":"disabled","recipient":"guest","order":10196}
2026-09-15T07:09:24+00:00 NOTICE Email "customer_completed_order" for order #10319 not sent: email type is disabled CONTEXT: {"email_type":"customer_completed_order","status":"disabled","recipient":"guest","order":10319}
2026-09-15T07:09:26+00:00 NOTICE Email "customer_completed_order" for order #10249 not sent: email type is disabled CONTEXT: {"email_type":"customer_completed_order","status":"disabled","recipient":"guest","order":10249}
2026-09-15T07:09:26+00:00 NOTICE Email "customer_completed_order" for order #10327 not sent: email type is disabled CONTEXT: {"email_type":"customer_completed_order","status":"disabled","recipient":"guest","order":10327}
2026-09-15T07:09:42+00:00 NOTICE Email "customer_completed_order" for order #10215 not sent: email type is disabled CONTEXT: {"email_type":"customer_completed_order","status":"disabled","recipient":"guest","order":10215}
2026-09-15T07:09:42+00:00 NOTICE Email "customer_completed_order" for order #9952 not sent: email type is disabled CONTEXT: {"email_type":"customer_completed_order","status":"disabled","recipient":"guest","order":9952}
2026-09-15T07:09:42+00:00 NOTICE Email "customer_completed_order" for order #10338 not sent: email type is disabled CONTEXT: {"email_type":"customer_completed_order","status":"disabled","recipient":"guest","order":10338}
2026-09-15T07:09:43+00:00 NOTICE Email "customer_completed_order" for order #10349 not sent: email type is disabled CONTEXT: {"email_type":"customer_completed_order","status":"disabled","recipient":"guest","order":10349}
2026-09-15T07:09:43+00:00 NOTICE Email "customer_completed_order" for order #10219 not sent: email type is disabled CONTEXT: {"email_type":"customer_completed_order","status":"disabled","recipient":"guest","order":10219}
2026-09-15T07:09:43+00:00 NOTICE Email "customer_failed_order" for order #10302 not sent: email type is disabled CONTEXT: {"email_type":"customer_failed_order","status":"disabled","recipient":"guest","order":10302}
2026-09-15T07:09:58+00:00 NOTICE Email "customer_completed_order" for order #9830 not sent: email type is disabled CONTEXT: {"email_type":"customer_completed_order","status":"disabled","recipient":"guest","order":9830}
2026-09-15T07:09:58+00:00 NOTICE Email "customer_completed_order" for order #10267 not sent: email type is disabled CONTEXT: {"email_type":"customer_completed_order","status":"disabled","recipient":"guest","order":10267}
2026-09-15T07:09:58+00:00 NOTICE Email "customer_completed_order" for order #9810 not sent: email type is disabled CONTEXT: {"email_type":"customer_completed_order","status":"disabled","recipient":"guest","order":9810}
2026-09-15T07:09:59+00:00 NOTICE Email "customer_completed_order" for order #10225 not sent: email type is disabled CONTEXT: {"email_type":"customer_completed_order","status":"disabled","recipient":"guest","order":10225}
2026-09-15T07:10:15+00:00 NOTICE Email "customer_completed_order" for order #10242 not sent: email type is disabled CONTEXT: {"email_type":"customer_completed_order","status":"disabled","recipient":"guest","order":10242}
2026-09-15T07:10:15+00:00 NOTICE Email "customer_completed_order" for order #9900 not sent: email type is disabled CONTEXT: {"email_type":"customer_completed_order","status":"disabled","recipient":"guest","order":9900}
2026-09-15T07:10:15+00:00 NOTICE Email "customer_completed_order" for order #9892 not sent: email type is disabled CONTEXT: {"email_type":"customer_completed_order","status":"disabled","recipient":"guest","order":9892}
2026-09-15T07:10:15+00:00 NOTICE Email "customer_completed_order" for order #9923 not sent: email type is disabled CONTEXT: {"email_type":"customer_completed_order","status":"disabled","recipient":"guest","order":9923}
2026-09-15T07:10:33+00:00 NOTICE Email "customer_completed_order" for order #10168 not sent: email type is disabled CONTEXT: {"email_type":"customer_completed_order","status":"disabled","recipient":"guest","order":10168}
2026-09-15T07:10:33+00:00 NOTICE Email "customer_completed_order" for order #10140 not sent: email type is disabled CONTEXT: {"email_type":"customer_completed_order","status":"disabled","recipient":"guest","order":10140}
2026-09-15T07:10:36+00:00 NOTICE Email "customer_completed_order" for order #10333 not sent: email type is disabled CONTEXT: {"email_type":"customer_completed_order","status":"disabled","recipient":"guest","order":10333}
2026-09-15T07:10:36+00:00 NOTICE Email "customer_completed_order" for order #10112 not sent: email type is disabled CONTEXT: {"email_type":"customer_completed_order","status":"disabled","recipient":"guest","order":10112}
2026-09-15T07:10:36+00:00 NOTICE Email "customer_completed_order" for order #10222 not sent: email type is disabled CONTEXT: {"email_type":"customer_completed_order","status":"disabled","recipient":"guest","order":10222}
2026-09-15T07:10:36+00:00 NOTICE Email "customer_completed_order" for order #10286 not sent: email type is disabled CONTEXT: {"email_type":"customer_completed_order","status":"disabled","recipient":"guest","order":10286}
2026-09-15T07:10:36+00:00 NOTICE Email "customer_completed_order" for order #10233 not sent: email type is disabled CONTEXT: {"email_type":"customer_completed_order","status":"disabled","recipient":"guest","order":10233}
2026-09-15T07:10:36+00:00 NOTICE Email "customer_completed_order" for order #9757 not sent: email type is disabled CONTEXT: {"email_type":"customer_completed_order","status":"disabled","recipient":"guest","order":9757}
2026-09-15T07:10:51+00:00 NOTICE Email "customer_completed_order" for order #10003 not sent: email type is disabled CONTEXT: {"email_type":"customer_completed_order","status":"disabled","recipient":"guest","order":10003}
2026-09-15T07:10:51+00:00 NOTICE Email "customer_failed_order" for order #10320 not sent: email type is disabled CONTEXT: {"email_type":"customer_failed_order","status":"disabled","recipient":"guest","order":10320}
2026-09-15T07:10:51+00:00 NOTICE Email "customer_completed_order" for order #10258 not sent: email type is disabled CONTEXT: {"email_type":"customer_completed_order","status":"disabled","recipient":"guest","order":10258}
2026-09-15T07:10:51+00:00 NOTICE Email "customer_completed_order" for order #9943 not sent: email type is disabled CONTEXT: {"email_type":"customer_completed_order","status":"disabled","recipient":"guest","order":9943}
2026-09-15T07:10:59+00:00 NOTICE Email "customer_failed_order" for order #10351 not sent: email type is disabled CONTEXT: {"email_type":"customer_failed_order","status":"disabled","recipient":"guest","order":10351}
2026-09-15T07:11:08+00:00 NOTICE Email "customer_completed_order" for order #7526 not sent: email type is disabled CONTEXT: {"email_type":"customer_completed_order","status":"disabled","recipient":"guest","order":7526}
2026-09-15T07:11:11+00:00 NOTICE Email "customer_completed_order" for order #10034 not sent: email type is disabled CONTEXT: {"email_type":"customer_completed_order","status":"disabled","recipient":"guest","order":10034}
2026-09-15T07:11:11+00:00 NOTICE Email "customer_completed_order" for order #10156 not sent: email type is disabled CONTEXT: {"email_type":"customer_completed_order","status":"disabled","recipient":"guest","order":10156}
2026-09-15T07:11:14+00:00 NOTICE Email "customer_completed_order" for order #9757 not sent: email type is disabled CONTEXT: {"email_type":"customer_completed_order","status":"disabled","recipient":"guest","order":9757}
2026-09-15T07:11:15+00:00 NOTICE Email "customer_completed_order" for order #9766 not sent: email type is disabled CONTEXT: {"email_type":"customer_completed_order","status":"disabled","recipient":"guest","order":9766}
2026-09-15T07:11:21+00:00 NOTICE Email "customer_completed_order" for order #9833 not sent: email type is disabled CONTEXT: {"email_type":"customer_completed_order","status":"disabled","recipient":"guest","order":9833}
2026-09-15T07:11:21+00:00 NOTICE Email "customer_completed_order" for order #9851 not sent: email type is disabled CONTEXT: {"email_type":"customer_completed_order","status":"disabled","recipient":"guest","order":9851}
2026-09-15T07:11:21+00:00 NOTICE Email "customer_completed_order" for order #9852 not sent: email type is disabled CONTEXT: {"email_type":"customer_completed_order","status":"disabled","recipient":"guest","order":9852}
2026-09-15T07:11:30+00:00 NOTICE Email "customer_completed_order" for order #10126 not sent: email type is disabled CONTEXT: {"email_type":"customer_completed_order","status":"disabled","recipient":"guest","order":10126}
2026-09-15T07:11:31+00:00 NOTICE Email "customer_completed_order" for order #10197 not sent: email type is disabled CONTEXT: {"email_type":"customer_completed_order","status":"disabled","recipient":"guest","order":10197}
2026-09-15T07:11:31+00:00 NOTICE Email "customer_completed_order" for order #10262 not sent: email type is disabled CONTEXT: {"email_type":"customer_completed_order","status":"disabled","recipient":"guest","order":10262}
2026-09-15T07:11:31+00:00 NOTICE Email "customer_completed_order" for order #10266 not sent: email type is disabled CONTEXT: {"email_type":"customer_completed_order","status":"disabled","recipient":"guest","order":10266}
2026-09-15T07:11:32+00:00 NOTICE Email "customer_completed_order" for order #10286 not sent: email type is disabled CONTEXT: {"email_type":"customer_completed_order","status":"disabled","recipient":"guest","order":10286}
2026-09-15T07:11:35+00:00 NOTICE Email "customer_completed_order" for order #10061 not sent: email type is disabled CONTEXT: {"email_type":"customer_completed_order","status":"disabled","recipient":"guest","order":10061}
2026-09-15T07:11:40+00:00 NOTICE Email "customer_failed_order" for order #10320 not sent: email type is disabled CONTEXT: {"email_type":"customer_failed_order","status":"disabled","recipient":"guest","order":10320}
2026-09-15T07:11:40+00:00 NOTICE Email "customer_completed_order" for order #10342 not sent: email type is disabled CONTEXT: {"email_type":"customer_completed_order","status":"disabled","recipient":"guest","order":10342}
2026-09-15T07:11:40+00:00 NOTICE Email "customer_completed_order" for order #10349 not sent: email type is disabled CONTEXT: {"email_type":"customer_completed_order","status":"disabled","recipient":"guest","order":10349}
2026-09-15T07:11:49+00:00 NOTICE Email "customer_note" for order #10804 not sent: email type is disabled CONTEXT: {"email_type":"customer_note","status":"disabled","recipient":"guest","order":10804}
2026-09-15T07:13:04+00:00 NOTICE Email "customer_failed_order" for order #10351 not sent: email type is disabled CONTEXT: {"email_type":"customer_failed_order","status":"disabled","recipient":"guest","order":10351}
2026-09-15T07:13:05+00:00 NOTICE Email "customer_completed_order" for order #9997 not sent: email type is disabled CONTEXT: {"email_type":"customer_completed_order","status":"disabled","recipient":"guest","order":9997}
2026-09-15T07:19:44+00:00 NOTICE Email "customer_completed_order" for order #10262 not sent: email type is disabled CONTEXT: {"email_type":"customer_completed_order","status":"disabled","recipient":"guest","order":10262}
2026-09-15T07:19:53+00:00 NOTICE Email "customer_completed_order" for order #9798 not sent: email type is disabled CONTEXT: {"email_type":"customer_completed_order","status":"disabled","recipient":"guest","order":9798}
2026-09-15T07:19:54+00:00 NOTICE Email "customer_completed_order" for order #9943 not sent: email type is disabled CONTEXT: {"email_type":"customer_completed_order","status":"disabled","recipient":"guest","order":9943}
2026-09-15T07:20:03+00:00 NOTICE Email "customer_completed_order" for order #9809 not sent: email type is disabled CONTEXT: {"email_type":"customer_completed_order","status":"disabled","recipient":"guest","order":9809}
2026-09-15T07:20:13+00:00 NOTICE Email "customer_completed_order" for order #10247 not sent: email type is disabled CONTEXT: {"email_type":"customer_completed_order","status":"disabled","recipient":"guest","order":10247}
2026-09-15T07:20:22+00:00 NOTICE Email "customer_completed_order" for order #10345 not sent: email type is disabled CONTEXT: {"email_type":"customer_completed_order","status":"disabled","recipient":"guest","order":10345}
2026-09-15T07:20:22+00:00 NOTICE Email "customer_completed_order" for order #9773 not sent: email type is disabled CONTEXT: {"email_type":"customer_completed_order","status":"disabled","recipient":"guest","order":9773}
2026-09-15T07:20:22+00:00 NOTICE Email "customer_completed_order" for order #9766 not sent: email type is disabled CONTEXT: {"email_type":"customer_completed_order","status":"disabled","recipient":"guest","order":9766}
2026-09-15T07:20:31+00:00 NOTICE Email "customer_completed_order" for order #10239 not sent: email type is disabled CONTEXT: {"email_type":"customer_completed_order","status":"disabled","recipient":"guest","order":10239}
2026-09-15T07:20:40+00:00 NOTICE Email "customer_completed_order" for order #10285 not sent: email type is disabled CONTEXT: {"email_type":"customer_completed_order","status":"disabled","recipient":"guest","order":10285}
2026-09-15T07:20:54+00:00 NOTICE Email "customer_completed_order" for order #10216 not sent: email type is disabled CONTEXT: {"email_type":"customer_completed_order","status":"disabled","recipient":"guest","order":10216}
2026-09-15T07:20:54+00:00 NOTICE Email "customer_completed_order" for order #9907 not sent: email type is disabled CONTEXT: {"email_type":"customer_completed_order","status":"disabled","recipient":"guest","order":9907}
2026-09-15T07:20:54+00:00 NOTICE Email "customer_completed_order" for order #10185 not sent: email type is disabled CONTEXT: {"email_type":"customer_completed_order","status":"disabled","recipient":"guest","order":10185}
2026-09-15T07:21:49+00:00 NOTICE Email "customer_failed_order" for order #10208 not sent: email type is disabled CONTEXT: {"email_type":"customer_failed_order","status":"disabled","recipient":"guest","order":10208}
2026-09-15T07:23:15+00:00 NOTICE Email "customer_completed_order" for order #10262 not sent: email type is disabled CONTEXT: {"email_type":"customer_completed_order","status":"disabled","recipient":"guest","order":10262}
2026-09-15T07:24:22+00:00 NOTICE Email "customer_completed_order" for order #10333 not sent: email type is disabled CONTEXT: {"email_type":"customer_completed_order","status":"disabled","recipient":"guest","order":10333}
2026-09-15T07:24:22+00:00 NOTICE Email "customer_completed_order" for order #10112 not sent: email type is disabled CONTEXT: {"email_type":"customer_completed_order","status":"disabled","recipient":"guest","order":10112}
2026-09-15T07:24:22+00:00 NOTICE Email "customer_completed_order" for order #10312 not sent: email type is disabled CONTEXT: {"email_type":"customer_completed_order","status":"disabled","recipient":"guest","order":10312}
2026-09-15T07:24:22+00:00 NOTICE Email "customer_completed_order" for order #10140 not sent: email type is disabled CONTEXT: {"email_type":"customer_completed_order","status":"disabled","recipient":"guest","order":10140}
2026-09-15T07:24:37+00:00 NOTICE Email "customer_completed_order" for order #10222 not sent: email type is disabled CONTEXT: {"email_type":"customer_completed_order","status":"disabled","recipient":"guest","order":10222}
2026-09-15T07:25:00+00:00 NOTICE Email "customer_completed_order" for order #10336 not sent: email type is disabled CONTEXT: {"email_type":"customer_completed_order","status":"disabled","recipient":"guest","order":10336}
2026-09-15T07:25:11+00:00 NOTICE Email "customer_completed_order" for order #10345 not sent: email type is disabled CONTEXT: {"email_type":"customer_completed_order","status":"disabled","recipient":"guest","order":10345}
2026-09-15T07:25:12+00:00 NOTICE Email "customer_completed_order" for order #10247 not sent: email type is disabled CONTEXT: {"email_type":"customer_completed_order","status":"disabled","recipient":"guest","order":10247}
2026-09-15T07:25:30+00:00 NOTICE Email "customer_completed_order" for order #10126 not sent: email type is disabled CONTEXT: {"email_type":"customer_completed_order","status":"disabled","recipient":"guest","order":10126}
2026-09-15T07:25:30+00:00 NOTICE Email "customer_completed_order" for order #9809 not sent: email type is disabled CONTEXT: {"email_type":"customer_completed_order","status":"disabled","recipient":"guest","order":9809}
2026-09-15T07:25:39+00:00 NOTICE Email "customer_completed_order" for order #9833 not sent: email type is disabled CONTEXT: {"email_type":"customer_completed_order","status":"disabled","recipient":"guest","order":9833}
2026-09-15T07:25:47+00:00 NOTICE Email "customer_completed_order" for order #10141 not sent: email type is disabled CONTEXT: {"email_type":"customer_completed_order","status":"disabled","recipient":"guest","order":10141}
2026-09-15T07:25:47+00:00 NOTICE Email "customer_completed_order" for order #10199 not sent: email type is disabled CONTEXT: {"email_type":"customer_completed_order","status":"disabled","recipient":"guest","order":10199}
2026-09-15T07:25:48+00:00 NOTICE Email "customer_completed_order" for order #9798 not sent: email type is disabled CONTEXT: {"email_type":"customer_completed_order","status":"disabled","recipient":"guest","order":9798}
2026-09-15T07:26:06+00:00 NOTICE Email "customer_completed_order" for order #10197 not sent: email type is disabled CONTEXT: {"email_type":"customer_completed_order","status":"disabled","recipient":"guest","order":10197}
2026-09-15T07:26:06+00:00 NOTICE Email "customer_completed_order" for order #9852 not sent: email type is disabled CONTEXT: {"email_type":"customer_completed_order","status":"disabled","recipient":"guest","order":9852}
2026-09-15T07:26:37+00:00 NOTICE Email "customer_completed_order" for order #10289 not sent: email type is disabled CONTEXT: {"email_type":"customer_completed_order","status":"disabled","recipient":"guest","order":10289}
2026-09-15T07:26:38+00:00 NOTICE Email "customer_completed_order" for order #9936 not sent: email type is disabled CONTEXT: {"email_type":"customer_completed_order","status":"disabled","recipient":"guest","order":9936}
2026-09-15T07:27:17+00:00 NOTICE Email "customer_completed_order" for order #9952 not sent: email type is disabled CONTEXT: {"email_type":"customer_completed_order","status":"disabled","recipient":"guest","order":9952}
2026-09-15T07:27:33+00:00 NOTICE Email "customer_note" for order #10805 not sent: email type is disabled CONTEXT: {"email_type":"customer_note","status":"disabled","recipient":"guest","order":10805}
2026-09-15T07:27:37+00:00 NOTICE Email "customer_failed_order" for order #10302 not sent: email type is disabled CONTEXT: {"email_type":"customer_failed_order","status":"disabled","recipient":"guest","order":10302}
2026-09-15T07:27:42+00:00 NOTICE Email "customer_note" for order #10806 not sent: email type is disabled CONTEXT: {"email_type":"customer_note","status":"disabled","recipient":"guest","order":10806}
2026-09-15T07:27:44+00:00 NOTICE Email "customer_completed_order" for order #9757 not sent: email type is disabled CONTEXT: {"email_type":"customer_completed_order","status":"disabled","recipient":"guest","order":9757}
2026-09-15T07:27:50+00:00 NOTICE Email "customer_completed_order" for order #9851 not sent: email type is disabled CONTEXT: {"email_type":"customer_completed_order","status":"disabled","recipient":"guest","order":9851}
2026-09-15T07:27:51+00:00 NOTICE Email "customer_completed_order" for order #9892 not sent: email type is disabled CONTEXT: {"email_type":"customer_completed_order","status":"disabled","recipient":"guest","order":9892}
2026-09-15T07:27:51+00:00 NOTICE Email "customer_completed_order" for order #9900 not sent: email type is disabled CONTEXT: {"email_type":"customer_completed_order","status":"disabled","recipient":"guest","order":9900}
2026-09-15T07:27:51+00:00 NOTICE Email "customer_completed_order" for order #9997 not sent: email type is disabled CONTEXT: {"email_type":"customer_completed_order","status":"disabled","recipient":"guest","order":9997}
2026-09-15T07:27:51+00:00 NOTICE Email "customer_completed_order" for order #10003 not sent: email type is disabled CONTEXT: {"email_type":"customer_completed_order","status":"disabled","recipient":"guest","order":10003}
2026-09-15T07:27:58+00:00 NOTICE Email "customer_completed_order" for order #10086 not sent: email type is disabled CONTEXT: {"email_type":"customer_completed_order","status":"disabled","recipient":"guest","order":10086}
2026-09-15T07:27:59+00:00 NOTICE Email "customer_completed_order" for order #10242 not sent: email type is disabled CONTEXT: {"email_type":"customer_completed_order","status":"disabled","recipient":"guest","order":10242}
2026-09-15T07:27:59+00:00 NOTICE Email "customer_completed_order" for order #10338 not sent: email type is disabled CONTEXT: {"email_type":"customer_completed_order","status":"disabled","recipient":"guest","order":10338}
2026-09-15T07:28:00+00:00 NOTICE Email "customer_completed_order" for order #10239 not sent: email type is disabled CONTEXT: {"email_type":"customer_completed_order","status":"disabled","recipient":"guest","order":10239}
2026-09-15T07:28:00+00:00 NOTICE Email "customer_completed_order" for order #10242 not sent: email type is disabled CONTEXT: {"email_type":"customer_completed_order","status":"disabled","recipient":"guest","order":10242}
2026-09-15T07:28:00+00:00 NOTICE Email "customer_completed_order" for order #10258 not sent: email type is disabled CONTEXT: {"email_type":"customer_completed_order","status":"disabled","recipient":"guest","order":10258}
2026-09-15T07:28:07+00:00 NOTICE Email "customer_failed_order" for order #10320 not sent: email type is disabled CONTEXT: {"email_type":"customer_failed_order","status":"disabled","recipient":"guest","order":10320}
2026-09-15T07:28:22+00:00 INFO Email "cancelled_order" for order #10803 sent CONTEXT: {"email_type":"cancelled_order","status":"sent","recipient":"guest","order":10803}
2026-09-15T07:28:27+00:00 INFO Email "cancelled_order" for order #10804 sent CONTEXT: {"email_type":"cancelled_order","status":"sent","recipient":"guest","order":10804}
2026-09-15T07:31:57+00:00 NOTICE Email "customer_completed_order" for order #10345 not sent: email type is disabled CONTEXT: {"email_type":"customer_completed_order","status":"disabled","recipient":"guest","order":10345}
2026-09-15T07:32:15+00:00 NOTICE Email "customer_completed_order" for order #10336 not sent: email type is disabled CONTEXT: {"email_type":"customer_completed_order","status":"disabled","recipient":"guest","order":10336}
2026-09-15T07:32:15+00:00 NOTICE Email "customer_completed_order" for order #10289 not sent: email type is disabled CONTEXT: {"email_type":"customer_completed_order","status":"disabled","recipient":"guest","order":10289}
2026-09-15T07:32:32+00:00 NOTICE Email "customer_completed_order" for order #10197 not sent: email type is disabled CONTEXT: {"email_type":"customer_completed_order","status":"disabled","recipient":"guest","order":10197}
2026-09-15T07:32:32+00:00 NOTICE Email "customer_completed_order" for order #10199 not sent: email type is disabled CONTEXT: {"email_type":"customer_completed_order","status":"disabled","recipient":"guest","order":10199}
2026-09-15T07:32:33+00:00 NOTICE Email "customer_completed_order" for order #10112 not sent: email type is disabled CONTEXT: {"email_type":"customer_completed_order","status":"disabled","recipient":"guest","order":10112}
2026-09-15T07:33:07+00:00 NOTICE Email "customer_completed_order" for order #10342 not sent: email type is disabled CONTEXT: {"email_type":"customer_completed_order","status":"disabled","recipient":"guest","order":10342}
2026-09-15T07:33:07+00:00 NOTICE Email "customer_completed_order" for order #10233 not sent: email type is disabled CONTEXT: {"email_type":"customer_completed_order","status":"disabled","recipient":"guest","order":10233}
2026-09-15T07:33:07+00:00 NOTICE Email "customer_completed_order" for order #9950 not sent: email type is disabled CONTEXT: {"email_type":"customer_completed_order","status":"disabled","recipient":"guest","order":9950}
2026-09-15T07:33:07+00:00 NOTICE Email "customer_completed_order" for order #10196 not sent: email type is disabled CONTEXT: {"email_type":"customer_completed_order","status":"disabled","recipient":"guest","order":10196}
2026-09-15T07:33:22+00:00 NOTICE Email "customer_failed_order" for order #10208 not sent: email type is disabled CONTEXT: {"email_type":"customer_failed_order","status":"disabled","recipient":"guest","order":10208}
2026-09-15T07:33:24+00:00 NOTICE Email "customer_completed_order" for order #10266 not sent: email type is disabled CONTEXT: {"email_type":"customer_completed_order","status":"disabled","recipient":"guest","order":10266}
2026-09-15T07:33:41+00:00 NOTICE Email "customer_completed_order" for order #10249 not sent: email type is disabled CONTEXT: {"email_type":"customer_completed_order","status":"disabled","recipient":"guest","order":10249}
2026-09-15T07:33:56+00:00 NOTICE Email "customer_completed_order" for order #10319 not sent: email type is disabled CONTEXT: {"email_type":"customer_completed_order","status":"disabled","recipient":"guest","order":10319}
2026-09-15T07:33:57+00:00 NOTICE Email "customer_completed_order" for order #10327 not sent: email type is disabled CONTEXT: {"email_type":"customer_completed_order","status":"disabled","recipient":"guest","order":10327}
2026-09-15T07:34:07+00:00 NOTICE Email "customer_completed_order" for order #9798 not sent: email type is disabled CONTEXT: {"email_type":"customer_completed_order","status":"disabled","recipient":"guest","order":9798}
2026-09-15T07:34:07+00:00 NOTICE Email "customer_completed_order" for order #9786 not sent: email type is disabled CONTEXT: {"email_type":"customer_completed_order","status":"disabled","recipient":"guest","order":9786}
2026-09-15T07:34:16+00:00 NOTICE Email "customer_completed_order" for order #10215 not sent: email type is disabled CONTEXT: {"email_type":"customer_completed_order","status":"disabled","recipient":"guest","order":10215}
2026-09-15T07:34:16+00:00 NOTICE Email "customer_completed_order" for order #10349 not sent: email type is disabled CONTEXT: {"email_type":"customer_completed_order","status":"disabled","recipient":"guest","order":10349}
2026-09-15T07:34:35+00:00 NOTICE Email "customer_completed_order" for order #9766 not sent: email type is disabled CONTEXT: {"email_type":"customer_completed_order","status":"disabled","recipient":"guest","order":9766}
2026-09-15T07:34:36+00:00 NOTICE Email "customer_completed_order" for order #7526 not sent: email type is disabled CONTEXT: {"email_type":"customer_completed_order","status":"disabled","recipient":"guest","order":7526}
2026-09-15T07:34:36+00:00 NOTICE Email "customer_completed_order" for order #10034 not sent: email type is disabled CONTEXT: {"email_type":"customer_completed_order","status":"disabled","recipient":"guest","order":10034}
2026-09-15T07:34:44+00:00 NOTICE Email "customer_completed_order" for order #10239 not sent: email type is disabled CONTEXT: {"email_type":"customer_completed_order","status":"disabled","recipient":"guest","order":10239}
2026-09-15T07:34:46+00:00 NOTICE Email "customer_completed_order" for order #10156 not sent: email type is disabled CONTEXT: {"email_type":"customer_completed_order","status":"disabled","recipient":"guest","order":10156}
2026-09-15T07:34:55+00:00 NOTICE Email "customer_completed_order" for order #10168 not sent: email type is disabled CONTEXT: {"email_type":"customer_completed_order","status":"disabled","recipient":"guest","order":10168}
2026-09-15T07:34:55+00:00 NOTICE Email "customer_completed_order" for order #10061 not sent: email type is disabled CONTEXT: {"email_type":"customer_completed_order","status":"disabled","recipient":"guest","order":10061}
2026-09-15T07:35:06+00:00 NOTICE Email "customer_completed_order" for order #9810 not sent: email type is disabled CONTEXT: {"email_type":"customer_completed_order","status":"disabled","recipient":"guest","order":9810}
2026-09-15T07:35:06+00:00 NOTICE Email "customer_completed_order" for order #9923 not sent: email type is disabled CONTEXT: {"email_type":"customer_completed_order","status":"disabled","recipient":"guest","order":9923}
2026-09-15T07:35:06+00:00 NOTICE Email "customer_completed_order" for order #10225 not sent: email type is disabled CONTEXT: {"email_type":"customer_completed_order","status":"disabled","recipient":"guest","order":10225}
2026-09-15T07:35:20+00:00 NOTICE Email "customer_completed_order" for order #10267 not sent: email type is disabled CONTEXT: {"email_type":"customer_completed_order","status":"disabled","recipient":"guest","order":10267}
2026-09-15T07:35:20+00:00 NOTICE Email "customer_completed_order" for order #9773 not sent: email type is disabled CONTEXT: {"email_type":"customer_completed_order","status":"disabled","recipient":"guest","order":9773}
2026-09-15T07:36:03+00:00 NOTICE Email "customer_note" for order #10807 not sent: email type is disabled CONTEXT: {"email_type":"customer_note","status":"disabled","recipient":"guest","order":10807}
2026-09-15T07:36:21+00:00 NOTICE Email "customer_note" for order #10808 not sent: email type is disabled CONTEXT: {"email_type":"customer_note","status":"disabled","recipient":"guest","order":10808}
2026-09-15T07:36:26+00:00 INFO Email "cancelled_order" for order #10806 sent CONTEXT: {"email_type":"cancelled_order","status":"sent","recipient":"guest","order":10806}
2026-09-15T07:37:27+00:00 INFO Email "new_order" for order #10808 sent CONTEXT: {"email_type":"new_order","status":"sent","recipient":"guest","order":10808}
2026-09-15T07:37:27+00:00 NOTICE Email "customer_processing_order" for order #10808 not sent: email type is disabled CONTEXT: {"email_type":"customer_processing_order","status":"disabled","recipient":"guest","order":10808}
2026-09-15T07:37:27+00:00 NOTICE Email "customer_note" for order #10808 not sent: email type is disabled CONTEXT: {"email_type":"customer_note","status":"disabled","recipient":"guest","order":10808}
2026-09-15T07:37:31+00:00 INFO Email "new_order" for order #10807 sent CONTEXT: {"email_type":"new_order","status":"sent","recipient":"guest","order":10807}
2026-09-15T07:37:31+00:00 NOTICE Email "customer_processing_order" for order #10807 not sent: email type is disabled CONTEXT: {"email_type":"customer_processing_order","status":"disabled","recipient":"guest","order":10807}
2026-09-15T07:37:31+00:00 NOTICE Email "customer_note" for order #10807 not sent: email type is disabled CONTEXT: {"email_type":"customer_note","status":"disabled","recipient":"guest","order":10807}
2026-09-15T07:38:55+00:00 NOTICE Email "customer_completed_order" for order #10222 not sent: email type is disabled CONTEXT: {"email_type":"customer_completed_order","status":"disabled","recipient":"guest","order":10222}
2026-09-15T07:39:05+00:00 NOTICE Email "customer_completed_order" for order #10140 not sent: email type is disabled CONTEXT: {"email_type":"customer_completed_order","status":"disabled","recipient":"guest","order":10140}
2026-09-15T07:39:14+00:00 NOTICE Email "customer_completed_order" for order #10312 not sent: email type is disabled CONTEXT: {"email_type":"customer_completed_order","status":"disabled","recipient":"guest","order":10312}
2026-09-15T07:39:14+00:00 NOTICE Email "customer_completed_order" for order #10112 not sent: email type is disabled CONTEXT: {"email_type":"customer_completed_order","status":"disabled","recipient":"guest","order":10112}
2026-09-15T07:39:14+00:00 NOTICE Email "customer_completed_order" for order #10336 not sent: email type is disabled CONTEXT: {"email_type":"customer_completed_order","status":"disabled","recipient":"guest","order":10336}
2026-09-15T07:39:24+00:00 NOTICE Email "customer_completed_order" for order #10289 not sent: email type is disabled CONTEXT: {"email_type":"customer_completed_order","status":"disabled","recipient":"guest","order":10289}
2026-09-15T07:39:33+00:00 NOTICE Email "customer_completed_order" for order #9936 not sent: email type is disabled CONTEXT: {"email_type":"customer_completed_order","status":"disabled","recipient":"guest","order":9936}
2026-09-15T07:39:33+00:00 NOTICE Email "customer_completed_order" for order #10345 not sent: email type is disabled CONTEXT: {"email_type":"customer_completed_order","status":"disabled","recipient":"guest","order":10345}
2026-09-15T07:40:04+00:00 NOTICE Email "customer_completed_order" for order #10216 not sent: email type is disabled CONTEXT: {"email_type":"customer_completed_order","status":"disabled","recipient":"guest","order":10216}
2026-09-15T07:40:32+00:00 NOTICE Email "customer_completed_order" for order #10285 not sent: email type is disabled CONTEXT: {"email_type":"customer_completed_order","status":"disabled","recipient":"guest","order":10285}
2026-09-15T07:40:36+00:00 NOTICE Email "customer_note" for order #10809 not sent: email type is disabled CONTEXT: {"email_type":"customer_note","status":"disabled","recipient":"guest","order":10809}
2026-09-15T07:40:52+00:00 NOTICE Email "customer_completed_order" for order #10086 not sent: email type is disabled CONTEXT: {"email_type":"customer_completed_order","status":"disabled","recipient":"guest","order":10086}
2026-09-15T07:40:52+00:00 NOTICE Email "customer_completed_order" for order #10258 not sent: email type is disabled CONTEXT: {"email_type":"customer_completed_order","status":"disabled","recipient":"guest","order":10258}
2026-09-15T07:41:03+00:00 NOTICE Email "customer_completed_order" for order #9997 not sent: email type is disabled CONTEXT: {"email_type":"customer_completed_order","status":"disabled","recipient":"guest","order":9997}
2026-09-15T07:41:04+00:00 NOTICE Email "customer_failed_order" for order #10320 not sent: email type is disabled CONTEXT: {"email_type":"customer_failed_order","status":"disabled","recipient":"guest","order":10320}
2026-09-15T07:41:04+00:00 NOTICE Email "customer_completed_order" for order #9851 not sent: email type is disabled CONTEXT: {"email_type":"customer_completed_order","status":"disabled","recipient":"guest","order":9851}
2026-09-15T07:41:04+00:00 NOTICE Email "customer_completed_order" for order #10003 not sent: email type is disabled CONTEXT: {"email_type":"customer_completed_order","status":"disabled","recipient":"guest","order":10003}
2026-09-15T07:41:14+00:00 NOTICE Email "customer_completed_order" for order #9757 not sent: email type is disabled CONTEXT: {"email_type":"customer_completed_order","status":"disabled","recipient":"guest","order":9757}
2026-09-15T07:41:14+00:00 NOTICE Email "customer_completed_order" for order #10286 not sent: email type is disabled CONTEXT: {"email_type":"customer_completed_order","status":"disabled","recipient":"guest","order":10286}
2026-09-15T07:41:14+00:00 NOTICE Email "customer_completed_order" for order #10247 not sent: email type is disabled CONTEXT: {"email_type":"customer_completed_order","status":"disabled","recipient":"guest","order":10247}
2026-09-15T07:41:37+00:00 NOTICE Email "customer_completed_order" for order #10225 not sent: email type is disabled CONTEXT: {"email_type":"customer_completed_order","status":"disabled","recipient":"guest","order":10225}
2026-09-15T07:41:37+00:00 NOTICE Email "customer_completed_order" for order #10267 not sent: email type is disabled CONTEXT: {"email_type":"customer_completed_order","status":"disabled","recipient":"guest","order":10267}
2026-09-15T07:41:37+00:00 NOTICE Email "customer_completed_order" for order #9809 not sent: email type is disabled CONTEXT: {"email_type":"customer_completed_order","status":"disabled","recipient":"guest","order":9809}
2026-09-15T07:42:16+00:00 INFO Email "new_order" for order #10809 sent CONTEXT: {"email_type":"new_order","status":"sent","recipient":"guest","order":10809}
2026-09-15T07:42:16+00:00 NOTICE Email "customer_processing_order" for order #10809 not sent: email type is disabled CONTEXT: {"email_type":"customer_processing_order","status":"disabled","recipient":"guest","order":10809}
2026-09-15T07:42:16+00:00 NOTICE Email "customer_note" for order #10809 not sent: email type is disabled CONTEXT: {"email_type":"customer_note","status":"disabled","recipient":"guest","order":10809}
2026-09-15T07:42:41+00:00 NOTICE Email "customer_failed_order" for order #10351 not sent: email type is disabled CONTEXT: {"email_type":"customer_failed_order","status":"disabled","recipient":"guest","order":10351}
2026-09-15T07:43:02+00:00 NOTICE Email "customer_completed_order" for order #10061 not sent: email type is disabled CONTEXT: {"email_type":"customer_completed_order","status":"disabled","recipient":"guest","order":10061}
2026-09-15T07:43:02+00:00 NOTICE Email "customer_completed_order" for order #10156 not sent: email type is disabled CONTEXT: {"email_type":"customer_completed_order","status":"disabled","recipient":"guest","order":10156}
2026-09-15T07:43:03+00:00 NOTICE Email "customer_completed_order" for order #9950 not sent: email type is disabled CONTEXT: {"email_type":"customer_completed_order","status":"disabled","recipient":"guest","order":9950}
2026-09-15T07:43:03+00:00 NOTICE Email "customer_completed_order" for order #9952 not sent: email type is disabled CONTEXT: {"email_type":"customer_completed_order","status":"disabled","recipient":"guest","order":9952}
2026-09-15T07:43:05+00:00 NOTICE Email "customer_completed_order" for order #10086 not sent: email type is disabled CONTEXT: {"email_type":"customer_completed_order","status":"disabled","recipient":"guest","order":10086}
2026-09-15T07:43:05+00:00 NOTICE Email "customer_completed_order" for order #10112 not sent: email type is disabled CONTEXT: {"email_type":"customer_completed_order","status":"disabled","recipient":"guest","order":10112}
2026-09-15T07:43:06+00:00 NOTICE Email "customer_completed_order" for order #10185 not sent: email type is disabled CONTEXT: {"email_type":"customer_completed_order","status":"disabled","recipient":"guest","order":10185}
2026-09-15T07:43:13+00:00 NOTICE Email "customer_completed_order" for order #10242 not sent: email type is disabled CONTEXT: {"email_type":"customer_completed_order","status":"disabled","recipient":"guest","order":10242}
2026-09-15T07:43:13+00:00 NOTICE Email "customer_completed_order" for order #10258 not sent: email type is disabled CONTEXT: {"email_type":"customer_completed_order","status":"disabled","recipient":"guest","order":10258}
2026-09-15T07:43:13+00:00 NOTICE Email "customer_completed_order" for order #10262 not sent: email type is disabled CONTEXT: {"email_type":"customer_completed_order","status":"disabled","recipient":"guest","order":10262}
2026-09-15T07:43:13+00:00 NOTICE Email "customer_completed_order" for order #10266 not sent: email type is disabled CONTEXT: {"email_type":"customer_completed_order","status":"disabled","recipient":"guest","order":10266}
2026-09-15T07:43:13+00:00 NOTICE Email "customer_completed_order" for order #10289 not sent: email type is disabled CONTEXT: {"email_type":"customer_completed_order","status":"disabled","recipient":"guest","order":10289}
2026-09-15T07:43:13+00:00 NOTICE Email "customer_completed_order" for order #10336 not sent: email type is disabled CONTEXT: {"email_type":"customer_completed_order","status":"disabled","recipient":"guest","order":10336}
2026-09-15T07:43:13+00:00 NOTICE Email "customer_completed_order" for order #10345 not sent: email type is disabled CONTEXT: {"email_type":"customer_completed_order","status":"disabled","recipient":"guest","order":10345}
2026-09-15T07:43:13+00:00 NOTICE Email "customer_completed_order" for order #10349 not sent: email type is disabled CONTEXT: {"email_type":"customer_completed_order","status":"disabled","recipient":"guest","order":10349}
2026-09-15T07:43:20+00:00 NOTICE Email "customer_completed_order" for order #10239 not sent: email type is disabled CONTEXT: {"email_type":"customer_completed_order","status":"disabled","recipient":"guest","order":10239}
2026-09-15T07:43:20+00:00 NOTICE Email "customer_completed_order" for order #10034 not sent: email type is disabled CONTEXT: {"email_type":"customer_completed_order","status":"disabled","recipient":"guest","order":10034}
2026-09-15T07:43:31+00:00 NOTICE Email "customer_failed_order" for order #10208 not sent: email type is disabled CONTEXT: {"email_type":"customer_failed_order","status":"disabled","recipient":"guest","order":10208}
2026-09-15T07:43:38+00:00 NOTICE Email "customer_completed_order" for order #7526 not sent: email type is disabled CONTEXT: {"email_type":"customer_completed_order","status":"disabled","recipient":"guest","order":7526}
2026-09-15T07:43:57+00:00 NOTICE Email "customer_completed_order" for order #9766 not sent: email type is disabled CONTEXT: {"email_type":"customer_completed_order","status":"disabled","recipient":"guest","order":9766}
2026-09-15T07:43:57+00:00 NOTICE Email "customer_completed_order" for order #10249 not sent: email type is disabled CONTEXT: {"email_type":"customer_completed_order","status":"disabled","recipient":"guest","order":10249}
2026-09-15T07:44:15+00:00 NOTICE Email "customer_completed_order" for order #9786 not sent: email type is disabled CONTEXT: {"email_type":"customer_completed_order","status":"disabled","recipient":"guest","order":9786}
2026-09-15T07:44:15+00:00 NOTICE Email "customer_completed_order" for order #10312 not sent: email type is disabled CONTEXT: {"email_type":"customer_completed_order","status":"disabled","recipient":"guest","order":10312}
2026-09-15T07:44:15+00:00 NOTICE Email "customer_completed_order" for order #10140 not sent: email type is disabled CONTEXT: {"email_type":"customer_completed_order","status":"disabled","recipient":"guest","order":10140}
2026-09-15T07:44:15+00:00 NOTICE Email "customer_completed_order" for order #10342 not sent: email type is disabled CONTEXT: {"email_type":"customer_completed_order","status":"disabled","recipient":"guest","order":10342}
2026-09-15T07:44:33+00:00 NOTICE Email "customer_completed_order" for order #9852 not sent: email type is disabled CONTEXT: {"email_type":"customer_completed_order","status":"disabled","recipient":"guest","order":9852}
2026-09-15T07:44:35+00:00 NOTICE Email "customer_completed_order" for order #10327 not sent: email type is disabled CONTEXT: {"email_type":"customer_completed_order","status":"disabled","recipient":"guest","order":10327}
2026-09-15T07:44:35+00:00 NOTICE Email "customer_completed_order" for order #10233 not sent: email type is disabled CONTEXT: {"email_type":"customer_completed_order","status":"disabled","recipient":"guest","order":10233}
2026-09-15T07:44:52+00:00 NOTICE Email "customer_completed_order" for order #10061 not sent: email type is disabled CONTEXT: {"email_type":"customer_completed_order","status":"disabled","recipient":"guest","order":10061}
2026-09-15T07:44:52+00:00 NOTICE Email "customer_completed_order" for order #9833 not sent: email type is disabled CONTEXT: {"email_type":"customer_completed_order","status":"disabled","recipient":"guest","order":9833}
2026-09-15T07:44:55+00:00 NOTICE Email "customer_completed_order" for order #10196 not sent: email type is disabled CONTEXT: {"email_type":"customer_completed_order","status":"disabled","recipient":"guest","order":10196}
2026-09-15T07:45:09+00:00 NOTICE Email "customer_failed_order" for order #10302 not sent: email type is disabled CONTEXT: {"email_type":"customer_failed_order","status":"disabled","recipient":"guest","order":10302}
2026-09-15T07:45:10+00:00 NOTICE Email "customer_completed_order" for order #9830 not sent: email type is disabled CONTEXT: {"email_type":"customer_completed_order","status":"disabled","recipient":"guest","order":9830}
2026-09-15T07:45:10+00:00 NOTICE Email "customer_completed_order" for order #9900 not sent: email type is disabled CONTEXT: {"email_type":"customer_completed_order","status":"disabled","recipient":"guest","order":9900}
2026-09-15T07:45:13+00:00 NOTICE Email "customer_completed_order" for order #9892 not sent: email type is disabled CONTEXT: {"email_type":"customer_completed_order","status":"disabled","recipient":"guest","order":9892}
2026-09-15T07:46:27+00:00 NOTICE Email "customer_completed_order" for order #10262 not sent: email type is disabled CONTEXT: {"email_type":"customer_completed_order","status":"disabled","recipient":"guest","order":10262}
2026-09-15T07:47:16+00:00 NOTICE Email "customer_failed_order" for order #10208 not sent: email type is disabled CONTEXT: {"email_type":"customer_failed_order","status":"disabled","recipient":"guest","order":10208}
2026-09-15T07:47:17+00:00 NOTICE Email "customer_failed_order" for order #10351 not sent: email type is disabled CONTEXT: {"email_type":"customer_failed_order","status":"disabled","recipient":"guest","order":10351}
2026-09-15T07:47:37+00:00 NOTICE Email "customer_completed_order" for order #10219 not sent: email type is disabled CONTEXT: {"email_type":"customer_completed_order","status":"disabled","recipient":"guest","order":10219}
2026-09-15T07:47:40+00:00 NOTICE Email "customer_completed_order" for order #9923 not sent: email type is disabled CONTEXT: {"email_type":"customer_completed_order","status":"disabled","recipient":"guest","order":9923}
2026-09-15T07:47:57+00:00 NOTICE Email "customer_completed_order" for order #10225 not sent: email type is disabled CONTEXT: {"email_type":"customer_completed_order","status":"disabled","recipient":"guest","order":10225}
2026-09-15T07:48:52+00:00 NOTICE Email "customer_completed_order" for order #10333 not sent: email type is disabled CONTEXT: {"email_type":"customer_completed_order","status":"disabled","recipient":"guest","order":10333}
2026-09-15T07:49:05+00:00 NOTICE Email "customer_completed_order" for order #9952 not sent: email type is disabled CONTEXT: {"email_type":"customer_completed_order","status":"disabled","recipient":"guest","order":9952}
2026-09-15T07:49:06+00:00 NOTICE Email "customer_completed_order" for order #10196 not sent: email type is disabled CONTEXT: {"email_type":"customer_completed_order","status":"disabled","recipient":"guest","order":10196}
2026-09-15T07:49:06+00:00 NOTICE Email "customer_completed_order" for order #10349 not sent: email type is disabled CONTEXT: {"email_type":"customer_completed_order","status":"disabled","recipient":"guest","order":10349}
2026-09-15T07:49:09+00:00 NOTICE Email "customer_completed_order" for order #10199 not sent: email type is disabled CONTEXT: {"email_type":"customer_completed_order","status":"disabled","recipient":"guest","order":10199}
2026-09-15T07:49:10+00:00 NOTICE Email "customer_completed_order" for order #10197 not sent: email type is disabled CONTEXT: {"email_type":"customer_completed_order","status":"disabled","recipient":"guest","order":10197}
2026-09-15T07:49:10+00:00 NOTICE Email "customer_completed_order" for order #10319 not sent: email type is disabled CONTEXT: {"email_type":"customer_completed_order","status":"disabled","recipient":"guest","order":10319}
2026-09-15T07:51:13+00:00 NOTICE Email "customer_completed_order" for order #10342 not sent: email type is disabled CONTEXT: {"email_type":"customer_completed_order","status":"disabled","recipient":"guest","order":10342}
2026-09-15T07:51:33+00:00 NOTICE Email "customer_completed_order" for order #10262 not sent: email type is disabled CONTEXT: {"email_type":"customer_completed_order","status":"disabled","recipient":"guest","order":10262}
2026-09-15T07:52:07+00:00 NOTICE Email "customer_completed_order" for order #10327 not sent: email type is disabled CONTEXT: {"email_type":"customer_completed_order","status":"disabled","recipient":"guest","order":10327}
2026-09-15T07:52:07+00:00 NOTICE Email "customer_completed_order" for order #10233 not sent: email type is disabled CONTEXT: {"email_type":"customer_completed_order","status":"disabled","recipient":"guest","order":10233}
2026-09-15T07:52:24+00:00 NOTICE Email "customer_completed_order" for order #9936 not sent: email type is disabled CONTEXT: {"email_type":"customer_completed_order","status":"disabled","recipient":"guest","order":9936}
2026-09-15T07:52:24+00:00 NOTICE Email "customer_completed_order" for order #10086 not sent: email type is disabled CONTEXT: {"email_type":"customer_completed_order","status":"disabled","recipient":"guest","order":10086}
2026-09-15T07:52:40+00:00 NOTICE Email "customer_completed_order" for order #9997 not sent: email type is disabled CONTEXT: {"email_type":"customer_completed_order","status":"disabled","recipient":"guest","order":9997}
2026-09-15T07:52:40+00:00 NOTICE Email "customer_failed_order" for order #10320 not sent: email type is disabled CONTEXT: {"email_type":"customer_failed_order","status":"disabled","recipient":"guest","order":10320}
2026-09-15T07:52:57+00:00 NOTICE Email "customer_completed_order" for order #9757 not sent: email type is disabled CONTEXT: {"email_type":"customer_completed_order","status":"disabled","recipient":"guest","order":9757}
2026-09-15T07:53:11+00:00 NOTICE Email "customer_completed_order" for order #9810 not sent: email type is disabled CONTEXT: {"email_type":"customer_completed_order","status":"disabled","recipient":"guest","order":9810}
2026-09-15T07:57:24+00:00 NOTICE Email "customer_completed_order" for order #9757 not sent: email type is disabled CONTEXT: {"email_type":"customer_completed_order","status":"disabled","recipient":"guest","order":9757}
2026-09-15T07:57:31+00:00 NOTICE Email "customer_completed_order" for order #9810 not sent: email type is disabled CONTEXT: {"email_type":"customer_completed_order","status":"disabled","recipient":"guest","order":9810}
2026-09-15T07:58:53+00:00 NOTICE Email "customer_completed_order" for order #9766 not sent: email type is disabled CONTEXT: {"email_type":"customer_completed_order","status":"disabled","recipient":"guest","order":9766}
2026-09-15T07:59:03+00:00 NOTICE Email "customer_completed_order" for order #10289 not sent: email type is disabled CONTEXT: {"email_type":"customer_completed_order","status":"disabled","recipient":"guest","order":10289}
2026-09-15T07:59:12+00:00 NOTICE Email "customer_completed_order" for order #10249 not sent: email type is disabled CONTEXT: {"email_type":"customer_completed_order","status":"disabled","recipient":"guest","order":10249}
2026-09-15T07:59:12+00:00 NOTICE Email "customer_completed_order" for order #9786 not sent: email type is disabled CONTEXT: {"email_type":"customer_completed_order","status":"disabled","recipient":"guest","order":9786}
2026-09-15T07:59:12+00:00 NOTICE Email "customer_completed_order" for order #10336 not sent: email type is disabled CONTEXT: {"email_type":"customer_completed_order","status":"disabled","recipient":"guest","order":10336}
2026-09-15T07:59:12+00:00 NOTICE Email "customer_completed_order" for order #7526 not sent: email type is disabled CONTEXT: {"email_type":"customer_completed_order","status":"disabled","recipient":"guest","order":7526}
2026-09-15T07:59:23+00:00 NOTICE Email "customer_completed_order" for order #10222 not sent: email type is disabled CONTEXT: {"email_type":"customer_completed_order","status":"disabled","recipient":"guest","order":10222}
2026-09-15T07:59:23+00:00 NOTICE Email "customer_completed_order" for order #10267 not sent: email type is disabled CONTEXT: {"email_type":"customer_completed_order","status":"disabled","recipient":"guest","order":10267}
2026-09-15T07:59:32+00:00 NOTICE Email "customer_completed_order" for order #10112 not sent: email type is disabled CONTEXT: {"email_type":"customer_completed_order","status":"disabled","recipient":"guest","order":10112}
2026-09-15T07:59:32+00:00 NOTICE Email "customer_completed_order" for order #10312 not sent: email type is disabled CONTEXT: {"email_type":"customer_completed_order","status":"disabled","recipient":"guest","order":10312}
2026-09-15T07:59:32+00:00 NOTICE Email "customer_completed_order" for order #10140 not sent: email type is disabled CONTEXT: {"email_type":"customer_completed_order","status":"disabled","recipient":"guest","order":10140}
2026-09-15T08:07:05+00:00 NOTICE Email "customer_failed_order" for order #10302 not sent: email type is disabled CONTEXT: {"email_type":"customer_failed_order","status":"disabled","recipient":"guest","order":10302}
2026-09-15T08:07:14+00:00 NOTICE Email "customer_completed_order" for order #10215 not sent: email type is disabled CONTEXT: {"email_type":"customer_completed_order","status":"disabled","recipient":"guest","order":10215}
2026-09-15T08:07:15+00:00 NOTICE Email "customer_completed_order" for order #10242 not sent: email type is disabled CONTEXT: {"email_type":"customer_completed_order","status":"disabled","recipient":"guest","order":10242}
2026-09-15T08:07:24+00:00 NOTICE Email "customer_completed_order" for order #9830 not sent: email type is disabled CONTEXT: {"email_type":"customer_completed_order","status":"disabled","recipient":"guest","order":9830}
2026-09-15T08:07:24+00:00 NOTICE Email "customer_completed_order" for order #10338 not sent: email type is disabled CONTEXT: {"email_type":"customer_completed_order","status":"disabled","recipient":"guest","order":10338}
2026-09-15T08:07:24+00:00 NOTICE Email "customer_completed_order" for order #9900 not sent: email type is disabled CONTEXT: {"email_type":"customer_completed_order","status":"disabled","recipient":"guest","order":9900}
2026-09-15T08:07:24+00:00 NOTICE Email "customer_completed_order" for order #9892 not sent: email type is disabled CONTEXT: {"email_type":"customer_completed_order","status":"disabled","recipient":"guest","order":9892}
2026-09-15T08:07:33+00:00 NOTICE Email "customer_completed_order" for order #10247 not sent: email type is disabled CONTEXT: {"email_type":"customer_completed_order","status":"disabled","recipient":"guest","order":10247}
2026-09-15T08:07:45+00:00 NOTICE Email "customer_completed_order" for order #10286 not sent: email type is disabled CONTEXT: {"email_type":"customer_completed_order","status":"disabled","recipient":"guest","order":10286}
2026-09-15T08:12:05+00:00 NOTICE Email "customer_completed_order" for order #10286 not sent: email type is disabled CONTEXT: {"email_type":"customer_completed_order","status":"disabled","recipient":"guest","order":10286}
2026-09-15T08:12:14+00:00 NOTICE Email "customer_completed_order" for order #10247 not sent: email type is disabled CONTEXT: {"email_type":"customer_completed_order","status":"disabled","recipient":"guest","order":10247}
2026-09-15T08:12:24+00:00 NOTICE Email "customer_completed_order" for order #10338 not sent: email type is disabled CONTEXT: {"email_type":"customer_completed_order","status":"disabled","recipient":"guest","order":10338}
2026-09-15T08:12:24+00:00 NOTICE Email "customer_completed_order" for order #9830 not sent: email type is disabled CONTEXT: {"email_type":"customer_completed_order","status":"disabled","recipient":"guest","order":9830}
2026-09-15T08:12:34+00:00 NOTICE Email "customer_completed_order" for order #10215 not sent: email type is disabled CONTEXT: {"email_type":"customer_completed_order","status":"disabled","recipient":"guest","order":10215}
2026-09-15T08:12:44+00:00 NOTICE Email "customer_failed_order" for order #10302 not sent: email type is disabled CONTEXT: {"email_type":"customer_failed_order","status":"disabled","recipient":"guest","order":10302}
2026-09-15T08:12:54+00:00 NOTICE Email "customer_completed_order" for order #10285 not sent: email type is disabled CONTEXT: {"email_type":"customer_completed_order","status":"disabled","recipient":"guest","order":10285}
2026-09-15T08:12:54+00:00 NOTICE Email "customer_completed_order" for order #9952 not sent: email type is disabled CONTEXT: {"email_type":"customer_completed_order","status":"disabled","recipient":"guest","order":9952}
2026-09-15T08:13:02+00:00 NOTICE Email "customer_completed_order" for order #9833 not sent: email type is disabled CONTEXT: {"email_type":"customer_completed_order","status":"disabled","recipient":"guest","order":9833}
2026-09-15T08:13:05+00:00 NOTICE Email "customer_completed_order" for order #10185 not sent: email type is disabled CONTEXT: {"email_type":"customer_completed_order","status":"disabled","recipient":"guest","order":10185}
2026-09-15T08:13:05+00:00 NOTICE Email "customer_completed_order" for order #10196 not sent: email type is disabled CONTEXT: {"email_type":"customer_completed_order","status":"disabled","recipient":"guest","order":10196}
2026-09-15T08:13:05+00:00 NOTICE Email "customer_completed_order" for order #10216 not sent: email type is disabled CONTEXT: {"email_type":"customer_completed_order","status":"disabled","recipient":"guest","order":10216}
2026-09-15T08:13:05+00:00 NOTICE Email "customer_completed_order" for order #10349 not sent: email type is disabled CONTEXT: {"email_type":"customer_completed_order","status":"disabled","recipient":"guest","order":10349}
2026-09-15T08:13:12+00:00 NOTICE Email "customer_completed_order" for order #10168 not sent: email type is disabled CONTEXT: {"email_type":"customer_completed_order","status":"disabled","recipient":"guest","order":10168}
2026-09-15T08:13:17+00:00 NOTICE Email "customer_completed_order" for order #9892 not sent: email type is disabled CONTEXT: {"email_type":"customer_completed_order","status":"disabled","recipient":"guest","order":9892}
2026-09-15T08:13:17+00:00 NOTICE Email "customer_completed_order" for order #9923 not sent: email type is disabled CONTEXT: {"email_type":"customer_completed_order","status":"disabled","recipient":"guest","order":9923}
2026-09-15T08:13:17+00:00 NOTICE Email "customer_completed_order" for order #9952 not sent: email type is disabled CONTEXT: {"email_type":"customer_completed_order","status":"disabled","recipient":"guest","order":9952}
2026-09-15T08:13:20+00:00 NOTICE Email "customer_completed_order" for order #10061 not sent: email type is disabled CONTEXT: {"email_type":"customer_completed_order","status":"disabled","recipient":"guest","order":10061}
2026-09-15T08:13:24+00:00 NOTICE Email "customer_completed_order" for order #10061 not sent: email type is disabled CONTEXT: {"email_type":"customer_completed_order","status":"disabled","recipient":"guest","order":10061}
2026-09-15T08:13:25+00:00 NOTICE Email "customer_completed_order" for order #10247 not sent: email type is disabled CONTEXT: {"email_type":"customer_completed_order","status":"disabled","recipient":"guest","order":10247}
2026-09-15T08:13:25+00:00 NOTICE Email "customer_failed_order" for order #10302 not sent: email type is disabled CONTEXT: {"email_type":"customer_failed_order","status":"disabled","recipient":"guest","order":10302}
2026-09-15T08:13:50+00:00 INFO Email "cancelled_order" for order #10810 sent CONTEXT: {"email_type":"cancelled_order","status":"sent","recipient":"guest","order":10810}
2026-09-15T08:13:56+00:00 INFO Email "cancelled_order" for order #10811 sent CONTEXT: {"email_type":"cancelled_order","status":"sent","recipient":"guest","order":10811}
2026-09-15T08:13:57+00:00 NOTICE Email "customer_note" for order #10812 not sent: email type is disabled CONTEXT: {"email_type":"customer_note","status":"disabled","recipient":"guest","order":10812}
2026-09-15T08:13:57+00:00 NOTICE Email "customer_note" for order #10813 not sent: email type is disabled CONTEXT: {"email_type":"customer_note","status":"disabled","recipient":"guest","order":10813}
2026-09-15T08:14:29+00:00 NOTICE Email "customer_failed_order" for order #10351 not sent: email type is disabled CONTEXT: {"email_type":"customer_failed_order","status":"disabled","recipient":"guest","order":10351}
2026-09-15T08:14:29+00:00 NOTICE Email "customer_completed_order" for order #10225 not sent: email type is disabled CONTEXT: {"email_type":"customer_completed_order","status":"disabled","recipient":"guest","order":10225}
2026-09-15T08:14:39+00:00 NOTICE Email "customer_completed_order" for order #9950 not sent: email type is disabled CONTEXT: {"email_type":"customer_completed_order","status":"disabled","recipient":"guest","order":9950}
2026-09-15T08:14:49+00:00 NOTICE Email "customer_completed_order" for order #10156 not sent: email type is disabled CONTEXT: {"email_type":"customer_completed_order","status":"disabled","recipient":"guest","order":10156}
2026-09-15T08:14:59+00:00 NOTICE Email "customer_completed_order" for order #9809 not sent: email type is disabled CONTEXT: {"email_type":"customer_completed_order","status":"disabled","recipient":"guest","order":9809}
2026-09-15T08:15:07+00:00 NOTICE Email "customer_completed_order" for order #10266 not sent: email type is disabled CONTEXT: {"email_type":"customer_completed_order","status":"disabled","recipient":"guest","order":10266}
2026-09-15T08:15:18+00:00 NOTICE Email "customer_completed_order" for order #10239 not sent: email type is disabled CONTEXT: {"email_type":"customer_completed_order","status":"disabled","recipient":"guest","order":10239}
2026-09-15T08:15:30+00:00 NOTICE Email "customer_completed_order" for order #9852 not sent: email type is disabled CONTEXT: {"email_type":"customer_completed_order","status":"disabled","recipient":"guest","order":9852}
2026-09-15T08:15:30+00:00 NOTICE Email "customer_completed_order" for order #10126 not sent: email type is disabled CONTEXT: {"email_type":"customer_completed_order","status":"disabled","recipient":"guest","order":10126}
2026-09-15T08:15:41+00:00 NOTICE Email "customer_completed_order" for order #10034 not sent: email type is disabled CONTEXT: {"email_type":"customer_completed_order","status":"disabled","recipient":"guest","order":10034}
2026-09-15T08:18:17+00:00 NOTICE Email "customer_completed_order" for order #10185 not sent: email type is disabled CONTEXT: {"email_type":"customer_completed_order","status":"disabled","recipient":"guest","order":10185}
2026-09-15T08:18:18+00:00 NOTICE Email "customer_completed_order" for order #9833 not sent: email type is disabled CONTEXT: {"email_type":"customer_completed_order","status":"disabled","recipient":"guest","order":9833}
2026-09-15T08:18:28+00:00 NOTICE Email "customer_completed_order" for order #10285 not sent: email type is disabled CONTEXT: {"email_type":"customer_completed_order","status":"disabled","recipient":"guest","order":10285}
2026-09-15T08:18:32+00:00 NOTICE Email "customer_completed_order" for order #9809 not sent: email type is disabled CONTEXT: {"email_type":"customer_completed_order","status":"disabled","recipient":"guest","order":9809}
2026-09-15T08:18:43+00:00 NOTICE Email "customer_completed_order" for order #10156 not sent: email type is disabled CONTEXT: {"email_type":"customer_completed_order","status":"disabled","recipient":"guest","order":10156}
2026-09-15T08:18:43+00:00 NOTICE Email "customer_completed_order" for order #9950 not sent: email type is disabled CONTEXT: {"email_type":"customer_completed_order","status":"disabled","recipient":"guest","order":9950}
2026-09-15T08:18:48+00:00 NOTICE Email "customer_completed_order" for order #10242 not sent: email type is disabled CONTEXT: {"email_type":"customer_completed_order","status":"disabled","recipient":"guest","order":10242}
2026-09-15T08:18:53+00:00 NOTICE Email "customer_completed_order" for order #10225 not sent: email type is disabled CONTEXT: {"email_type":"customer_completed_order","status":"disabled","recipient":"guest","order":10225}
2026-09-15T08:18:57+00:00 NOTICE Email "customer_completed_order" for order #10338 not sent: email type is disabled CONTEXT: {"email_type":"customer_completed_order","status":"disabled","recipient":"guest","order":10338}
2026-09-15T08:18:57+00:00 NOTICE Email "customer_completed_order" for order #9900 not sent: email type is disabled CONTEXT: {"email_type":"customer_completed_order","status":"disabled","recipient":"guest","order":9900}
2026-09-15T08:18:57+00:00 NOTICE Email "customer_completed_order" for order #9892 not sent: email type is disabled CONTEXT: {"email_type":"customer_completed_order","status":"disabled","recipient":"guest","order":9892}
2026-09-15T08:19:08+00:00 NOTICE Email "customer_completed_order" for order #10247 not sent: email type is disabled CONTEXT: {"email_type":"customer_completed_order","status":"disabled","recipient":"guest","order":10247}
2026-09-15T08:19:18+00:00 NOTICE Email "customer_completed_order" for order #10286 not sent: email type is disabled CONTEXT: {"email_type":"customer_completed_order","status":"disabled","recipient":"guest","order":10286}
2026-09-15T08:19:29+00:00 NOTICE Email "customer_completed_order" for order #9798 not sent: email type is disabled CONTEXT: {"email_type":"customer_completed_order","status":"disabled","recipient":"guest","order":9798}
2026-09-15T08:19:29+00:00 NOTICE Email "customer_completed_order" for order #10333 not sent: email type is disabled CONTEXT: {"email_type":"customer_completed_order","status":"disabled","recipient":"guest","order":10333}
2026-09-15T08:19:39+00:00 NOTICE Email "customer_completed_order" for order #9773 not sent: email type is disabled CONTEXT: {"email_type":"customer_completed_order","status":"disabled","recipient":"guest","order":9773}
2026-09-15T08:19:48+00:00 NOTICE Email "customer_completed_order" for order #10219 not sent: email type is disabled CONTEXT: {"email_type":"customer_completed_order","status":"disabled","recipient":"guest","order":10219}
2026-09-15T08:19:57+00:00 NOTICE Email "customer_completed_order" for order #10199 not sent: email type is disabled CONTEXT: {"email_type":"customer_completed_order","status":"disabled","recipient":"guest","order":10199}
2026-09-15T08:19:57+00:00 NOTICE Email "customer_completed_order" for order #10197 not sent: email type is disabled CONTEXT: {"email_type":"customer_completed_order","status":"disabled","recipient":"guest","order":10197}
2026-09-15T08:19:57+00:00 NOTICE Email "customer_completed_order" for order #10319 not sent: email type is disabled CONTEXT: {"email_type":"customer_completed_order","status":"disabled","recipient":"guest","order":10319}
2026-09-15T08:20:09+00:00 NOTICE Email "customer_completed_order" for order #10342 not sent: email type is disabled CONTEXT: {"email_type":"customer_completed_order","status":"disabled","recipient":"guest","order":10342}
2026-09-15T08:21:23+00:00 NOTICE Email "customer_note" for order #10814 not sent: email type is disabled CONTEXT: {"email_type":"customer_note","status":"disabled","recipient":"guest","order":10814}
2026-09-15T08:24:33+00:00 NOTICE Email "customer_completed_order" for order #9757 not sent: email type is disabled CONTEXT: {"email_type":"customer_completed_order","status":"disabled","recipient":"guest","order":9757}
2026-09-15T08:24:33+00:00 NOTICE Email "customer_completed_order" for order #10003 not sent: email type is disabled CONTEXT: {"email_type":"customer_completed_order","status":"disabled","recipient":"guest","order":10003}
2026-09-15T08:24:34+00:00 NOTICE Email "customer_completed_order" for order #9851 not sent: email type is disabled CONTEXT: {"email_type":"customer_completed_order","status":"disabled","recipient":"guest","order":9851}
2026-09-15T08:24:34+00:00 NOTICE Email "customer_failed_order" for order #10320 not sent: email type is disabled CONTEXT: {"email_type":"customer_failed_order","status":"disabled","recipient":"guest","order":10320}
2026-09-15T08:24:34+00:00 NOTICE Email "customer_completed_order" for order #9997 not sent: email type is disabled CONTEXT: {"email_type":"customer_completed_order","status":"disabled","recipient":"guest","order":9997}
2026-09-15T08:24:45+00:00 NOTICE Email "customer_completed_order" for order #9892 not sent: email type is disabled CONTEXT: {"email_type":"customer_completed_order","status":"disabled","recipient":"guest","order":9892}
2026-09-15T08:24:45+00:00 NOTICE Email "customer_completed_order" for order #9900 not sent: email type is disabled CONTEXT: {"email_type":"customer_completed_order","status":"disabled","recipient":"guest","order":9900}
2026-09-15T08:24:46+00:00 NOTICE Email "customer_completed_order" for order #10342 not sent: email type is disabled CONTEXT: {"email_type":"customer_completed_order","status":"disabled","recipient":"guest","order":10342}
2026-09-15T08:24:55+00:00 NOTICE Email "customer_completed_order" for order #10338 not sent: email type is disabled CONTEXT: {"email_type":"customer_completed_order","status":"disabled","recipient":"guest","order":10338}
2026-09-15T08:24:55+00:00 NOTICE Email "customer_completed_order" for order #9830 not sent: email type is disabled CONTEXT: {"email_type":"customer_completed_order","status":"disabled","recipient":"guest","order":9830}
2026-09-15T08:24:56+00:00 NOTICE Email "customer_completed_order" for order #10225 not sent: email type is disabled CONTEXT: {"email_type":"customer_completed_order","status":"disabled","recipient":"guest","order":10225}
2026-09-15T08:24:56+00:00 NOTICE Email "customer_completed_order" for order #10258 not sent: email type is disabled CONTEXT: {"email_type":"customer_completed_order","status":"disabled","recipient":"guest","order":10258}
2026-09-15T08:24:56+00:00 NOTICE Email "customer_completed_order" for order #10086 not sent: email type is disabled CONTEXT: {"email_type":"customer_completed_order","status":"disabled","recipient":"guest","order":10086}
2026-09-15T08:25:05+00:00 NOTICE Email "customer_completed_order" for order #10242 not sent: email type is disabled CONTEXT: {"email_type":"customer_completed_order","status":"disabled","recipient":"guest","order":10242}
2026-09-15T08:25:06+00:00 NOTICE Email "customer_completed_order" for order #10215 not sent: email type is disabled CONTEXT: {"email_type":"customer_completed_order","status":"disabled","recipient":"guest","order":10215}
2026-09-15T08:25:07+00:00 NOTICE Email "customer_completed_order" for order #9810 not sent: email type is disabled CONTEXT: {"email_type":"customer_completed_order","status":"disabled","recipient":"guest","order":9810}
2026-09-15T08:25:24+00:00 NOTICE Email "customer_failed_order" for order #10302 not sent: email type is disabled CONTEXT: {"email_type":"customer_failed_order","status":"disabled","recipient":"guest","order":10302}
2026-09-15T08:25:26+00:00 NOTICE Email "customer_completed_order" for order #9766 not sent: email type is disabled CONTEXT: {"email_type":"customer_completed_order","status":"disabled","recipient":"guest","order":9766}
2026-09-15T08:25:26+00:00 NOTICE Email "customer_completed_order" for order #10289 not sent: email type is disabled CONTEXT: {"email_type":"customer_completed_order","status":"disabled","recipient":"guest","order":10289}
2026-09-15T08:25:36+00:00 NOTICE Email "customer_completed_order" for order #9786 not sent: email type is disabled CONTEXT: {"email_type":"customer_completed_order","status":"disabled","recipient":"guest","order":9786}
2026-09-15T08:25:36+00:00 NOTICE Email "customer_completed_order" for order #10336 not sent: email type is disabled CONTEXT: {"email_type":"customer_completed_order","status":"disabled","recipient":"guest","order":10336}
2026-09-15T08:25:36+00:00 NOTICE Email "customer_completed_order" for order #7526 not sent: email type is disabled CONTEXT: {"email_type":"customer_completed_order","status":"disabled","recipient":"guest","order":7526}
2026-09-15T08:25:45+00:00 INFO Email "new_order" for order #10814 sent CONTEXT: {"email_type":"new_order","status":"sent","recipient":"guest","order":10814}
2026-09-15T08:25:46+00:00 NOTICE Email "customer_processing_order" for order #10814 not sent: email type is disabled CONTEXT: {"email_type":"customer_processing_order","status":"disabled","recipient":"guest","order":10814}
2026-09-15T08:25:46+00:00 NOTICE Email "customer_note" for order #10814 not sent: email type is disabled CONTEXT: {"email_type":"customer_note","status":"disabled","recipient":"guest","order":10814}
2026-09-15T08:25:56+00:00 NOTICE Email "customer_completed_order" for order #10285 not sent: email type is disabled CONTEXT: {"email_type":"customer_completed_order","status":"disabled","recipient":"guest","order":10285}
2026-09-15T08:25:56+00:00 NOTICE Email "customer_completed_order" for order #10185 not sent: email type is disabled CONTEXT: {"email_type":"customer_completed_order","status":"disabled","recipient":"guest","order":10185}
2026-09-15T08:25:56+00:00 NOTICE Email "customer_completed_order" for order #10266 not sent: email type is disabled CONTEXT: {"email_type":"customer_completed_order","status":"disabled","recipient":"guest","order":10266}
2026-09-15T08:26:07+00:00 NOTICE Email "customer_completed_order" for order #9952 not sent: email type is disabled CONTEXT: {"email_type":"customer_completed_order","status":"disabled","recipient":"guest","order":9952}
2026-09-15T08:26:08+00:00 NOTICE Email "customer_completed_order" for order #9833 not sent: email type is disabled CONTEXT: {"email_type":"customer_completed_order","status":"disabled","recipient":"guest","order":9833}
2026-09-15T08:26:27+00:00 NOTICE Email "customer_completed_order" for order #10249 not sent: email type is disabled CONTEXT: {"email_type":"customer_completed_order","status":"disabled","recipient":"guest","order":10249}
2026-09-15T08:27:13+00:00 NOTICE Email "customer_completed_order" for order #9923 not sent: email type is disabled CONTEXT: {"email_type":"customer_completed_order","status":"disabled","recipient":"guest","order":9923}
2026-09-15T08:27:26+00:00 NOTICE Email "customer_completed_order" for order #10061 not sent: email type is disabled CONTEXT: {"email_type":"customer_completed_order","status":"disabled","recipient":"guest","order":10061}
2026-09-15T08:27:34+00:00 NOTICE Email "customer_completed_order" for order #9950 not sent: email type is disabled CONTEXT: {"email_type":"customer_completed_order","status":"disabled","recipient":"guest","order":9950}
2026-09-15T08:27:34+00:00 NOTICE Email "customer_completed_order" for order #10222 not sent: email type is disabled CONTEXT: {"email_type":"customer_completed_order","status":"disabled","recipient":"guest","order":10222}
2026-09-15T08:27:47+00:00 NOTICE Email "customer_completed_order" for order #10267 not sent: email type is disabled CONTEXT: {"email_type":"customer_completed_order","status":"disabled","recipient":"guest","order":10267}
2026-09-15T08:27:48+00:00 NOTICE Email "customer_completed_order" for order #10112 not sent: email type is disabled CONTEXT: {"email_type":"customer_completed_order","status":"disabled","recipient":"guest","order":10112}
2026-09-15T08:27:48+00:00 NOTICE Email "customer_completed_order" for order #10312 not sent: email type is disabled CONTEXT: {"email_type":"customer_completed_order","status":"disabled","recipient":"guest","order":10312}
2026-09-15T08:27:50+00:00 NOTICE Email "customer_completed_order" for order #10239 not sent: email type is disabled CONTEXT: {"email_type":"customer_completed_order","status":"disabled","recipient":"guest","order":10239}
2026-09-15T08:28:02+00:00 NOTICE Email "customer_completed_order" for order #10140 not sent: email type is disabled CONTEXT: {"email_type":"customer_completed_order","status":"disabled","recipient":"guest","order":10140}
2026-09-15T08:28:16+00:00 NOTICE Email "customer_completed_order" for order #10196 not sent: email type is disabled CONTEXT: {"email_type":"customer_completed_order","status":"disabled","recipient":"guest","order":10196}
2026-09-15T08:28:16+00:00 NOTICE Email "customer_completed_order" for order #10216 not sent: email type is disabled CONTEXT: {"email_type":"customer_completed_order","status":"disabled","recipient":"guest","order":10216}
2026-09-15T08:28:16+00:00 NOTICE Email "customer_completed_order" for order #10349 not sent: email type is disabled CONTEXT: {"email_type":"customer_completed_order","status":"disabled","recipient":"guest","order":10349}
2026-09-15T08:28:19+00:00 NOTICE Email "customer_completed_order" for order #9766 not sent: email type is disabled CONTEXT: {"email_type":"customer_completed_order","status":"disabled","recipient":"guest","order":9766}
2026-09-15T08:28:22+00:00 NOTICE Email "customer_failed_order" for order #10351 not sent: email type is disabled CONTEXT: {"email_type":"customer_failed_order","status":"disabled","recipient":"guest","order":10351}
2026-09-15T08:28:27+00:00 NOTICE Email "customer_completed_order" for order #9809 not sent: email type is disabled CONTEXT: {"email_type":"customer_completed_order","status":"disabled","recipient":"guest","order":9809}
2026-09-15T08:28:27+00:00 NOTICE Email "customer_completed_order" for order #9892 not sent: email type is disabled CONTEXT: {"email_type":"customer_completed_order","status":"disabled","recipient":"guest","order":9892}
2026-09-15T08:28:28+00:00 NOTICE Email "customer_completed_order" for order #9952 not sent: email type is disabled CONTEXT: {"email_type":"customer_completed_order","status":"disabled","recipient":"guest","order":9952}
2026-09-15T08:28:28+00:00 NOTICE Email "customer_completed_order" for order #10003 not sent: email type is disabled CONTEXT: {"email_type":"customer_completed_order","status":"disabled","recipient":"guest","order":10003}
2026-09-15T08:28:31+00:00 NOTICE Email "customer_completed_order" for order #10168 not sent: email type is disabled CONTEXT: {"email_type":"customer_completed_order","status":"disabled","recipient":"guest","order":10168}
2026-09-15T08:28:39+00:00 NOTICE Email "customer_completed_order" for order #10112 not sent: email type is disabled CONTEXT: {"email_type":"customer_completed_order","status":"disabled","recipient":"guest","order":10112}
2026-09-15T08:28:40+00:00 NOTICE Email "customer_completed_order" for order #10156 not sent: email type is disabled CONTEXT: {"email_type":"customer_completed_order","status":"disabled","recipient":"guest","order":10156}
2026-09-15T08:28:40+00:00 NOTICE Email "customer_completed_order" for order #10185 not sent: email type is disabled CONTEXT: {"email_type":"customer_completed_order","status":"disabled","recipient":"guest","order":10185}
2026-09-15T08:28:40+00:00 NOTICE Email "customer_completed_order" for order #10215 not sent: email type is disabled CONTEXT: {"email_type":"customer_completed_order","status":"disabled","recipient":"guest","order":10215}
2026-09-15T08:28:40+00:00 NOTICE Email "customer_completed_order" for order #10242 not sent: email type is disabled CONTEXT: {"email_type":"customer_completed_order","status":"disabled","recipient":"guest","order":10242}
2026-09-15T08:28:53+00:00 INFO Email "cancelled_order" for order #10812 sent CONTEXT: {"email_type":"cancelled_order","status":"sent","recipient":"guest","order":10812}
2026-09-15T08:28:58+00:00 INFO Email "cancelled_order" for order #10813 sent CONTEXT: {"email_type":"cancelled_order","status":"sent","recipient":"guest","order":10813}
2026-09-15T08:29:10+00:00 NOTICE Email "customer_completed_order" for order #10285 not sent: email type is disabled CONTEXT: {"email_type":"customer_completed_order","status":"disabled","recipient":"guest","order":10285}
2026-09-15T08:29:10+00:00 NOTICE Email "customer_completed_order" for order #10312 not sent: email type is disabled CONTEXT: {"email_type":"customer_completed_order","status":"disabled","recipient":"guest","order":10312}
2026-09-15T08:29:10+00:00 NOTICE Email "customer_completed_order" for order #10338 not sent: email type is disabled CONTEXT: {"email_type":"customer_completed_order","status":"disabled","recipient":"guest","order":10338}
2026-09-15T08:33:28+00:00 NOTICE Email "customer_completed_order" for order #10126 not sent: email type is disabled CONTEXT: {"email_type":"customer_completed_order","status":"disabled","recipient":"guest","order":10126}
2026-09-15T08:33:47+00:00 NOTICE Email "customer_completed_order" for order #10034 not sent: email type is disabled CONTEXT: {"email_type":"customer_completed_order","status":"disabled","recipient":"guest","order":10034}
2026-09-15T08:33:47+00:00 NOTICE Email "customer_completed_order" for order #10247 not sent: email type is disabled CONTEXT: {"email_type":"customer_completed_order","status":"disabled","recipient":"guest","order":10247}
2026-09-15T08:33:57+00:00 NOTICE Email "customer_completed_order" for order #10286 not sent: email type is disabled CONTEXT: {"email_type":"customer_completed_order","status":"disabled","recipient":"guest","order":10286}
2026-09-15T08:34:06+00:00 NOTICE Email "customer_completed_order" for order #10262 not sent: email type is disabled CONTEXT: {"email_type":"customer_completed_order","status":"disabled","recipient":"guest","order":10262}
2026-09-15T08:35:08+00:00 NOTICE Email "customer_completed_order" for order #9798 not sent: email type is disabled CONTEXT: {"email_type":"customer_completed_order","status":"disabled","recipient":"guest","order":9798}
2026-09-15T08:35:17+00:00 NOTICE Email "customer_completed_order" for order #10333 not sent: email type is disabled CONTEXT: {"email_type":"customer_completed_order","status":"disabled","recipient":"guest","order":10333}
2026-09-15T08:35:27+00:00 NOTICE Email "customer_completed_order" for order #10327 not sent: email type is disabled CONTEXT: {"email_type":"customer_completed_order","status":"disabled","recipient":"guest","order":10327}
2026-09-15T08:35:27+00:00 NOTICE Email "customer_completed_order" for order #9773 not sent: email type is disabled CONTEXT: {"email_type":"customer_completed_order","status":"disabled","recipient":"guest","order":9773}
2026-09-15T08:35:37+00:00 NOTICE Email "customer_completed_order" for order #10233 not sent: email type is disabled CONTEXT: {"email_type":"customer_completed_order","status":"disabled","recipient":"guest","order":10233}
2026-09-15T08:35:37+00:00 NOTICE Email "customer_completed_order" for order #10219 not sent: email type is disabled CONTEXT: {"email_type":"customer_completed_order","status":"disabled","recipient":"guest","order":10219}
2026-09-15T08:39:07+00:00 NOTICE Email "customer_completed_order" for order #10247 not sent: email type is disabled CONTEXT: {"email_type":"customer_completed_order","status":"disabled","recipient":"guest","order":10247}
2026-09-15T08:39:07+00:00 NOTICE Email "customer_completed_order" for order #10034 not sent: email type is disabled CONTEXT: {"email_type":"customer_completed_order","status":"disabled","recipient":"guest","order":10034}
2026-09-15T08:39:31+00:00 NOTICE Email "customer_completed_order" for order #10126 not sent: email type is disabled CONTEXT: {"email_type":"customer_completed_order","status":"disabled","recipient":"guest","order":10126}
2026-09-15T08:39:32+00:00 NOTICE Email "customer_completed_order" for order #9852 not sent: email type is disabled CONTEXT: {"email_type":"customer_completed_order","status":"disabled","recipient":"guest","order":9852}
2026-09-15T08:39:42+00:00 NOTICE Email "customer_completed_order" for order #10199 not sent: email type is disabled CONTEXT: {"email_type":"customer_completed_order","status":"disabled","recipient":"guest","order":10199}
2026-09-15T08:39:43+00:00 NOTICE Email "customer_completed_order" for order #10345 not sent: email type is disabled CONTEXT: {"email_type":"customer_completed_order","status":"disabled","recipient":"guest","order":10345}
2026-09-15T08:39:54+00:00 NOTICE Email "customer_completed_order" for order #9936 not sent: email type is disabled CONTEXT: {"email_type":"customer_completed_order","status":"disabled","recipient":"guest","order":9936}
2026-09-15T08:40:05+00:00 NOTICE Email "customer_failed_order" for order #10208 not sent: email type is disabled CONTEXT: {"email_type":"customer_failed_order","status":"disabled","recipient":"guest","order":10208}
2026-09-15T08:40:05+00:00 NOTICE Email "customer_completed_order" for order #10003 not sent: email type is disabled CONTEXT: {"email_type":"customer_completed_order","status":"disabled","recipient":"guest","order":10003}
2026-09-15T08:40:05+00:00 NOTICE Email "customer_completed_order" for order #9851 not sent: email type is disabled CONTEXT: {"email_type":"customer_completed_order","status":"disabled","recipient":"guest","order":9851}
2026-09-15T08:40:06+00:00 NOTICE Email "customer_failed_order" for order #10320 not sent: email type is disabled CONTEXT: {"email_type":"customer_failed_order","status":"disabled","recipient":"guest","order":10320}
2026-09-15T08:40:26+00:00 NOTICE Email "customer_completed_order" for order #9900 not sent: email type is disabled CONTEXT: {"email_type":"customer_completed_order","status":"disabled","recipient":"guest","order":9900}
2026-09-15T08:40:32+00:00 NOTICE Email "customer_completed_order" for order #10262 not sent: email type is disabled CONTEXT: {"email_type":"customer_completed_order","status":"disabled","recipient":"guest","order":10262}
2026-09-15T08:40:32+00:00 NOTICE Email "customer_completed_order" for order #10286 not sent: email type is disabled CONTEXT: {"email_type":"customer_completed_order","status":"disabled","recipient":"guest","order":10286}
2026-09-15T08:41:27+00:00 NOTICE Email "customer_completed_order" for order #10247 not sent: email type is disabled CONTEXT: {"email_type":"customer_completed_order","status":"disabled","recipient":"guest","order":10247}
2026-09-15T08:41:44+00:00 NOTICE Email "customer_note" for order #10815 not sent: email type is disabled CONTEXT: {"email_type":"customer_note","status":"disabled","recipient":"guest","order":10815}
2026-09-15T08:42:22+00:00 NOTICE Email "customer_completed_order" for order #10219 not sent: email type is disabled CONTEXT: {"email_type":"customer_completed_order","status":"disabled","recipient":"guest","order":10219}
2026-09-15T08:42:23+00:00 NOTICE Email "customer_completed_order" for order #10233 not sent: email type is disabled CONTEXT: {"email_type":"customer_completed_order","status":"disabled","recipient":"guest","order":10233}
2026-09-15T08:42:36+00:00 NOTICE Email "customer_note" for order #10816 not sent: email type is disabled CONTEXT: {"email_type":"customer_note","status":"disabled","recipient":"guest","order":10816}
2026-09-15T08:42:39+00:00 NOTICE Email "customer_completed_order" for order #9773 not sent: email type is disabled CONTEXT: {"email_type":"customer_completed_order","status":"disabled","recipient":"guest","order":9773}
2026-09-15T08:42:53+00:00 NOTICE Email "customer_completed_order" for order #10342 not sent: email type is disabled CONTEXT: {"email_type":"customer_completed_order","status":"disabled","recipient":"guest","order":10342}
2026-09-15T08:43:03+00:00 NOTICE Email "customer_completed_order" for order #10338 not sent: email type is disabled CONTEXT: {"email_type":"customer_completed_order","status":"disabled","recipient":"guest","order":10338}
2026-09-15T08:43:04+00:00 NOTICE Email "customer_completed_order" for order #10258 not sent: email type is disabled CONTEXT: {"email_type":"customer_completed_order","status":"disabled","recipient":"guest","order":10258}
2026-09-15T08:43:04+00:00 NOTICE Email "customer_completed_order" for order #9830 not sent: email type is disabled CONTEXT: {"email_type":"customer_completed_order","status":"disabled","recipient":"guest","order":9830}
2026-09-15T08:43:04+00:00 NOTICE Email "customer_completed_order" for order #10225 not sent: email type is disabled CONTEXT: {"email_type":"customer_completed_order","status":"disabled","recipient":"guest","order":10225}
2026-09-15T08:43:21+00:00 NOTICE Email "customer_note" for order #10815 not sent: email type is disabled CONTEXT: {"email_type":"customer_note","status":"disabled","recipient":"guest","order":10815}
2026-09-15T08:43:37+00:00 NOTICE Email "customer_completed_order" for order #10242 not sent: email type is disabled CONTEXT: {"email_type":"customer_completed_order","status":"disabled","recipient":"guest","order":10242}
2026-09-15T08:43:37+00:00 NOTICE Email "customer_completed_order" for order #10215 not sent: email type is disabled CONTEXT: {"email_type":"customer_completed_order","status":"disabled","recipient":"guest","order":10215}
2026-09-15T08:44:24+00:00 NOTICE Email "customer_completed_order" for order #9757 not sent: email type is disabled CONTEXT: {"email_type":"customer_completed_order","status":"disabled","recipient":"guest","order":9757}
2026-09-15T08:44:24+00:00 NOTICE Email "customer_completed_order" for order #9766 not sent: email type is disabled CONTEXT: {"email_type":"customer_completed_order","status":"disabled","recipient":"guest","order":9766}
2026-09-15T08:44:35+00:00 NOTICE Email "customer_completed_order" for order #9809 not sent: email type is disabled CONTEXT: {"email_type":"customer_completed_order","status":"disabled","recipient":"guest","order":9809}
2026-09-15T08:44:35+00:00 NOTICE Email "customer_completed_order" for order #9810 not sent: email type is disabled CONTEXT: {"email_type":"customer_completed_order","status":"disabled","recipient":"guest","order":9810}
2026-09-15T08:44:38+00:00 NOTICE Email "customer_failed_order" for order #10208 not sent: email type is disabled CONTEXT: {"email_type":"customer_failed_order","status":"disabled","recipient":"guest","order":10208}
2026-09-15T08:44:38+00:00 NOTICE Email "customer_completed_order" for order #9997 not sent: email type is disabled CONTEXT: {"email_type":"customer_completed_order","status":"disabled","recipient":"guest","order":9997}
2026-09-15T08:44:48+00:00 NOTICE Email "customer_completed_order" for order #10319 not sent: email type is disabled CONTEXT: {"email_type":"customer_completed_order","status":"disabled","recipient":"guest","order":10319}
2026-09-15T08:44:52+00:00 NOTICE Email "customer_completed_order" for order #10126 not sent: email type is disabled CONTEXT: {"email_type":"customer_completed_order","status":"disabled","recipient":"guest","order":10126}
2026-09-15T08:44:53+00:00 NOTICE Email "customer_completed_order" for order #10197 not sent: email type is disabled CONTEXT: {"email_type":"customer_completed_order","status":"disabled","recipient":"guest","order":10197}
2026-09-15T08:45:01+00:00 NOTICE Email "customer_completed_order" for order #10345 not sent: email type is disabled CONTEXT: {"email_type":"customer_completed_order","status":"disabled","recipient":"guest","order":10345}
2026-09-15T08:45:01+00:00 NOTICE Email "customer_completed_order" for order #10199 not sent: email type is disabled CONTEXT: {"email_type":"customer_completed_order","status":"disabled","recipient":"guest","order":10199}
2026-09-15T08:45:13+00:00 INFO Email "new_order" for order #10816 sent CONTEXT: {"email_type":"new_order","status":"sent","recipient":"guest","order":10816}
2026-09-15T08:45:13+00:00 NOTICE Email "customer_processing_order" for order #10816 not sent: email type is disabled CONTEXT: {"email_type":"customer_processing_order","status":"disabled","recipient":"guest","order":10816}
2026-09-15T08:45:13+00:00 NOTICE Email "customer_note" for order #10816 not sent: email type is disabled CONTEXT: {"email_type":"customer_note","status":"disabled","recipient":"guest","order":10816}
2026-09-15T08:45:18+00:00 NOTICE Email "customer_completed_order" for order #10327 not sent: email type is disabled CONTEXT: {"email_type":"customer_completed_order","status":"disabled","recipient":"guest","order":10327}
2026-09-15T08:45:29+00:00 NOTICE Email "customer_completed_order" for order #10266 not sent: email type is disabled CONTEXT: {"email_type":"customer_completed_order","status":"disabled","recipient":"guest","order":10266}
2026-09-15T08:45:29+00:00 NOTICE Email "customer_completed_order" for order #9952 not sent: email type is disabled CONTEXT: {"email_type":"customer_completed_order","status":"disabled","recipient":"guest","order":9952}
2026-09-15T08:45:44+00:00 NOTICE Email "customer_note" for order #10818 not sent: email type is disabled CONTEXT: {"email_type":"customer_note","status":"disabled","recipient":"guest","order":10818}
2026-09-15T08:45:52+00:00 NOTICE Email "customer_completed_order" for order #10249 not sent: email type is disabled CONTEXT: {"email_type":"customer_completed_order","status":"disabled","recipient":"guest","order":10249}
2026-09-15T08:45:53+00:00 NOTICE Email "customer_completed_order" for order #9786 not sent: email type is disabled CONTEXT: {"email_type":"customer_completed_order","status":"disabled","recipient":"guest","order":9786}
2026-09-15T08:46:03+00:00 NOTICE Email "customer_completed_order" for order #10336 not sent: email type is disabled CONTEXT: {"email_type":"customer_completed_order","status":"disabled","recipient":"guest","order":10336}
2026-09-15T08:46:03+00:00 NOTICE Email "customer_completed_order" for order #10289 not sent: email type is disabled CONTEXT: {"email_type":"customer_completed_order","status":"disabled","recipient":"guest","order":10289}
2026-09-15T08:46:04+00:00 NOTICE Email "customer_completed_order" for order #7526 not sent: email type is disabled CONTEXT: {"email_type":"customer_completed_order","status":"disabled","recipient":"guest","order":7526}
2026-09-15T08:46:24+00:00 NOTICE Email "customer_completed_order" for order #10285 not sent: email type is disabled CONTEXT: {"email_type":"customer_completed_order","status":"disabled","recipient":"guest","order":10285}
2026-09-15T08:46:24+00:00 NOTICE Email "customer_completed_order" for order #10185 not sent: email type is disabled CONTEXT: {"email_type":"customer_completed_order","status":"disabled","recipient":"guest","order":10185}
2026-09-15T08:46:35+00:00 NOTICE Email "customer_completed_order" for order #9833 not sent: email type is disabled CONTEXT: {"email_type":"customer_completed_order","status":"disabled","recipient":"guest","order":9833}
2026-09-15T08:46:35+00:00 NOTICE Email "customer_completed_order" for order #10225 not sent: email type is disabled CONTEXT: {"email_type":"customer_completed_order","status":"disabled","recipient":"guest","order":10225}
2026-09-15T08:46:35+00:00 NOTICE Email "customer_completed_order" for order #10086 not sent: email type is disabled CONTEXT: {"email_type":"customer_completed_order","status":"disabled","recipient":"guest","order":10086}
2026-09-15T08:46:49+00:00 NOTICE Email "customer_completed_order" for order #9810 not sent: email type is disabled CONTEXT: {"email_type":"customer_completed_order","status":"disabled","recipient":"guest","order":9810}
2026-09-15T08:47:00+00:00 NOTICE Email "customer_completed_order" for order #10242 not sent: email type is disabled CONTEXT: {"email_type":"customer_completed_order","status":"disabled","recipient":"guest","order":10242}
2026-09-15T08:47:24+00:00 NOTICE Email "customer_completed_order" for order #10327 not sent: email type is disabled CONTEXT: {"email_type":"customer_completed_order","status":"disabled","recipient":"guest","order":10327}
2026-09-15T08:47:24+00:00 NOTICE Email "customer_completed_order" for order #10233 not sent: email type is disabled CONTEXT: {"email_type":"customer_completed_order","status":"disabled","recipient":"guest","order":10233}
2026-09-15T08:47:29+00:00 NOTICE Email "customer_completed_order" for order #10061 not sent: email type is disabled CONTEXT: {"email_type":"customer_completed_order","status":"disabled","recipient":"guest","order":10061}
2026-09-15T08:47:29+00:00 NOTICE Email "customer_completed_order" for order #9950 not sent: email type is disabled CONTEXT: {"email_type":"customer_completed_order","status":"disabled","recipient":"guest","order":9950}
2026-09-15T08:47:34+00:00 NOTICE Email "customer_completed_order" for order #10219 not sent: email type is disabled CONTEXT: {"email_type":"customer_completed_order","status":"disabled","recipient":"guest","order":10219}
2026-09-15T08:47:48+00:00 NOTICE Email "customer_failed_order" for order #10302 not sent: email type is disabled CONTEXT: {"email_type":"customer_failed_order","status":"disabled","recipient":"guest","order":10302}
2026-09-15T08:48:00+00:00 NOTICE Email "customer_completed_order" for order #9923 not sent: email type is disabled CONTEXT: {"email_type":"customer_completed_order","status":"disabled","recipient":"guest","order":9923}
2026-09-15T08:48:00+00:00 NOTICE Email "customer_completed_order" for order #10156 not sent: email type is disabled CONTEXT: {"email_type":"customer_completed_order","status":"disabled","recipient":"guest","order":10156}
2026-09-15T08:53:33+00:00 NOTICE Email "customer_note" for order #10819 not sent: email type is disabled CONTEXT: {"email_type":"customer_note","status":"disabled","recipient":"guest","order":10819}
2026-09-15T08:57:33+00:00 NOTICE Email "customer_note" for order #10820 not sent: email type is disabled CONTEXT: {"email_type":"customer_note","status":"disabled","recipient":"guest","order":10820}
2026-09-15T08:57:34+00:00 INFO Email "new_order" for order #10819 sent CONTEXT: {"email_type":"new_order","status":"sent","recipient":"guest","order":10819}
2026-09-15T08:57:34+00:00 NOTICE Email "customer_processing_order" for order #10819 not sent: email type is disabled CONTEXT: {"email_type":"customer_processing_order","status":"disabled","recipient":"guest","order":10819}
2026-09-15T08:57:34+00:00 NOTICE Email "customer_note" for order #10819 not sent: email type is disabled CONTEXT: {"email_type":"customer_note","status":"disabled","recipient":"guest","order":10819}
2026-09-15T08:58:22+00:00 NOTICE Email "customer_completed_order" for order #10222 not sent: email type is disabled CONTEXT: {"email_type":"customer_completed_order","status":"disabled","recipient":"guest","order":10222}
2026-09-15T08:58:22+00:00 NOTICE Email "customer_completed_order" for order #10267 not sent: email type is disabled CONTEXT: {"email_type":"customer_completed_order","status":"disabled","recipient":"guest","order":10267}
2026-09-15T08:58:34+00:00 NOTICE Email "customer_completed_order" for order #10112 not sent: email type is disabled CONTEXT: {"email_type":"customer_completed_order","status":"disabled","recipient":"guest","order":10112}
2026-09-15T08:58:44+00:00 NOTICE Email "customer_completed_order" for order #10312 not sent: email type is disabled CONTEXT: {"email_type":"customer_completed_order","status":"disabled","recipient":"guest","order":10312}
2026-09-15T08:58:44+00:00 NOTICE Email "customer_completed_order" for order #10140 not sent: email type is disabled CONTEXT: {"email_type":"customer_completed_order","status":"disabled","recipient":"guest","order":10140}
2026-09-15T08:58:53+00:00 NOTICE Email "customer_completed_order" for order #10196 not sent: email type is disabled CONTEXT: {"email_type":"customer_completed_order","status":"disabled","recipient":"guest","order":10196}
2026-09-15T08:58:53+00:00 NOTICE Email "customer_completed_order" for order #10216 not sent: email type is disabled CONTEXT: {"email_type":"customer_completed_order","status":"disabled","recipient":"guest","order":10216}
2026-09-15T08:59:03+00:00 NOTICE Email "customer_completed_order" for order #10349 not sent: email type is disabled CONTEXT: {"email_type":"customer_completed_order","status":"disabled","recipient":"guest","order":10349}
2026-09-15T08:59:03+00:00 NOTICE Email "customer_completed_order" for order #10168 not sent: email type is disabled CONTEXT: {"email_type":"customer_completed_order","status":"disabled","recipient":"guest","order":10168}
2026-09-15T09:00:06+00:00 NOTICE Email "customer_completed_order" for order #9852 not sent: email type is disabled CONTEXT: {"email_type":"customer_completed_order","status":"disabled","recipient":"guest","order":9852}
2026-09-15T09:00:26+00:00 NOTICE Email "customer_completed_order" for order #10216 not sent: email type is disabled CONTEXT: {"email_type":"customer_completed_order","status":"disabled","recipient":"guest","order":10216}
2026-09-15T09:00:26+00:00 NOTICE Email "customer_completed_order" for order #9798 not sent: email type is disabled CONTEXT: {"email_type":"customer_completed_order","status":"disabled","recipient":"guest","order":9798}
2026-09-15T09:00:26+00:00 NOTICE Email "customer_completed_order" for order #10239 not sent: email type is disabled CONTEXT: {"email_type":"customer_completed_order","status":"disabled","recipient":"guest","order":10239}
2026-09-15T09:00:30+00:00 NOTICE Email "customer_completed_order" for order #9757 not sent: email type is disabled CONTEXT: {"email_type":"customer_completed_order","status":"disabled","recipient":"guest","order":9757}
2026-09-15T09:00:31+00:00 NOTICE Email "customer_completed_order" for order #9851 not sent: email type is disabled CONTEXT: {"email_type":"customer_completed_order","status":"disabled","recipient":"guest","order":9851}
2026-09-15T09:00:31+00:00 NOTICE Email "customer_failed_order" for order #10320 not sent: email type is disabled CONTEXT: {"email_type":"customer_failed_order","status":"disabled","recipient":"guest","order":10320}
2026-09-15T09:00:37+00:00 NOTICE Email "customer_completed_order" for order #10333 not sent: email type is disabled CONTEXT: {"email_type":"customer_completed_order","status":"disabled","recipient":"guest","order":10333}
2026-09-15T09:00:38+00:00 NOTICE Email "customer_completed_order" for order #9936 not sent: email type is disabled CONTEXT: {"email_type":"customer_completed_order","status":"disabled","recipient":"guest","order":9936}
2026-09-15T09:00:40+00:00 INFO Email "cancelled_order" for order #10817 sent CONTEXT: {"email_type":"cancelled_order","status":"sent","recipient":"guest","order":10817}
2026-09-15T09:00:42+00:00 NOTICE Email "customer_completed_order" for order #9892 not sent: email type is disabled CONTEXT: {"email_type":"customer_completed_order","status":"disabled","recipient":"guest","order":9892}
2026-09-15T09:00:47+00:00 NOTICE Email "customer_completed_order" for order #10003 not sent: email type is disabled CONTEXT: {"email_type":"customer_completed_order","status":"disabled","recipient":"guest","order":10003}
2026-09-15T09:00:47+00:00 NOTICE Email "customer_completed_order" for order #9997 not sent: email type is disabled CONTEXT: {"email_type":"customer_completed_order","status":"disabled","recipient":"guest","order":9997}
2026-09-15T09:00:52+00:00 NOTICE Email "customer_completed_order" for order #10286 not sent: email type is disabled CONTEXT: {"email_type":"customer_completed_order","status":"disabled","recipient":"guest","order":10286}
2026-09-15T09:01:01+00:00 NOTICE Email "customer_completed_order" for order #10262 not sent: email type is disabled CONTEXT: {"email_type":"customer_completed_order","status":"disabled","recipient":"guest","order":10262}
2026-09-15T09:01:49+00:00 NOTICE Email "customer_failed_order" for order #10351 not sent: email type is disabled CONTEXT: {"email_type":"customer_failed_order","status":"disabled","recipient":"guest","order":10351}
2026-09-15T09:02:51+00:00 NOTICE Email "customer_completed_order" for order #10140 not sent: email type is disabled CONTEXT: {"email_type":"customer_completed_order","status":"disabled","recipient":"guest","order":10140}
2026-09-15T09:02:51+00:00 NOTICE Email "customer_completed_order" for order #10312 not sent: email type is disabled CONTEXT: {"email_type":"customer_completed_order","status":"disabled","recipient":"guest","order":10312}
2026-09-15T09:03:00+00:00 NOTICE Email "customer_completed_order" for order #10168 not sent: email type is disabled CONTEXT: {"email_type":"customer_completed_order","status":"disabled","recipient":"guest","order":10168}
2026-09-15T09:03:00+00:00 NOTICE Email "customer_completed_order" for order #10349 not sent: email type is disabled CONTEXT: {"email_type":"customer_completed_order","status":"disabled","recipient":"guest","order":10349}
2026-09-15T09:03:01+00:00 NOTICE Email "customer_completed_order" for order #10112 not sent: email type is disabled CONTEXT: {"email_type":"customer_completed_order","status":"disabled","recipient":"guest","order":10112}
2026-09-15T09:03:01+00:00 NOTICE Email "customer_completed_order" for order #10267 not sent: email type is disabled CONTEXT: {"email_type":"customer_completed_order","status":"disabled","recipient":"guest","order":10267}
2026-09-15T09:03:11+00:00 NOTICE Email "customer_completed_order" for order #10196 not sent: email type is disabled CONTEXT: {"email_type":"customer_completed_order","status":"disabled","recipient":"guest","order":10196}
2026-09-15T09:03:11+00:00 NOTICE Email "customer_completed_order" for order #10222 not sent: email type is disabled CONTEXT: {"email_type":"customer_completed_order","status":"disabled","recipient":"guest","order":10222}
2026-09-15T09:03:11+00:00 NOTICE Email "customer_completed_order" for order #10258 not sent: email type is disabled CONTEXT: {"email_type":"customer_completed_order","status":"disabled","recipient":"guest","order":10258}
2026-09-15T09:03:22+00:00 NOTICE Email "customer_completed_order" for order #10319 not sent: email type is disabled CONTEXT: {"email_type":"customer_completed_order","status":"disabled","recipient":"guest","order":10319}
2026-09-15T09:03:22+00:00 NOTICE Email "customer_completed_order" for order #10197 not sent: email type is disabled CONTEXT: {"email_type":"customer_completed_order","status":"disabled","recipient":"guest","order":10197}
2026-09-15T09:03:22+00:00 NOTICE Email "customer_completed_order" for order #10086 not sent: email type is disabled CONTEXT: {"email_type":"customer_completed_order","status":"disabled","recipient":"guest","order":10086}
2026-09-15T09:03:23+00:00 NOTICE Email "customer_completed_order" for order #10345 not sent: email type is disabled CONTEXT: {"email_type":"customer_completed_order","status":"disabled","recipient":"guest","order":10345}
2026-09-15T09:03:23+00:00 NOTICE Email "customer_completed_order" for order #10338 not sent: email type is disabled CONTEXT: {"email_type":"customer_completed_order","status":"disabled","recipient":"guest","order":10338}
2026-09-15T09:03:37+00:00 NOTICE Email "customer_completed_order" for order #10199 not sent: email type is disabled CONTEXT: {"email_type":"customer_completed_order","status":"disabled","recipient":"guest","order":10199}
2026-09-15T09:03:37+00:00 NOTICE Email "customer_completed_order" for order #10342 not sent: email type is disabled CONTEXT: {"email_type":"customer_completed_order","status":"disabled","recipient":"guest","order":10342}
2026-09-15T09:04:02+00:00 NOTICE Email "customer_completed_order" for order #9833 not sent: email type is disabled CONTEXT: {"email_type":"customer_completed_order","status":"disabled","recipient":"guest","order":9833}
2026-09-15T09:04:02+00:00 NOTICE Email "customer_completed_order" for order #9830 not sent: email type is disabled CONTEXT: {"email_type":"customer_completed_order","status":"disabled","recipient":"guest","order":9830}
2026-09-15T09:07:15+00:00 NOTICE Email "customer_completed_order" for order #10216 not sent: email type is disabled CONTEXT: {"email_type":"customer_completed_order","status":"disabled","recipient":"guest","order":10216}
2026-09-15T09:07:30+00:00 NOTICE Email "customer_completed_order" for order #10267 not sent: email type is disabled CONTEXT: {"email_type":"customer_completed_order","status":"disabled","recipient":"guest","order":10267}
2026-09-15T09:07:31+00:00 NOTICE Email "customer_completed_order" for order #10112 not sent: email type is disabled CONTEXT: {"email_type":"customer_completed_order","status":"disabled","recipient":"guest","order":10112}
2026-09-15T09:07:48+00:00 NOTICE Email "customer_completed_order" for order #10168 not sent: email type is disabled CONTEXT: {"email_type":"customer_completed_order","status":"disabled","recipient":"guest","order":10168}
2026-09-15T09:08:04+00:00 NOTICE Email "customer_completed_order" for order #10239 not sent: email type is disabled CONTEXT: {"email_type":"customer_completed_order","status":"disabled","recipient":"guest","order":10239}
2026-09-15T09:08:04+00:00 NOTICE Email "customer_completed_order" for order #10312 not sent: email type is disabled CONTEXT: {"email_type":"customer_completed_order","status":"disabled","recipient":"guest","order":10312}
2026-09-15T09:08:04+00:00 NOTICE Email "customer_completed_order" for order #10140 not sent: email type is disabled CONTEXT: {"email_type":"customer_completed_order","status":"disabled","recipient":"guest","order":10140}
2026-09-15T09:08:22+00:00 NOTICE Email "customer_note" for order #10821 not sent: email type is disabled CONTEXT: {"email_type":"customer_note","status":"disabled","recipient":"guest","order":10821}
2026-09-15T09:08:50+00:00 NOTICE Email "customer_completed_order" for order #10327 not sent: email type is disabled CONTEXT: {"email_type":"customer_completed_order","status":"disabled","recipient":"guest","order":10327}
2026-09-15T09:08:51+00:00 NOTICE Email "customer_completed_order" for order #10061 not sent: email type is disabled CONTEXT: {"email_type":"customer_completed_order","status":"disabled","recipient":"guest","order":10061}
2026-09-15T09:08:51+00:00 NOTICE Email "customer_completed_order" for order #10233 not sent: email type is disabled CONTEXT: {"email_type":"customer_completed_order","status":"disabled","recipient":"guest","order":10233}
2026-09-15T09:09:06+00:00 NOTICE Email "customer_completed_order" for order #9950 not sent: email type is disabled CONTEXT: {"email_type":"customer_completed_order","status":"disabled","recipient":"guest","order":9950}
2026-09-15T09:09:06+00:00 NOTICE Email "customer_completed_order" for order #10219 not sent: email type is disabled CONTEXT: {"email_type":"customer_completed_order","status":"disabled","recipient":"guest","order":10219}
2026-09-15T09:09:55+00:00 INFO Email "new_order" for order #10821 sent CONTEXT: {"email_type":"new_order","status":"sent","recipient":"guest","order":10821}
2026-09-15T09:09:55+00:00 NOTICE Email "customer_processing_order" for order #10821 not sent: email type is disabled CONTEXT: {"email_type":"customer_processing_order","status":"disabled","recipient":"guest","order":10821}
2026-09-15T09:09:55+00:00 NOTICE Email "customer_note" for order #10821 not sent: email type is disabled CONTEXT: {"email_type":"customer_note","status":"disabled","recipient":"guest","order":10821}
2026-09-15T09:12:18+00:00 NOTICE Email "customer_note" for order #10822 not sent: email type is disabled CONTEXT: {"email_type":"customer_note","status":"disabled","recipient":"guest","order":10822}
2026-09-15T09:12:23+00:00 INFO Email "cancelled_order" for order #10815 sent CONTEXT: {"email_type":"cancelled_order","status":"sent","recipient":"guest","order":10815}
2026-09-15T09:12:39+00:00 NOTICE Email "customer_completed_order" for order #10112 not sent: email type is disabled CONTEXT: {"email_type":"customer_completed_order","status":"disabled","recipient":"guest","order":10112}
2026-09-15T09:12:49+00:00 NOTICE Email "customer_completed_order" for order #10216 not sent: email type is disabled CONTEXT: {"email_type":"customer_completed_order","status":"disabled","recipient":"guest","order":10216}
2026-09-15T09:12:58+00:00 NOTICE Email "customer_failed_order" for order #10302 not sent: email type is disabled CONTEXT: {"email_type":"customer_failed_order","status":"disabled","recipient":"guest","order":10302}
2026-09-15T09:12:59+00:00 NOTICE Email "customer_completed_order" for order #9923 not sent: email type is disabled CONTEXT: {"email_type":"customer_completed_order","status":"disabled","recipient":"guest","order":9923}
2026-09-15T09:13:08+00:00 NOTICE Email "customer_completed_order" for order #10156 not sent: email type is disabled CONTEXT: {"email_type":"customer_completed_order","status":"disabled","recipient":"guest","order":10156}
2026-09-15T09:13:18+00:00 NOTICE Email "customer_completed_order" for order #10285 not sent: email type is disabled CONTEXT: {"email_type":"customer_completed_order","status":"disabled","recipient":"guest","order":10285}
2026-09-15T09:13:18+00:00 NOTICE Email "customer_completed_order" for order #9809 not sent: email type is disabled CONTEXT: {"email_type":"customer_completed_order","status":"disabled","recipient":"guest","order":9809}
2026-09-15T09:13:27+00:00 NOTICE Email "customer_completed_order" for order #7526 not sent: email type is disabled CONTEXT: {"email_type":"customer_completed_order","status":"disabled","recipient":"guest","order":7526}
2026-09-15T09:13:27+00:00 NOTICE Email "customer_completed_order" for order #10289 not sent: email type is disabled CONTEXT: {"email_type":"customer_completed_order","status":"disabled","recipient":"guest","order":10289}
2026-09-15T09:13:29+00:00 NOTICE Email "customer_completed_order" for order #10219 not sent: email type is disabled CONTEXT: {"email_type":"customer_completed_order","status":"disabled","recipient":"guest","order":10219}
2026-09-15T09:13:30+00:00 NOTICE Email "customer_completed_order" for order #9950 not sent: email type is disabled CONTEXT: {"email_type":"customer_completed_order","status":"disabled","recipient":"guest","order":9950}
2026-09-15T09:13:36+00:00 NOTICE Email "customer_completed_order" for order #10336 not sent: email type is disabled CONTEXT: {"email_type":"customer_completed_order","status":"disabled","recipient":"guest","order":10336}
2026-09-15T09:13:37+00:00 NOTICE Email "customer_completed_order" for order #9786 not sent: email type is disabled CONTEXT: {"email_type":"customer_completed_order","status":"disabled","recipient":"guest","order":9786}
2026-09-15T09:13:37+00:00 NOTICE Email "customer_completed_order" for order #10249 not sent: email type is disabled CONTEXT: {"email_type":"customer_completed_order","status":"disabled","recipient":"guest","order":10249}
2026-09-15T09:13:49+00:00 NOTICE Email "customer_completed_order" for order #9952 not sent: email type is disabled CONTEXT: {"email_type":"customer_completed_order","status":"disabled","recipient":"guest","order":9952}
2026-09-15T09:13:49+00:00 NOTICE Email "customer_completed_order" for order #10266 not sent: email type is disabled CONTEXT: {"email_type":"customer_completed_order","status":"disabled","recipient":"guest","order":10266}
2026-09-15T09:13:49+00:00 NOTICE Email "customer_completed_order" for order #9900 not sent: email type is disabled CONTEXT: {"email_type":"customer_completed_order","status":"disabled","recipient":"guest","order":9900}
2026-09-15T09:13:50+00:00 NOTICE Email "customer_completed_order" for order #10126 not sent: email type is disabled CONTEXT: {"email_type":"customer_completed_order","status":"disabled","recipient":"guest","order":10126}
2026-09-15T09:14:00+00:00 NOTICE Email "customer_completed_order" for order #9852 not sent: email type is disabled CONTEXT: {"email_type":"customer_completed_order","status":"disabled","recipient":"guest","order":9852}
2026-09-15T09:14:08+00:00 NOTICE Email "customer_completed_order" for order #10247 not sent: email type is disabled CONTEXT: {"email_type":"customer_completed_order","status":"disabled","recipient":"guest","order":10247}
2026-09-15T09:15:15+00:00 NOTICE Email "customer_failed_order" for order #10208 not sent: email type is disabled CONTEXT: {"email_type":"customer_failed_order","status":"disabled","recipient":"guest","order":10208}
2026-09-15T09:15:26+00:00 NOTICE Email "customer_completed_order" for order #10112 not sent: email type is disabled CONTEXT: {"email_type":"customer_completed_order","status":"disabled","recipient":"guest","order":10112}
2026-09-15T09:15:39+00:00 INFO Email "new_order" for order #10823 sent CONTEXT: {"email_type":"new_order","status":"sent","recipient":"guest","order":10823}
2026-09-15T09:15:39+00:00 NOTICE Email "customer_processing_order" for order #10823 not sent: email type is disabled CONTEXT: {"email_type":"customer_processing_order","status":"disabled","recipient":"guest","order":10823}
2026-09-15T09:15:46+00:00 INFO Email "new_order" for order #10822 sent CONTEXT: {"email_type":"new_order","status":"sent","recipient":"guest","order":10822}
2026-09-15T09:15:46+00:00 NOTICE Email "customer_processing_order" for order #10822 not sent: email type is disabled CONTEXT: {"email_type":"customer_processing_order","status":"disabled","recipient":"guest","order":10822}
2026-09-15T09:15:46+00:00 NOTICE Email "customer_note" for order #10822 not sent: email type is disabled CONTEXT: {"email_type":"customer_note","status":"disabled","recipient":"guest","order":10822}
2026-09-15T09:16:10+00:00 NOTICE Email "customer_completed_order" for order #10156 not sent: email type is disabled CONTEXT: {"email_type":"customer_completed_order","status":"disabled","recipient":"guest","order":10156}
2026-09-15T09:16:10+00:00 NOTICE Email "customer_completed_order" for order #10196 not sent: email type is disabled CONTEXT: {"email_type":"customer_completed_order","status":"disabled","recipient":"guest","order":10196}
2026-09-15T09:16:10+00:00 NOTICE Email "customer_completed_order" for order #10216 not sent: email type is disabled CONTEXT: {"email_type":"customer_completed_order","status":"disabled","recipient":"guest","order":10216}
2026-09-15T09:16:10+00:00 NOTICE Email "customer_completed_order" for order #10222 not sent: email type is disabled CONTEXT: {"email_type":"customer_completed_order","status":"disabled","recipient":"guest","order":10222}
2026-09-15T09:16:10+00:00 NOTICE Email "customer_completed_order" for order #10233 not sent: email type is disabled CONTEXT: {"email_type":"customer_completed_order","status":"disabled","recipient":"guest","order":10233}
2026-09-15T09:16:10+00:00 NOTICE Email "customer_completed_order" for order #10267 not sent: email type is disabled CONTEXT: {"email_type":"customer_completed_order","status":"disabled","recipient":"guest","order":10267}
2026-09-15T09:16:10+00:00 NOTICE Email "customer_completed_order" for order #10289 not sent: email type is disabled CONTEXT: {"email_type":"customer_completed_order","status":"disabled","recipient":"guest","order":10289}
2026-09-15T09:16:10+00:00 NOTICE Email "customer_failed_order" for order #10302 not sent: email type is disabled CONTEXT: {"email_type":"customer_failed_order","status":"disabled","recipient":"guest","order":10302}
2026-09-15T09:16:10+00:00 NOTICE Email "customer_completed_order" for order #10333 not sent: email type is disabled CONTEXT: {"email_type":"customer_completed_order","status":"disabled","recipient":"guest","order":10333}
2026-09-15T09:18:20+00:00 NOTICE Email "customer_note" for order #10824 not sent: email type is disabled CONTEXT: {"email_type":"customer_note","status":"disabled","recipient":"guest","order":10824}
2026-09-15T09:20:40+00:00 NOTICE Email "customer_completed_order" for order #10086 not sent: email type is disabled CONTEXT: {"email_type":"customer_completed_order","status":"disabled","recipient":"guest","order":10086}
2026-09-15T09:20:53+00:00 NOTICE Email "customer_completed_order" for order #10286 not sent: email type is disabled CONTEXT: {"email_type":"customer_completed_order","status":"disabled","recipient":"guest","order":10286}
2026-09-15T09:20:53+00:00 NOTICE Email "customer_completed_order" for order #9936 not sent: email type is disabled CONTEXT: {"email_type":"customer_completed_order","status":"disabled","recipient":"guest","order":9936}
2026-09-15T09:21:07+00:00 NOTICE Email "customer_completed_order" for order #10342 not sent: email type is disabled CONTEXT: {"email_type":"customer_completed_order","status":"disabled","recipient":"guest","order":10342}
2026-09-15T09:21:20+00:00 NOTICE Email "customer_failed_order" for order #10320 not sent: email type is disabled CONTEXT: {"email_type":"customer_failed_order","status":"disabled","recipient":"guest","order":10320}
2026-09-15T09:21:21+00:00 NOTICE Email "customer_completed_order" for order #10185 not sent: email type is disabled CONTEXT: {"email_type":"customer_completed_order","status":"disabled","recipient":"guest","order":10185}
2026-09-15T09:21:31+00:00 NOTICE Email "customer_note" for order #10825 not sent: email type is disabled CONTEXT: {"email_type":"customer_note","status":"disabled","recipient":"guest","order":10825}
2026-09-15T09:21:46+00:00 NOTICE Email "customer_completed_order" for order #9798 not sent: email type is disabled CONTEXT: {"email_type":"customer_completed_order","status":"disabled","recipient":"guest","order":9798}
2026-09-15T09:21:46+00:00 NOTICE Email "customer_completed_order" for order #10225 not sent: email type is disabled CONTEXT: {"email_type":"customer_completed_order","status":"disabled","recipient":"guest","order":10225}
2026-09-15T09:23:22+00:00 NOTICE Email "customer_completed_order" for order #9892 not sent: email type is disabled CONTEXT: {"email_type":"customer_completed_order","status":"disabled","recipient":"guest","order":9892}
2026-09-15T09:23:22+00:00 NOTICE Email "customer_completed_order" for order #10199 not sent: email type is disabled CONTEXT: {"email_type":"customer_completed_order","status":"disabled","recipient":"guest","order":10199}
2026-09-15T09:23:22+00:00 NOTICE Email "customer_completed_order" for order #10003 not sent: email type is disabled CONTEXT: {"email_type":"customer_completed_order","status":"disabled","recipient":"guest","order":10003}
2026-09-15T09:23:36+00:00 NOTICE Email "customer_completed_order" for order #10338 not sent: email type is disabled CONTEXT: {"email_type":"customer_completed_order","status":"disabled","recipient":"guest","order":10338}
2026-09-15T09:23:36+00:00 NOTICE Email "customer_completed_order" for order #10345 not sent: email type is disabled CONTEXT: {"email_type":"customer_completed_order","status":"disabled","recipient":"guest","order":10345}
2026-09-15T09:23:36+00:00 NOTICE Email "customer_completed_order" for order #9997 not sent: email type is disabled CONTEXT: {"email_type":"customer_completed_order","status":"disabled","recipient":"guest","order":9997}
2026-09-15T09:23:52+00:00 NOTICE Email "customer_completed_order" for order #9833 not sent: email type is disabled CONTEXT: {"email_type":"customer_completed_order","status":"disabled","recipient":"guest","order":9833}
2026-09-15T09:23:52+00:00 NOTICE Email "customer_completed_order" for order #9830 not sent: email type is disabled CONTEXT: {"email_type":"customer_completed_order","status":"disabled","recipient":"guest","order":9830}
2026-09-15T09:23:52+00:00 NOTICE Email "customer_completed_order" for order #9757 not sent: email type is disabled CONTEXT: {"email_type":"customer_completed_order","status":"disabled","recipient":"guest","order":9757}
2026-09-15T09:24:21+00:00 NOTICE Email "customer_completed_order" for order #9810 not sent: email type is disabled CONTEXT: {"email_type":"customer_completed_order","status":"disabled","recipient":"guest","order":9810}
2026-09-15T09:24:48+00:00 NOTICE Email "customer_completed_order" for order #10242 not sent: email type is disabled CONTEXT: {"email_type":"customer_completed_order","status":"disabled","recipient":"guest","order":10242}
2026-09-15T09:27:28+00:00 NOTICE Email "customer_failed_order" for order #10320 not sent: email type is disabled CONTEXT: {"email_type":"customer_failed_order","status":"disabled","recipient":"guest","order":10320}
2026-09-15T09:27:53+00:00 NOTICE Email "customer_completed_order" for order #10342 not sent: email type is disabled CONTEXT: {"email_type":"customer_completed_order","status":"disabled","recipient":"guest","order":10342}
2026-09-15T09:28:06+00:00 NOTICE Email "customer_completed_order" for order #9766 not sent: email type is disabled CONTEXT: {"email_type":"customer_completed_order","status":"disabled","recipient":"guest","order":9766}
2026-09-15T09:28:42+00:00 NOTICE Email "customer_completed_order" for order #10239 not sent: email type is disabled CONTEXT: {"email_type":"customer_completed_order","status":"disabled","recipient":"guest","order":10239}
2026-09-15T09:28:42+00:00 NOTICE Email "customer_completed_order" for order #10312 not sent: email type is disabled CONTEXT: {"email_type":"customer_completed_order","status":"disabled","recipient":"guest","order":10312}
2026-09-15T09:29:34+00:00 NOTICE Email "customer_completed_order" for order #9798 not sent: email type is disabled CONTEXT: {"email_type":"customer_completed_order","status":"disabled","recipient":"guest","order":9798}
2026-09-15T09:29:43+00:00 NOTICE Email "customer_completed_order" for order #9830 not sent: email type is disabled CONTEXT: {"email_type":"customer_completed_order","status":"disabled","recipient":"guest","order":9830}
2026-09-15T09:29:43+00:00 NOTICE Email "customer_completed_order" for order #9851 not sent: email type is disabled CONTEXT: {"email_type":"customer_completed_order","status":"disabled","recipient":"guest","order":9851}
2026-09-15T09:29:43+00:00 NOTICE Email "customer_completed_order" for order #9997 not sent: email type is disabled CONTEXT: {"email_type":"customer_completed_order","status":"disabled","recipient":"guest","order":9997}
2026-09-15T09:30:07+00:00 NOTICE Email "customer_completed_order" for order #10140 not sent: email type is disabled CONTEXT: {"email_type":"customer_completed_order","status":"disabled","recipient":"guest","order":10140}
2026-09-15T09:30:07+00:00 NOTICE Email "customer_completed_order" for order #10185 not sent: email type is disabled CONTEXT: {"email_type":"customer_completed_order","status":"disabled","recipient":"guest","order":10185}
2026-09-15T09:30:07+00:00 NOTICE Email "customer_completed_order" for order #10196 not sent: email type is disabled CONTEXT: {"email_type":"customer_completed_order","status":"disabled","recipient":"guest","order":10196}
2026-09-15T09:30:07+00:00 NOTICE Email "customer_completed_order" for order #10216 not sent: email type is disabled CONTEXT: {"email_type":"customer_completed_order","status":"disabled","recipient":"guest","order":10216}
2026-09-15T09:30:07+00:00 NOTICE Email "customer_completed_order" for order #10222 not sent: email type is disabled CONTEXT: {"email_type":"customer_completed_order","status":"disabled","recipient":"guest","order":10222}
2026-09-15T09:30:08+00:00 NOTICE Email "customer_completed_order" for order #10239 not sent: email type is disabled CONTEXT: {"email_type":"customer_completed_order","status":"disabled","recipient":"guest","order":10239}
2026-09-15T09:30:08+00:00 NOTICE Email "customer_completed_order" for order #10242 not sent: email type is disabled CONTEXT: {"email_type":"customer_completed_order","status":"disabled","recipient":"guest","order":10242}
2026-09-15T09:30:08+00:00 NOTICE Email "customer_completed_order" for order #10312 not sent: email type is disabled CONTEXT: {"email_type":"customer_completed_order","status":"disabled","recipient":"guest","order":10312}
2026-09-15T09:30:08+00:00 NOTICE Email "customer_failed_order" for order #10320 not sent: email type is disabled CONTEXT: {"email_type":"customer_failed_order","status":"disabled","recipient":"guest","order":10320}
2026-09-15T09:31:57+00:00 INFO Email "new_order" for order #10824 sent CONTEXT: {"email_type":"new_order","status":"sent","recipient":"guest","order":10824}
2026-09-15T09:31:57+00:00 NOTICE Email "customer_processing_order" for order #10824 not sent: email type is disabled CONTEXT: {"email_type":"customer_processing_order","status":"disabled","recipient":"guest","order":10824}
2026-09-15T09:31:57+00:00 NOTICE Email "customer_note" for order #10824 not sent: email type is disabled CONTEXT: {"email_type":"customer_note","status":"disabled","recipient":"guest","order":10824}
2026-09-15T09:33:12+00:00 NOTICE Email "customer_completed_order" for order #10168 not sent: email type is disabled CONTEXT: {"email_type":"customer_completed_order","status":"disabled","recipient":"guest","order":10168}
2026-09-15T09:33:12+00:00 NOTICE Email "customer_completed_order" for order #10233 not sent: email type is disabled CONTEXT: {"email_type":"customer_completed_order","status":"disabled","recipient":"guest","order":10233}
2026-09-15T09:33:12+00:00 NOTICE Email "customer_completed_order" for order #10061 not sent: email type is disabled CONTEXT: {"email_type":"customer_completed_order","status":"disabled","recipient":"guest","order":10061}
2026-09-15T09:33:22+00:00 NOTICE Email "customer_completed_order" for order #10327 not sent: email type is disabled CONTEXT: {"email_type":"customer_completed_order","status":"disabled","recipient":"guest","order":10327}
2026-09-15T09:33:37+00:00 NOTICE Email "customer_completed_order" for order #9766 not sent: email type is disabled CONTEXT: {"email_type":"customer_completed_order","status":"disabled","recipient":"guest","order":9766}
2026-09-15T09:33:49+00:00 NOTICE Email "customer_completed_order" for order #10225 not sent: email type is disabled CONTEXT: {"email_type":"customer_completed_order","status":"disabled","recipient":"guest","order":10225}
2026-09-15T09:33:52+00:00 NOTICE Email "customer_completed_order" for order #10342 not sent: email type is disabled CONTEXT: {"email_type":"customer_completed_order","status":"disabled","recipient":"guest","order":10342}
2026-09-15T09:34:02+00:00 NOTICE Email "customer_completed_order" for order #10140 not sent: email type is disabled CONTEXT: {"email_type":"customer_completed_order","status":"disabled","recipient":"guest","order":10140}
2026-09-15T09:34:02+00:00 NOTICE Email "customer_completed_order" for order #10289 not sent: email type is disabled CONTEXT: {"email_type":"customer_completed_order","status":"disabled","recipient":"guest","order":10289}
2026-09-15T09:34:14+00:00 NOTICE Email "customer_completed_order" for order #9950 not sent: email type is disabled CONTEXT: {"email_type":"customer_completed_order","status":"disabled","recipient":"guest","order":9950}
2026-09-15T09:34:15+00:00 NOTICE Email "customer_completed_order" for order #10336 not sent: email type is disabled CONTEXT: {"email_type":"customer_completed_order","status":"disabled","recipient":"guest","order":10336}
2026-09-15T09:34:18+00:00 NOTICE Email "customer_completed_order" for order #10285 not sent: email type is disabled CONTEXT: {"email_type":"customer_completed_order","status":"disabled","recipient":"guest","order":10285}
2026-09-15T09:34:27+00:00 NOTICE Email "customer_completed_order" for order #9809 not sent: email type is disabled CONTEXT: {"email_type":"customer_completed_order","status":"disabled","recipient":"guest","order":9809}
2026-09-15T09:34:33+00:00 INFO Email "new_order" for order #10826 sent CONTEXT: {"email_type":"new_order","status":"sent","recipient":"guest","order":10826}
2026-09-15T09:34:33+00:00 NOTICE Email "customer_processing_order" for order #10826 not sent: email type is disabled CONTEXT: {"email_type":"customer_processing_order","status":"disabled","recipient":"guest","order":10826}
2026-09-15T09:34:37+00:00 NOTICE Email "customer_completed_order" for order #10219 not sent: email type is disabled CONTEXT: {"email_type":"customer_completed_order","status":"disabled","recipient":"guest","order":10219}
2026-09-15T09:34:46+00:00 NOTICE Email "customer_completed_order" for order #9786 not sent: email type is disabled CONTEXT: {"email_type":"customer_completed_order","status":"disabled","recipient":"guest","order":9786}
2026-09-15T09:34:55+00:00 NOTICE Email "customer_completed_order" for order #9900 not sent: email type is disabled CONTEXT: {"email_type":"customer_completed_order","status":"disabled","recipient":"guest","order":9900}
2026-09-15T09:34:55+00:00 NOTICE Email "customer_completed_order" for order #10126 not sent: email type is disabled CONTEXT: {"email_type":"customer_completed_order","status":"disabled","recipient":"guest","order":10126}
2026-09-15T09:35:05+00:00 NOTICE Email "customer_completed_order" for order #10258 not sent: email type is disabled CONTEXT: {"email_type":"customer_completed_order","status":"disabled","recipient":"guest","order":10258}
2026-09-15T09:35:05+00:00 NOTICE Email "customer_completed_order" for order #10319 not sent: email type is disabled CONTEXT: {"email_type":"customer_completed_order","status":"disabled","recipient":"guest","order":10319}
2026-09-15T09:35:16+00:00 NOTICE Email "customer_completed_order" for order #10249 not sent: email type is disabled CONTEXT: {"email_type":"customer_completed_order","status":"disabled","recipient":"guest","order":10249}
2026-09-15T09:35:36+00:00 NOTICE Email "customer_completed_order" for order #9952 not sent: email type is disabled CONTEXT: {"email_type":"customer_completed_order","status":"disabled","recipient":"guest","order":9952}
2026-09-15T09:35:36+00:00 NOTICE Email "customer_completed_order" for order #10266 not sent: email type is disabled CONTEXT: {"email_type":"customer_completed_order","status":"disabled","recipient":"guest","order":10266}
2026-09-15T09:36:52+00:00 NOTICE Email "customer_completed_order" for order #10034 not sent: email type is disabled CONTEXT: {"email_type":"customer_completed_order","status":"disabled","recipient":"guest","order":10034}
2026-09-15T09:37:06+00:00 NOTICE Email "customer_completed_order" for order #10247 not sent: email type is disabled CONTEXT: {"email_type":"customer_completed_order","status":"disabled","recipient":"guest","order":10247}
2026-09-15T09:37:18+00:00 NOTICE Email "customer_completed_order" for order #9852 not sent: email type is disabled CONTEXT: {"email_type":"customer_completed_order","status":"disabled","recipient":"guest","order":9852}
2026-09-15T09:37:41+00:00 NOTICE Email "customer_completed_order" for order #10086 not sent: email type is disabled CONTEXT: {"email_type":"customer_completed_order","status":"disabled","recipient":"guest","order":10086}
2026-09-15T09:37:41+00:00 NOTICE Email "customer_completed_order" for order #10286 not sent: email type is disabled CONTEXT: {"email_type":"customer_completed_order","status":"disabled","recipient":"guest","order":10286}
2026-09-15T09:37:41+00:00 NOTICE Email "customer_completed_order" for order #9936 not sent: email type is disabled CONTEXT: {"email_type":"customer_completed_order","status":"disabled","recipient":"guest","order":9936}
2026-09-15T09:37:46+00:00 NOTICE Email "customer_completed_order" for order #10225 not sent: email type is disabled CONTEXT: {"email_type":"customer_completed_order","status":"disabled","recipient":"guest","order":10225}
2026-09-15T09:38:13+00:00 NOTICE Email "customer_completed_order" for order #10327 not sent: email type is disabled CONTEXT: {"email_type":"customer_completed_order","status":"disabled","recipient":"guest","order":10327}
2026-09-15T09:38:26+00:00 NOTICE Email "customer_completed_order" for order #10239 not sent: email type is disabled CONTEXT: {"email_type":"customer_completed_order","status":"disabled","recipient":"guest","order":10239}
2026-09-15T09:38:35+00:00 NOTICE Email "customer_completed_order" for order #10312 not sent: email type is disabled CONTEXT: {"email_type":"customer_completed_order","status":"disabled","recipient":"guest","order":10312}
2026-09-15T09:38:36+00:00 NOTICE Email "customer_completed_order" for order #10199 not sent: email type is disabled CONTEXT: {"email_type":"customer_completed_order","status":"disabled","recipient":"guest","order":10199}
2026-09-15T09:38:36+00:00 NOTICE Email "customer_completed_order" for order #9892 not sent: email type is disabled CONTEXT: {"email_type":"customer_completed_order","status":"disabled","recipient":"guest","order":9892}
2026-09-15T09:38:36+00:00 NOTICE Email "customer_completed_order" for order #10338 not sent: email type is disabled CONTEXT: {"email_type":"customer_completed_order","status":"disabled","recipient":"guest","order":10338}
2026-09-15T09:38:45+00:00 NOTICE Email "customer_completed_order" for order #10003 not sent: email type is disabled CONTEXT: {"email_type":"customer_completed_order","status":"disabled","recipient":"guest","order":10003}
2026-09-15T09:38:45+00:00 NOTICE Email "customer_completed_order" for order #10345 not sent: email type is disabled CONTEXT: {"email_type":"customer_completed_order","status":"disabled","recipient":"guest","order":10345}
2026-09-15T09:38:45+00:00 NOTICE Email "customer_completed_order" for order #9997 not sent: email type is disabled CONTEXT: {"email_type":"customer_completed_order","status":"disabled","recipient":"guest","order":9997}
2026-09-15T09:38:46+00:00 NOTICE Email "customer_completed_order" for order #9833 not sent: email type is disabled CONTEXT: {"email_type":"customer_completed_order","status":"disabled","recipient":"guest","order":9833}
2026-09-15T09:38:56+00:00 NOTICE Email "customer_completed_order" for order #9757 not sent: email type is disabled CONTEXT: {"email_type":"customer_completed_order","status":"disabled","recipient":"guest","order":9757}
2026-09-15T09:38:56+00:00 NOTICE Email "customer_completed_order" for order #9830 not sent: email type is disabled CONTEXT: {"email_type":"customer_completed_order","status":"disabled","recipient":"guest","order":9830}
2026-09-15T09:39:12+00:00 INFO Email "new_order" for order #10827 sent CONTEXT: {"email_type":"new_order","status":"sent","recipient":"guest","order":10827}
2026-09-15T09:39:12+00:00 NOTICE Email "customer_processing_order" for order #10827 not sent: email type is disabled CONTEXT: {"email_type":"customer_processing_order","status":"disabled","recipient":"guest","order":10827}
2026-09-15T09:39:47+00:00 NOTICE Email "customer_completed_order" for order #9952 not sent: email type is disabled CONTEXT: {"email_type":"customer_completed_order","status":"disabled","recipient":"guest","order":9952}
2026-09-15T09:40:47+00:00 NOTICE Email "customer_completed_order" for order #7526 not sent: email type is disabled CONTEXT: {"email_type":"customer_completed_order","status":"disabled","recipient":"guest","order":7526}
2026-09-15T09:40:56+00:00 NOTICE Email "customer_completed_order" for order #10262 not sent: email type is disabled CONTEXT: {"email_type":"customer_completed_order","status":"disabled","recipient":"guest","order":10262}
2026-09-15T09:41:15+00:00 NOTICE Email "customer_completed_order" for order #9798 not sent: email type is disabled CONTEXT: {"email_type":"customer_completed_order","status":"disabled","recipient":"guest","order":9798}
2026-09-15T09:41:25+00:00 NOTICE Email "customer_completed_order" for order #9851 not sent: email type is disabled CONTEXT: {"email_type":"customer_completed_order","status":"disabled","recipient":"guest","order":9851}
2026-09-15T09:42:33+00:00 NOTICE Email "customer_failed_order" for order #10208 not sent: email type is disabled CONTEXT: {"email_type":"customer_failed_order","status":"disabled","recipient":"guest","order":10208}
2026-09-15T09:42:38+00:00 NOTICE Email "customer_failed_order" for order #10351 not sent: email type is disabled CONTEXT: {"email_type":"customer_failed_order","status":"disabled","recipient":"guest","order":10351}
2026-09-15T09:44:28+00:00 NOTICE Email "customer_completed_order" for order #9757 not sent: email type is disabled CONTEXT: {"email_type":"customer_completed_order","status":"disabled","recipient":"guest","order":9757}
2026-09-15T09:44:29+00:00 NOTICE Email "customer_completed_order" for order #9766 not sent: email type is disabled CONTEXT: {"email_type":"customer_completed_order","status":"disabled","recipient":"guest","order":9766}
2026-09-15T09:44:38+00:00 NOTICE Email "customer_completed_order" for order #9810 not sent: email type is disabled CONTEXT: {"email_type":"customer_completed_order","status":"disabled","recipient":"guest","order":9810}
2026-09-15T09:44:38+00:00 NOTICE Email "customer_completed_order" for order #9830 not sent: email type is disabled CONTEXT: {"email_type":"customer_completed_order","status":"disabled","recipient":"guest","order":9830}
2026-09-15T09:44:38+00:00 NOTICE Email "customer_completed_order" for order #9892 not sent: email type is disabled CONTEXT: {"email_type":"customer_completed_order","status":"disabled","recipient":"guest","order":9892}
2026-09-15T09:44:39+00:00 NOTICE Email "customer_completed_order" for order #9923 not sent: email type is disabled CONTEXT: {"email_type":"customer_completed_order","status":"disabled","recipient":"guest","order":9923}
2026-09-15T09:44:39+00:00 NOTICE Email "customer_completed_order" for order #9997 not sent: email type is disabled CONTEXT: {"email_type":"customer_completed_order","status":"disabled","recipient":"guest","order":9997}
2026-09-15T09:44:39+00:00 NOTICE Email "customer_completed_order" for order #10003 not sent: email type is disabled CONTEXT: {"email_type":"customer_completed_order","status":"disabled","recipient":"guest","order":10003}
2026-09-15T09:44:51+00:00 NOTICE Email "customer_completed_order" for order #10112 not sent: email type is disabled CONTEXT: {"email_type":"customer_completed_order","status":"disabled","recipient":"guest","order":10112}
2026-09-15T09:44:52+00:00 NOTICE Email "customer_completed_order" for order #10185 not sent: email type is disabled CONTEXT: {"email_type":"customer_completed_order","status":"disabled","recipient":"guest","order":10185}
2026-09-15T09:44:52+00:00 NOTICE Email "customer_completed_order" for order #10196 not sent: email type is disabled CONTEXT: {"email_type":"customer_completed_order","status":"disabled","recipient":"guest","order":10196}
2026-09-15T09:44:52+00:00 NOTICE Email "customer_completed_order" for order #10199 not sent: email type is disabled CONTEXT: {"email_type":"customer_completed_order","status":"disabled","recipient":"guest","order":10199}
2026-09-15T09:44:52+00:00 NOTICE Email "customer_completed_order" for order #10216 not sent: email type is disabled CONTEXT: {"email_type":"customer_completed_order","status":"disabled","recipient":"guest","order":10216}
2026-09-15T09:44:52+00:00 NOTICE Email "customer_completed_order" for order #10222 not sent: email type is disabled CONTEXT: {"email_type":"customer_completed_order","status":"disabled","recipient":"guest","order":10222}
2026-09-15T09:45:09+00:00 NOTICE Email "customer_completed_order" for order #10239 not sent: email type is disabled CONTEXT: {"email_type":"customer_completed_order","status":"disabled","recipient":"guest","order":10239}
2026-09-15T09:45:09+00:00 NOTICE Email "customer_completed_order" for order #10267 not sent: email type is disabled CONTEXT: {"email_type":"customer_completed_order","status":"disabled","recipient":"guest","order":10267}
2026-09-15T09:45:09+00:00 NOTICE Email "customer_completed_order" for order #10289 not sent: email type is disabled CONTEXT: {"email_type":"customer_completed_order","status":"disabled","recipient":"guest","order":10289}
2026-09-15T09:45:09+00:00 NOTICE Email "customer_completed_order" for order #10312 not sent: email type is disabled CONTEXT: {"email_type":"customer_completed_order","status":"disabled","recipient":"guest","order":10312}
2026-09-15T09:45:09+00:00 NOTICE Email "customer_failed_order" for order #10320 not sent: email type is disabled CONTEXT: {"email_type":"customer_failed_order","status":"disabled","recipient":"guest","order":10320}
2026-09-15T09:45:10+00:00 NOTICE Email "customer_completed_order" for order #10345 not sent: email type is disabled CONTEXT: {"email_type":"customer_completed_order","status":"disabled","recipient":"guest","order":10345}
2026-09-15T09:45:10+00:00 NOTICE Email "customer_completed_order" for order #10349 not sent: email type is disabled CONTEXT: {"email_type":"customer_completed_order","status":"disabled","recipient":"guest","order":10349}
2026-09-15T09:49:42+00:00 NOTICE Email "customer_failed_order" for order #10302 not sent: email type is disabled CONTEXT: {"email_type":"customer_failed_order","status":"disabled","recipient":"guest","order":10302}
2026-09-15T09:49:42+00:00 NOTICE Email "customer_completed_order" for order #10156 not sent: email type is disabled CONTEXT: {"email_type":"customer_completed_order","status":"disabled","recipient":"guest","order":10156}
2026-09-15T09:50:26+00:00 NOTICE Email "customer_completed_order" for order #10140 not sent: email type is disabled CONTEXT: {"email_type":"customer_completed_order","status":"disabled","recipient":"guest","order":10140}
2026-09-15T09:50:51+00:00 NOTICE Email "customer_completed_order" for order #10336 not sent: email type is disabled CONTEXT: {"email_type":"customer_completed_order","status":"disabled","recipient":"guest","order":10336}
2026-09-15T09:50:51+00:00 NOTICE Email "customer_completed_order" for order #9950 not sent: email type is disabled CONTEXT: {"email_type":"customer_completed_order","status":"disabled","recipient":"guest","order":9950}
2026-09-15T09:50:51+00:00 NOTICE Email "customer_completed_order" for order #10266 not sent: email type is disabled CONTEXT: {"email_type":"customer_completed_order","status":"disabled","recipient":"guest","order":10266}
2026-09-15T09:51:06+00:00 NOTICE Email "customer_completed_order" for order #10034 not sent: email type is disabled CONTEXT: {"email_type":"customer_completed_order","status":"disabled","recipient":"guest","order":10034}
2026-09-15T09:51:35+00:00 NOTICE Email "customer_completed_order" for order #10247 not sent: email type is disabled CONTEXT: {"email_type":"customer_completed_order","status":"disabled","recipient":"guest","order":10247}
2026-09-15T09:52:52+00:00 NOTICE Email "customer_note" for order #10829 not sent: email type is disabled CONTEXT: {"email_type":"customer_note","status":"disabled","recipient":"guest","order":10829}
2026-09-15T09:53:40+00:00 NOTICE Email "customer_failed_order" for order #10320 not sent: email type is disabled CONTEXT: {"email_type":"customer_failed_order","status":"disabled","recipient":"guest","order":10320}
2026-09-15T09:53:42+00:00 NOTICE Email "customer_completed_order" for order #10185 not sent: email type is disabled CONTEXT: {"email_type":"customer_completed_order","status":"disabled","recipient":"guest","order":10185}
2026-09-15T09:54:10+00:00 NOTICE Email "customer_completed_order" for order #10156 not sent: email type is disabled CONTEXT: {"email_type":"customer_completed_order","status":"disabled","recipient":"guest","order":10156}
2026-09-15T09:54:23+00:00 NOTICE Email "customer_completed_order" for order #9923 not sent: email type is disabled CONTEXT: {"email_type":"customer_completed_order","status":"disabled","recipient":"guest","order":9923}
2026-09-15T09:54:23+00:00 NOTICE Email "customer_failed_order" for order #10302 not sent: email type is disabled CONTEXT: {"email_type":"customer_failed_order","status":"disabled","recipient":"guest","order":10302}
2026-09-15T09:54:31+00:00 NOTICE Email "customer_completed_order" for order #9852 not sent: email type is disabled CONTEXT: {"email_type":"customer_completed_order","status":"disabled","recipient":"guest","order":9852}
2026-09-15T09:54:37+00:00 NOTICE Email "customer_completed_order" for order #10222 not sent: email type is disabled CONTEXT: {"email_type":"customer_completed_order","status":"disabled","recipient":"guest","order":10222}
2026-09-15T09:54:37+00:00 NOTICE Email "customer_completed_order" for order #10196 not sent: email type is disabled CONTEXT: {"email_type":"customer_completed_order","status":"disabled","recipient":"guest","order":10196}
2026-09-15T09:54:37+00:00 NOTICE Email "customer_completed_order" for order #10216 not sent: email type is disabled CONTEXT: {"email_type":"customer_completed_order","status":"disabled","recipient":"guest","order":10216}
2026-09-15T09:54:38+00:00 NOTICE Email "customer_completed_order" for order #10267 not sent: email type is disabled CONTEXT: {"email_type":"customer_completed_order","status":"disabled","recipient":"guest","order":10267}
2026-09-15T09:55:03+00:00 NOTICE Email "customer_completed_order" for order #10086 not sent: email type is disabled CONTEXT: {"email_type":"customer_completed_order","status":"disabled","recipient":"guest","order":10086}
2026-09-15T09:55:03+00:00 NOTICE Email "customer_completed_order" for order #10286 not sent: email type is disabled CONTEXT: {"email_type":"customer_completed_order","status":"disabled","recipient":"guest","order":10286}
2026-09-15T09:55:03+00:00 NOTICE Email "customer_completed_order" for order #10249 not sent: email type is disabled CONTEXT: {"email_type":"customer_completed_order","status":"disabled","recipient":"guest","order":10249}
2026-09-15T09:55:04+00:00 NOTICE Email "customer_completed_order" for order #9936 not sent: email type is disabled CONTEXT: {"email_type":"customer_completed_order","status":"disabled","recipient":"guest","order":9936}
2026-09-15T09:55:17+00:00 NOTICE Email "customer_completed_order" for order #10327 not sent: email type is disabled CONTEXT: {"email_type":"customer_completed_order","status":"disabled","recipient":"guest","order":10327}
2026-09-15T09:55:18+00:00 NOTICE Email "customer_completed_order" for order #10225 not sent: email type is disabled CONTEXT: {"email_type":"customer_completed_order","status":"disabled","recipient":"guest","order":10225}
2026-09-15T09:55:29+00:00 NOTICE Email "customer_completed_order" for order #10242 not sent: email type is disabled CONTEXT: {"email_type":"customer_completed_order","status":"disabled","recipient":"guest","order":10242}
2026-09-15T09:56:03+00:00 NOTICE Email "customer_completed_order" for order #9952 not sent: email type is disabled CONTEXT: {"email_type":"customer_completed_order","status":"disabled","recipient":"guest","order":9952}
2026-09-15T09:56:04+00:00 NOTICE Email "customer_completed_order" for order #10247 not sent: email type is disabled CONTEXT: {"email_type":"customer_completed_order","status":"disabled","recipient":"guest","order":10247}
2026-09-15T09:56:15+00:00 NOTICE Email "customer_completed_order" for order #10342 not sent: email type is disabled CONTEXT: {"email_type":"customer_completed_order","status":"disabled","recipient":"guest","order":10342}
2026-09-15T09:56:34+00:00 NOTICE Email "customer_completed_order" for order #10258 not sent: email type is disabled CONTEXT: {"email_type":"customer_completed_order","status":"disabled","recipient":"guest","order":10258}
2026-09-15T09:56:53+00:00 NOTICE Email "customer_completed_order" for order #10319 not sent: email type is disabled CONTEXT: {"email_type":"customer_completed_order","status":"disabled","recipient":"guest","order":10319}
2026-09-15T09:56:54+00:00 NOTICE Email "customer_completed_order" for order #10126 not sent: email type is disabled CONTEXT: {"email_type":"customer_completed_order","status":"disabled","recipient":"guest","order":10126}
2026-09-15T09:56:54+00:00 NOTICE Email "customer_completed_order" for order #9900 not sent: email type is disabled CONTEXT: {"email_type":"customer_completed_order","status":"disabled","recipient":"guest","order":9900}
2026-09-15T09:56:54+00:00 NOTICE Email "customer_completed_order" for order #10285 not sent: email type is disabled CONTEXT: {"email_type":"customer_completed_order","status":"disabled","recipient":"guest","order":10285}
2026-09-15T09:57:51+00:00 NOTICE Email "customer_failed_order" for order #10351 not sent: email type is disabled CONTEXT: {"email_type":"customer_failed_order","status":"disabled","recipient":"guest","order":10351}
2026-09-15T10:00:29+00:00 NOTICE Email "customer_completed_order" for order #9757 not sent: email type is disabled CONTEXT: {"email_type":"customer_completed_order","status":"disabled","recipient":"guest","order":9757}
2026-09-15T10:00:36+00:00 NOTICE Email "customer_completed_order" for order #9810 not sent: email type is disabled CONTEXT: {"email_type":"customer_completed_order","status":"disabled","recipient":"guest","order":9810}
2026-09-15T10:00:37+00:00 NOTICE Email "customer_completed_order" for order #9923 not sent: email type is disabled CONTEXT: {"email_type":"customer_completed_order","status":"disabled","recipient":"guest","order":9923}
2026-09-15T10:00:38+00:00 NOTICE Email "customer_completed_order" for order #9997 not sent: email type is disabled CONTEXT: {"email_type":"customer_completed_order","status":"disabled","recipient":"guest","order":9997}
2026-09-15T10:00:46+00:00 NOTICE Email "customer_completed_order" for order #10112 not sent: email type is disabled CONTEXT: {"email_type":"customer_completed_order","status":"disabled","recipient":"guest","order":10112}
2026-09-15T10:00:46+00:00 NOTICE Email "customer_completed_order" for order #10140 not sent: email type is disabled CONTEXT: {"email_type":"customer_completed_order","status":"disabled","recipient":"guest","order":10140}
2026-09-15T10:00:47+00:00 NOTICE Email "customer_completed_order" for order #10185 not sent: email type is disabled CONTEXT: {"email_type":"customer_completed_order","status":"disabled","recipient":"guest","order":10185}
2026-09-15T10:00:47+00:00 NOTICE Email "customer_completed_order" for order #10196 not sent: email type is disabled CONTEXT: {"email_type":"customer_completed_order","status":"disabled","recipient":"guest","order":10196}
2026-09-15T10:00:59+00:00 NOTICE Email "customer_failed_order" for order #10208 not sent: email type is disabled CONTEXT: {"email_type":"customer_failed_order","status":"disabled","recipient":"guest","order":10208}
2026-09-15T10:01:00+00:00 NOTICE Email "customer_completed_order" for order #10239 not sent: email type is disabled CONTEXT: {"email_type":"customer_completed_order","status":"disabled","recipient":"guest","order":10239}
2026-09-15T10:01:01+00:00 NOTICE Email "customer_completed_order" for order #10312 not sent: email type is disabled CONTEXT: {"email_type":"customer_completed_order","status":"disabled","recipient":"guest","order":10312}
2026-09-15T10:01:01+00:00 NOTICE Email "customer_failed_order" for order #10320 not sent: email type is disabled CONTEXT: {"email_type":"customer_failed_order","status":"disabled","recipient":"guest","order":10320}
2026-09-15T10:01:01+00:00 NOTICE Email "customer_completed_order" for order #10345 not sent: email type is disabled CONTEXT: {"email_type":"customer_completed_order","status":"disabled","recipient":"guest","order":10345}
2026-09-15T10:01:10+00:00 INFO Email "cancelled_order" for order #10828 sent CONTEXT: {"email_type":"cancelled_order","status":"sent","recipient":"guest","order":10828}
2026-09-15T10:01:10+00:00 NOTICE Email "customer_note" for order #10830 not sent: email type is disabled CONTEXT: {"email_type":"customer_note","status":"disabled","recipient":"guest","order":10830}
2026-09-15T10:02:10+00:00 NOTICE Email "customer_note" for order #10825 not sent: email type is disabled CONTEXT: {"email_type":"customer_note","status":"disabled","recipient":"guest","order":10825}
2026-09-15T10:03:15+00:00 INFO Email "cancelled_order" for order #10818 sent CONTEXT: {"email_type":"cancelled_order","status":"sent","recipient":"guest","order":10818}
2026-09-15T10:03:15+00:00 INFO Email "cancelled_order" for order #10820 sent CONTEXT: {"email_type":"cancelled_order","status":"sent","recipient":"guest","order":10820}
2026-09-15T10:03:37+00:00 NOTICE Email "customer_note" for order #10831 not sent: email type is disabled CONTEXT: {"email_type":"customer_note","status":"disabled","recipient":"guest","order":10831}
2026-09-15T10:04:46+00:00 NOTICE Email "customer_note" for order #10832 not sent: email type is disabled CONTEXT: {"email_type":"customer_note","status":"disabled","recipient":"guest","order":10832}
2026-09-15T10:04:54+00:00 INFO Email "new_order" for order #10831 sent CONTEXT: {"email_type":"new_order","status":"sent","recipient":"guest","order":10831}
2026-09-15T10:04:54+00:00 NOTICE Email "customer_processing_order" for order #10831 not sent: email type is disabled CONTEXT: {"email_type":"customer_processing_order","status":"disabled","recipient":"guest","order":10831}
2026-09-15T10:04:54+00:00 NOTICE Email "customer_note" for order #10831 not sent: email type is disabled CONTEXT: {"email_type":"customer_note","status":"disabled","recipient":"guest","order":10831}
2026-09-15T10:06:27+00:00 INFO Email "new_order" for order #10832 sent CONTEXT: {"email_type":"new_order","status":"sent","recipient":"guest","order":10832}
2026-09-15T10:06:27+00:00 NOTICE Email "customer_processing_order" for order #10832 not sent: email type is disabled CONTEXT: {"email_type":"customer_processing_order","status":"disabled","recipient":"guest","order":10832}
2026-09-15T10:06:27+00:00 NOTICE Email "customer_note" for order #10832 not sent: email type is disabled CONTEXT: {"email_type":"customer_note","status":"disabled","recipient":"guest","order":10832}
2026-09-15T10:07:33+00:00 NOTICE Email "customer_completed_order" for order #10258 not sent: email type is disabled CONTEXT: {"email_type":"customer_completed_order","status":"disabled","recipient":"guest","order":10258}
2026-09-15T10:07:44+00:00 NOTICE Email "customer_completed_order" for order #10266 not sent: email type is disabled CONTEXT: {"email_type":"customer_completed_order","status":"disabled","recipient":"guest","order":10266}
2026-09-15T10:08:07+00:00 NOTICE Email "customer_completed_order" for order #10196 not sent: email type is disabled CONTEXT: {"email_type":"customer_completed_order","status":"disabled","recipient":"guest","order":10196}
2026-09-15T10:08:07+00:00 NOTICE Email "customer_completed_order" for order #10216 not sent: email type is disabled CONTEXT: {"email_type":"customer_completed_order","status":"disabled","recipient":"guest","order":10216}
2026-09-15T10:08:07+00:00 NOTICE Email "customer_completed_order" for order #10319 not sent: email type is disabled CONTEXT: {"email_type":"customer_completed_order","status":"disabled","recipient":"guest","order":10319}
2026-09-15T10:08:20+00:00 NOTICE Email "customer_completed_order" for order #10267 not sent: email type is disabled CONTEXT: {"email_type":"customer_completed_order","status":"disabled","recipient":"guest","order":10267}
2026-09-15T10:08:21+00:00 NOTICE Email "customer_completed_order" for order #9900 not sent: email type is disabled CONTEXT: {"email_type":"customer_completed_order","status":"disabled","recipient":"guest","order":9900}
2026-09-15T10:08:21+00:00 NOTICE Email "customer_completed_order" for order #10126 not sent: email type is disabled CONTEXT: {"email_type":"customer_completed_order","status":"disabled","recipient":"guest","order":10126}
2026-09-15T10:08:34+00:00 NOTICE Email "customer_completed_order" for order #10285 not sent: email type is disabled CONTEXT: {"email_type":"customer_completed_order","status":"disabled","recipient":"guest","order":10285}
2026-09-15T10:08:59+00:00 NOTICE Email "customer_completed_order" for order #10249 not sent: email type is disabled CONTEXT: {"email_type":"customer_completed_order","status":"disabled","recipient":"guest","order":10249}
2026-09-15T10:08:59+00:00 NOTICE Email "customer_completed_order" for order #10327 not sent: email type is disabled CONTEXT: {"email_type":"customer_completed_order","status":"disabled","recipient":"guest","order":10327}
2026-09-15T10:09:32+00:00 NOTICE Email "customer_completed_order" for order #9936 not sent: email type is disabled CONTEXT: {"email_type":"customer_completed_order","status":"disabled","recipient":"guest","order":9936}
2026-09-15T10:09:32+00:00 NOTICE Email "customer_completed_order" for order #9852 not sent: email type is disabled CONTEXT: {"email_type":"customer_completed_order","status":"disabled","recipient":"guest","order":9852}
2026-09-15T10:09:32+00:00 NOTICE Email "customer_completed_order" for order #10286 not sent: email type is disabled CONTEXT: {"email_type":"customer_completed_order","status":"disabled","recipient":"guest","order":10286}
2026-09-15T10:09:43+00:00 NOTICE Email "customer_completed_order" for order #9786 not sent: email type is disabled CONTEXT: {"email_type":"customer_completed_order","status":"disabled","recipient":"guest","order":9786}
2026-09-15T10:09:54+00:00 NOTICE Email "customer_completed_order" for order #10289 not sent: email type is disabled CONTEXT: {"email_type":"customer_completed_order","status":"disabled","recipient":"guest","order":10289}
2026-09-15T10:09:54+00:00 NOTICE Email "customer_completed_order" for order #10219 not sent: email type is disabled CONTEXT: {"email_type":"customer_completed_order","status":"disabled","recipient":"guest","order":10219}
2026-09-15T10:10:07+00:00 NOTICE Email "customer_completed_order" for order #7526 not sent: email type is disabled CONTEXT: {"email_type":"customer_completed_order","status":"disabled","recipient":"guest","order":7526}
2026-09-15T10:10:19+00:00 NOTICE Email "customer_completed_order" for order #9809 not sent: email type is disabled CONTEXT: {"email_type":"customer_completed_order","status":"disabled","recipient":"guest","order":9809}
2026-09-15T10:10:41+00:00 NOTICE Email "customer_completed_order" for order #9798 not sent: email type is disabled CONTEXT: {"email_type":"customer_completed_order","status":"disabled","recipient":"guest","order":9798}
2026-09-15T10:10:56+00:00 NOTICE Email "customer_completed_order" for order #10338 not sent: email type is disabled CONTEXT: {"email_type":"customer_completed_order","status":"disabled","recipient":"guest","order":10338}
2026-09-15T10:10:57+00:00 NOTICE Email "customer_completed_order" for order #10197 not sent: email type is disabled CONTEXT: {"email_type":"customer_completed_order","status":"disabled","recipient":"guest","order":10197}
2026-09-15T10:11:06+00:00 NOTICE Email "customer_completed_order" for order #9997 not sent: email type is disabled CONTEXT: {"email_type":"customer_completed_order","status":"disabled","recipient":"guest","order":9997}
2026-09-15T10:11:08+00:00 NOTICE Email "customer_completed_order" for order #10262 not sent: email type is disabled CONTEXT: {"email_type":"customer_completed_order","status":"disabled","recipient":"guest","order":10262}
2026-09-15T10:11:56+00:00 NOTICE Email "customer_completed_order" for order #9851 not sent: email type is disabled CONTEXT: {"email_type":"customer_completed_order","status":"disabled","recipient":"guest","order":9851}
2026-09-15T10:11:57+00:00 NOTICE Email "customer_completed_order" for order #9830 not sent: email type is disabled CONTEXT: {"email_type":"customer_completed_order","status":"disabled","recipient":"guest","order":9830}
2026-09-15T10:11:57+00:00 NOTICE Email "customer_completed_order" for order #9810 not sent: email type is disabled CONTEXT: {"email_type":"customer_completed_order","status":"disabled","recipient":"guest","order":9810}
2026-09-15T10:11:57+00:00 NOTICE Email "customer_completed_order" for order #9757 not sent: email type is disabled CONTEXT: {"email_type":"customer_completed_order","status":"disabled","recipient":"guest","order":9757}
2026-09-15T10:12:07+00:00 NOTICE Email "customer_completed_order" for order #10003 not sent: email type is disabled CONTEXT: {"email_type":"customer_completed_order","status":"disabled","recipient":"guest","order":10003}
2026-09-15T10:12:07+00:00 NOTICE Email "customer_completed_order" for order #9833 not sent: email type is disabled CONTEXT: {"email_type":"customer_completed_order","status":"disabled","recipient":"guest","order":9833}
2026-09-15T10:12:18+00:00 NOTICE Email "customer_completed_order" for order #9892 not sent: email type is disabled CONTEXT: {"email_type":"customer_completed_order","status":"disabled","recipient":"guest","order":9892}
2026-09-15T10:12:18+00:00 NOTICE Email "customer_completed_order" for order #10199 not sent: email type is disabled CONTEXT: {"email_type":"customer_completed_order","status":"disabled","recipient":"guest","order":10199}
2026-09-15T10:12:18+00:00 NOTICE Email "customer_completed_order" for order #10312 not sent: email type is disabled CONTEXT: {"email_type":"customer_completed_order","status":"disabled","recipient":"guest","order":10312}
2026-09-15T10:13:24+00:00 NOTICE Email "customer_completed_order" for order #10216 not sent: email type is disabled CONTEXT: {"email_type":"customer_completed_order","status":"disabled","recipient":"guest","order":10216}
2026-09-15T10:13:35+00:00 NOTICE Email "customer_completed_order" for order #10168 not sent: email type is disabled CONTEXT: {"email_type":"customer_completed_order","status":"disabled","recipient":"guest","order":10168}
2026-09-15T10:13:45+00:00 NOTICE Email "customer_completed_order" for order #10112 not sent: email type is disabled CONTEXT: {"email_type":"customer_completed_order","status":"disabled","recipient":"guest","order":10112}
2026-09-15T10:15:41+00:00 NOTICE Email "customer_completed_order" for order #9798 not sent: email type is disabled CONTEXT: {"email_type":"customer_completed_order","status":"disabled","recipient":"guest","order":9798}
2026-09-15T10:15:41+00:00 NOTICE Email "customer_completed_order" for order #9809 not sent: email type is disabled CONTEXT: {"email_type":"customer_completed_order","status":"disabled","recipient":"guest","order":9809}
2026-09-15T10:16:14+00:00 NOTICE Email "customer_completed_order" for order #9900 not sent: email type is disabled CONTEXT: {"email_type":"customer_completed_order","status":"disabled","recipient":"guest","order":9900}
2026-09-15T10:16:14+00:00 NOTICE Email "customer_completed_order" for order #9950 not sent: email type is disabled CONTEXT: {"email_type":"customer_completed_order","status":"disabled","recipient":"guest","order":9950}
2026-09-15T10:16:15+00:00 NOTICE Email "customer_completed_order" for order #10126 not sent: email type is disabled CONTEXT: {"email_type":"customer_completed_order","status":"disabled","recipient":"guest","order":10126}
2026-09-15T10:16:54+00:00 NOTICE Email "customer_completed_order" for order #10249 not sent: email type is disabled CONTEXT: {"email_type":"customer_completed_order","status":"disabled","recipient":"guest","order":10249}
2026-09-15T10:16:54+00:00 NOTICE Email "customer_completed_order" for order #10262 not sent: email type is disabled CONTEXT: {"email_type":"customer_completed_order","status":"disabled","recipient":"guest","order":10262}
2026-09-15T10:16:55+00:00 NOTICE Email "customer_failed_order" for order #10320 not sent: email type is disabled CONTEXT: {"email_type":"customer_failed_order","status":"disabled","recipient":"guest","order":10320}
2026-09-15T10:16:55+00:00 NOTICE Email "customer_completed_order" for order #10327 not sent: email type is disabled CONTEXT: {"email_type":"customer_completed_order","status":"disabled","recipient":"guest","order":10327}
2026-09-15T10:16:55+00:00 NOTICE Email "customer_completed_order" for order #10336 not sent: email type is disabled CONTEXT: {"email_type":"customer_completed_order","status":"disabled","recipient":"guest","order":10336}
2026-09-15T10:18:21+00:00 NOTICE Email "customer_failed_order" for order #10320 not sent: email type is disabled CONTEXT: {"email_type":"customer_failed_order","status":"disabled","recipient":"guest","order":10320}
2026-09-15T10:18:21+00:00 NOTICE Email "customer_completed_order" for order #9950 not sent: email type is disabled CONTEXT: {"email_type":"customer_completed_order","status":"disabled","recipient":"guest","order":9950}
2026-09-15T10:18:31+00:00 NOTICE Email "customer_completed_order" for order #10140 not sent: email type is disabled CONTEXT: {"email_type":"customer_completed_order","status":"disabled","recipient":"guest","order":10140}
2026-09-15T10:18:40+00:00 NOTICE Email "customer_completed_order" for order #10199 not sent: email type is disabled CONTEXT: {"email_type":"customer_completed_order","status":"disabled","recipient":"guest","order":10199}
2026-09-15T10:18:41+00:00 NOTICE Email "customer_completed_order" for order #10345 not sent: email type is disabled CONTEXT: {"email_type":"customer_completed_order","status":"disabled","recipient":"guest","order":10345}
2026-09-15T10:19:08+00:00 NOTICE Email "customer_completed_order" for order #10233 not sent: email type is disabled CONTEXT: {"email_type":"customer_completed_order","status":"disabled","recipient":"guest","order":10233}
2026-09-15T10:19:08+00:00 NOTICE Email "customer_completed_order" for order #9810 not sent: email type is disabled CONTEXT: {"email_type":"customer_completed_order","status":"disabled","recipient":"guest","order":9810}
2026-09-15T10:19:18+00:00 NOTICE Email "customer_completed_order" for order #9830 not sent: email type is disabled CONTEXT: {"email_type":"customer_completed_order","status":"disabled","recipient":"guest","order":9830}
2026-09-15T10:19:18+00:00 NOTICE Email "customer_completed_order" for order #9851 not sent: email type is disabled CONTEXT: {"email_type":"customer_completed_order","status":"disabled","recipient":"guest","order":9851}
2026-09-15T10:19:47+00:00 NOTICE Email "customer_completed_order" for order #9997 not sent: email type is disabled CONTEXT: {"email_type":"customer_completed_order","status":"disabled","recipient":"guest","order":9997}
2026-09-15T10:19:47+00:00 NOTICE Email "customer_completed_order" for order #10336 not sent: email type is disabled CONTEXT: {"email_type":"customer_completed_order","status":"disabled","recipient":"guest","order":10336}
2026-09-15T10:19:48+00:00 NOTICE Email "customer_completed_order" for order #7526 not sent: email type is disabled CONTEXT: {"email_type":"customer_completed_order","status":"disabled","recipient":"guest","order":7526}
2026-09-15T10:19:59+00:00 NOTICE Email "customer_completed_order" for order #9952 not sent: email type is disabled CONTEXT: {"email_type":"customer_completed_order","status":"disabled","recipient":"guest","order":9952}
2026-09-15T10:20:09+00:00 NOTICE Email "customer_completed_order" for order #10327 not sent: email type is disabled CONTEXT: {"email_type":"customer_completed_order","status":"disabled","recipient":"guest","order":10327}
2026-09-15T10:20:10+00:00 NOTICE Email "customer_completed_order" for order #10262 not sent: email type is disabled CONTEXT: {"email_type":"customer_completed_order","status":"disabled","recipient":"guest","order":10262}
2026-09-15T10:20:20+00:00 NOTICE Email "customer_completed_order" for order #9809 not sent: email type is disabled CONTEXT: {"email_type":"customer_completed_order","status":"disabled","recipient":"guest","order":9809}
2026-09-15T10:20:20+00:00 NOTICE Email "customer_completed_order" for order #10249 not sent: email type is disabled CONTEXT: {"email_type":"customer_completed_order","status":"disabled","recipient":"guest","order":10249}
2026-09-15T10:20:40+00:00 NOTICE Email "customer_completed_order" for order #10342 not sent: email type is disabled CONTEXT: {"email_type":"customer_completed_order","status":"disabled","recipient":"guest","order":10342}
2026-09-15T10:20:40+00:00 NOTICE Email "customer_completed_order" for order #10034 not sent: email type is disabled CONTEXT: {"email_type":"customer_completed_order","status":"disabled","recipient":"guest","order":10034}
2026-09-15T10:21:57+00:00 NOTICE Email "customer_completed_order" for order #10266 not sent: email type is disabled CONTEXT: {"email_type":"customer_completed_order","status":"disabled","recipient":"guest","order":10266}
2026-09-15T10:22:08+00:00 NOTICE Email "customer_completed_order" for order #10225 not sent: email type is disabled CONTEXT: {"email_type":"customer_completed_order","status":"disabled","recipient":"guest","order":10225}
2026-09-15T10:22:09+00:00 NOTICE Email "customer_completed_order" for order #9786 not sent: email type is disabled CONTEXT: {"email_type":"customer_completed_order","status":"disabled","recipient":"guest","order":9786}
2026-09-15T10:22:22+00:00 NOTICE Email "customer_completed_order" for order #9923 not sent: email type is disabled CONTEXT: {"email_type":"customer_completed_order","status":"disabled","recipient":"guest","order":9923}
2026-09-15T10:22:23+00:00 NOTICE Email "customer_completed_order" for order #10345 not sent: email type is disabled CONTEXT: {"email_type":"customer_completed_order","status":"disabled","recipient":"guest","order":10345}
2026-09-15T10:22:23+00:00 NOTICE Email "customer_completed_order" for order #9892 not sent: email type is disabled CONTEXT: {"email_type":"customer_completed_order","status":"disabled","recipient":"guest","order":9892}
2026-09-15T10:22:31+00:00 NOTICE Email "customer_completed_order" for order #10289 not sent: email type is disabled CONTEXT: {"email_type":"customer_completed_order","status":"disabled","recipient":"guest","order":10289}
2026-09-15T10:22:31+00:00 NOTICE Email "customer_completed_order" for order #10219 not sent: email type is disabled CONTEXT: {"email_type":"customer_completed_order","status":"disabled","recipient":"guest","order":10219}
2026-09-15T10:22:31+00:00 NOTICE Email "customer_completed_order" for order #10338 not sent: email type is disabled CONTEXT: {"email_type":"customer_completed_order","status":"disabled","recipient":"guest","order":10338}
2026-09-15T10:22:36+00:00 NOTICE Email "customer_completed_order" for order #10199 not sent: email type is disabled CONTEXT: {"email_type":"customer_completed_order","status":"disabled","recipient":"guest","order":10199}
2026-09-15T10:22:36+00:00 NOTICE Email "customer_completed_order" for order #10197 not sent: email type is disabled CONTEXT: {"email_type":"customer_completed_order","status":"disabled","recipient":"guest","order":10197}
2026-09-15T10:22:48+00:00 NOTICE Email "customer_completed_order" for order #10286 not sent: email type is disabled CONTEXT: {"email_type":"customer_completed_order","status":"disabled","recipient":"guest","order":10286}
2026-09-15T10:22:48+00:00 NOTICE Email "customer_completed_order" for order #9852 not sent: email type is disabled CONTEXT: {"email_type":"customer_completed_order","status":"disabled","recipient":"guest","order":9852}
2026-09-15T10:23:00+00:00 NOTICE Email "customer_completed_order" for order #9936 not sent: email type is disabled CONTEXT: {"email_type":"customer_completed_order","status":"disabled","recipient":"guest","order":9936}
2026-09-15T10:23:00+00:00 NOTICE Email "customer_completed_order" for order #10196 not sent: email type is disabled CONTEXT: {"email_type":"customer_completed_order","status":"disabled","recipient":"guest","order":10196}
2026-09-15T10:23:08+00:00 NOTICE Email "customer_failed_order" for order #10208 not sent: email type is disabled CONTEXT: {"email_type":"customer_failed_order","status":"disabled","recipient":"guest","order":10208}
2026-09-15T10:23:11+00:00 NOTICE Email "customer_completed_order" for order #10239 not sent: email type is disabled CONTEXT: {"email_type":"customer_completed_order","status":"disabled","recipient":"guest","order":10239}
2026-09-15T10:23:11+00:00 NOTICE Email "customer_completed_order" for order #10168 not sent: email type is disabled CONTEXT: {"email_type":"customer_completed_order","status":"disabled","recipient":"guest","order":10168}
2026-09-15T10:25:55+00:00 NOTICE Email "customer_completed_order" for order #10342 not sent: email type is disabled CONTEXT: {"email_type":"customer_completed_order","status":"disabled","recipient":"guest","order":10342}
2026-09-15T10:25:55+00:00 NOTICE Email "customer_completed_order" for order #10034 not sent: email type is disabled CONTEXT: {"email_type":"customer_completed_order","status":"disabled","recipient":"guest","order":10034}
2026-09-15T10:26:48+00:00 NOTICE Email "customer_completed_order" for order #9798 not sent: email type is disabled CONTEXT: {"email_type":"customer_completed_order","status":"disabled","recipient":"guest","order":9798}
2026-09-15T10:26:58+00:00 NOTICE Email "customer_completed_order" for order #9900 not sent: email type is disabled CONTEXT: {"email_type":"customer_completed_order","status":"disabled","recipient":"guest","order":9900}
2026-09-15T10:27:08+00:00 NOTICE Email "customer_completed_order" for order #10112 not sent: email type is disabled CONTEXT: {"email_type":"customer_completed_order","status":"disabled","recipient":"guest","order":10112}
2026-09-15T10:27:47+00:00 NOTICE Email "customer_completed_order" for order #10086 not sent: email type is disabled CONTEXT: {"email_type":"customer_completed_order","status":"disabled","recipient":"guest","order":10086}
2026-09-15T10:27:57+00:00 NOTICE Email "customer_completed_order" for order #10285 not sent: email type is disabled CONTEXT: {"email_type":"customer_completed_order","status":"disabled","recipient":"guest","order":10285}
2026-09-15T10:28:09+00:00 NOTICE Email "customer_failed_order" for order #10320 not sent: email type is disabled CONTEXT: {"email_type":"customer_failed_order","status":"disabled","recipient":"guest","order":10320}
2026-09-15T10:28:31+00:00 NOTICE Email "customer_completed_order" for order #10222 not sent: email type is disabled CONTEXT: {"email_type":"customer_completed_order","status":"disabled","recipient":"guest","order":10222}
2026-09-15T10:28:41+00:00 NOTICE Email "customer_completed_order" for order #9833 not sent: email type is disabled CONTEXT: {"email_type":"customer_completed_order","status":"disabled","recipient":"guest","order":9833}
2026-09-15T10:28:52+00:00 NOTICE Email "customer_completed_order" for order #10185 not sent: email type is disabled CONTEXT: {"email_type":"customer_completed_order","status":"disabled","recipient":"guest","order":10185}
2026-09-15T10:28:52+00:00 NOTICE Email "customer_completed_order" for order #10233 not sent: email type is disabled CONTEXT: {"email_type":"customer_completed_order","status":"disabled","recipient":"guest","order":10233}
2026-09-15T10:28:59+00:00 NOTICE Email "customer_note" for order #10833 not sent: email type is disabled CONTEXT: {"email_type":"customer_note","status":"disabled","recipient":"guest","order":10833}
2026-09-15T10:30:45+00:00 NOTICE Email "customer_completed_order" for order #10342 not sent: email type is disabled CONTEXT: {"email_type":"customer_completed_order","status":"disabled","recipient":"guest","order":10342}
2026-09-15T10:30:45+00:00 NOTICE Email "customer_completed_order" for order #10266 not sent: email type is disabled CONTEXT: {"email_type":"customer_completed_order","status":"disabled","recipient":"guest","order":10266}
2026-09-15T10:30:52+00:00 NOTICE Email "customer_failed_order" for order #10208 not sent: email type is disabled CONTEXT: {"email_type":"customer_failed_order","status":"disabled","recipient":"guest","order":10208}
2026-09-15T10:30:58+00:00 NOTICE Email "customer_completed_order" for order #9757 not sent: email type is disabled CONTEXT: {"email_type":"customer_completed_order","status":"disabled","recipient":"guest","order":9757}
2026-09-15T10:30:58+00:00 NOTICE Email "customer_completed_order" for order #9766 not sent: email type is disabled CONTEXT: {"email_type":"customer_completed_order","status":"disabled","recipient":"guest","order":9766}
2026-09-15T10:30:58+00:00 NOTICE Email "customer_completed_order" for order #9786 not sent: email type is disabled CONTEXT: {"email_type":"customer_completed_order","status":"disabled","recipient":"guest","order":9786}
2026-09-15T10:30:58+00:00 NOTICE Email "customer_completed_order" for order #9798 not sent: email type is disabled CONTEXT: {"email_type":"customer_completed_order","status":"disabled","recipient":"guest","order":9798}
2026-09-15T10:30:58+00:00 NOTICE Email "customer_completed_order" for order #9810 not sent: email type is disabled CONTEXT: {"email_type":"customer_completed_order","status":"disabled","recipient":"guest","order":9810}
2026-09-15T10:30:58+00:00 NOTICE Email "customer_completed_order" for order #9830 not sent: email type is disabled CONTEXT: {"email_type":"customer_completed_order","status":"disabled","recipient":"guest","order":9830}
2026-09-15T10:31:09+00:00 NOTICE Email "customer_completed_order" for order #10225 not sent: email type is disabled CONTEXT: {"email_type":"customer_completed_order","status":"disabled","recipient":"guest","order":10225}
2026-09-15T10:31:13+00:00 NOTICE Email "customer_completed_order" for order #9900 not sent: email type is disabled CONTEXT: {"email_type":"customer_completed_order","status":"disabled","recipient":"guest","order":9900}
2026-09-15T10:31:13+00:00 NOTICE Email "customer_completed_order" for order #9923 not sent: email type is disabled CONTEXT: {"email_type":"customer_completed_order","status":"disabled","recipient":"guest","order":9923}
2026-09-15T10:31:13+00:00 NOTICE Email "customer_completed_order" for order #9936 not sent: email type is disabled CONTEXT: {"email_type":"customer_completed_order","status":"disabled","recipient":"guest","order":9936}
2026-09-15T10:31:13+00:00 NOTICE Email "customer_completed_order" for order #9950 not sent: email type is disabled CONTEXT: {"email_type":"customer_completed_order","status":"disabled","recipient":"guest","order":9950}
2026-09-15T10:31:13+00:00 NOTICE Email "customer_completed_order" for order #9952 not sent: email type is disabled CONTEXT: {"email_type":"customer_completed_order","status":"disabled","recipient":"guest","order":9952}
2026-09-15T10:31:14+00:00 NOTICE Email "customer_completed_order" for order #10003 not sent: email type is disabled CONTEXT: {"email_type":"customer_completed_order","status":"disabled","recipient":"guest","order":10003}
2026-09-15T10:31:14+00:00 NOTICE Email "customer_completed_order" for order #10061 not sent: email type is disabled CONTEXT: {"email_type":"customer_completed_order","status":"disabled","recipient":"guest","order":10061}
2026-09-15T10:31:14+00:00 NOTICE Email "customer_completed_order" for order #10112 not sent: email type is disabled CONTEXT: {"email_type":"customer_completed_order","status":"disabled","recipient":"guest","order":10112}
2026-09-15T10:31:15+00:00 NOTICE Email "customer_completed_order" for order #10126 not sent: email type is disabled CONTEXT: {"email_type":"customer_completed_order","status":"disabled","recipient":"guest","order":10126}
2026-09-15T10:31:15+00:00 NOTICE Email "customer_completed_order" for order #10140 not sent: email type is disabled CONTEXT: {"email_type":"customer_completed_order","status":"disabled","recipient":"guest","order":10140}
2026-09-15T10:31:46+00:00 NOTICE Email "customer_completed_order" for order #10196 not sent: email type is disabled CONTEXT: {"email_type":"customer_completed_order","status":"disabled","recipient":"guest","order":10196}
2026-09-15T10:31:46+00:00 NOTICE Email "customer_completed_order" for order #10239 not sent: email type is disabled CONTEXT: {"email_type":"customer_completed_order","status":"disabled","recipient":"guest","order":10239}
2026-09-15T10:31:46+00:00 NOTICE Email "customer_completed_order" for order #10247 not sent: email type is disabled CONTEXT: {"email_type":"customer_completed_order","status":"disabled","recipient":"guest","order":10247}
2026-09-15T10:31:47+00:00 NOTICE Email "customer_completed_order" for order #10285 not sent: email type is disabled CONTEXT: {"email_type":"customer_completed_order","status":"disabled","recipient":"guest","order":10285}
2026-09-15T10:31:47+00:00 NOTICE Email "customer_completed_order" for order #10336 not sent: email type is disabled CONTEXT: {"email_type":"customer_completed_order","status":"disabled","recipient":"guest","order":10336}
2026-09-15T10:31:55+00:00 NOTICE Email "customer_completed_order" for order #9851 not sent: email type is disabled CONTEXT: {"email_type":"customer_completed_order","status":"disabled","recipient":"guest","order":9851}
2026-09-15T10:32:00+00:00 INFO Email "cancelled_order" for order #10830 sent CONTEXT: {"email_type":"cancelled_order","status":"sent","recipient":"guest","order":10830}
2026-09-15T10:33:52+00:00 NOTICE Email "customer_completed_order" for order #9952 not sent: email type is disabled CONTEXT: {"email_type":"customer_completed_order","status":"disabled","recipient":"guest","order":9952}
2026-09-15T10:34:32+00:00 NOTICE Email "customer_completed_order" for order #10086 not sent: email type is disabled CONTEXT: {"email_type":"customer_completed_order","status":"disabled","recipient":"guest","order":10086}
2026-09-15T10:34:37+00:00 NOTICE Email "customer_completed_order" for order #9833 not sent: email type is disabled CONTEXT: {"email_type":"customer_completed_order","status":"disabled","recipient":"guest","order":9833}
2026-09-15T10:34:47+00:00 NOTICE Email "customer_completed_order" for order #10258 not sent: email type is disabled CONTEXT: {"email_type":"customer_completed_order","status":"disabled","recipient":"guest","order":10258}
2026-09-15T10:34:52+00:00 NOTICE Email "customer_completed_order" for order #10156 not sent: email type is disabled CONTEXT: {"email_type":"customer_completed_order","status":"disabled","recipient":"guest","order":10156}
2026-09-15T10:34:52+00:00 NOTICE Email "customer_completed_order" for order #9766 not sent: email type is disabled CONTEXT: {"email_type":"customer_completed_order","status":"disabled","recipient":"guest","order":9766}
2026-09-15T10:35:07+00:00 NOTICE Email "customer_completed_order" for order #10286 not sent: email type is disabled CONTEXT: {"email_type":"customer_completed_order","status":"disabled","recipient":"guest","order":10286}
2026-09-15T10:35:07+00:00 NOTICE Email "customer_completed_order" for order #9852 not sent: email type is disabled CONTEXT: {"email_type":"customer_completed_order","status":"disabled","recipient":"guest","order":9852}
2026-09-15T10:35:24+00:00 NOTICE Email "customer_completed_order" for order #10319 not sent: email type is disabled CONTEXT: {"email_type":"customer_completed_order","status":"disabled","recipient":"guest","order":10319}
2026-09-15T10:35:24+00:00 NOTICE Email "customer_completed_order" for order #10199 not sent: email type is disabled CONTEXT: {"email_type":"customer_completed_order","status":"disabled","recipient":"guest","order":10199}
2026-09-15T10:35:25+00:00 NOTICE Email "customer_completed_order" for order #10197 not sent: email type is disabled CONTEXT: {"email_type":"customer_completed_order","status":"disabled","recipient":"guest","order":10197}
2026-09-15T10:35:25+00:00 NOTICE Email "customer_completed_order" for order #10267 not sent: email type is disabled CONTEXT: {"email_type":"customer_completed_order","status":"disabled","recipient":"guest","order":10267}
2026-09-15T10:35:41+00:00 NOTICE Email "customer_failed_order" for order #10208 not sent: email type is disabled CONTEXT: {"email_type":"customer_failed_order","status":"disabled","recipient":"guest","order":10208}
2026-09-15T10:36:47+00:00 NOTICE Email "customer_completed_order" for order #9766 not sent: email type is disabled CONTEXT: {"email_type":"customer_completed_order","status":"disabled","recipient":"guest","order":9766}
2026-09-15T10:36:55+00:00 NOTICE Email "customer_note" for order #10834 not sent: email type is disabled CONTEXT: {"email_type":"customer_note","status":"disabled","recipient":"guest","order":10834}
2026-09-15T10:36:59+00:00 INFO Email "cancelled_order" for order #10833 sent CONTEXT: {"email_type":"cancelled_order","status":"sent","recipient":"guest","order":10833}
2026-09-15T10:37:05+00:00 NOTICE Email "customer_completed_order" for order #10061 not sent: email type is disabled CONTEXT: {"email_type":"customer_completed_order","status":"disabled","recipient":"guest","order":10061}
2026-09-15T10:37:05+00:00 NOTICE Email "customer_completed_order" for order #10003 not sent: email type is disabled CONTEXT: {"email_type":"customer_completed_order","status":"disabled","recipient":"guest","order":10003}
2026-09-15T10:37:37+00:00 NOTICE Email "customer_failed_order" for order #10351 not sent: email type is disabled CONTEXT: {"email_type":"customer_failed_order","status":"disabled","recipient":"guest","order":10351}
2026-09-15T10:37:57+00:00 NOTICE Email "customer_completed_order" for order #9786 not sent: email type is disabled CONTEXT: {"email_type":"customer_completed_order","status":"disabled","recipient":"guest","order":9786}
2026-09-15T10:38:13+00:00 NOTICE Email "customer_completed_order" for order #10219 not sent: email type is disabled CONTEXT: {"email_type":"customer_completed_order","status":"disabled","recipient":"guest","order":10219}
2026-09-15T10:38:13+00:00 NOTICE Email "customer_completed_order" for order #10289 not sent: email type is disabled CONTEXT: {"email_type":"customer_completed_order","status":"disabled","recipient":"guest","order":10289}
2026-09-15T10:38:13+00:00 NOTICE Email "customer_completed_order" for order #9892 not sent: email type is disabled CONTEXT: {"email_type":"customer_completed_order","status":"disabled","recipient":"guest","order":9892}
2026-09-15T10:38:29+00:00 NOTICE Email "customer_completed_order" for order #10345 not sent: email type is disabled CONTEXT: {"email_type":"customer_completed_order","status":"disabled","recipient":"guest","order":10345}
2026-09-15T10:38:29+00:00 NOTICE Email "customer_completed_order" for order #10327 not sent: email type is disabled CONTEXT: {"email_type":"customer_completed_order","status":"disabled","recipient":"guest","order":10327}
2026-09-15T10:38:46+00:00 NOTICE Email "customer_completed_order" for order #10262 not sent: email type is disabled CONTEXT: {"email_type":"customer_completed_order","status":"disabled","recipient":"guest","order":10262}
2026-09-15T10:38:47+00:00 NOTICE Email "customer_completed_order" for order #10216 not sent: email type is disabled CONTEXT: {"email_type":"customer_completed_order","status":"disabled","recipient":"guest","order":10216}
2026-09-15T10:39:04+00:00 NOTICE Email "customer_completed_order" for order #9923 not sent: email type is disabled CONTEXT: {"email_type":"customer_completed_order","status":"disabled","recipient":"guest","order":9923}
2026-09-15T10:39:04+00:00 NOTICE Email "customer_completed_order" for order #9809 not sent: email type is disabled CONTEXT: {"email_type":"customer_completed_order","status":"disabled","recipient":"guest","order":9809}
2026-09-15T10:39:15+00:00 NOTICE Email "customer_completed_order" for order #10249 not sent: email type is disabled CONTEXT: {"email_type":"customer_completed_order","status":"disabled","recipient":"guest","order":10249}
2026-09-15T10:44:16+00:00 NOTICE Email "customer_completed_order" for order #9833 not sent: email type is disabled CONTEXT: {"email_type":"customer_completed_order","status":"disabled","recipient":"guest","order":9833}
2026-09-15T10:44:25+00:00 NOTICE Email "customer_failed_order" for order #10320 not sent: email type is disabled CONTEXT: {"email_type":"customer_failed_order","status":"disabled","recipient":"guest","order":10320}
2026-09-15T10:44:25+00:00 NOTICE Email "customer_completed_order" for order #10196 not sent: email type is disabled CONTEXT: {"email_type":"customer_completed_order","status":"disabled","recipient":"guest","order":10196}
2026-09-15T10:44:27+00:00 NOTICE Email "customer_failed_order" for order #10302 not sent: email type is disabled CONTEXT: {"email_type":"customer_failed_order","status":"disabled","recipient":"guest","order":10302}
2026-09-15T10:44:40+00:00 NOTICE Email "customer_completed_order" for order #10338 not sent: email type is disabled CONTEXT: {"email_type":"customer_completed_order","status":"disabled","recipient":"guest","order":10338}
2026-09-15T10:44:40+00:00 NOTICE Email "customer_completed_order" for order #10199 not sent: email type is disabled CONTEXT: {"email_type":"customer_completed_order","status":"disabled","recipient":"guest","order":10199}
2026-09-15T10:44:40+00:00 NOTICE Email "customer_completed_order" for order #10319 not sent: email type is disabled CONTEXT: {"email_type":"customer_completed_order","status":"disabled","recipient":"guest","order":10319}
2026-09-15T10:44:52+00:00 NOTICE Email "customer_completed_order" for order #10267 not sent: email type is disabled CONTEXT: {"email_type":"customer_completed_order","status":"disabled","recipient":"guest","order":10267}
2026-09-15T10:44:55+00:00 NOTICE Email "customer_completed_order" for order #10233 not sent: email type is disabled CONTEXT: {"email_type":"customer_completed_order","status":"disabled","recipient":"guest","order":10233}
2026-09-15T10:45:07+00:00 NOTICE Email "customer_note" for order #10836 not sent: email type is disabled CONTEXT: {"email_type":"customer_note","status":"disabled","recipient":"guest","order":10836}
2026-09-15T10:45:07+00:00 NOTICE Email "customer_completed_order" for order #10185 not sent: email type is disabled CONTEXT: {"email_type":"customer_completed_order","status":"disabled","recipient":"guest","order":10185}
2026-09-15T10:45:18+00:00 NOTICE Email "customer_completed_order" for order #10285 not sent: email type is disabled CONTEXT: {"email_type":"customer_completed_order","status":"disabled","recipient":"guest","order":10285}
2026-09-15T10:45:19+00:00 NOTICE Email "customer_completed_order" for order #10086 not sent: email type is disabled CONTEXT: {"email_type":"customer_completed_order","status":"disabled","recipient":"guest","order":10086}
2026-09-15T10:45:21+00:00 NOTICE Email "customer_note" for order #10837 not sent: email type is disabled CONTEXT: {"email_type":"customer_note","status":"disabled","recipient":"guest","order":10837}
2026-09-15T10:45:21+00:00 NOTICE Email "customer_completed_order" for order #9900 not sent: email type is disabled CONTEXT: {"email_type":"customer_completed_order","status":"disabled","recipient":"guest","order":9900}
2026-09-15T10:45:22+00:00 NOTICE Email "customer_completed_order" for order #9798 not sent: email type is disabled CONTEXT: {"email_type":"customer_completed_order","status":"disabled","recipient":"guest","order":9798}
2026-09-15T10:45:22+00:00 NOTICE Email "customer_completed_order" for order #9830 not sent: email type is disabled CONTEXT: {"email_type":"customer_completed_order","status":"disabled","recipient":"guest","order":9830}
2026-09-15T10:45:26+00:00 INFO Email "cancelled_order" for order #10764 sent CONTEXT: {"email_type":"cancelled_order","status":"sent","recipient":"guest","order":10764}
2026-09-15T10:45:28+00:00 NOTICE Email "customer_completed_order" for order #9936 not sent: email type is disabled CONTEXT: {"email_type":"customer_completed_order","status":"disabled","recipient":"guest","order":9936}
2026-09-15T10:45:28+00:00 NOTICE Email "customer_completed_order" for order #9950 not sent: email type is disabled CONTEXT: {"email_type":"customer_completed_order","status":"disabled","recipient":"guest","order":9950}
2026-09-15T10:45:29+00:00 NOTICE Email "customer_completed_order" for order #10112 not sent: email type is disabled CONTEXT: {"email_type":"customer_completed_order","status":"disabled","recipient":"guest","order":10112}
2026-09-15T10:45:30+00:00 NOTICE Email "customer_completed_order" for order #10126 not sent: email type is disabled CONTEXT: {"email_type":"customer_completed_order","status":"disabled","recipient":"guest","order":10126}
2026-09-15T10:45:36+00:00 NOTICE Email "customer_note" for order #10836 not sent: email type is disabled CONTEXT: {"email_type":"customer_note","status":"disabled","recipient":"guest","order":10836}
2026-09-15T10:45:38+00:00 NOTICE Email "customer_completed_order" for order #10225 not sent: email type is disabled CONTEXT: {"email_type":"customer_completed_order","status":"disabled","recipient":"guest","order":10225}
2026-09-15T10:45:38+00:00 NOTICE Email "customer_completed_order" for order #10239 not sent: email type is disabled CONTEXT: {"email_type":"customer_completed_order","status":"disabled","recipient":"guest","order":10239}
2026-09-15T10:45:38+00:00 NOTICE Email "customer_completed_order" for order #10242 not sent: email type is disabled CONTEXT: {"email_type":"customer_completed_order","status":"disabled","recipient":"guest","order":10242}
2026-09-15T10:45:38+00:00 NOTICE Email "customer_completed_order" for order #10247 not sent: email type is disabled CONTEXT: {"email_type":"customer_completed_order","status":"disabled","recipient":"guest","order":10247}
2026-09-15T10:45:38+00:00 NOTICE Email "customer_completed_order" for order #10266 not sent: email type is disabled CONTEXT: {"email_type":"customer_completed_order","status":"disabled","recipient":"guest","order":10266}
2026-09-15T10:45:38+00:00 NOTICE Email "customer_completed_order" for order #10286 not sent: email type is disabled CONTEXT: {"email_type":"customer_completed_order","status":"disabled","recipient":"guest","order":10286}
2026-09-15T10:45:38+00:00 NOTICE Email "customer_completed_order" for order #10336 not sent: email type is disabled CONTEXT: {"email_type":"customer_completed_order","status":"disabled","recipient":"guest","order":10336}
2026-09-15T10:45:38+00:00 NOTICE Email "customer_completed_order" for order #10342 not sent: email type is disabled CONTEXT: {"email_type":"customer_completed_order","status":"disabled","recipient":"guest","order":10342}
2026-09-15T10:46:46+00:00 NOTICE Email "customer_note" for order #10836 not sent: email type is disabled CONTEXT: {"email_type":"customer_note","status":"disabled","recipient":"guest","order":10836}
2026-09-15T10:46:50+00:00 NOTICE Email "customer_completed_order" for order #10140 not sent: email type is disabled CONTEXT: {"email_type":"customer_completed_order","status":"disabled","recipient":"guest","order":10140}
2026-09-15T10:47:12+00:00 NOTICE Email "customer_completed_order" for order #9997 not sent: email type is disabled CONTEXT: {"email_type":"customer_completed_order","status":"disabled","recipient":"guest","order":9997}
2026-09-15T10:47:22+00:00 NOTICE Email "customer_completed_order" for order #10034 not sent: email type is disabled CONTEXT: {"email_type":"customer_completed_order","status":"disabled","recipient":"guest","order":10034}
2026-09-15T10:47:35+00:00 NOTICE Email "customer_note" for order #10838 not sent: email type is disabled CONTEXT: {"email_type":"customer_note","status":"disabled","recipient":"guest","order":10838}
2026-09-15T10:47:54+00:00 NOTICE Email "customer_completed_order" for order #9851 not sent: email type is disabled CONTEXT: {"email_type":"customer_completed_order","status":"disabled","recipient":"guest","order":9851}
2026-09-15T10:48:04+00:00 NOTICE Email "customer_completed_order" for order #10168 not sent: email type is disabled CONTEXT: {"email_type":"customer_completed_order","status":"disabled","recipient":"guest","order":10168}
2026-09-15T10:48:06+00:00 NOTICE Email "customer_note" for order #10838 not sent: email type is disabled CONTEXT: {"email_type":"customer_note","status":"disabled","recipient":"guest","order":10838}
2026-09-15T10:48:16+00:00 NOTICE Email "customer_completed_order" for order #7526 not sent: email type is disabled CONTEXT: {"email_type":"customer_completed_order","status":"disabled","recipient":"guest","order":7526}
2026-09-15T10:48:42+00:00 NOTICE Email "customer_note" for order #10838 not sent: email type is disabled CONTEXT: {"email_type":"customer_note","status":"disabled","recipient":"guest","order":10838}
2026-09-15T10:49:02+00:00 NOTICE Email "customer_failed_order" for order #10208 not sent: email type is disabled CONTEXT: {"email_type":"customer_failed_order","status":"disabled","recipient":"guest","order":10208}
2026-09-15T10:49:38+00:00 NOTICE Email "customer_note" for order #10838 not sent: email type is disabled CONTEXT: {"email_type":"customer_note","status":"disabled","recipient":"guest","order":10838}
2026-09-15T10:50:15+00:00 NOTICE Email "customer_note" for order #10836 not sent: email type is disabled CONTEXT: {"email_type":"customer_note","status":"disabled","recipient":"guest","order":10836}
2026-09-15T10:51:15+00:00 NOTICE Email "customer_note" for order #10838 not sent: email type is disabled CONTEXT: {"email_type":"customer_note","status":"disabled","recipient":"guest","order":10838}
2026-09-15T10:52:09+00:00 NOTICE Email "customer_completed_order" for order #9757 not sent: email type is disabled CONTEXT: {"email_type":"customer_completed_order","status":"disabled","recipient":"guest","order":9757}
2026-09-15T10:52:09+00:00 NOTICE Email "customer_completed_order" for order #9851 not sent: email type is disabled CONTEXT: {"email_type":"customer_completed_order","status":"disabled","recipient":"guest","order":9851}
2026-09-15T10:52:43+00:00 NOTICE Email "customer_completed_order" for order #10034 not sent: email type is disabled CONTEXT: {"email_type":"customer_completed_order","status":"disabled","recipient":"guest","order":10034}
2026-09-15T10:52:53+00:00 NOTICE Email "customer_completed_order" for order #10140 not sent: email type is disabled CONTEXT: {"email_type":"customer_completed_order","status":"disabled","recipient":"guest","order":10140}
2026-09-15T10:53:05+00:00 NOTICE Email "customer_completed_order" for order #9810 not sent: email type is disabled CONTEXT: {"email_type":"customer_completed_order","status":"disabled","recipient":"guest","order":9810}
2026-09-15T10:53:51+00:00 NOTICE Email "customer_completed_order" for order #10319 not sent: email type is disabled CONTEXT: {"email_type":"customer_completed_order","status":"disabled","recipient":"guest","order":10319}
2026-09-15T10:54:10+00:00 NOTICE Email "customer_completed_order" for order #9892 not sent: email type is disabled CONTEXT: {"email_type":"customer_completed_order","status":"disabled","recipient":"guest","order":9892}
2026-09-15T10:55:03+00:00 NOTICE Email "customer_completed_order" for order #9852 not sent: email type is disabled CONTEXT: {"email_type":"customer_completed_order","status":"disabled","recipient":"guest","order":9852}
2026-09-15T10:55:23+00:00 NOTICE Email "customer_completed_order" for order #9952 not sent: email type is disabled CONTEXT: {"email_type":"customer_completed_order","status":"disabled","recipient":"guest","order":9952}
2026-09-15T10:55:23+00:00 NOTICE Email "customer_completed_order" for order #9830 not sent: email type is disabled CONTEXT: {"email_type":"customer_completed_order","status":"disabled","recipient":"guest","order":9830}
2026-09-15T10:55:26+00:00 INFO Email "new_order" for order #10839 sent CONTEXT: {"email_type":"new_order","status":"sent","recipient":"guest","order":10839}
2026-09-15T10:55:26+00:00 NOTICE Email "customer_processing_order" for order #10839 not sent: email type is disabled CONTEXT: {"email_type":"customer_processing_order","status":"disabled","recipient":"guest","order":10839}
2026-09-15T10:55:26+00:00 NOTICE Email "customer_note" for order #10839 not sent: email type is disabled CONTEXT: {"email_type":"customer_note","status":"disabled","recipient":"guest","order":10839}
2026-09-15T10:56:01+00:00 NOTICE Email "customer_completed_order" for order #10219 not sent: email type is disabled CONTEXT: {"email_type":"customer_completed_order","status":"disabled","recipient":"guest","order":10219}
2026-09-15T10:56:01+00:00 NOTICE Email "customer_completed_order" for order #10266 not sent: email type is disabled CONTEXT: {"email_type":"customer_completed_order","status":"disabled","recipient":"guest","order":10266}
2026-09-15T10:58:17+00:00 NOTICE Email "customer_note" for order #10842 not sent: email type is disabled CONTEXT: {"email_type":"customer_note","status":"disabled","recipient":"guest","order":10842}
2026-09-15T10:58:40+00:00 NOTICE Email "customer_completed_order" for order #10267 not sent: email type is disabled CONTEXT: {"email_type":"customer_completed_order","status":"disabled","recipient":"guest","order":10267}
2026-09-15T10:59:41+00:00 NOTICE Email "customer_note" for order #10838 not sent: email type is disabled CONTEXT: {"email_type":"customer_note","status":"disabled","recipient":"guest","order":10838}
2026-09-15T10:59:47+00:00 NOTICE Email "customer_note" for order #10843 not sent: email type is disabled CONTEXT: {"email_type":"customer_note","status":"disabled","recipient":"guest","order":10843}
2026-09-15T10:59:56+00:00 NOTICE Email "customer_completed_order" for order #7526 not sent: email type is disabled CONTEXT: {"email_type":"customer_completed_order","status":"disabled","recipient":"guest","order":7526}
2026-09-15T11:00:10+00:00 NOTICE Email "customer_completed_order" for order #10285 not sent: email type is disabled CONTEXT: {"email_type":"customer_completed_order","status":"disabled","recipient":"guest","order":10285}
2026-09-15T11:00:18+00:00 NOTICE Email "customer_note" for order #10843 not sent: email type is disabled CONTEXT: {"email_type":"customer_note","status":"disabled","recipient":"guest","order":10843}
2026-09-15T11:00:21+00:00 NOTICE Email "customer_completed_order" for order #9923 not sent: email type is disabled CONTEXT: {"email_type":"customer_completed_order","status":"disabled","recipient":"guest","order":9923}
2026-09-15T11:00:22+00:00 NOTICE Email "customer_completed_order" for order #10216 not sent: email type is disabled CONTEXT: {"email_type":"customer_completed_order","status":"disabled","recipient":"guest","order":10216}
2026-09-15T11:00:22+00:00 NOTICE Email "customer_completed_order" for order #9809 not sent: email type is disabled CONTEXT: {"email_type":"customer_completed_order","status":"disabled","recipient":"guest","order":9809}
2026-09-15T11:00:23+00:00 NOTICE Email "customer_note" for order #10841 not sent: email type is disabled CONTEXT: {"email_type":"customer_note","status":"disabled","recipient":"guest","order":10841}
2026-09-15T11:00:31+00:00 NOTICE Email "customer_completed_order" for order #9833 not sent: email type is disabled CONTEXT: {"email_type":"customer_completed_order","status":"disabled","recipient":"guest","order":9833}
2026-09-15T11:00:31+00:00 NOTICE Email "customer_completed_order" for order #9851 not sent: email type is disabled CONTEXT: {"email_type":"customer_completed_order","status":"disabled","recipient":"guest","order":9851}
2026-09-15T11:00:42+00:00 NOTICE Email "customer_completed_order" for order #10249 not sent: email type is disabled CONTEXT: {"email_type":"customer_completed_order","status":"disabled","recipient":"guest","order":10249}
2026-09-15T11:00:42+00:00 NOTICE Email "customer_completed_order" for order #10338 not sent: email type is disabled CONTEXT: {"email_type":"customer_completed_order","status":"disabled","recipient":"guest","order":10338}
2026-09-15T11:00:51+00:00 NOTICE Email "customer_completed_order" for order #10168 not sent: email type is disabled CONTEXT: {"email_type":"customer_completed_order","status":"disabled","recipient":"guest","order":10168}
2026-09-15T11:00:52+00:00 NOTICE Email "customer_completed_order" for order #9900 not sent: email type is disabled CONTEXT: {"email_type":"customer_completed_order","status":"disabled","recipient":"guest","order":9900}
2026-09-15T11:00:52+00:00 NOTICE Email "customer_completed_order" for order #10242 not sent: email type is disabled CONTEXT: {"email_type":"customer_completed_order","status":"disabled","recipient":"guest","order":10242}
2026-09-15T11:00:52+00:00 NOTICE Email "customer_completed_order" for order #10225 not sent: email type is disabled CONTEXT: {"email_type":"customer_completed_order","status":"disabled","recipient":"guest","order":10225}
2026-09-15T11:01:01+00:00 NOTICE Email "customer_completed_order" for order #10233 not sent: email type is disabled CONTEXT: {"email_type":"customer_completed_order","status":"disabled","recipient":"guest","order":10233}
2026-09-15T11:01:01+00:00 NOTICE Email "customer_completed_order" for order #10289 not sent: email type is disabled CONTEXT: {"email_type":"customer_completed_order","status":"disabled","recipient":"guest","order":10289}
2026-09-15T11:01:12+00:00 NOTICE Email "customer_completed_order" for order #10199 not sent: email type is disabled CONTEXT: {"email_type":"customer_completed_order","status":"disabled","recipient":"guest","order":10199}
2026-09-15T11:01:12+00:00 NOTICE Email "customer_completed_order" for order #10222 not sent: email type is disabled CONTEXT: {"email_type":"customer_completed_order","status":"disabled","recipient":"guest","order":10222}
2026-09-15T11:01:24+00:00 NOTICE Email "customer_failed_order" for order #10302 not sent: email type is disabled CONTEXT: {"email_type":"customer_failed_order","status":"disabled","recipient":"guest","order":10302}
2026-09-15T11:01:24+00:00 NOTICE Email "customer_completed_order" for order #10342 not sent: email type is disabled CONTEXT: {"email_type":"customer_completed_order","status":"disabled","recipient":"guest","order":10342}
2026-09-15T11:01:29+00:00 INFO Email "new_order" for order #10843 sent CONTEXT: {"email_type":"new_order","status":"sent","recipient":"guest","order":10843}
2026-09-15T11:01:29+00:00 NOTICE Email "customer_processing_order" for order #10843 not sent: email type is disabled CONTEXT: {"email_type":"customer_processing_order","status":"disabled","recipient":"guest","order":10843}
2026-09-15T11:01:29+00:00 NOTICE Email "customer_note" for order #10843 not sent: email type is disabled CONTEXT: {"email_type":"customer_note","status":"disabled","recipient":"guest","order":10843}
2026-09-15T11:01:57+00:00 NOTICE Email "customer_completed_order" for order #9952 not sent: email type is disabled CONTEXT: {"email_type":"customer_completed_order","status":"disabled","recipient":"guest","order":9952}
2026-09-15T11:01:58+00:00 NOTICE Email "customer_completed_order" for order #10239 not sent: email type is disabled CONTEXT: {"email_type":"customer_completed_order","status":"disabled","recipient":"guest","order":10239}
2026-09-15T11:01:58+00:00 NOTICE Email "customer_completed_order" for order #9798 not sent: email type is disabled CONTEXT: {"email_type":"customer_completed_order","status":"disabled","recipient":"guest","order":9798}
2026-09-15T11:02:07+00:00 NOTICE Email "customer_completed_order" for order #10262 not sent: email type is disabled CONTEXT: {"email_type":"customer_completed_order","status":"disabled","recipient":"guest","order":10262}
2026-09-15T11:03:00+00:00 NOTICE Email "customer_completed_order" for order #10034 not sent: email type is disabled CONTEXT: {"email_type":"customer_completed_order","status":"disabled","recipient":"guest","order":10034}
2026-09-15T11:03:00+00:00 NOTICE Email "customer_completed_order" for order #10345 not sent: email type is disabled CONTEXT: {"email_type":"customer_completed_order","status":"disabled","recipient":"guest","order":10345}
2026-09-15T11:03:01+00:00 NOTICE Email "customer_completed_order" for order #10336 not sent: email type is disabled CONTEXT: {"email_type":"customer_completed_order","status":"disabled","recipient":"guest","order":10336}
2026-09-15T11:03:04+00:00 NOTICE Email "customer_completed_order" for order #9892 not sent: email type is disabled CONTEXT: {"email_type":"customer_completed_order","status":"disabled","recipient":"guest","order":9892}
2026-09-15T11:03:20+00:00 NOTICE Email "customer_failed_order" for order #10351 not sent: email type is disabled CONTEXT: {"email_type":"customer_failed_order","status":"disabled","recipient":"guest","order":10351}
2026-09-15T11:04:34+00:00 NOTICE Email "customer_note" for order #10844 not sent: email type is disabled CONTEXT: {"email_type":"customer_note","status":"disabled","recipient":"guest","order":10844}
2026-09-15T11:04:54+00:00 NOTICE Email "customer_completed_order" for order #10319 not sent: email type is disabled CONTEXT: {"email_type":"customer_completed_order","status":"disabled","recipient":"guest","order":10319}
2026-09-15T11:04:56+00:00 NOTICE Email "customer_completed_order" for order #10342 not sent: email type is disabled CONTEXT: {"email_type":"customer_completed_order","status":"disabled","recipient":"guest","order":10342}
2026-09-15T11:05:05+00:00 NOTICE Email "customer_completed_order" for order #10199 not sent: email type is disabled CONTEXT: {"email_type":"customer_completed_order","status":"disabled","recipient":"guest","order":10199}
2026-09-15T11:05:13+00:00 NOTICE Email "customer_completed_order" for order #10185 not sent: email type is disabled CONTEXT: {"email_type":"customer_completed_order","status":"disabled","recipient":"guest","order":10185}
2026-09-15T11:05:14+00:00 NOTICE Email "customer_completed_order" for order #9786 not sent: email type is disabled CONTEXT: {"email_type":"customer_completed_order","status":"disabled","recipient":"guest","order":9786}
2026-09-15T11:05:15+00:00 NOTICE Email "customer_completed_order" for order #10219 not sent: email type is disabled CONTEXT: {"email_type":"customer_completed_order","status":"disabled","recipient":"guest","order":10219}
2026-09-15T11:05:17+00:00 NOTICE Email "customer_completed_order" for order #10258 not sent: email type is disabled CONTEXT: {"email_type":"customer_completed_order","status":"disabled","recipient":"guest","order":10258}
2026-09-15T11:05:27+00:00 NOTICE Email "customer_completed_order" for order #10247 not sent: email type is disabled CONTEXT: {"email_type":"customer_completed_order","status":"disabled","recipient":"guest","order":10247}
2026-09-15T11:05:27+00:00 NOTICE Email "customer_completed_order" for order #10225 not sent: email type is disabled CONTEXT: {"email_type":"customer_completed_order","status":"disabled","recipient":"guest","order":10225}
2026-09-15T11:05:29+00:00 NOTICE Email "customer_completed_order" for order #7526 not sent: email type is disabled CONTEXT: {"email_type":"customer_completed_order","status":"disabled","recipient":"guest","order":7526}
2026-09-15T11:05:37+00:00 NOTICE Email "customer_completed_order" for order #10197 not sent: email type is disabled CONTEXT: {"email_type":"customer_completed_order","status":"disabled","recipient":"guest","order":10197}
2026-09-15T11:05:37+00:00 NOTICE Email "customer_completed_order" for order #9950 not sent: email type is disabled CONTEXT: {"email_type":"customer_completed_order","status":"disabled","recipient":"guest","order":9950}
2026-09-15T11:05:37+00:00 NOTICE Email "customer_completed_order" for order #9936 not sent: email type is disabled CONTEXT: {"email_type":"customer_completed_order","status":"disabled","recipient":"guest","order":9936}
2026-09-15T11:05:38+00:00 NOTICE Email "customer_completed_order" for order #10126 not sent: email type is disabled CONTEXT: {"email_type":"customer_completed_order","status":"disabled","recipient":"guest","order":10126}
2026-09-15T11:05:47+00:00 NOTICE Email "customer_completed_order" for order #10266 not sent: email type is disabled CONTEXT: {"email_type":"customer_completed_order","status":"disabled","recipient":"guest","order":10266}
2026-09-15T11:06:22+00:00 INFO Email "new_order" for order #10844 sent CONTEXT: {"email_type":"new_order","status":"sent","recipient":"guest","order":10844}
2026-09-15T11:06:22+00:00 NOTICE Email "customer_processing_order" for order #10844 not sent: email type is disabled CONTEXT: {"email_type":"customer_processing_order","status":"disabled","recipient":"guest","order":10844}
2026-09-15T11:06:22+00:00 NOTICE Email "customer_note" for order #10844 not sent: email type is disabled CONTEXT: {"email_type":"customer_note","status":"disabled","recipient":"guest","order":10844}
2026-09-15T11:07:26+00:00 NOTICE Email "customer_completed_order" for order #10196 not sent: email type is disabled CONTEXT: {"email_type":"customer_completed_order","status":"disabled","recipient":"guest","order":10196}
2026-09-15T11:07:37+00:00 NOTICE Email "customer_completed_order" for order #9852 not sent: email type is disabled CONTEXT: {"email_type":"customer_completed_order","status":"disabled","recipient":"guest","order":9852}
2026-09-15T11:07:49+00:00 NOTICE Email "customer_completed_order" for order #10112 not sent: email type is disabled CONTEXT: {"email_type":"customer_completed_order","status":"disabled","recipient":"guest","order":10112}
2026-09-15T11:07:59+00:00 NOTICE Email "customer_completed_order" for order #10061 not sent: email type is disabled CONTEXT: {"email_type":"customer_completed_order","status":"disabled","recipient":"guest","order":10061}
2026-09-15T11:08:09+00:00 NOTICE Email "customer_completed_order" for order #9833 not sent: email type is disabled CONTEXT: {"email_type":"customer_completed_order","status":"disabled","recipient":"guest","order":9833}
2026-09-15T11:08:09+00:00 NOTICE Email "customer_failed_order" for order #10320 not sent: email type is disabled CONTEXT: {"email_type":"customer_failed_order","status":"disabled","recipient":"guest","order":10320}
2026-09-15T11:08:09+00:00 NOTICE Email "customer_completed_order" for order #9851 not sent: email type is disabled CONTEXT: {"email_type":"customer_completed_order","status":"disabled","recipient":"guest","order":9851}
2026-09-15T11:08:15+00:00 NOTICE Email "customer_failed_order" for order #10351 not sent: email type is disabled CONTEXT: {"email_type":"customer_failed_order","status":"disabled","recipient":"guest","order":10351}
2026-09-15T11:08:15+00:00 NOTICE Email "customer_failed_order" for order #10208 not sent: email type is disabled CONTEXT: {"email_type":"customer_failed_order","status":"disabled","recipient":"guest","order":10208}
2026-09-15T11:08:19+00:00 NOTICE Email "customer_completed_order" for order #9997 not sent: email type is disabled CONTEXT: {"email_type":"customer_completed_order","status":"disabled","recipient":"guest","order":9997}
2026-09-15T11:08:47+00:00 NOTICE Email "customer_completed_order" for order #9923 not sent: email type is disabled CONTEXT: {"email_type":"customer_completed_order","status":"disabled","recipient":"guest","order":9923}
2026-09-15T11:08:47+00:00 NOTICE Email "customer_completed_order" for order #9809 not sent: email type is disabled CONTEXT: {"email_type":"customer_completed_order","status":"disabled","recipient":"guest","order":9809}
2026-09-15T11:08:47+00:00 NOTICE Email "customer_completed_order" for order #9757 not sent: email type is disabled CONTEXT: {"email_type":"customer_completed_order","status":"disabled","recipient":"guest","order":9757}
2026-09-15T11:08:57+00:00 NOTICE Email "customer_note" for order #10845 not sent: email type is disabled CONTEXT: {"email_type":"customer_note","status":"disabled","recipient":"guest","order":10845}
2026-09-15T11:09:24+00:00 NOTICE Email "customer_note" for order #10845 not sent: email type is disabled CONTEXT: {"email_type":"customer_note","status":"disabled","recipient":"guest","order":10845}
2026-09-15T11:10:31+00:00 INFO Email "new_order" for order #10845 sent CONTEXT: {"email_type":"new_order","status":"sent","recipient":"guest","order":10845}
2026-09-15T11:10:31+00:00 NOTICE Email "customer_processing_order" for order #10845 not sent: email type is disabled CONTEXT: {"email_type":"customer_processing_order","status":"disabled","recipient":"guest","order":10845}
2026-09-15T11:10:31+00:00 NOTICE Email "customer_note" for order #10845 not sent: email type is disabled CONTEXT: {"email_type":"customer_note","status":"disabled","recipient":"guest","order":10845}
2026-09-15T11:10:34+00:00 NOTICE Email "customer_completed_order" for order #10225 not sent: email type is disabled CONTEXT: {"email_type":"customer_completed_order","status":"disabled","recipient":"guest","order":10225}
2026-09-15T11:10:35+00:00 NOTICE Email "customer_completed_order" for order #10266 not sent: email type is disabled CONTEXT: {"email_type":"customer_completed_order","status":"disabled","recipient":"guest","order":10266}
2026-09-15T11:10:45+00:00 NOTICE Email "customer_completed_order" for order #10140 not sent: email type is disabled CONTEXT: {"email_type":"customer_completed_order","status":"disabled","recipient":"guest","order":10140}
2026-09-15T11:10:54+00:00 NOTICE Email "customer_completed_order" for order #10289 not sent: email type is disabled CONTEXT: {"email_type":"customer_completed_order","status":"disabled","recipient":"guest","order":10289}
2026-09-15T11:10:54+00:00 NOTICE Email "customer_completed_order" for order #10258 not sent: email type is disabled CONTEXT: {"email_type":"customer_completed_order","status":"disabled","recipient":"guest","order":10258}
2026-09-15T11:10:55+00:00 NOTICE Email "customer_completed_order" for order #10285 not sent: email type is disabled CONTEXT: {"email_type":"customer_completed_order","status":"disabled","recipient":"guest","order":10285}
2026-09-15T11:10:55+00:00 NOTICE Email "customer_completed_order" for order #9936 not sent: email type is disabled CONTEXT: {"email_type":"customer_completed_order","status":"disabled","recipient":"guest","order":9936}
2026-09-15T11:10:55+00:00 NOTICE Email "customer_completed_order" for order #9950 not sent: email type is disabled CONTEXT: {"email_type":"customer_completed_order","status":"disabled","recipient":"guest","order":9950}
2026-09-15T11:10:55+00:00 NOTICE Email "customer_completed_order" for order #10197 not sent: email type is disabled CONTEXT: {"email_type":"customer_completed_order","status":"disabled","recipient":"guest","order":10197}
2026-09-15T11:11:04+00:00 NOTICE Email "customer_completed_order" for order #9810 not sent: email type is disabled CONTEXT: {"email_type":"customer_completed_order","status":"disabled","recipient":"guest","order":9810}
2026-09-15T11:11:04+00:00 NOTICE Email "customer_completed_order" for order #10126 not sent: email type is disabled CONTEXT: {"email_type":"customer_completed_order","status":"disabled","recipient":"guest","order":10126}
2026-09-15T11:11:04+00:00 NOTICE Email "customer_completed_order" for order #7526 not sent: email type is disabled CONTEXT: {"email_type":"customer_completed_order","status":"disabled","recipient":"guest","order":7526}
2026-09-15T11:11:04+00:00 NOTICE Email "customer_failed_order" for order #10208 not sent: email type is disabled CONTEXT: {"email_type":"customer_failed_order","status":"disabled","recipient":"guest","order":10208}
2026-09-15T11:11:05+00:00 NOTICE Email "customer_failed_order" for order #10351 not sent: email type is disabled CONTEXT: {"email_type":"customer_failed_order","status":"disabled","recipient":"guest","order":10351}
2026-09-15T11:11:13+00:00 NOTICE Email "customer_completed_order" for order #10219 not sent: email type is disabled CONTEXT: {"email_type":"customer_completed_order","status":"disabled","recipient":"guest","order":10219}
2026-09-15T11:11:14+00:00 NOTICE Email "customer_completed_order" for order #9786 not sent: email type is disabled CONTEXT: {"email_type":"customer_completed_order","status":"disabled","recipient":"guest","order":9786}
2026-09-15T11:11:14+00:00 NOTICE Email "customer_completed_order" for order #10168 not sent: email type is disabled CONTEXT: {"email_type":"customer_completed_order","status":"disabled","recipient":"guest","order":10168}
2026-09-15T11:11:23+00:00 NOTICE Email "customer_completed_order" for order #10185 not sent: email type is disabled CONTEXT: {"email_type":"customer_completed_order","status":"disabled","recipient":"guest","order":10185}
2026-09-15T11:11:34+00:00 NOTICE Email "customer_completed_order" for order #10262 not sent: email type is disabled CONTEXT: {"email_type":"customer_completed_order","status":"disabled","recipient":"guest","order":10262}
2026-09-15T11:11:41+00:00 NOTICE Email "customer_completed_order" for order #10003 not sent: email type is disabled CONTEXT: {"email_type":"customer_completed_order","status":"disabled","recipient":"guest","order":10003}
2026-09-15T11:12:00+00:00 NOTICE Email "customer_completed_order" for order #10338 not sent: email type is disabled CONTEXT: {"email_type":"customer_completed_order","status":"disabled","recipient":"guest","order":10338}
2026-09-15T11:12:00+00:00 NOTICE Email "customer_completed_order" for order #9900 not sent: email type is disabled CONTEXT: {"email_type":"customer_completed_order","status":"disabled","recipient":"guest","order":9900}
2026-09-15T11:12:09+00:00 NOTICE Email "customer_completed_order" for order #9766 not sent: email type is disabled CONTEXT: {"email_type":"customer_completed_order","status":"disabled","recipient":"guest","order":9766}
2026-09-15T11:12:09+00:00 NOTICE Email "customer_completed_order" for order #9830 not sent: email type is disabled CONTEXT: {"email_type":"customer_completed_order","status":"disabled","recipient":"guest","order":9830}
2026-09-15T11:12:14+00:00 NOTICE Email "customer_completed_order" for order #10061 not sent: email type is disabled CONTEXT: {"email_type":"customer_completed_order","status":"disabled","recipient":"guest","order":10061}
2026-09-15T11:12:19+00:00 NOTICE Email "customer_completed_order" for order #10262 not sent: email type is disabled CONTEXT: {"email_type":"customer_completed_order","status":"disabled","recipient":"guest","order":10262}
2026-09-15T11:12:25+00:00 NOTICE Email "customer_completed_order" for order #10289 not sent: email type is disabled CONTEXT: {"email_type":"customer_completed_order","status":"disabled","recipient":"guest","order":10289}
2026-09-15T11:12:25+00:00 NOTICE Email "customer_completed_order" for order #10156 not sent: email type is disabled CONTEXT: {"email_type":"customer_completed_order","status":"disabled","recipient":"guest","order":10156}
2026-09-15T11:12:25+00:00 NOTICE Email "customer_completed_order" for order #10216 not sent: email type is disabled CONTEXT: {"email_type":"customer_completed_order","status":"disabled","recipient":"guest","order":10216}
2026-09-15T11:12:33+00:00 NOTICE Email "customer_note" for order #10846 not sent: email type is disabled CONTEXT: {"email_type":"customer_note","status":"disabled","recipient":"guest","order":10846}
2026-09-15T11:12:52+00:00 NOTICE Email "customer_completed_order" for order #10034 not sent: email type is disabled CONTEXT: {"email_type":"customer_completed_order","status":"disabled","recipient":"guest","order":10034}
2026-09-15T11:12:53+00:00 NOTICE Email "customer_completed_order" for order #10345 not sent: email type is disabled CONTEXT: {"email_type":"customer_completed_order","status":"disabled","recipient":"guest","order":10345}
2026-09-15T11:12:53+00:00 NOTICE Email "customer_completed_order" for order #10336 not sent: email type is disabled CONTEXT: {"email_type":"customer_completed_order","status":"disabled","recipient":"guest","order":10336}
2026-09-15T11:13:02+00:00 NOTICE Email "customer_completed_order" for order #9892 not sent: email type is disabled CONTEXT: {"email_type":"customer_completed_order","status":"disabled","recipient":"guest","order":9892}
2026-09-15T11:13:02+00:00 NOTICE Email "customer_completed_order" for order #10267 not sent: email type is disabled CONTEXT: {"email_type":"customer_completed_order","status":"disabled","recipient":"guest","order":10267}
2026-09-15T11:13:02+00:00 NOTICE Email "customer_completed_order" for order #10327 not sent: email type is disabled CONTEXT: {"email_type":"customer_completed_order","status":"disabled","recipient":"guest","order":10327}
2026-09-15T11:13:02+00:00 NOTICE Email "customer_completed_order" for order #9952 not sent: email type is disabled CONTEXT: {"email_type":"customer_completed_order","status":"disabled","recipient":"guest","order":9952}
2026-09-15T11:13:03+00:00 NOTICE Email "customer_completed_order" for order #10319 not sent: email type is disabled CONTEXT: {"email_type":"customer_completed_order","status":"disabled","recipient":"guest","order":10319}
2026-09-15T11:13:26+00:00 NOTICE Email "customer_completed_order" for order #10086 not sent: email type is disabled CONTEXT: {"email_type":"customer_completed_order","status":"disabled","recipient":"guest","order":10086}
2026-09-15T11:13:28+00:00 NOTICE Email "customer_completed_order" for order #9809 not sent: email type is disabled CONTEXT: {"email_type":"customer_completed_order","status":"disabled","recipient":"guest","order":9809}
2026-09-15T11:13:29+00:00 NOTICE Email "customer_completed_order" for order #9798 not sent: email type is disabled CONTEXT: {"email_type":"customer_completed_order","status":"disabled","recipient":"guest","order":9798}
2026-09-15T11:13:37+00:00 NOTICE Email "customer_failed_order" for order #10320 not sent: email type is disabled CONTEXT: {"email_type":"customer_failed_order","status":"disabled","recipient":"guest","order":10320}
2026-09-15T11:13:39+00:00 NOTICE Email "customer_completed_order" for order #9923 not sent: email type is disabled CONTEXT: {"email_type":"customer_completed_order","status":"disabled","recipient":"guest","order":9923}
2026-09-15T11:13:39+00:00 NOTICE Email "customer_completed_order" for order #10222 not sent: email type is disabled CONTEXT: {"email_type":"customer_completed_order","status":"disabled","recipient":"guest","order":10222}
2026-09-15T11:13:44+00:00 NOTICE Email "customer_completed_order" for order #10196 not sent: email type is disabled CONTEXT: {"email_type":"customer_completed_order","status":"disabled","recipient":"guest","order":10196}
2026-09-15T11:13:51+00:00 NOTICE Email "customer_completed_order" for order #10286 not sent: email type is disabled CONTEXT: {"email_type":"customer_completed_order","status":"disabled","recipient":"guest","order":10286}
2026-09-15T11:13:51+00:00 NOTICE Email "customer_completed_order" for order #10239 not sent: email type is disabled CONTEXT: {"email_type":"customer_completed_order","status":"disabled","recipient":"guest","order":10239}
2026-09-15T11:13:51+00:00 NOTICE Email "customer_completed_order" for order #10199 not sent: email type is disabled CONTEXT: {"email_type":"customer_completed_order","status":"disabled","recipient":"guest","order":10199}
2026-09-15T11:13:59+00:00 NOTICE Email "customer_completed_order" for order #10342 not sent: email type is disabled CONTEXT: {"email_type":"customer_completed_order","status":"disabled","recipient":"guest","order":10342}
2026-09-15T11:14:10+00:00 NOTICE Email "customer_failed_order" for order #10302 not sent: email type is disabled CONTEXT: {"email_type":"customer_failed_order","status":"disabled","recipient":"guest","order":10302}
2026-09-15T11:14:33+00:00 NOTICE Email "customer_note" for order #10846 not sent: email type is disabled CONTEXT: {"email_type":"customer_note","status":"disabled","recipient":"guest","order":10846}
2026-09-15T11:15:03+00:00 NOTICE Email "customer_completed_order" for order #10061 not sent: email type is disabled CONTEXT: {"email_type":"customer_completed_order","status":"disabled","recipient":"guest","order":10061}
2026-09-15T11:15:10+00:00 NOTICE Email "customer_completed_order" for order #10338 not sent: email type is disabled CONTEXT: {"email_type":"customer_completed_order","status":"disabled","recipient":"guest","order":10338}
2026-09-15T11:15:14+00:00 NOTICE Email "customer_completed_order" for order #10247 not sent: email type is disabled CONTEXT: {"email_type":"customer_completed_order","status":"disabled","recipient":"guest","order":10247}
2026-09-15T11:15:14+00:00 NOTICE Email "customer_completed_order" for order #10233 not sent: email type is disabled CONTEXT: {"email_type":"customer_completed_order","status":"disabled","recipient":"guest","order":10233}
2026-09-15T11:15:14+00:00 NOTICE Email "customer_completed_order" for order #10140 not sent: email type is disabled CONTEXT: {"email_type":"customer_completed_order","status":"disabled","recipient":"guest","order":10140}
2026-09-15T11:15:15+00:00 NOTICE Email "customer_note" for order #10846 not sent: email type is disabled CONTEXT: {"email_type":"customer_note","status":"disabled","recipient":"guest","order":10846}
2026-09-15T11:15:18+00:00 NOTICE Email "customer_completed_order" for order #9997 not sent: email type is disabled CONTEXT: {"email_type":"customer_completed_order","status":"disabled","recipient":"guest","order":9997}
2026-09-15T11:15:20+00:00 NOTICE Email "customer_completed_order" for order #9757 not sent: email type is disabled CONTEXT: {"email_type":"customer_completed_order","status":"disabled","recipient":"guest","order":9757}
2026-09-15T11:15:20+00:00 NOTICE Email "customer_completed_order" for order #9766 not sent: email type is disabled CONTEXT: {"email_type":"customer_completed_order","status":"disabled","recipient":"guest","order":9766}
2026-09-15T11:15:27+00:00 NOTICE Email "customer_completed_order" for order #9833 not sent: email type is disabled CONTEXT: {"email_type":"customer_completed_order","status":"disabled","recipient":"guest","order":9833}
2026-09-15T11:15:27+00:00 NOTICE Email "customer_completed_order" for order #9852 not sent: email type is disabled CONTEXT: {"email_type":"customer_completed_order","status":"disabled","recipient":"guest","order":9852}
2026-09-15T11:15:27+00:00 NOTICE Email "customer_completed_order" for order #10249 not sent: email type is disabled CONTEXT: {"email_type":"customer_completed_order","status":"disabled","recipient":"guest","order":10249}
2026-09-15T11:15:28+00:00 NOTICE Email "customer_completed_order" for order #9936 not sent: email type is disabled CONTEXT: {"email_type":"customer_completed_order","status":"disabled","recipient":"guest","order":9936}
2026-09-15T11:15:29+00:00 NOTICE Email "customer_completed_order" for order #10225 not sent: email type is disabled CONTEXT: {"email_type":"customer_completed_order","status":"disabled","recipient":"guest","order":10225}
2026-09-15T11:15:29+00:00 NOTICE Email "customer_completed_order" for order #10266 not sent: email type is disabled CONTEXT: {"email_type":"customer_completed_order","status":"disabled","recipient":"guest","order":10266}
2026-09-15T11:15:32+00:00 NOTICE Email "customer_note" for order #10847 not sent: email type is disabled CONTEXT: {"email_type":"customer_note","status":"disabled","recipient":"guest","order":10847}
2026-09-15T11:15:37+00:00 NOTICE Email "customer_completed_order" for order #10222 not sent: email type is disabled CONTEXT: {"email_type":"customer_completed_order","status":"disabled","recipient":"guest","order":10222}
2026-09-15T11:15:37+00:00 NOTICE Email "customer_completed_order" for order #10267 not sent: email type is disabled CONTEXT: {"email_type":"customer_completed_order","status":"disabled","recipient":"guest","order":10267}
2026-09-15T11:15:37+00:00 NOTICE Email "customer_completed_order" for order #10286 not sent: email type is disabled CONTEXT: {"email_type":"customer_completed_order","status":"disabled","recipient":"guest","order":10286}
2026-09-15T11:15:37+00:00 NOTICE Email "customer_completed_order" for order #10319 not sent: email type is disabled CONTEXT: {"email_type":"customer_completed_order","status":"disabled","recipient":"guest","order":10319}
2026-09-15T11:15:37+00:00 NOTICE Email "customer_completed_order" for order #10345 not sent: email type is disabled CONTEXT: {"email_type":"customer_completed_order","status":"disabled","recipient":"guest","order":10345}
2026-09-15T11:15:50+00:00 NOTICE Email "customer_note" for order #10846 not sent: email type is disabled CONTEXT: {"email_type":"customer_note","status":"disabled","recipient":"guest","order":10846}
2026-09-15T11:15:53+00:00 NOTICE Email "customer_note" for order #10850 not sent: email type is disabled CONTEXT: {"email_type":"customer_note","status":"disabled","recipient":"guest","order":10850}
2026-09-15T11:17:07+00:00 INFO Email "new_order" for order #10846 sent CONTEXT: {"email_type":"new_order","status":"sent","recipient":"guest","order":10846}
2026-09-15T11:17:07+00:00 NOTICE Email "customer_processing_order" for order #10846 not sent: email type is disabled CONTEXT: {"email_type":"customer_processing_order","status":"disabled","recipient":"guest","order":10846}
2026-09-15T11:17:07+00:00 NOTICE Email "customer_note" for order #10846 not sent: email type is disabled CONTEXT: {"email_type":"customer_note","status":"disabled","recipient":"guest","order":10846}
2026-09-15T11:17:23+00:00 INFO Email "new_order" for order #10847 sent CONTEXT: {"email_type":"new_order","status":"sent","recipient":"guest","order":10847}
2026-09-15T11:17:23+00:00 NOTICE Email "customer_processing_order" for order #10847 not sent: email type is disabled CONTEXT: {"email_type":"customer_processing_order","status":"disabled","recipient":"guest","order":10847}
2026-09-15T11:17:23+00:00 NOTICE Email "customer_note" for order #10847 not sent: email type is disabled CONTEXT: {"email_type":"customer_note","status":"disabled","recipient":"guest","order":10847}
2026-09-15T11:18:23+00:00 NOTICE Email "customer_failed_order" for order #10320 not sent: email type is disabled CONTEXT: {"email_type":"customer_failed_order","status":"disabled","recipient":"guest","order":10320}
2026-09-15T11:18:23+00:00 NOTICE Email "customer_completed_order" for order #9923 not sent: email type is disabled CONTEXT: {"email_type":"customer_completed_order","status":"disabled","recipient":"guest","order":9923}
2026-09-15T11:18:28+00:00 NOTICE Email "customer_failed_order" for order #10208 not sent: email type is disabled CONTEXT: {"email_type":"customer_failed_order","status":"disabled","recipient":"guest","order":10208}
2026-09-15T11:18:32+00:00 NOTICE Email "customer_completed_order" for order #9766 not sent: email type is disabled CONTEXT: {"email_type":"customer_completed_order","status":"disabled","recipient":"guest","order":9766}
2026-09-15T11:18:33+00:00 NOTICE Email "customer_completed_order" for order #9830 not sent: email type is disabled CONTEXT: {"email_type":"customer_completed_order","status":"disabled","recipient":"guest","order":9830}
2026-09-15T11:18:33+00:00 NOTICE Email "customer_completed_order" for order #9798 not sent: email type is disabled CONTEXT: {"email_type":"customer_completed_order","status":"disabled","recipient":"guest","order":9798}
2026-09-15T11:18:42+00:00 NOTICE Email "customer_completed_order" for order #9809 not sent: email type is disabled CONTEXT: {"email_type":"customer_completed_order","status":"disabled","recipient":"guest","order":9809}
2026-09-15T11:18:43+00:00 NOTICE Email "customer_completed_order" for order #10199 not sent: email type is disabled CONTEXT: {"email_type":"customer_completed_order","status":"disabled","recipient":"guest","order":10199}
2026-09-15T11:18:53+00:00 NOTICE Email "customer_completed_order" for order #10112 not sent: email type is disabled CONTEXT: {"email_type":"customer_completed_order","status":"disabled","recipient":"guest","order":10112}
2026-09-15T11:19:15+00:00 NOTICE Email "customer_completed_order" for order #10086 not sent: email type is disabled CONTEXT: {"email_type":"customer_completed_order","status":"disabled","recipient":"guest","order":10086}
2026-09-15T11:19:15+00:00 NOTICE Email "customer_completed_order" for order #10196 not sent: email type is disabled CONTEXT: {"email_type":"customer_completed_order","status":"disabled","recipient":"guest","order":10196}
2026-09-15T11:19:20+00:00 NOTICE Email "customer_completed_order" for order #10285 not sent: email type is disabled CONTEXT: {"email_type":"customer_completed_order","status":"disabled","recipient":"guest","order":10285}
2026-09-15T11:19:24+00:00 NOTICE Email "customer_completed_order" for order #9851 not sent: email type is disabled CONTEXT: {"email_type":"customer_completed_order","status":"disabled","recipient":"guest","order":9851}
2026-09-15T11:19:24+00:00 NOTICE Email "customer_completed_order" for order #9810 not sent: email type is disabled CONTEXT: {"email_type":"customer_completed_order","status":"disabled","recipient":"guest","order":9810}
2026-09-15T11:19:30+00:00 NOTICE Email "customer_completed_order" for order #9950 not sent: email type is disabled CONTEXT: {"email_type":"customer_completed_order","status":"disabled","recipient":"guest","order":9950}
2026-09-15T11:19:30+00:00 NOTICE Email "customer_completed_order" for order #10197 not sent: email type is disabled CONTEXT: {"email_type":"customer_completed_order","status":"disabled","recipient":"guest","order":10197}
2026-09-15T11:19:41+00:00 NOTICE Email "customer_completed_order" for order #7526 not sent: email type is disabled CONTEXT: {"email_type":"customer_completed_order","status":"disabled","recipient":"guest","order":7526}
2026-09-15T11:19:50+00:00 NOTICE Email "customer_completed_order" for order #10219 not sent: email type is disabled CONTEXT: {"email_type":"customer_completed_order","status":"disabled","recipient":"guest","order":10219}
2026-09-15T11:19:50+00:00 NOTICE Email "customer_completed_order" for order #10168 not sent: email type is disabled CONTEXT: {"email_type":"customer_completed_order","status":"disabled","recipient":"guest","order":10168}
2026-09-15T11:19:50+00:00 NOTICE Email "customer_completed_order" for order #9786 not sent: email type is disabled CONTEXT: {"email_type":"customer_completed_order","status":"disabled","recipient":"guest","order":9786}
2026-09-15T11:20:30+00:00 NOTICE Email "customer_completed_order" for order #10185 not sent: email type is disabled CONTEXT: {"email_type":"customer_completed_order","status":"disabled","recipient":"guest","order":10185}
2026-09-15T11:20:40+00:00 NOTICE Email "customer_completed_order" for order #9900 not sent: email type is disabled CONTEXT: {"email_type":"customer_completed_order","status":"disabled","recipient":"guest","order":9900}
2026-09-15T11:20:49+00:00 NOTICE Email "customer_completed_order" for order #10289 not sent: email type is disabled CONTEXT: {"email_type":"customer_completed_order","status":"disabled","recipient":"guest","order":10289}
2026-09-15T11:20:49+00:00 NOTICE Email "customer_completed_order" for order #10216 not sent: email type is disabled CONTEXT: {"email_type":"customer_completed_order","status":"disabled","recipient":"guest","order":10216}
2026-09-15T11:21:05+00:00 NOTICE Email "customer_completed_order" for order #9936 not sent: email type is disabled CONTEXT: {"email_type":"customer_completed_order","status":"disabled","recipient":"guest","order":9936}
2026-09-15T11:21:22+00:00 NOTICE Email "customer_completed_order" for order #10249 not sent: email type is disabled CONTEXT: {"email_type":"customer_completed_order","status":"disabled","recipient":"guest","order":10249}
2026-09-15T11:21:22+00:00 NOTICE Email "customer_completed_order" for order #10266 not sent: email type is disabled CONTEXT: {"email_type":"customer_completed_order","status":"disabled","recipient":"guest","order":10266}
2026-09-15T11:21:42+00:00 NOTICE Email "customer_completed_order" for order #10225 not sent: email type is disabled CONTEXT: {"email_type":"customer_completed_order","status":"disabled","recipient":"guest","order":10225}
2026-09-15T11:21:44+00:00 NOTICE Email "customer_completed_order" for order #10034 not sent: email type is disabled CONTEXT: {"email_type":"customer_completed_order","status":"disabled","recipient":"guest","order":10034}
2026-09-15T11:21:44+00:00 NOTICE Email "customer_completed_order" for order #10345 not sent: email type is disabled CONTEXT: {"email_type":"customer_completed_order","status":"disabled","recipient":"guest","order":10345}
2026-09-15T11:21:56+00:00 NOTICE Email "customer_completed_order" for order #10336 not sent: email type is disabled CONTEXT: {"email_type":"customer_completed_order","status":"disabled","recipient":"guest","order":10336}
2026-09-15T11:21:56+00:00 NOTICE Email "customer_completed_order" for order #9892 not sent: email type is disabled CONTEXT: {"email_type":"customer_completed_order","status":"disabled","recipient":"guest","order":9892}
2026-09-15T11:21:56+00:00 NOTICE Email "customer_completed_order" for order #10327 not sent: email type is disabled CONTEXT: {"email_type":"customer_completed_order","status":"disabled","recipient":"guest","order":10327}
2026-09-15T11:21:56+00:00 NOTICE Email "customer_completed_order" for order #10267 not sent: email type is disabled CONTEXT: {"email_type":"customer_completed_order","status":"disabled","recipient":"guest","order":10267}
2026-09-15T11:21:56+00:00 NOTICE Email "customer_completed_order" for order #9952 not sent: email type is disabled CONTEXT: {"email_type":"customer_completed_order","status":"disabled","recipient":"guest","order":9952}
2026-09-15T11:21:59+00:00 NOTICE Email "customer_failed_order" for order #10208 not sent: email type is disabled CONTEXT: {"email_type":"customer_failed_order","status":"disabled","recipient":"guest","order":10208}
2026-09-15T11:22:05+00:00 NOTICE Email "customer_completed_order" for order #10003 not sent: email type is disabled CONTEXT: {"email_type":"customer_completed_order","status":"disabled","recipient":"guest","order":10003}
2026-09-15T11:22:06+00:00 NOTICE Email "customer_completed_order" for order #10342 not sent: email type is disabled CONTEXT: {"email_type":"customer_completed_order","status":"disabled","recipient":"guest","order":10342}
2026-09-15T11:22:28+00:00 NOTICE Email "customer_completed_order" for order #10258 not sent: email type is disabled CONTEXT: {"email_type":"customer_completed_order","status":"disabled","recipient":"guest","order":10258}
2026-09-15T11:22:28+00:00 NOTICE Email "customer_completed_order" for order #10156 not sent: email type is disabled CONTEXT: {"email_type":"customer_completed_order","status":"disabled","recipient":"guest","order":10156}
2026-09-15T11:23:15+00:00 NOTICE Email "customer_failed_order" for order #10351 not sent: email type is disabled CONTEXT: {"email_type":"customer_failed_order","status":"disabled","recipient":"guest","order":10351}
2026-09-15T11:23:33+00:00 NOTICE Email "customer_failed_order" for order #10302 not sent: email type is disabled CONTEXT: {"email_type":"customer_failed_order","status":"disabled","recipient":"guest","order":10302}
2026-09-15T11:23:43+00:00 NOTICE Email "customer_completed_order" for order #10262 not sent: email type is disabled CONTEXT: {"email_type":"customer_completed_order","status":"disabled","recipient":"guest","order":10262}
2026-09-15T11:23:43+00:00 NOTICE Email "customer_completed_order" for order #10061 not sent: email type is disabled CONTEXT: {"email_type":"customer_completed_order","status":"disabled","recipient":"guest","order":10061}
2026-09-15T11:23:43+00:00 NOTICE Email "customer_completed_order" for order #10338 not sent: email type is disabled CONTEXT: {"email_type":"customer_completed_order","status":"disabled","recipient":"guest","order":10338}
2026-09-15T11:24:02+00:00 NOTICE Email "customer_completed_order" for order #10247 not sent: email type is disabled CONTEXT: {"email_type":"customer_completed_order","status":"disabled","recipient":"guest","order":10247}
2026-09-15T11:24:02+00:00 NOTICE Email "customer_completed_order" for order #10233 not sent: email type is disabled CONTEXT: {"email_type":"customer_completed_order","status":"disabled","recipient":"guest","order":10233}
2026-09-15T11:25:11+00:00 NOTICE Email "customer_completed_order" for order #9900 not sent: email type is disabled CONTEXT: {"email_type":"customer_completed_order","status":"disabled","recipient":"guest","order":9900}
2026-09-15T11:25:21+00:00 NOTICE Email "customer_completed_order" for order #9798 not sent: email type is disabled CONTEXT: {"email_type":"customer_completed_order","status":"disabled","recipient":"guest","order":9798}
2026-09-15T11:25:35+00:00 NOTICE Email "customer_completed_order" for order #10185 not sent: email type is disabled CONTEXT: {"email_type":"customer_completed_order","status":"disabled","recipient":"guest","order":10185}
2026-09-15T11:25:52+00:00 NOTICE Email "customer_completed_order" for order #10266 not sent: email type is disabled CONTEXT: {"email_type":"customer_completed_order","status":"disabled","recipient":"guest","order":10266}
2026-09-15T11:26:05+00:00 NOTICE Email "customer_completed_order" for order #10249 not sent: email type is disabled CONTEXT: {"email_type":"customer_completed_order","status":"disabled","recipient":"guest","order":10249}
2026-09-15T11:26:06+00:00 NOTICE Email "customer_completed_order" for order #9936 not sent: email type is disabled CONTEXT: {"email_type":"customer_completed_order","status":"disabled","recipient":"guest","order":9936}
2026-09-15T11:26:19+00:00 NOTICE Email "customer_failed_order" for order #10320 not sent: email type is disabled CONTEXT: {"email_type":"customer_failed_order","status":"disabled","recipient":"guest","order":10320}
2026-09-15T11:26:32+00:00 NOTICE Email "customer_completed_order" for order #10216 not sent: email type is disabled CONTEXT: {"email_type":"customer_completed_order","status":"disabled","recipient":"guest","order":10216}
2026-09-15T11:26:32+00:00 NOTICE Email "customer_completed_order" for order #10289 not sent: email type is disabled CONTEXT: {"email_type":"customer_completed_order","status":"disabled","recipient":"guest","order":10289}
2026-09-15T11:26:37+00:00 NOTICE Email "customer_completed_order" for order #10199 not sent: email type is disabled CONTEXT: {"email_type":"customer_completed_order","status":"disabled","recipient":"guest","order":10199}
2026-09-15T11:26:41+00:00 NOTICE Email "customer_completed_order" for order #9833 not sent: email type is disabled CONTEXT: {"email_type":"customer_completed_order","status":"disabled","recipient":"guest","order":9833}
2026-09-15T11:26:42+00:00 NOTICE Email "customer_completed_order" for order #10222 not sent: email type is disabled CONTEXT: {"email_type":"customer_completed_order","status":"disabled","recipient":"guest","order":10222}
2026-09-15T11:26:42+00:00 NOTICE Email "customer_completed_order" for order #9923 not sent: email type is disabled CONTEXT: {"email_type":"customer_completed_order","status":"disabled","recipient":"guest","order":9923}
2026-09-15T11:26:45+00:00 NOTICE Email "customer_completed_order" for order #9852 not sent: email type is disabled CONTEXT: {"email_type":"customer_completed_order","status":"disabled","recipient":"guest","order":9852}
2026-09-15T11:26:45+00:00 NOTICE Email "customer_completed_order" for order #10239 not sent: email type is disabled CONTEXT: {"email_type":"customer_completed_order","status":"disabled","recipient":"guest","order":10239}
2026-09-15T11:26:55+00:00 NOTICE Email "customer_completed_order" for order #10286 not sent: email type is disabled CONTEXT: {"email_type":"customer_completed_order","status":"disabled","recipient":"guest","order":10286}
2026-09-15T11:26:55+00:00 NOTICE Email "customer_completed_order" for order #9809 not sent: email type is disabled CONTEXT: {"email_type":"customer_completed_order","status":"disabled","recipient":"guest","order":9809}
2026-09-15T11:27:05+00:00 NOTICE Email "customer_completed_order" for order #9757 not sent: email type is disabled CONTEXT: {"email_type":"customer_completed_order","status":"disabled","recipient":"guest","order":9757}
2026-09-15T11:27:09+00:00 NOTICE Email "customer_completed_order" for order #10247 not sent: email type is disabled CONTEXT: {"email_type":"customer_completed_order","status":"disabled","recipient":"guest","order":10247}
2026-09-15T11:27:25+00:00 NOTICE Email "customer_completed_order" for order #10338 not sent: email type is disabled CONTEXT: {"email_type":"customer_completed_order","status":"disabled","recipient":"guest","order":10338}
2026-09-15T11:27:28+00:00 NOTICE Email "customer_completed_order" for order #10319 not sent: email type is disabled CONTEXT: {"email_type":"customer_completed_order","status":"disabled","recipient":"guest","order":10319}
2026-09-15T11:27:28+00:00 NOTICE Email "customer_completed_order" for order #9851 not sent: email type is disabled CONTEXT: {"email_type":"customer_completed_order","status":"disabled","recipient":"guest","order":9851}
2026-09-15T11:27:28+00:00 NOTICE Email "customer_completed_order" for order #9810 not sent: email type is disabled CONTEXT: {"email_type":"customer_completed_order","status":"disabled","recipient":"guest","order":9810}
2026-09-15T11:27:35+00:00 NOTICE Email "customer_completed_order" for order #10061 not sent: email type is disabled CONTEXT: {"email_type":"customer_completed_order","status":"disabled","recipient":"guest","order":10061}
2026-09-15T11:27:44+00:00 NOTICE Email "customer_completed_order" for order #10262 not sent: email type is disabled CONTEXT: {"email_type":"customer_completed_order","status":"disabled","recipient":"guest","order":10262}
2026-09-15T11:27:45+00:00 NOTICE Email "customer_failed_order" for order #10302 not sent: email type is disabled CONTEXT: {"email_type":"customer_failed_order","status":"disabled","recipient":"guest","order":10302}
2026-09-15T11:27:45+00:00 NOTICE Email "customer_completed_order" for order #10112 not sent: email type is disabled CONTEXT: {"email_type":"customer_completed_order","status":"disabled","recipient":"guest","order":10112}
2026-09-15T11:27:54+00:00 NOTICE Email "customer_completed_order" for order #10225 not sent: email type is disabled CONTEXT: {"email_type":"customer_completed_order","status":"disabled","recipient":"guest","order":10225}
2026-09-15T11:27:55+00:00 NOTICE Email "customer_completed_order" for order #10156 not sent: email type is disabled CONTEXT: {"email_type":"customer_completed_order","status":"disabled","recipient":"guest","order":10156}
2026-09-15T11:27:55+00:00 NOTICE Email "customer_completed_order" for order #10258 not sent: email type is disabled CONTEXT: {"email_type":"customer_completed_order","status":"disabled","recipient":"guest","order":10258}
2026-09-15T11:28:03+00:00 NOTICE Email "customer_completed_order" for order #9950 not sent: email type is disabled CONTEXT: {"email_type":"customer_completed_order","status":"disabled","recipient":"guest","order":9950}
2026-09-15T11:28:03+00:00 NOTICE Email "customer_completed_order" for order #10197 not sent: email type is disabled CONTEXT: {"email_type":"customer_completed_order","status":"disabled","recipient":"guest","order":10197}
2026-09-15T11:28:24+00:00 NOTICE Email "customer_completed_order" for order #10086 not sent: email type is disabled CONTEXT: {"email_type":"customer_completed_order","status":"disabled","recipient":"guest","order":10086}
2026-09-15T11:28:33+00:00 NOTICE Email "customer_completed_order" for order #10196 not sent: email type is disabled CONTEXT: {"email_type":"customer_completed_order","status":"disabled","recipient":"guest","order":10196}
2026-09-15T11:28:33+00:00 NOTICE Email "customer_completed_order" for order #10285 not sent: email type is disabled CONTEXT: {"email_type":"customer_completed_order","status":"disabled","recipient":"guest","order":10285}
2026-09-15T11:29:34+00:00 NOTICE Email "customer_completed_order" for order #10126 not sent: email type is disabled CONTEXT: {"email_type":"customer_completed_order","status":"disabled","recipient":"guest","order":10126}
2026-09-15T11:29:42+00:00 NOTICE Email "customer_completed_order" for order #10219 not sent: email type is disabled CONTEXT: {"email_type":"customer_completed_order","status":"disabled","recipient":"guest","order":10219}
2026-09-15T11:29:55+00:00 NOTICE Email "customer_completed_order" for order #9786 not sent: email type is disabled CONTEXT: {"email_type":"customer_completed_order","status":"disabled","recipient":"guest","order":9786}
2026-09-15T11:29:55+00:00 NOTICE Email "customer_completed_order" for order #10345 not sent: email type is disabled CONTEXT: {"email_type":"customer_completed_order","status":"disabled","recipient":"guest","order":10345}
2026-09-15T11:30:10+00:00 NOTICE Email "customer_completed_order" for order #10336 not sent: email type is disabled CONTEXT: {"email_type":"customer_completed_order","status":"disabled","recipient":"guest","order":10336}
2026-09-15T11:30:10+00:00 NOTICE Email "customer_completed_order" for order #9892 not sent: email type is disabled CONTEXT: {"email_type":"customer_completed_order","status":"disabled","recipient":"guest","order":9892}
2026-09-15T11:30:11+00:00 NOTICE Email "customer_completed_order" for order #9952 not sent: email type is disabled CONTEXT: {"email_type":"customer_completed_order","status":"disabled","recipient":"guest","order":9952}
2026-09-15T11:30:46+00:00 NOTICE Email "customer_completed_order" for order #9766 not sent: email type is disabled CONTEXT: {"email_type":"customer_completed_order","status":"disabled","recipient":"guest","order":9766}
2026-09-15T11:30:53+00:00 NOTICE Email "customer_completed_order" for order #9830 not sent: email type is disabled CONTEXT: {"email_type":"customer_completed_order","status":"disabled","recipient":"guest","order":9830}
2026-09-15T11:30:54+00:00 NOTICE Email "customer_completed_order" for order #10034 not sent: email type is disabled CONTEXT: {"email_type":"customer_completed_order","status":"disabled","recipient":"guest","order":10034}
2026-09-15T11:31:01+00:00 NOTICE Email "customer_completed_order" for order #10112 not sent: email type is disabled CONTEXT: {"email_type":"customer_completed_order","status":"disabled","recipient":"guest","order":10112}
2026-09-15T11:31:02+00:00 NOTICE Email "customer_completed_order" for order #10168 not sent: email type is disabled CONTEXT: {"email_type":"customer_completed_order","status":"disabled","recipient":"guest","order":10168}
2026-09-15T11:31:03+00:00 NOTICE Email "customer_completed_order" for order #10249 not sent: email type is disabled CONTEXT: {"email_type":"customer_completed_order","status":"disabled","recipient":"guest","order":10249}
2026-09-15T11:31:03+00:00 NOTICE Email "customer_completed_order" for order #10267 not sent: email type is disabled CONTEXT: {"email_type":"customer_completed_order","status":"disabled","recipient":"guest","order":10267}
2026-09-15T11:31:03+00:00 NOTICE Email "customer_completed_order" for order #10289 not sent: email type is disabled CONTEXT: {"email_type":"customer_completed_order","status":"disabled","recipient":"guest","order":10289}
2026-09-15T11:32:55+00:00 NOTICE Email "customer_failed_order" for order #10208 not sent: email type is disabled CONTEXT: {"email_type":"customer_failed_order","status":"disabled","recipient":"guest","order":10208}
2026-09-15T11:32:56+00:00 NOTICE Email "customer_completed_order" for order #9757 not sent: email type is disabled CONTEXT: {"email_type":"customer_completed_order","status":"disabled","recipient":"guest","order":9757}
2026-09-15T11:32:57+00:00 NOTICE Email "customer_completed_order" for order #10233 not sent: email type is disabled CONTEXT: {"email_type":"customer_completed_order","status":"disabled","recipient":"guest","order":10233}
2026-09-15T11:33:09+00:00 NOTICE Email "customer_completed_order" for order #10286 not sent: email type is disabled CONTEXT: {"email_type":"customer_completed_order","status":"disabled","recipient":"guest","order":10286}
2026-09-15T11:33:10+00:00 NOTICE Email "customer_completed_order" for order #9809 not sent: email type is disabled CONTEXT: {"email_type":"customer_completed_order","status":"disabled","recipient":"guest","order":9809}
2026-09-15T11:33:19+00:00 NOTICE Email "customer_completed_order" for order #9997 not sent: email type is disabled CONTEXT: {"email_type":"customer_completed_order","status":"disabled","recipient":"guest","order":9997}
2026-09-15T11:33:28+00:00 NOTICE Email "customer_completed_order" for order #10342 not sent: email type is disabled CONTEXT: {"email_type":"customer_completed_order","status":"disabled","recipient":"guest","order":10342}
2026-09-15T11:33:37+00:00 NOTICE Email "customer_completed_order" for order #10140 not sent: email type is disabled CONTEXT: {"email_type":"customer_completed_order","status":"disabled","recipient":"guest","order":10140}
2026-09-15T11:34:21+00:00 NOTICE Email "customer_completed_order" for order #9936 not sent: email type is disabled CONTEXT: {"email_type":"customer_completed_order","status":"disabled","recipient":"guest","order":9936}
2026-09-15T11:34:36+00:00 NOTICE Email "customer_failed_order" for order #10351 not sent: email type is disabled CONTEXT: {"email_type":"customer_failed_order","status":"disabled","recipient":"guest","order":10351}
2026-09-15T11:34:57+00:00 NOTICE Email "customer_completed_order" for order #10266 not sent: email type is disabled CONTEXT: {"email_type":"customer_completed_order","status":"disabled","recipient":"guest","order":10266}
2026-09-15T11:35:22+00:00 NOTICE Email "customer_completed_order" for order #10003 not sent: email type is disabled CONTEXT: {"email_type":"customer_completed_order","status":"disabled","recipient":"guest","order":10003}
2026-09-15T11:35:23+00:00 NOTICE Email "customer_completed_order" for order #10199 not sent: email type is disabled CONTEXT: {"email_type":"customer_completed_order","status":"disabled","recipient":"guest","order":10199}
2026-09-15T11:35:24+00:00 NOTICE Email "customer_completed_order" for order #10222 not sent: email type is disabled CONTEXT: {"email_type":"customer_completed_order","status":"disabled","recipient":"guest","order":10222}
2026-09-15T11:35:27+00:00 NOTICE Email "customer_completed_order" for order #10249 not sent: email type is disabled CONTEXT: {"email_type":"customer_completed_order","status":"disabled","recipient":"guest","order":10249}
2026-09-15T11:35:40+00:00 NOTICE Email "customer_completed_order" for order #9923 not sent: email type is disabled CONTEXT: {"email_type":"customer_completed_order","status":"disabled","recipient":"guest","order":9923}
2026-09-15T11:35:40+00:00 NOTICE Email "customer_completed_order" for order #9852 not sent: email type is disabled CONTEXT: {"email_type":"customer_completed_order","status":"disabled","recipient":"guest","order":9852}
2026-09-15T11:35:40+00:00 NOTICE Email "customer_completed_order" for order #10239 not sent: email type is disabled CONTEXT: {"email_type":"customer_completed_order","status":"disabled","recipient":"guest","order":10239}
2026-09-15T11:35:42+00:00 NOTICE Email "customer_completed_order" for order #10336 not sent: email type is disabled CONTEXT: {"email_type":"customer_completed_order","status":"disabled","recipient":"guest","order":10336}
2026-09-15T11:35:42+00:00 NOTICE Email "customer_completed_order" for order #10345 not sent: email type is disabled CONTEXT: {"email_type":"customer_completed_order","status":"disabled","recipient":"guest","order":10345}
2026-09-15T11:35:58+00:00 NOTICE Email "customer_completed_order" for order #7526 not sent: email type is disabled CONTEXT: {"email_type":"customer_completed_order","status":"disabled","recipient":"guest","order":7526}
2026-09-15T11:36:16+00:00 NOTICE Email "customer_completed_order" for order #9851 not sent: email type is disabled CONTEXT: {"email_type":"customer_completed_order","status":"disabled","recipient":"guest","order":9851}
2026-09-15T11:36:16+00:00 NOTICE Email "customer_completed_order" for order #10219 not sent: email type is disabled CONTEXT: {"email_type":"customer_completed_order","status":"disabled","recipient":"guest","order":10219}
2026-09-15T11:36:16+00:00 NOTICE Email "customer_completed_order" for order #9786 not sent: email type is disabled CONTEXT: {"email_type":"customer_completed_order","status":"disabled","recipient":"guest","order":9786}
2026-09-15T11:36:17+00:00 NOTICE Email "customer_completed_order" for order #10168 not sent: email type is disabled CONTEXT: {"email_type":"customer_completed_order","status":"disabled","recipient":"guest","order":10168}
2026-09-15T11:36:18+00:00 NOTICE Email "customer_completed_order" for order #10034 not sent: email type is disabled CONTEXT: {"email_type":"customer_completed_order","status":"disabled","recipient":"guest","order":10034}
2026-09-15T11:36:25+00:00 NOTICE Email "customer_completed_order" for order #10197 not sent: email type is disabled CONTEXT: {"email_type":"customer_completed_order","status":"disabled","recipient":"guest","order":10197}
2026-09-15T11:36:25+00:00 NOTICE Email "customer_completed_order" for order #9950 not sent: email type is disabled CONTEXT: {"email_type":"customer_completed_order","status":"disabled","recipient":"guest","order":9950}
2026-09-15T11:36:27+00:00 NOTICE Email "customer_completed_order" for order #10086 not sent: email type is disabled CONTEXT: {"email_type":"customer_completed_order","status":"disabled","recipient":"guest","order":10086}
2026-09-15T11:36:36+00:00 NOTICE Email "customer_completed_order" for order #10126 not sent: email type is disabled CONTEXT: {"email_type":"customer_completed_order","status":"disabled","recipient":"guest","order":10126}
2026-09-15T11:36:38+00:00 NOTICE Email "customer_completed_order" for order #10285 not sent: email type is disabled CONTEXT: {"email_type":"customer_completed_order","status":"disabled","recipient":"guest","order":10285}
2026-09-15T11:36:38+00:00 NOTICE Email "customer_completed_order" for order #10327 not sent: email type is disabled CONTEXT: {"email_type":"customer_completed_order","status":"disabled","recipient":"guest","order":10327}
2026-09-15T11:36:45+00:00 NOTICE Email "customer_completed_order" for order #10258 not sent: email type is disabled CONTEXT: {"email_type":"customer_completed_order","status":"disabled","recipient":"guest","order":10258}
2026-09-15T11:37:24+00:00 NOTICE Email "customer_completed_order" for order #10156 not sent: email type is disabled CONTEXT: {"email_type":"customer_completed_order","status":"disabled","recipient":"guest","order":10156}
2026-09-15T11:37:37+00:00 NOTICE Email "customer_completed_order" for order #10225 not sent: email type is disabled CONTEXT: {"email_type":"customer_completed_order","status":"disabled","recipient":"guest","order":10225}
2026-09-15T11:38:20+00:00 NOTICE Email "customer_failed_order" for order #10208 not sent: email type is disabled CONTEXT: {"email_type":"customer_failed_order","status":"disabled","recipient":"guest","order":10208}
2026-09-15T11:38:24+00:00 NOTICE Email "customer_note" for order #10852 not sent: email type is disabled CONTEXT: {"email_type":"customer_note","status":"disabled","recipient":"guest","order":10852}
2026-09-15T11:38:34+00:00 NOTICE Email "customer_completed_order" for order #10112 not sent: email type is disabled CONTEXT: {"email_type":"customer_completed_order","status":"disabled","recipient":"guest","order":10112}
2026-09-15T11:38:45+00:00 NOTICE Email "customer_completed_order" for order #10262 not sent: email type is disabled CONTEXT: {"email_type":"customer_completed_order","status":"disabled","recipient":"guest","order":10262}
2026-09-15T11:38:45+00:00 NOTICE Email "customer_completed_order" for order #10185 not sent: email type is disabled CONTEXT: {"email_type":"customer_completed_order","status":"disabled","recipient":"guest","order":10185}
2026-09-15T11:38:54+00:00 NOTICE Email "customer_completed_order" for order #10061 not sent: email type is disabled CONTEXT: {"email_type":"customer_completed_order","status":"disabled","recipient":"guest","order":10061}
2026-09-15T11:38:54+00:00 NOTICE Email "customer_completed_order" for order #10140 not sent: email type is disabled CONTEXT: {"email_type":"customer_completed_order","status":"disabled","recipient":"guest","order":10140}
2026-09-15T11:39:06+00:00 NOTICE Email "customer_note" for order #10852 not sent: email type is disabled CONTEXT: {"email_type":"customer_note","status":"disabled","recipient":"guest","order":10852}
2026-09-15T11:39:26+00:00 NOTICE Email "customer_completed_order" for order #10289 not sent: email type is disabled CONTEXT: {"email_type":"customer_completed_order","status":"disabled","recipient":"guest","order":10289}
2026-09-15T11:39:35+00:00 NOTICE Email "customer_completed_order" for order #10342 not sent: email type is disabled CONTEXT: {"email_type":"customer_completed_order","status":"disabled","recipient":"guest","order":10342}
2026-09-15T11:40:11+00:00 NOTICE Email "customer_completed_order" for order #9900 not sent: email type is disabled CONTEXT: {"email_type":"customer_completed_order","status":"disabled","recipient":"guest","order":9900}
2026-09-15T11:40:11+00:00 NOTICE Email "customer_completed_order" for order #9766 not sent: email type is disabled CONTEXT: {"email_type":"customer_completed_order","status":"disabled","recipient":"guest","order":9766}
2026-09-15T11:40:25+00:00 NOTICE Email "customer_completed_order" for order #9798 not sent: email type is disabled CONTEXT: {"email_type":"customer_completed_order","status":"disabled","recipient":"guest","order":9798}
2026-09-15T11:40:25+00:00 NOTICE Email "customer_completed_order" for order #9830 not sent: email type is disabled CONTEXT: {"email_type":"customer_completed_order","status":"disabled","recipient":"guest","order":9830}
2026-09-15T11:40:25+00:00 NOTICE Email "customer_completed_order" for order #9810 not sent: email type is disabled CONTEXT: {"email_type":"customer_completed_order","status":"disabled","recipient":"guest","order":9810}
2026-09-15T11:40:41+00:00 NOTICE Email "customer_completed_order" for order #10338 not sent: email type is disabled CONTEXT: {"email_type":"customer_completed_order","status":"disabled","recipient":"guest","order":10338}
2026-09-15T11:41:27+00:00 NOTICE Email "customer_failed_order" for order #10351 not sent: email type is disabled CONTEXT: {"email_type":"customer_failed_order","status":"disabled","recipient":"guest","order":10351}
2026-09-15T11:42:37+00:00 NOTICE Email "customer_failed_order" for order #10320 not sent: email type is disabled CONTEXT: {"email_type":"customer_failed_order","status":"disabled","recipient":"guest","order":10320}
2026-09-15T11:42:47+00:00 NOTICE Email "customer_completed_order" for order #10225 not sent: email type is disabled CONTEXT: {"email_type":"customer_completed_order","status":"disabled","recipient":"guest","order":10225}
2026-09-15T11:42:57+00:00 NOTICE Email "customer_completed_order" for order #10156 not sent: email type is disabled CONTEXT: {"email_type":"customer_completed_order","status":"disabled","recipient":"guest","order":10156}
2026-09-15T11:43:29+00:00 NOTICE Email "customer_completed_order" for order #9757 not sent: email type is disabled CONTEXT: {"email_type":"customer_completed_order","status":"disabled","recipient":"guest","order":9757}
2026-09-15T11:43:30+00:00 NOTICE Email "customer_completed_order" for order #10286 not sent: email type is disabled CONTEXT: {"email_type":"customer_completed_order","status":"disabled","recipient":"guest","order":10286}
2026-09-15T11:43:45+00:00 NOTICE Email "customer_completed_order" for order #9809 not sent: email type is disabled CONTEXT: {"email_type":"customer_completed_order","status":"disabled","recipient":"guest","order":9809}
2026-09-15T11:43:45+00:00 NOTICE Email "customer_completed_order" for order #10247 not sent: email type is disabled CONTEXT: {"email_type":"customer_completed_order","status":"disabled","recipient":"guest","order":10247}
2026-09-15T11:44:00+00:00 NOTICE Email "customer_completed_order" for order #9997 not sent: email type is disabled CONTEXT: {"email_type":"customer_completed_order","status":"disabled","recipient":"guest","order":9997}
2026-09-15T11:44:18+00:00 NOTICE Email "customer_completed_order" for order #9936 not sent: email type is disabled CONTEXT: {"email_type":"customer_completed_order","status":"disabled","recipient":"guest","order":9936}
2026-09-15T11:45:06+00:00 NOTICE Email "customer_completed_order" for order #10289 not sent: email type is disabled CONTEXT: {"email_type":"customer_completed_order","status":"disabled","recipient":"guest","order":10289}
2026-09-15T11:45:07+00:00 NOTICE Email "customer_completed_order" for order #10233 not sent: email type is disabled CONTEXT: {"email_type":"customer_completed_order","status":"disabled","recipient":"guest","order":10233}
2026-09-15T11:45:50+00:00 NOTICE Email "customer_completed_order" for order #10262 not sent: email type is disabled CONTEXT: {"email_type":"customer_completed_order","status":"disabled","recipient":"guest","order":10262}
2026-09-15T11:45:50+00:00 NOTICE Email "customer_completed_order" for order #10249 not sent: email type is disabled CONTEXT: {"email_type":"customer_completed_order","status":"disabled","recipient":"guest","order":10249}
2026-09-15T11:45:54+00:00 NOTICE Email "customer_completed_order" for order #10338 not sent: email type is disabled CONTEXT: {"email_type":"customer_completed_order","status":"disabled","recipient":"guest","order":10338}
2026-09-15T11:45:59+00:00 NOTICE Email "customer_failed_order" for order #10302 not sent: email type is disabled CONTEXT: {"email_type":"customer_failed_order","status":"disabled","recipient":"guest","order":10302}
2026-09-15T11:46:03+00:00 NOTICE Email "customer_completed_order" for order #9810 not sent: email type is disabled CONTEXT: {"email_type":"customer_completed_order","status":"disabled","recipient":"guest","order":9810}
2026-09-15T11:46:08+00:00 NOTICE Email "customer_completed_order" for order #10003 not sent: email type is disabled CONTEXT: {"email_type":"customer_completed_order","status":"disabled","recipient":"guest","order":10003}
2026-09-15T11:46:08+00:00 NOTICE Email "customer_completed_order" for order #9757 not sent: email type is disabled CONTEXT: {"email_type":"customer_completed_order","status":"disabled","recipient":"guest","order":9757}
2026-09-15T11:46:08+00:00 NOTICE Email "customer_completed_order" for order #9766 not sent: email type is disabled CONTEXT: {"email_type":"customer_completed_order","status":"disabled","recipient":"guest","order":9766}
2026-09-15T11:46:08+00:00 NOTICE Email "customer_completed_order" for order #9798 not sent: email type is disabled CONTEXT: {"email_type":"customer_completed_order","status":"disabled","recipient":"guest","order":9798}
2026-09-15T11:46:12+00:00 NOTICE Email "customer_completed_order" for order #9830 not sent: email type is disabled CONTEXT: {"email_type":"customer_completed_order","status":"disabled","recipient":"guest","order":9830}
2026-09-15T11:46:12+00:00 NOTICE Email "customer_completed_order" for order #9766 not sent: email type is disabled CONTEXT: {"email_type":"customer_completed_order","status":"disabled","recipient":"guest","order":9766}
2026-09-15T11:46:16+00:00 NOTICE Email "customer_completed_order" for order #9892 not sent: email type is disabled CONTEXT: {"email_type":"customer_completed_order","status":"disabled","recipient":"guest","order":9892}
2026-09-15T11:46:17+00:00 NOTICE Email "customer_completed_order" for order #9952 not sent: email type is disabled CONTEXT: {"email_type":"customer_completed_order","status":"disabled","recipient":"guest","order":9952}
2026-09-15T11:46:17+00:00 NOTICE Email "customer_completed_order" for order #10112 not sent: email type is disabled CONTEXT: {"email_type":"customer_completed_order","status":"disabled","recipient":"guest","order":10112}
2026-09-15T11:46:18+00:00 NOTICE Email "customer_completed_order" for order #10061 not sent: email type is disabled CONTEXT: {"email_type":"customer_completed_order","status":"disabled","recipient":"guest","order":10061}
2026-09-15T11:46:18+00:00 NOTICE Email "customer_completed_order" for order #10222 not sent: email type is disabled CONTEXT: {"email_type":"customer_completed_order","status":"disabled","recipient":"guest","order":10222}
2026-09-15T11:46:18+00:00 NOTICE Email "customer_completed_order" for order #10112 not sent: email type is disabled CONTEXT: {"email_type":"customer_completed_order","status":"disabled","recipient":"guest","order":10112}
2026-09-15T11:46:25+00:00 NOTICE Email "customer_completed_order" for order #10185 not sent: email type is disabled CONTEXT: {"email_type":"customer_completed_order","status":"disabled","recipient":"guest","order":10185}
2026-09-15T11:46:25+00:00 NOTICE Email "customer_completed_order" for order #10199 not sent: email type is disabled CONTEXT: {"email_type":"customer_completed_order","status":"disabled","recipient":"guest","order":10199}
2026-09-15T11:46:25+00:00 NOTICE Email "customer_completed_order" for order #10233 not sent: email type is disabled CONTEXT: {"email_type":"customer_completed_order","status":"disabled","recipient":"guest","order":10233}
2026-09-15T11:46:25+00:00 NOTICE Email "customer_completed_order" for order #10247 not sent: email type is disabled CONTEXT: {"email_type":"customer_completed_order","status":"disabled","recipient":"guest","order":10247}
2026-09-15T11:46:25+00:00 NOTICE Email "customer_completed_order" for order #10266 not sent: email type is disabled CONTEXT: {"email_type":"customer_completed_order","status":"disabled","recipient":"guest","order":10266}
2026-09-15T11:46:25+00:00 NOTICE Email "customer_completed_order" for order #10267 not sent: email type is disabled CONTEXT: {"email_type":"customer_completed_order","status":"disabled","recipient":"guest","order":10267}
2026-09-15T11:46:25+00:00 NOTICE Email "customer_completed_order" for order #10286 not sent: email type is disabled CONTEXT: {"email_type":"customer_completed_order","status":"disabled","recipient":"guest","order":10286}
2026-09-15T11:46:47+00:00 INFO Email "cancelled_order" for order #10848 sent CONTEXT: {"email_type":"cancelled_order","status":"sent","recipient":"guest","order":10848}
2026-09-15T11:46:52+00:00 INFO Email "cancelled_order" for order #10849 sent CONTEXT: {"email_type":"cancelled_order","status":"sent","recipient":"guest","order":10849}
2026-09-15T11:46:57+00:00 INFO Email "cancelled_order" for order #10850 sent CONTEXT: {"email_type":"cancelled_order","status":"sent","recipient":"guest","order":10850}
2026-09-15T11:47:23+00:00 NOTICE Email "customer_completed_order" for order #10156 not sent: email type is disabled CONTEXT: {"email_type":"customer_completed_order","status":"disabled","recipient":"guest","order":10156}
2026-09-15T11:47:42+00:00 NOTICE Email "customer_completed_order" for order #10126 not sent: email type is disabled CONTEXT: {"email_type":"customer_completed_order","status":"disabled","recipient":"guest","order":10126}
2026-09-15T11:47:43+00:00 NOTICE Email "customer_completed_order" for order #9786 not sent: email type is disabled CONTEXT: {"email_type":"customer_completed_order","status":"disabled","recipient":"guest","order":9786}
2026-09-15T11:47:43+00:00 NOTICE Email "customer_completed_order" for order #10086 not sent: email type is disabled CONTEXT: {"email_type":"customer_completed_order","status":"disabled","recipient":"guest","order":10086}
2026-09-15T11:47:47+00:00 NOTICE Email "customer_completed_order" for order #10225 not sent: email type is disabled CONTEXT: {"email_type":"customer_completed_order","status":"disabled","recipient":"guest","order":10225}
2026-09-15T11:47:53+00:00 NOTICE Email "customer_completed_order" for order #9950 not sent: email type is disabled CONTEXT: {"email_type":"customer_completed_order","status":"disabled","recipient":"guest","order":9950}
2026-09-15T11:47:54+00:00 NOTICE Email "customer_completed_order" for order #10285 not sent: email type is disabled CONTEXT: {"email_type":"customer_completed_order","status":"disabled","recipient":"guest","order":10285}
2026-09-15T11:47:58+00:00 NOTICE Email "customer_failed_order" for order #10320 not sent: email type is disabled CONTEXT: {"email_type":"customer_failed_order","status":"disabled","recipient":"guest","order":10320}
2026-09-15T11:48:11+00:00 NOTICE Email "customer_completed_order" for order #10168 not sent: email type is disabled CONTEXT: {"email_type":"customer_completed_order","status":"disabled","recipient":"guest","order":10168}
2026-09-15T11:48:11+00:00 NOTICE Email "customer_completed_order" for order #10219 not sent: email type is disabled CONTEXT: {"email_type":"customer_completed_order","status":"disabled","recipient":"guest","order":10219}
2026-09-15T11:48:24+00:00 NOTICE Email "customer_completed_order" for order #10034 not sent: email type is disabled CONTEXT: {"email_type":"customer_completed_order","status":"disabled","recipient":"guest","order":10034}
2026-09-15T11:48:24+00:00 NOTICE Email "customer_completed_order" for order #10197 not sent: email type is disabled CONTEXT: {"email_type":"customer_completed_order","status":"disabled","recipient":"guest","order":10197}
2026-09-15T11:48:24+00:00 NOTICE Email "customer_completed_order" for order #10196 not sent: email type is disabled CONTEXT: {"email_type":"customer_completed_order","status":"disabled","recipient":"guest","order":10196}
2026-09-15T11:48:38+00:00 NOTICE Email "customer_completed_order" for order #9997 not sent: email type is disabled CONTEXT: {"email_type":"customer_completed_order","status":"disabled","recipient":"guest","order":9997}
2026-09-15T11:49:04+00:00 NOTICE Email "customer_completed_order" for order #10003 not sent: email type is disabled CONTEXT: {"email_type":"customer_completed_order","status":"disabled","recipient":"guest","order":10003}
2026-09-15T11:49:04+00:00 NOTICE Email "customer_completed_order" for order #10258 not sent: email type is disabled CONTEXT: {"email_type":"customer_completed_order","status":"disabled","recipient":"guest","order":10258}
2026-09-15T11:49:08+00:00 NOTICE Email "customer_completed_order" for order #9936 not sent: email type is disabled CONTEXT: {"email_type":"customer_completed_order","status":"disabled","recipient":"guest","order":9936}
2026-09-15T11:49:09+00:00 NOTICE Email "customer_completed_order" for order #10267 not sent: email type is disabled CONTEXT: {"email_type":"customer_completed_order","status":"disabled","recipient":"guest","order":10267}
2026-09-15T11:49:09+00:00 NOTICE Email "customer_completed_order" for order #10327 not sent: email type is disabled CONTEXT: {"email_type":"customer_completed_order","status":"disabled","recipient":"guest","order":10327}
2026-09-15T11:49:14+00:00 NOTICE Email "customer_completed_order" for order #10239 not sent: email type is disabled CONTEXT: {"email_type":"customer_completed_order","status":"disabled","recipient":"guest","order":10239}
2026-09-15T11:49:14+00:00 NOTICE Email "customer_completed_order" for order #10345 not sent: email type is disabled CONTEXT: {"email_type":"customer_completed_order","status":"disabled","recipient":"guest","order":10345}
2026-09-15T11:49:14+00:00 NOTICE Email "customer_completed_order" for order #9923 not sent: email type is disabled CONTEXT: {"email_type":"customer_completed_order","status":"disabled","recipient":"guest","order":9923}
2026-09-15T11:49:14+00:00 NOTICE Email "customer_completed_order" for order #9852 not sent: email type is disabled CONTEXT: {"email_type":"customer_completed_order","status":"disabled","recipient":"guest","order":9852}
2026-09-15T11:49:24+00:00 NOTICE Email "customer_completed_order" for order #10336 not sent: email type is disabled CONTEXT: {"email_type":"customer_completed_order","status":"disabled","recipient":"guest","order":10336}
2026-09-15T11:49:33+00:00 NOTICE Email "customer_completed_order" for order #10216 not sent: email type is disabled CONTEXT: {"email_type":"customer_completed_order","status":"disabled","recipient":"guest","order":10216}
2026-09-15T11:50:06+00:00 NOTICE Email "customer_completed_order" for order #10342 not sent: email type is disabled CONTEXT: {"email_type":"customer_completed_order","status":"disabled","recipient":"guest","order":10342}
2026-09-15T11:51:16+00:00 INFO Email "new_order" for order #10853 sent CONTEXT: {"email_type":"new_order","status":"sent","recipient":"guest","order":10853}
2026-09-15T11:51:16+00:00 NOTICE Email "customer_processing_order" for order #10853 not sent: email type is disabled CONTEXT: {"email_type":"customer_processing_order","status":"disabled","recipient":"guest","order":10853}
2026-09-15T11:51:46+00:00 NOTICE Email "customer_completed_order" for order #10285 not sent: email type is disabled CONTEXT: {"email_type":"customer_completed_order","status":"disabled","recipient":"guest","order":10285}
2026-09-15T11:52:13+00:00 NOTICE Email "customer_completed_order" for order #9786 not sent: email type is disabled CONTEXT: {"email_type":"customer_completed_order","status":"disabled","recipient":"guest","order":9786}
2026-09-15T11:52:19+00:00 NOTICE Email "customer_completed_order" for order #10219 not sent: email type is disabled CONTEXT: {"email_type":"customer_completed_order","status":"disabled","recipient":"guest","order":10219}
2026-09-15T11:52:19+00:00 NOTICE Email "customer_completed_order" for order #9766 not sent: email type is disabled CONTEXT: {"email_type":"customer_completed_order","status":"disabled","recipient":"guest","order":9766}
2026-09-15T11:52:19+00:00 NOTICE Email "customer_completed_order" for order #10168 not sent: email type is disabled CONTEXT: {"email_type":"customer_completed_order","status":"disabled","recipient":"guest","order":10168}
2026-09-15T11:52:28+00:00 NOTICE Email "customer_completed_order" for order #9798 not sent: email type is disabled CONTEXT: {"email_type":"customer_completed_order","status":"disabled","recipient":"guest","order":9798}
2026-09-15T11:52:28+00:00 NOTICE Email "customer_completed_order" for order #10126 not sent: email type is disabled CONTEXT: {"email_type":"customer_completed_order","status":"disabled","recipient":"guest","order":10126}
2026-09-15T11:52:28+00:00 NOTICE Email "customer_completed_order" for order #10112 not sent: email type is disabled CONTEXT: {"email_type":"customer_completed_order","status":"disabled","recipient":"guest","order":10112}
2026-09-15T11:52:28+00:00 NOTICE Email "customer_completed_order" for order #10086 not sent: email type is disabled CONTEXT: {"email_type":"customer_completed_order","status":"disabled","recipient":"guest","order":10086}
2026-09-15T11:52:47+00:00 NOTICE Email "customer_completed_order" for order #10185 not sent: email type is disabled CONTEXT: {"email_type":"customer_completed_order","status":"disabled","recipient":"guest","order":10185}
2026-09-15T11:52:47+00:00 NOTICE Email "customer_completed_order" for order #10262 not sent: email type is disabled CONTEXT: {"email_type":"customer_completed_order","status":"disabled","recipient":"guest","order":10262}
2026-09-15T11:52:47+00:00 NOTICE Email "customer_completed_order" for order #10249 not sent: email type is disabled CONTEXT: {"email_type":"customer_completed_order","status":"disabled","recipient":"guest","order":10249}
2026-09-15T11:52:58+00:00 NOTICE Email "customer_failed_order" for order #10302 not sent: email type is disabled CONTEXT: {"email_type":"customer_failed_order","status":"disabled","recipient":"guest","order":10302}
2026-09-15T11:53:31+00:00 NOTICE Email "customer_completed_order" for order #9923 not sent: email type is disabled CONTEXT: {"email_type":"customer_completed_order","status":"disabled","recipient":"guest","order":9923}
2026-09-15T11:53:52+00:00 NOTICE Email "customer_completed_order" for order #9936 not sent: email type is disabled CONTEXT: {"email_type":"customer_completed_order","status":"disabled","recipient":"guest","order":9936}
2026-09-15T11:53:52+00:00 NOTICE Email "customer_completed_order" for order #10003 not sent: email type is disabled CONTEXT: {"email_type":"customer_completed_order","status":"disabled","recipient":"guest","order":10003}
2026-09-15T11:53:52+00:00 NOTICE Email "customer_completed_order" for order #10289 not sent: email type is disabled CONTEXT: {"email_type":"customer_completed_order","status":"disabled","recipient":"guest","order":10289}
2026-09-15T11:53:52+00:00 NOTICE Email "customer_completed_order" for order #9997 not sent: email type is disabled CONTEXT: {"email_type":"customer_completed_order","status":"disabled","recipient":"guest","order":9997}
2026-09-15T11:54:01+00:00 NOTICE Email "customer_completed_order" for order #10266 not sent: email type is disabled CONTEXT: {"email_type":"customer_completed_order","status":"disabled","recipient":"guest","order":10266}
2026-09-15T11:54:12+00:00 NOTICE Email "customer_completed_order" for order #7526 not sent: email type is disabled CONTEXT: {"email_type":"customer_completed_order","status":"disabled","recipient":"guest","order":7526}
2026-09-15T11:54:21+00:00 NOTICE Email "customer_completed_order" for order #9900 not sent: email type is disabled CONTEXT: {"email_type":"customer_completed_order","status":"disabled","recipient":"guest","order":9900}
2026-09-15T11:54:38+00:00 NOTICE Email "customer_completed_order" for order #10061 not sent: email type is disabled CONTEXT: {"email_type":"customer_completed_order","status":"disabled","recipient":"guest","order":10061}
2026-09-15T11:54:38+00:00 NOTICE Email "customer_completed_order" for order #10199 not sent: email type is disabled CONTEXT: {"email_type":"customer_completed_order","status":"disabled","recipient":"guest","order":10199}
2026-09-15T11:54:47+00:00 NOTICE Email "customer_completed_order" for order #10140 not sent: email type is disabled CONTEXT: {"email_type":"customer_completed_order","status":"disabled","recipient":"guest","order":10140}
2026-09-15T11:55:08+00:00 NOTICE Email "customer_completed_order" for order #10222 not sent: email type is disabled CONTEXT: {"email_type":"customer_completed_order","status":"disabled","recipient":"guest","order":10222}
2026-09-15T11:55:08+00:00 NOTICE Email "customer_completed_order" for order #9830 not sent: email type is disabled CONTEXT: {"email_type":"customer_completed_order","status":"disabled","recipient":"guest","order":9830}
2026-09-15T11:55:09+00:00 NOTICE Email "customer_failed_order" for order #10208 not sent: email type is disabled CONTEXT: {"email_type":"customer_failed_order","status":"disabled","recipient":"guest","order":10208}
2026-09-15T11:55:26+00:00 NOTICE Email "customer_completed_order" for order #9851 not sent: email type is disabled CONTEXT: {"email_type":"customer_completed_order","status":"disabled","recipient":"guest","order":9851}
2026-09-15T11:55:36+00:00 NOTICE Email "customer_completed_order" for order #10197 not sent: email type is disabled CONTEXT: {"email_type":"customer_completed_order","status":"disabled","recipient":"guest","order":10197}
2026-09-15T11:55:37+00:00 NOTICE Email "customer_completed_order" for order #10247 not sent: email type is disabled CONTEXT: {"email_type":"customer_completed_order","status":"disabled","recipient":"guest","order":10247}
2026-09-15T11:56:00+00:00 NOTICE Email "customer_completed_order" for order #9810 not sent: email type is disabled CONTEXT: {"email_type":"customer_completed_order","status":"disabled","recipient":"guest","order":9810}
2026-09-15T11:56:06+00:00 NOTICE Email "customer_completed_order" for order #10216 not sent: email type is disabled CONTEXT: {"email_type":"customer_completed_order","status":"disabled","recipient":"guest","order":10216}
2026-09-15T11:56:10+00:00 NOTICE Email "customer_completed_order" for order #9809 not sent: email type is disabled CONTEXT: {"email_type":"customer_completed_order","status":"disabled","recipient":"guest","order":9809}
2026-09-15T11:56:10+00:00 NOTICE Email "customer_completed_order" for order #10286 not sent: email type is disabled CONTEXT: {"email_type":"customer_completed_order","status":"disabled","recipient":"guest","order":10286}
2026-09-15T11:56:23+00:00 NOTICE Email "customer_completed_order" for order #9798 not sent: email type is disabled CONTEXT: {"email_type":"customer_completed_order","status":"disabled","recipient":"guest","order":9798}
2026-09-15T11:56:29+00:00 NOTICE Email "customer_failed_order" for order #10320 not sent: email type is disabled CONTEXT: {"email_type":"customer_failed_order","status":"disabled","recipient":"guest","order":10320}
2026-09-15T11:56:34+00:00 NOTICE Email "customer_completed_order" for order #9952 not sent: email type is disabled CONTEXT: {"email_type":"customer_completed_order","status":"disabled","recipient":"guest","order":9952}
2026-09-15T11:56:40+00:00 NOTICE Email "customer_note" for order #10854 not sent: email type is disabled CONTEXT: {"email_type":"customer_note","status":"disabled","recipient":"guest","order":10854}
2026-09-15T11:57:11+00:00 NOTICE Email "customer_note" for order #10855 not sent: email type is disabled CONTEXT: {"email_type":"customer_note","status":"disabled","recipient":"guest","order":10855}
2026-09-15T11:57:35+00:00 NOTICE Email "customer_failed_order" for order #10351 not sent: email type is disabled CONTEXT: {"email_type":"customer_failed_order","status":"disabled","recipient":"guest","order":10351}
2026-09-15T11:57:41+00:00 NOTICE Email "customer_note" for order #10855 not sent: email type is disabled CONTEXT: {"email_type":"customer_note","status":"disabled","recipient":"guest","order":10855}
2026-09-15T11:58:19+00:00 NOTICE Email "customer_completed_order" for order #10140 not sent: email type is disabled CONTEXT: {"email_type":"customer_completed_order","status":"disabled","recipient":"guest","order":10140}
2026-09-15T11:58:29+00:00 NOTICE Email "customer_completed_order" for order #10199 not sent: email type is disabled CONTEXT: {"email_type":"customer_completed_order","status":"disabled","recipient":"guest","order":10199}
2026-09-15T11:58:29+00:00 NOTICE Email "customer_completed_order" for order #10061 not sent: email type is disabled CONTEXT: {"email_type":"customer_completed_order","status":"disabled","recipient":"guest","order":10061}
2026-09-15T11:58:30+00:00 NOTICE Email "customer_completed_order" for order #9892 not sent: email type is disabled CONTEXT: {"email_type":"customer_completed_order","status":"disabled","recipient":"guest","order":9892}
2026-09-15T11:58:33+00:00 NOTICE Email "customer_completed_order" for order #9900 not sent: email type is disabled CONTEXT: {"email_type":"customer_completed_order","status":"disabled","recipient":"guest","order":9900}
2026-09-15T11:58:36+00:00 NOTICE Email "customer_completed_order" for order #10266 not sent: email type is disabled CONTEXT: {"email_type":"customer_completed_order","status":"disabled","recipient":"guest","order":10266}
2026-09-15T11:58:42+00:00 NOTICE Email "customer_completed_order" for order #9786 not sent: email type is disabled CONTEXT: {"email_type":"customer_completed_order","status":"disabled","recipient":"guest","order":9786}
2026-09-15T11:58:42+00:00 NOTICE Email "customer_completed_order" for order #9766 not sent: email type is disabled CONTEXT: {"email_type":"customer_completed_order","status":"disabled","recipient":"guest","order":9766}
2026-09-15T11:58:43+00:00 NOTICE Email "customer_completed_order" for order #10168 not sent: email type is disabled CONTEXT: {"email_type":"customer_completed_order","status":"disabled","recipient":"guest","order":10168}
2026-09-15T11:58:52+00:00 NOTICE Email "customer_completed_order" for order #10003 not sent: email type is disabled CONTEXT: {"email_type":"customer_completed_order","status":"disabled","recipient":"guest","order":10003}
2026-09-15T11:58:58+00:00 NOTICE Email "customer_completed_order" for order #7526 not sent: email type is disabled CONTEXT: {"email_type":"customer_completed_order","status":"disabled","recipient":"guest","order":7526}
2026-09-15T11:59:06+00:00 NOTICE Email "customer_completed_order" for order #10285 not sent: email type is disabled CONTEXT: {"email_type":"customer_completed_order","status":"disabled","recipient":"guest","order":10285}
2026-09-15T11:59:17+00:00 NOTICE Email "customer_note" for order #10856 not sent: email type is disabled CONTEXT: {"email_type":"customer_note","status":"disabled","recipient":"guest","order":10856}
2026-09-15T11:59:20+00:00 NOTICE Email "customer_completed_order" for order #10338 not sent: email type is disabled CONTEXT: {"email_type":"customer_completed_order","status":"disabled","recipient":"guest","order":10338}
2026-09-15T11:59:20+00:00 NOTICE Email "customer_completed_order" for order #9950 not sent: email type is disabled CONTEXT: {"email_type":"customer_completed_order","status":"disabled","recipient":"guest","order":9950}
2026-09-15T11:59:30+00:00 NOTICE Email "customer_completed_order" for order #10225 not sent: email type is disabled CONTEXT: {"email_type":"customer_completed_order","status":"disabled","recipient":"guest","order":10225}
2026-09-15T11:59:39+00:00 NOTICE Email "customer_completed_order" for order #10034 not sent: email type is disabled CONTEXT: {"email_type":"customer_completed_order","status":"disabled","recipient":"guest","order":10034}
2026-09-15T11:59:49+00:00 NOTICE Email "customer_completed_order" for order #10219 not sent: email type is disabled CONTEXT: {"email_type":"customer_completed_order","status":"disabled","recipient":"guest","order":10219}
2026-09-15T12:00:52+00:00 NOTICE Email "customer_failed_order" for order #10320 not sent: email type is disabled CONTEXT: {"email_type":"customer_failed_order","status":"disabled","recipient":"guest","order":10320}
2026-09-15T12:00:52+00:00 NOTICE Email "customer_completed_order" for order #9798 not sent: email type is disabled CONTEXT: {"email_type":"customer_completed_order","status":"disabled","recipient":"guest","order":9798}
2026-09-15T12:01:02+00:00 NOTICE Email "customer_completed_order" for order #10126 not sent: email type is disabled CONTEXT: {"email_type":"customer_completed_order","status":"disabled","recipient":"guest","order":10126}
2026-09-15T12:01:02+00:00 NOTICE Email "customer_completed_order" for order #10286 not sent: email type is disabled CONTEXT: {"email_type":"customer_completed_order","status":"disabled","recipient":"guest","order":10286}
2026-09-15T12:01:12+00:00 NOTICE Email "customer_completed_order" for order #10086 not sent: email type is disabled CONTEXT: {"email_type":"customer_completed_order","status":"disabled","recipient":"guest","order":10086}
2026-09-15T12:01:28+00:00 NOTICE Email "customer_completed_order" for order #9952 not sent: email type is disabled CONTEXT: {"email_type":"customer_completed_order","status":"disabled","recipient":"guest","order":9952}
2026-09-15T12:01:31+00:00 NOTICE Email "customer_completed_order" for order #9757 not sent: email type is disabled CONTEXT: {"email_type":"customer_completed_order","status":"disabled","recipient":"guest","order":9757}
2026-09-15T12:01:31+00:00 NOTICE Email "customer_completed_order" for order #10185 not sent: email type is disabled CONTEXT: {"email_type":"customer_completed_order","status":"disabled","recipient":"guest","order":10185}
2026-09-15T12:01:31+00:00 NOTICE Email "customer_completed_order" for order #10249 not sent: email type is disabled CONTEXT: {"email_type":"customer_completed_order","status":"disabled","recipient":"guest","order":10249}
2026-09-15T12:01:31+00:00 NOTICE Email "customer_failed_order" for order #10302 not sent: email type is disabled CONTEXT: {"email_type":"customer_failed_order","status":"disabled","recipient":"guest","order":10302}
2026-09-15T12:01:40+00:00 NOTICE Email "customer_completed_order" for order #9852 not sent: email type is disabled CONTEXT: {"email_type":"customer_completed_order","status":"disabled","recipient":"guest","order":9852}
2026-09-15T12:01:41+00:00 NOTICE Email "customer_completed_order" for order #9923 not sent: email type is disabled CONTEXT: {"email_type":"customer_completed_order","status":"disabled","recipient":"guest","order":9923}
2026-09-15T12:01:41+00:00 NOTICE Email "customer_completed_order" for order #10342 not sent: email type is disabled CONTEXT: {"email_type":"customer_completed_order","status":"disabled","recipient":"guest","order":10342}
2026-09-15T12:01:41+00:00 NOTICE Email "customer_completed_order" for order #10345 not sent: email type is disabled CONTEXT: {"email_type":"customer_completed_order","status":"disabled","recipient":"guest","order":10345}
2026-09-15T12:01:49+00:00 NOTICE Email "customer_completed_order" for order #10327 not sent: email type is disabled CONTEXT: {"email_type":"customer_completed_order","status":"disabled","recipient":"guest","order":10327}
2026-09-15T12:01:57+00:00 INFO Email "new_order" for order #10856 sent CONTEXT: {"email_type":"new_order","status":"sent","recipient":"guest","order":10856}
2026-09-15T12:01:57+00:00 NOTICE Email "customer_processing_order" for order #10856 not sent: email type is disabled CONTEXT: {"email_type":"customer_processing_order","status":"disabled","recipient":"guest","order":10856}
2026-09-15T12:01:57+00:00 NOTICE Email "customer_note" for order #10856 not sent: email type is disabled CONTEXT: {"email_type":"customer_note","status":"disabled","recipient":"guest","order":10856}
2026-09-15T12:01:59+00:00 NOTICE Email "customer_completed_order" for order #10112 not sent: email type is disabled CONTEXT: {"email_type":"customer_completed_order","status":"disabled","recipient":"guest","order":10112}
2026-09-15T12:01:59+00:00 NOTICE Email "customer_completed_order" for order #9809 not sent: email type is disabled CONTEXT: {"email_type":"customer_completed_order","status":"disabled","recipient":"guest","order":9809}
2026-09-15T12:02:04+00:00 NOTICE Email "customer_completed_order" for order #9830 not sent: email type is disabled CONTEXT: {"email_type":"customer_completed_order","status":"disabled","recipient":"guest","order":9830}
2026-09-15T12:02:05+00:00 NOTICE Email "customer_completed_order" for order #9900 not sent: email type is disabled CONTEXT: {"email_type":"customer_completed_order","status":"disabled","recipient":"guest","order":9900}
2026-09-15T12:02:10+00:00 NOTICE Email "customer_completed_order" for order #9936 not sent: email type is disabled CONTEXT: {"email_type":"customer_completed_order","status":"disabled","recipient":"guest","order":9936}
2026-09-15T12:02:12+00:00 NOTICE Email "customer_completed_order" for order #10197 not sent: email type is disabled CONTEXT: {"email_type":"customer_completed_order","status":"disabled","recipient":"guest","order":10197}
2026-09-15T12:02:19+00:00 NOTICE Email "customer_completed_order" for order #10239 not sent: email type is disabled CONTEXT: {"email_type":"customer_completed_order","status":"disabled","recipient":"guest","order":10239}
2026-09-15T12:02:19+00:00 NOTICE Email "customer_completed_order" for order #10258 not sent: email type is disabled CONTEXT: {"email_type":"customer_completed_order","status":"disabled","recipient":"guest","order":10258}
2026-09-15T12:02:19+00:00 NOTICE Email "customer_completed_order" for order #10262 not sent: email type is disabled CONTEXT: {"email_type":"customer_completed_order","status":"disabled","recipient":"guest","order":10262}
2026-09-15T12:02:19+00:00 NOTICE Email "customer_completed_order" for order #10267 not sent: email type is disabled CONTEXT: {"email_type":"customer_completed_order","status":"disabled","recipient":"guest","order":10267}
2026-09-15T12:02:19+00:00 NOTICE Email "customer_completed_order" for order #10285 not sent: email type is disabled CONTEXT: {"email_type":"customer_completed_order","status":"disabled","recipient":"guest","order":10285}
2026-09-15T12:02:19+00:00 NOTICE Email "customer_completed_order" for order #10289 not sent: email type is disabled CONTEXT: {"email_type":"customer_completed_order","status":"disabled","recipient":"guest","order":10289}
2026-09-15T12:02:32+00:00 NOTICE Email "customer_failed_order" for order #10351 not sent: email type is disabled CONTEXT: {"email_type":"customer_failed_order","status":"disabled","recipient":"guest","order":10351}
2026-09-15T12:02:36+00:00 NOTICE Email "customer_refunded_order" for order #10429 not sent: email type is disabled CONTEXT: {"email_type":"customer_refunded_order","status":"disabled","recipient":"guest","order":10429}
2026-09-15T12:02:53+00:00 NOTICE Email "customer_note" for order #10855 not sent: email type is disabled CONTEXT: {"email_type":"customer_note","status":"disabled","recipient":"guest","order":10855}
2026-09-15T12:03:55+00:00 NOTICE Email "customer_refunded_order" for order #10457 not sent: email type is disabled CONTEXT: {"email_type":"customer_refunded_order","status":"disabled","recipient":"guest","order":10457}
2026-09-15T12:04:07+00:00 NOTICE Email "customer_refunded_order" for order #10527 not sent: email type is disabled CONTEXT: {"email_type":"customer_refunded_order","status":"disabled","recipient":"guest","order":10527}
2026-09-15T12:04:17+00:00 NOTICE Email "customer_refunded_order" for order #10205 not sent: email type is disabled CONTEXT: {"email_type":"customer_refunded_order","status":"disabled","recipient":"guest","order":10205}
2026-09-15T12:04:24+00:00 NOTICE Email "customer_refunded_order" for order #10450 not sent: email type is disabled CONTEXT: {"email_type":"customer_refunded_order","status":"disabled","recipient":"guest","order":10450}
2026-09-15T12:07:05+00:00 NOTICE Email "customer_refunded_order" for order #10621 not sent: email type is disabled CONTEXT: {"email_type":"customer_refunded_order","status":"disabled","recipient":"guest","order":10621}
2026-09-15T12:09:07+00:00 NOTICE Email "customer_note" for order #10863 not sent: email type is disabled CONTEXT: {"email_type":"customer_note","status":"disabled","recipient":"guest","order":10863}
2026-09-15T12:09:10+00:00 NOTICE Email "customer_refunded_order" for order #10558 not sent: email type is disabled CONTEXT: {"email_type":"customer_refunded_order","status":"disabled","recipient":"guest","order":10558}
2026-09-15T12:09:20+00:00 NOTICE Email "customer_refunded_order" for order #10442 not sent: email type is disabled CONTEXT: {"email_type":"customer_refunded_order","status":"disabled","recipient":"guest","order":10442}
2026-09-15T12:09:43+00:00 NOTICE Email "customer_refunded_order" for order #10538 not sent: email type is disabled CONTEXT: {"email_type":"customer_refunded_order","status":"disabled","recipient":"guest","order":10538}
2026-09-15T12:09:53+00:00 NOTICE Email "customer_note" for order #10867 not sent: email type is disabled CONTEXT: {"email_type":"customer_note","status":"disabled","recipient":"guest","order":10867}
2026-09-15T12:10:51+00:00 NOTICE Email "customer_refunded_order" for order #10507 not sent: email type is disabled CONTEXT: {"email_type":"customer_refunded_order","status":"disabled","recipient":"guest","order":10507}
2026-09-15T12:10:59+00:00 NOTICE Email "customer_note" for order #10869 not sent: email type is disabled CONTEXT: {"email_type":"customer_note","status":"disabled","recipient":"guest","order":10869}
2026-09-15T12:11:21+00:00 NOTICE Email "customer_completed_order" for order #10266 not sent: email type is disabled CONTEXT: {"email_type":"customer_completed_order","status":"disabled","recipient":"guest","order":10266}
2026-09-15T12:11:21+00:00 NOTICE Email "customer_completed_order" for order #10225 not sent: email type is disabled CONTEXT: {"email_type":"customer_completed_order","status":"disabled","recipient":"guest","order":10225}
2026-09-15T12:11:21+00:00 NOTICE Email "customer_completed_order" for order #9766 not sent: email type is disabled CONTEXT: {"email_type":"customer_completed_order","status":"disabled","recipient":"guest","order":9766}
2026-09-15T12:11:21+00:00 NOTICE Email "customer_completed_order" for order #10258 not sent: email type is disabled CONTEXT: {"email_type":"customer_completed_order","status":"disabled","recipient":"guest","order":10258}
2026-09-15T12:11:21+00:00 NOTICE Email "customer_completed_order" for order #9936 not sent: email type is disabled CONTEXT: {"email_type":"customer_completed_order","status":"disabled","recipient":"guest","order":9936}
2026-09-15T12:11:32+00:00 NOTICE Email "customer_completed_order" for order #10222 not sent: email type is disabled CONTEXT: {"email_type":"customer_completed_order","status":"disabled","recipient":"guest","order":10222}
2026-09-15T12:11:39+00:00 NOTICE Email "customer_completed_order" for order #9900 not sent: email type is disabled CONTEXT: {"email_type":"customer_completed_order","status":"disabled","recipient":"guest","order":9900}
2026-09-15T12:11:39+00:00 NOTICE Email "customer_completed_order" for order #9786 not sent: email type is disabled CONTEXT: {"email_type":"customer_completed_order","status":"disabled","recipient":"guest","order":9786}
2026-09-15T12:11:42+00:00 NOTICE Email "customer_completed_order" for order #9851 not sent: email type is disabled CONTEXT: {"email_type":"customer_completed_order","status":"disabled","recipient":"guest","order":9851}
2026-09-15T12:11:42+00:00 NOTICE Email "customer_completed_order" for order #10197 not sent: email type is disabled CONTEXT: {"email_type":"customer_completed_order","status":"disabled","recipient":"guest","order":10197}
2026-09-15T12:11:42+00:00 NOTICE Email "customer_completed_order" for order #10196 not sent: email type is disabled CONTEXT: {"email_type":"customer_completed_order","status":"disabled","recipient":"guest","order":10196}
2026-09-15T12:11:51+00:00 NOTICE Email "customer_completed_order" for order #10247 not sent: email type is disabled CONTEXT: {"email_type":"customer_completed_order","status":"disabled","recipient":"guest","order":10247}
2026-09-15T12:12:12+00:00 NOTICE Email "customer_completed_order" for order #10345 not sent: email type is disabled CONTEXT: {"email_type":"customer_completed_order","status":"disabled","recipient":"guest","order":10345}
2026-09-15T12:12:24+00:00 NOTICE Email "customer_completed_order" for order #10327 not sent: email type is disabled CONTEXT: {"email_type":"customer_completed_order","status":"disabled","recipient":"guest","order":10327}
2026-09-15T12:12:34+00:00 NOTICE Email "customer_completed_order" for order #10126 not sent: email type is disabled CONTEXT: {"email_type":"customer_completed_order","status":"disabled","recipient":"guest","order":10126}
2026-09-15T12:12:35+00:00 NOTICE Email "customer_completed_order" for order #9892 not sent: email type is disabled CONTEXT: {"email_type":"customer_completed_order","status":"disabled","recipient":"guest","order":9892}
2026-09-15T12:12:45+00:00 NOTICE Email "customer_completed_order" for order #10112 not sent: email type is disabled CONTEXT: {"email_type":"customer_completed_order","status":"disabled","recipient":"guest","order":10112}
2026-09-15T12:12:45+00:00 NOTICE Email "customer_completed_order" for order #9809 not sent: email type is disabled CONTEXT: {"email_type":"customer_completed_order","status":"disabled","recipient":"guest","order":9809}
2026-09-15T12:12:45+00:00 NOTICE Email "customer_completed_order" for order #10034 not sent: email type is disabled CONTEXT: {"email_type":"customer_completed_order","status":"disabled","recipient":"guest","order":10034}
2026-09-15T12:12:54+00:00 NOTICE Email "customer_completed_order" for order #10086 not sent: email type is disabled CONTEXT: {"email_type":"customer_completed_order","status":"disabled","recipient":"guest","order":10086}
2026-09-15T12:13:05+00:00 NOTICE Email "customer_completed_order" for order #10289 not sent: email type is disabled CONTEXT: {"email_type":"customer_completed_order","status":"disabled","recipient":"guest","order":10289}
2026-09-15T12:13:15+00:00 NOTICE Email "customer_completed_order" for order #9830 not sent: email type is disabled CONTEXT: {"email_type":"customer_completed_order","status":"disabled","recipient":"guest","order":9830}
2026-09-15T12:13:24+00:00 NOTICE Email "customer_note" for order #10870 not sent: email type is disabled CONTEXT: {"email_type":"customer_note","status":"disabled","recipient":"guest","order":10870}
2026-09-15T12:13:52+00:00 NOTICE Email "customer_completed_order" for order #9810 not sent: email type is disabled CONTEXT: {"email_type":"customer_completed_order","status":"disabled","recipient":"guest","order":9810}
2026-09-15T12:14:30+00:00 NOTICE Email "customer_refunded_order" for order #9953 not sent: email type is disabled CONTEXT: {"email_type":"customer_refunded_order","status":"disabled","recipient":"guest","order":9953}
2026-09-15T12:14:30+00:00 NOTICE Email "customer_note" for order #10870 not sent: email type is disabled CONTEXT: {"email_type":"customer_note","status":"disabled","recipient":"guest","order":10870}
2026-09-15T12:14:48+00:00 NOTICE Email "customer_completed_order" for order #9786 not sent: email type is disabled CONTEXT: {"email_type":"customer_completed_order","status":"disabled","recipient":"guest","order":9786}
2026-09-15T12:14:48+00:00 NOTICE Email "customer_completed_order" for order #9900 not sent: email type is disabled CONTEXT: {"email_type":"customer_completed_order","status":"disabled","recipient":"guest","order":9900}
2026-09-15T12:14:48+00:00 NOTICE Email "customer_completed_order" for order #10197 not sent: email type is disabled CONTEXT: {"email_type":"customer_completed_order","status":"disabled","recipient":"guest","order":10197}
2026-09-15T12:14:59+00:00 NOTICE Email "customer_completed_order" for order #10222 not sent: email type is disabled CONTEXT: {"email_type":"customer_completed_order","status":"disabled","recipient":"guest","order":10222}
2026-09-15T12:15:01+00:00 NOTICE Email "customer_completed_order" for order #9830 not sent: email type is disabled CONTEXT: {"email_type":"customer_completed_order","status":"disabled","recipient":"guest","order":9830}
2026-09-15T12:15:08+00:00 NOTICE Email "customer_completed_order" for order #9766 not sent: email type is disabled CONTEXT: {"email_type":"customer_completed_order","status":"disabled","recipient":"guest","order":9766}
2026-09-15T12:15:09+00:00 NOTICE Email "customer_completed_order" for order #10266 not sent: email type is disabled CONTEXT: {"email_type":"customer_completed_order","status":"disabled","recipient":"guest","order":10266}
2026-09-15T12:15:14+00:00 NOTICE Email "customer_refunded_order" for order #10289 not sent: email type is disabled CONTEXT: {"email_type":"customer_refunded_order","status":"disabled","recipient":"guest","order":10289}
2026-09-15T12:15:20+00:00 NOTICE Email "customer_completed_order" for order #10219 not sent: email type is disabled CONTEXT: {"email_type":"customer_completed_order","status":"disabled","recipient":"guest","order":10219}
2026-09-15T12:15:21+00:00 NOTICE Email "customer_completed_order" for order #10140 not sent: email type is disabled CONTEXT: {"email_type":"customer_completed_order","status":"disabled","recipient":"guest","order":10140}
2026-09-15T12:15:31+00:00 NOTICE Email "customer_completed_order" for order #9798 not sent: email type is disabled CONTEXT: {"email_type":"customer_completed_order","status":"disabled","recipient":"guest","order":9798}
2026-09-15T12:15:32+00:00 NOTICE Email "customer_completed_order" for order #10199 not sent: email type is disabled CONTEXT: {"email_type":"customer_completed_order","status":"disabled","recipient":"guest","order":10199}
2026-09-15T12:15:32+00:00 NOTICE Email "customer_completed_order" for order #10061 not sent: email type is disabled CONTEXT: {"email_type":"customer_completed_order","status":"disabled","recipient":"guest","order":10061}
2026-09-15T12:17:20+00:00 NOTICE Email "customer_completed_order" for order #9950 not sent: email type is disabled CONTEXT: {"email_type":"customer_completed_order","status":"disabled","recipient":"guest","order":9950}
2026-09-15T12:17:26+00:00 NOTICE Email "customer_completed_order" for order #10112 not sent: email type is disabled CONTEXT: {"email_type":"customer_completed_order","status":"disabled","recipient":"guest","order":10112}
2026-09-15T12:17:27+00:00 NOTICE Email "customer_completed_order" for order #10345 not sent: email type is disabled CONTEXT: {"email_type":"customer_completed_order","status":"disabled","recipient":"guest","order":10345}
2026-09-15T12:17:35+00:00 NOTICE Email "customer_completed_order" for order #10196 not sent: email type is disabled CONTEXT: {"email_type":"customer_completed_order","status":"disabled","recipient":"guest","order":10196}
2026-09-15T12:17:35+00:00 NOTICE Email "customer_completed_order" for order #10225 not sent: email type is disabled CONTEXT: {"email_type":"customer_completed_order","status":"disabled","recipient":"guest","order":10225}
2026-09-15T12:17:35+00:00 NOTICE Email "customer_completed_order" for order #9997 not sent: email type is disabled CONTEXT: {"email_type":"customer_completed_order","status":"disabled","recipient":"guest","order":9997}
2026-09-15T12:17:41+00:00 NOTICE Email "customer_completed_order" for order #10338 not sent: email type is disabled CONTEXT: {"email_type":"customer_completed_order","status":"disabled","recipient":"guest","order":10338}
2026-09-15T12:17:46+00:00 NOTICE Email "customer_completed_order" for order #10086 not sent: email type is disabled CONTEXT: {"email_type":"customer_completed_order","status":"disabled","recipient":"guest","order":10086}
2026-09-15T12:17:46+00:00 NOTICE Email "customer_completed_order" for order #10034 not sent: email type is disabled CONTEXT: {"email_type":"customer_completed_order","status":"disabled","recipient":"guest","order":10034}
2026-09-15T12:17:57+00:00 NOTICE Email "customer_completed_order" for order #10003 not sent: email type is disabled CONTEXT: {"email_type":"customer_completed_order","status":"disabled","recipient":"guest","order":10003}
2026-09-15T12:17:57+00:00 NOTICE Email "customer_completed_order" for order #10286 not sent: email type is disabled CONTEXT: {"email_type":"customer_completed_order","status":"disabled","recipient":"guest","order":10286}
2026-09-15T12:17:58+00:00 NOTICE Email "customer_completed_order" for order #10216 not sent: email type is disabled CONTEXT: {"email_type":"customer_completed_order","status":"disabled","recipient":"guest","order":10216}
2026-09-15T12:18:08+00:00 NOTICE Email "customer_completed_order" for order #9757 not sent: email type is disabled CONTEXT: {"email_type":"customer_completed_order","status":"disabled","recipient":"guest","order":9757}
2026-09-15T12:18:09+00:00 NOTICE Email "customer_completed_order" for order #9952 not sent: email type is disabled CONTEXT: {"email_type":"customer_completed_order","status":"disabled","recipient":"guest","order":9952}
2026-09-15T12:18:09+00:00 NOTICE Email "customer_completed_order" for order #10185 not sent: email type is disabled CONTEXT: {"email_type":"customer_completed_order","status":"disabled","recipient":"guest","order":10185}
2026-09-15T12:18:09+00:00 NOTICE Email "customer_completed_order" for order #10249 not sent: email type is disabled CONTEXT: {"email_type":"customer_completed_order","status":"disabled","recipient":"guest","order":10249}
2026-09-15T12:21:15+00:00 NOTICE Email "customer_completed_order" for order #10211 not sent: email type is disabled CONTEXT: {"email_type":"customer_completed_order","status":"disabled","recipient":"guest","order":10211}
2026-09-15T12:23:29+00:00 NOTICE Email "customer_refunded_order" for order #10367 not sent: email type is disabled CONTEXT: {"email_type":"customer_refunded_order","status":"disabled","recipient":"guest","order":10367}
2026-09-15T12:25:08+00:00 NOTICE Email "customer_completed_order" for order #10126 not sent: email type is disabled CONTEXT: {"email_type":"customer_completed_order","status":"disabled","recipient":"guest","order":10126}
2026-09-15T12:26:15+00:00 NOTICE Email "customer_completed_order" for order #10061 not sent: email type is disabled CONTEXT: {"email_type":"customer_completed_order","status":"disabled","recipient":"guest","order":10061}
2026-09-15T12:26:50+00:00 NOTICE Email "customer_completed_order" for order #10140 not sent: email type is disabled CONTEXT: {"email_type":"customer_completed_order","status":"disabled","recipient":"guest","order":10140}
2026-09-15T12:26:50+00:00 NOTICE Email "customer_completed_order" for order #10219 not sent: email type is disabled CONTEXT: {"email_type":"customer_completed_order","status":"disabled","recipient":"guest","order":10219}
2026-09-15T12:27:13+00:00 NOTICE Email "customer_completed_order" for order #9936 not sent: email type is disabled CONTEXT: {"email_type":"customer_completed_order","status":"disabled","recipient":"guest","order":9936}
2026-09-15T12:27:25+00:00 NOTICE Email "customer_completed_order" for order #9830 not sent: email type is disabled CONTEXT: {"email_type":"customer_completed_order","status":"disabled","recipient":"guest","order":9830}
2026-09-15T12:27:51+00:00 NOTICE Email "customer_failed_order" for order #10302 not sent: email type is disabled CONTEXT: {"email_type":"customer_failed_order","status":"disabled","recipient":"guest","order":10302}
2026-09-15T12:28:02+00:00 NOTICE Email "customer_completed_order" for order #9852 not sent: email type is disabled CONTEXT: {"email_type":"customer_completed_order","status":"disabled","recipient":"guest","order":9852}
2026-09-15T12:28:02+00:00 NOTICE Email "customer_failed_order" for order #10320 not sent: email type is disabled CONTEXT: {"email_type":"customer_failed_order","status":"disabled","recipient":"guest","order":10320}
2026-09-15T12:28:03+00:00 NOTICE Email "customer_completed_order" for order #9923 not sent: email type is disabled CONTEXT: {"email_type":"customer_completed_order","status":"disabled","recipient":"guest","order":9923}
2026-09-15T12:28:03+00:00 NOTICE Email "customer_completed_order" for order #10342 not sent: email type is disabled CONTEXT: {"email_type":"customer_completed_order","status":"disabled","recipient":"guest","order":10342}
2026-09-15T12:28:03+00:00 NOTICE Email "customer_completed_order" for order #10285 not sent: email type is disabled CONTEXT: {"email_type":"customer_completed_order","status":"disabled","recipient":"guest","order":10285}
2026-09-15T12:28:13+00:00 NOTICE Email "customer_completed_order" for order #7526 not sent: email type is disabled CONTEXT: {"email_type":"customer_completed_order","status":"disabled","recipient":"guest","order":7526}
2026-09-15T12:28:14+00:00 NOTICE Email "customer_completed_order" for order #10262 not sent: email type is disabled CONTEXT: {"email_type":"customer_completed_order","status":"disabled","recipient":"guest","order":10262}
2026-09-15T12:28:37+00:00 NOTICE Email "customer_completed_order" for order #10239 not sent: email type is disabled CONTEXT: {"email_type":"customer_completed_order","status":"disabled","recipient":"guest","order":10239}
2026-09-15T12:28:37+00:00 NOTICE Email "customer_completed_order" for order #10233 not sent: email type is disabled CONTEXT: {"email_type":"customer_completed_order","status":"disabled","recipient":"guest","order":10233}
2026-09-15T12:28:42+00:00 NOTICE Email "customer_note" for order #10875 not sent: email type is disabled CONTEXT: {"email_type":"customer_note","status":"disabled","recipient":"guest","order":10875}
2026-09-15T12:28:49+00:00 NOTICE Email "customer_completed_order" for order #10267 not sent: email type is disabled CONTEXT: {"email_type":"customer_completed_order","status":"disabled","recipient":"guest","order":10267}
2026-09-15T12:28:58+00:00 NOTICE Email "customer_failed_order" for order #10208 not sent: email type is disabled CONTEXT: {"email_type":"customer_failed_order","status":"disabled","recipient":"guest","order":10208}
2026-09-15T12:29:15+00:00 NOTICE Email "customer_completed_order" for order #10003 not sent: email type is disabled CONTEXT: {"email_type":"customer_completed_order","status":"disabled","recipient":"guest","order":10003}
2026-09-15T12:29:26+00:00 NOTICE Email "customer_completed_order" for order #10126 not sent: email type is disabled CONTEXT: {"email_type":"customer_completed_order","status":"disabled","recipient":"guest","order":10126}
2026-09-15T12:29:37+00:00 NOTICE Email "customer_completed_order" for order #9830 not sent: email type is disabled CONTEXT: {"email_type":"customer_completed_order","status":"disabled","recipient":"guest","order":9830}
2026-09-15T12:29:37+00:00 NOTICE Email "customer_completed_order" for order #9757 not sent: email type is disabled CONTEXT: {"email_type":"customer_completed_order","status":"disabled","recipient":"guest","order":9757}
2026-09-15T12:29:48+00:00 NOTICE Email "customer_completed_order" for order #9952 not sent: email type is disabled CONTEXT: {"email_type":"customer_completed_order","status":"disabled","recipient":"guest","order":9952}
2026-09-15T12:29:49+00:00 NOTICE Email "customer_completed_order" for order #10185 not sent: email type is disabled CONTEXT: {"email_type":"customer_completed_order","status":"disabled","recipient":"guest","order":10185}
2026-09-15T12:29:58+00:00 NOTICE Email "customer_completed_order" for order #9852 not sent: email type is disabled CONTEXT: {"email_type":"customer_completed_order","status":"disabled","recipient":"guest","order":9852}
2026-09-15T12:29:58+00:00 NOTICE Email "customer_completed_order" for order #9923 not sent: email type is disabled CONTEXT: {"email_type":"customer_completed_order","status":"disabled","recipient":"guest","order":9923}
2026-09-15T12:29:58+00:00 NOTICE Email "customer_completed_order" for order #10342 not sent: email type is disabled CONTEXT: {"email_type":"customer_completed_order","status":"disabled","recipient":"guest","order":10342}
2026-09-15T12:30:11+00:00 NOTICE Email "customer_completed_order" for order #10061 not sent: email type is disabled CONTEXT: {"email_type":"customer_completed_order","status":"disabled","recipient":"guest","order":10061}
2026-09-15T12:30:22+00:00 NOTICE Email "customer_completed_order" for order #9798 not sent: email type is disabled CONTEXT: {"email_type":"customer_completed_order","status":"disabled","recipient":"guest","order":9798}
2026-09-15T12:30:22+00:00 NOTICE Email "customer_completed_order" for order #10199 not sent: email type is disabled CONTEXT: {"email_type":"customer_completed_order","status":"disabled","recipient":"guest","order":10199}
2026-09-15T12:30:24+00:00 NOTICE Email "customer_note" for order #10876 not sent: email type is disabled CONTEXT: {"email_type":"customer_note","status":"disabled","recipient":"guest","order":10876}
2026-09-15T12:30:34+00:00 NOTICE Email "customer_note" for order #10877 not sent: email type is disabled CONTEXT: {"email_type":"customer_note","status":"disabled","recipient":"guest","order":10877}
2026-09-15T12:30:37+00:00 NOTICE Email "customer_completed_order" for order #10249 not sent: email type is disabled CONTEXT: {"email_type":"customer_completed_order","status":"disabled","recipient":"guest","order":10249}
2026-09-15T12:30:47+00:00 NOTICE Email "customer_completed_order" for order #10216 not sent: email type is disabled CONTEXT: {"email_type":"customer_completed_order","status":"disabled","recipient":"guest","order":10216}
2026-09-15T12:30:58+00:00 NOTICE Email "customer_completed_order" for order #10126 not sent: email type is disabled CONTEXT: {"email_type":"customer_completed_order","status":"disabled","recipient":"guest","order":10126}
2026-09-15T12:31:00+00:00 NOTICE Email "customer_completed_order" for order #10140 not sent: email type is disabled CONTEXT: {"email_type":"customer_completed_order","status":"disabled","recipient":"guest","order":10140}
2026-09-15T12:31:01+00:00 NOTICE Email "customer_completed_order" for order #10219 not sent: email type is disabled CONTEXT: {"email_type":"customer_completed_order","status":"disabled","recipient":"guest","order":10219}
2026-09-15T12:31:08+00:00 INFO Email "new_order" for order #10875 sent CONTEXT: {"email_type":"new_order","status":"sent","recipient":"guest","order":10875}
2026-09-15T12:31:08+00:00 NOTICE Email "customer_processing_order" for order #10875 not sent: email type is disabled CONTEXT: {"email_type":"customer_processing_order","status":"disabled","recipient":"guest","order":10875}
2026-09-15T12:31:08+00:00 NOTICE Email "customer_note" for order #10875 not sent: email type is disabled CONTEXT: {"email_type":"customer_note","status":"disabled","recipient":"guest","order":10875}
2026-09-15T12:31:13+00:00 NOTICE Email "customer_completed_order" for order #10199 not sent: email type is disabled CONTEXT: {"email_type":"customer_completed_order","status":"disabled","recipient":"guest","order":10199}
2026-09-15T12:31:22+00:00 NOTICE Email "customer_completed_order" for order #10266 not sent: email type is disabled CONTEXT: {"email_type":"customer_completed_order","status":"disabled","recipient":"guest","order":10266}
2026-09-15T12:31:25+00:00 NOTICE Email "customer_completed_order" for order #9950 not sent: email type is disabled CONTEXT: {"email_type":"customer_completed_order","status":"disabled","recipient":"guest","order":9950}
2026-09-15T12:31:25+00:00 NOTICE Email "customer_completed_order" for order #10338 not sent: email type is disabled CONTEXT: {"email_type":"customer_completed_order","status":"disabled","recipient":"guest","order":10338}
2026-09-15T12:31:25+00:00 NOTICE Email "customer_completed_order" for order #9936 not sent: email type is disabled CONTEXT: {"email_type":"customer_completed_order","status":"disabled","recipient":"guest","order":9936}
2026-09-15T12:31:36+00:00 NOTICE Email "customer_completed_order" for order #10247 not sent: email type is disabled CONTEXT: {"email_type":"customer_completed_order","status":"disabled","recipient":"guest","order":10247}
2026-09-15T12:31:36+00:00 NOTICE Email "customer_completed_order" for order #9786 not sent: email type is disabled CONTEXT: {"email_type":"customer_completed_order","status":"disabled","recipient":"guest","order":9786}
2026-09-15T12:31:36+00:00 NOTICE Email "customer_completed_order" for order #9900 not sent: email type is disabled CONTEXT: {"email_type":"customer_completed_order","status":"disabled","recipient":"guest","order":9900}
2026-09-15T12:31:36+00:00 NOTICE Email "customer_completed_order" for order #10196 not sent: email type is disabled CONTEXT: {"email_type":"customer_completed_order","status":"disabled","recipient":"guest","order":10196}
2026-09-15T12:31:37+00:00 NOTICE Email "customer_completed_order" for order #10197 not sent: email type is disabled CONTEXT: {"email_type":"customer_completed_order","status":"disabled","recipient":"guest","order":10197}
2026-09-15T12:31:38+00:00 NOTICE Email "customer_completed_order" for order #10222 not sent: email type is disabled CONTEXT: {"email_type":"customer_completed_order","status":"disabled","recipient":"guest","order":10222}
2026-09-15T12:31:38+00:00 NOTICE Email "customer_completed_order" for order #10168 not sent: email type is disabled CONTEXT: {"email_type":"customer_completed_order","status":"disabled","recipient":"guest","order":10168}
2026-09-15T12:31:39+00:00 NOTICE Email "customer_completed_order" for order #10156 not sent: email type is disabled CONTEXT: {"email_type":"customer_completed_order","status":"disabled","recipient":"guest","order":10156}
2026-09-15T12:31:44+00:00 NOTICE Email "customer_completed_order" for order #10239 not sent: email type is disabled CONTEXT: {"email_type":"customer_completed_order","status":"disabled","recipient":"guest","order":10239}
2026-09-15T12:31:45+00:00 NOTICE Email "customer_completed_order" for order #9851 not sent: email type is disabled CONTEXT: {"email_type":"customer_completed_order","status":"disabled","recipient":"guest","order":9851}
2026-09-15T12:31:45+00:00 NOTICE Email "customer_completed_order" for order #9892 not sent: email type is disabled CONTEXT: {"email_type":"customer_completed_order","status":"disabled","recipient":"guest","order":9892}
2026-09-15T12:31:52+00:00 NOTICE Email "customer_completed_order" for order #10003 not sent: email type is disabled CONTEXT: {"email_type":"customer_completed_order","status":"disabled","recipient":"guest","order":10003}
2026-09-15T12:31:52+00:00 NOTICE Email "customer_completed_order" for order #10225 not sent: email type is disabled CONTEXT: {"email_type":"customer_completed_order","status":"disabled","recipient":"guest","order":10225}
2026-09-15T12:31:53+00:00 NOTICE Email "customer_completed_order" for order #10258 not sent: email type is disabled CONTEXT: {"email_type":"customer_completed_order","status":"disabled","recipient":"guest","order":10258}
2026-09-15T12:31:53+00:00 NOTICE Email "customer_completed_order" for order #10262 not sent: email type is disabled CONTEXT: {"email_type":"customer_completed_order","status":"disabled","recipient":"guest","order":10262}
2026-09-15T12:31:53+00:00 NOTICE Email "customer_completed_order" for order #10286 not sent: email type is disabled CONTEXT: {"email_type":"customer_completed_order","status":"disabled","recipient":"guest","order":10286}
2026-09-15T12:31:58+00:00 NOTICE Email "customer_completed_order" for order #10126 not sent: email type is disabled CONTEXT: {"email_type":"customer_completed_order","status":"disabled","recipient":"guest","order":10126}
2026-09-15T12:32:09+00:00 NOTICE Email "customer_completed_order" for order #10336 not sent: email type is disabled CONTEXT: {"email_type":"customer_completed_order","status":"disabled","recipient":"guest","order":10336}
2026-09-15T12:32:10+00:00 NOTICE Email "customer_completed_order" for order #10168 not sent: email type is disabled CONTEXT: {"email_type":"customer_completed_order","status":"disabled","recipient":"guest","order":10168}
2026-09-15T12:32:19+00:00 NOTICE Email "customer_failed_order" for order #10351 not sent: email type is disabled CONTEXT: {"email_type":"customer_failed_order","status":"disabled","recipient":"guest","order":10351}
2026-09-15T12:32:30+00:00 NOTICE Email "customer_failed_order" for order #10208 not sent: email type is disabled CONTEXT: {"email_type":"customer_failed_order","status":"disabled","recipient":"guest","order":10208}
2026-09-15T12:32:44+00:00 NOTICE Email "customer_completed_order" for order #10086 not sent: email type is disabled CONTEXT: {"email_type":"customer_completed_order","status":"disabled","recipient":"guest","order":10086}
2026-09-15T12:32:44+00:00 NOTICE Email "customer_completed_order" for order #10034 not sent: email type is disabled CONTEXT: {"email_type":"customer_completed_order","status":"disabled","recipient":"guest","order":10034}
2026-09-15T12:32:48+00:00 NOTICE Email "customer_completed_order" for order #9997 not sent: email type is disabled CONTEXT: {"email_type":"customer_completed_order","status":"disabled","recipient":"guest","order":9997}
2026-09-15T12:32:55+00:00 NOTICE Email "customer_completed_order" for order #9810 not sent: email type is disabled CONTEXT: {"email_type":"customer_completed_order","status":"disabled","recipient":"guest","order":9810}
2026-09-15T12:32:57+00:00 NOTICE Email "customer_completed_order" for order #10345 not sent: email type is disabled CONTEXT: {"email_type":"customer_completed_order","status":"disabled","recipient":"guest","order":10345}
2026-09-15T12:32:57+00:00 NOTICE Email "customer_completed_order" for order #10112 not sent: email type is disabled CONTEXT: {"email_type":"customer_completed_order","status":"disabled","recipient":"guest","order":10112}
2026-09-15T12:33:05+00:00 NOTICE Email "customer_completed_order" for order #9809 not sent: email type is disabled CONTEXT: {"email_type":"customer_completed_order","status":"disabled","recipient":"guest","order":9809}
2026-09-15T12:33:06+00:00 NOTICE Email "customer_completed_order" for order #10327 not sent: email type is disabled CONTEXT: {"email_type":"customer_completed_order","status":"disabled","recipient":"guest","order":10327}
2026-09-15T12:34:00+00:00 NOTICE Email "customer_completed_order" for order #9766 not sent: email type is disabled CONTEXT: {"email_type":"customer_completed_order","status":"disabled","recipient":"guest","order":9766}
2026-09-15T12:34:05+00:00 NOTICE Email "customer_completed_order" for order #9830 not sent: email type is disabled CONTEXT: {"email_type":"customer_completed_order","status":"disabled","recipient":"guest","order":9830}
2026-09-15T12:34:09+00:00 NOTICE Email "customer_failed_order" for order #10302 not sent: email type is disabled CONTEXT: {"email_type":"customer_failed_order","status":"disabled","recipient":"guest","order":10302}
2026-09-15T12:34:15+00:00 NOTICE Email "customer_completed_order" for order #9923 not sent: email type is disabled CONTEXT: {"email_type":"customer_completed_order","status":"disabled","recipient":"guest","order":9923}
2026-09-15T12:34:15+00:00 NOTICE Email "customer_completed_order" for order #10342 not sent: email type is disabled CONTEXT: {"email_type":"customer_completed_order","status":"disabled","recipient":"guest","order":10342}
2026-09-15T12:34:15+00:00 NOTICE Email "customer_completed_order" for order #7526 not sent: email type is disabled CONTEXT: {"email_type":"customer_completed_order","status":"disabled","recipient":"guest","order":7526}
2026-09-15T12:34:24+00:00 INFO Email "cancelled_order" for order #10854 sent CONTEXT: {"email_type":"cancelled_order","status":"sent","recipient":"guest","order":10854}
2026-09-15T12:34:30+00:00 NOTICE Email "customer_failed_order" for order #10320 not sent: email type is disabled CONTEXT: {"email_type":"customer_failed_order","status":"disabled","recipient":"guest","order":10320}
2026-09-15T12:34:30+00:00 NOTICE Email "customer_completed_order" for order #10285 not sent: email type is disabled CONTEXT: {"email_type":"customer_completed_order","status":"disabled","recipient":"guest","order":10285}
2026-09-15T12:34:30+00:00 NOTICE Email "customer_completed_order" for order #10262 not sent: email type is disabled CONTEXT: {"email_type":"customer_completed_order","status":"disabled","recipient":"guest","order":10262}
2026-09-15T12:34:40+00:00 NOTICE Email "customer_completed_order" for order #10286 not sent: email type is disabled CONTEXT: {"email_type":"customer_completed_order","status":"disabled","recipient":"guest","order":10286}
2026-09-15T12:34:46+00:00 NOTICE Email "customer_note" for order #10877 not sent: email type is disabled CONTEXT: {"email_type":"customer_note","status":"disabled","recipient":"guest","order":10877}
2026-09-15T12:36:03+00:00 NOTICE Email "customer_note" for order #10877 not sent: email type is disabled CONTEXT: {"email_type":"customer_note","status":"disabled","recipient":"guest","order":10877}
2026-09-15T12:36:35+00:00 INFO Email "new_order" for order #10876 sent CONTEXT: {"email_type":"new_order","status":"sent","recipient":"guest","order":10876}
2026-09-15T12:36:35+00:00 NOTICE Email "customer_processing_order" for order #10876 not sent: email type is disabled CONTEXT: {"email_type":"customer_processing_order","status":"disabled","recipient":"guest","order":10876}
2026-09-15T12:36:35+00:00 NOTICE Email "customer_note" for order #10876 not sent: email type is disabled CONTEXT: {"email_type":"customer_note","status":"disabled","recipient":"guest","order":10876}
2026-09-15T12:36:39+00:00 NOTICE Email "customer_note" for order #10877 not sent: email type is disabled CONTEXT: {"email_type":"customer_note","status":"disabled","recipient":"guest","order":10877}
2026-09-15T12:38:05+00:00 NOTICE Email "customer_completed_order" for order #10112 not sent: email type is disabled CONTEXT: {"email_type":"customer_completed_order","status":"disabled","recipient":"guest","order":10112}
2026-09-15T12:38:14+00:00 NOTICE Email "customer_completed_order" for order #10345 not sent: email type is disabled CONTEXT: {"email_type":"customer_completed_order","status":"disabled","recipient":"guest","order":10345}
2026-09-15T12:38:35+00:00 NOTICE Email "customer_completed_order" for order #10225 not sent: email type is disabled CONTEXT: {"email_type":"customer_completed_order","status":"disabled","recipient":"guest","order":10225}
2026-09-15T12:38:44+00:00 NOTICE Email "customer_completed_order" for order #10034 not sent: email type is disabled CONTEXT: {"email_type":"customer_completed_order","status":"disabled","recipient":"guest","order":10034}
2026-09-15T12:38:44+00:00 NOTICE Email "customer_completed_order" for order #10086 not sent: email type is disabled CONTEXT: {"email_type":"customer_completed_order","status":"disabled","recipient":"guest","order":10086}
2026-09-15T12:38:45+00:00 NOTICE Email "customer_completed_order" for order #10168 not sent: email type is disabled CONTEXT: {"email_type":"customer_completed_order","status":"disabled","recipient":"guest","order":10168}
2026-09-15T12:39:03+00:00 NOTICE Email "customer_completed_order" for order #10126 not sent: email type is disabled CONTEXT: {"email_type":"customer_completed_order","status":"disabled","recipient":"guest","order":10126}
2026-09-15T12:39:03+00:00 NOTICE Email "customer_completed_order" for order #10233 not sent: email type is disabled CONTEXT: {"email_type":"customer_completed_order","status":"disabled","recipient":"guest","order":10233}
2026-09-15T12:39:14+00:00 NOTICE Email "customer_completed_order" for order #10267 not sent: email type is disabled CONTEXT: {"email_type":"customer_completed_order","status":"disabled","recipient":"guest","order":10267}
2026-09-15T12:39:14+00:00 NOTICE Email "customer_completed_order" for order #10219 not sent: email type is disabled CONTEXT: {"email_type":"customer_completed_order","status":"disabled","recipient":"guest","order":10219}
2026-09-15T12:39:23+00:00 NOTICE Email "customer_completed_order" for order #10249 not sent: email type is disabled CONTEXT: {"email_type":"customer_completed_order","status":"disabled","recipient":"guest","order":10249}
2026-09-15T12:39:23+00:00 NOTICE Email "customer_completed_order" for order #10185 not sent: email type is disabled CONTEXT: {"email_type":"customer_completed_order","status":"disabled","recipient":"guest","order":10185}
2026-09-15T12:39:34+00:00 NOTICE Email "customer_completed_order" for order #10239 not sent: email type is disabled CONTEXT: {"email_type":"customer_completed_order","status":"disabled","recipient":"guest","order":10239}
2026-09-15T12:39:34+00:00 NOTICE Email "customer_completed_order" for order #10140 not sent: email type is disabled CONTEXT: {"email_type":"customer_completed_order","status":"disabled","recipient":"guest","order":10140}
2026-09-15T12:39:34+00:00 NOTICE Email "customer_completed_order" for order #9892 not sent: email type is disabled CONTEXT: {"email_type":"customer_completed_order","status":"disabled","recipient":"guest","order":9892}
2026-09-15T12:39:43+00:00 NOTICE Email "customer_completed_order" for order #9798 not sent: email type is disabled CONTEXT: {"email_type":"customer_completed_order","status":"disabled","recipient":"guest","order":9798}
2026-09-15T12:39:53+00:00 NOTICE Email "customer_completed_order" for order #10061 not sent: email type is disabled CONTEXT: {"email_type":"customer_completed_order","status":"disabled","recipient":"guest","order":10061}
2026-09-15T12:40:38+00:00 NOTICE Email "customer_completed_order" for order #10199 not sent: email type is disabled CONTEXT: {"email_type":"customer_completed_order","status":"disabled","recipient":"guest","order":10199}
2026-09-15T12:40:48+00:00 NOTICE Email "customer_completed_order" for order #10216 not sent: email type is disabled CONTEXT: {"email_type":"customer_completed_order","status":"disabled","recipient":"guest","order":10216}
2026-09-15T12:40:58+00:00 NOTICE Email "customer_completed_order" for order #9757 not sent: email type is disabled CONTEXT: {"email_type":"customer_completed_order","status":"disabled","recipient":"guest","order":9757}
2026-09-15T12:40:58+00:00 NOTICE Email "customer_completed_order" for order #9950 not sent: email type is disabled CONTEXT: {"email_type":"customer_completed_order","status":"disabled","recipient":"guest","order":9950}
2026-09-15T12:41:08+00:00 NOTICE Email "customer_completed_order" for order #10266 not sent: email type is disabled CONTEXT: {"email_type":"customer_completed_order","status":"disabled","recipient":"guest","order":10266}
2026-09-15T12:41:08+00:00 NOTICE Email "customer_completed_order" for order #10338 not sent: email type is disabled CONTEXT: {"email_type":"customer_completed_order","status":"disabled","recipient":"guest","order":10338}
2026-09-15T12:41:09+00:00 NOTICE Email "customer_completed_order" for order #9936 not sent: email type is disabled CONTEXT: {"email_type":"customer_completed_order","status":"disabled","recipient":"guest","order":9936}
2026-09-15T12:41:29+00:00 NOTICE Email "customer_failed_order" for order #10351 not sent: email type is disabled CONTEXT: {"email_type":"customer_failed_order","status":"disabled","recipient":"guest","order":10351}
2026-09-15T12:41:39+00:00 NOTICE Email "customer_failed_order" for order #10208 not sent: email type is disabled CONTEXT: {"email_type":"customer_failed_order","status":"disabled","recipient":"guest","order":10208}
2026-09-15T12:42:28+00:00 NOTICE Email "customer_completed_order" for order #10247 not sent: email type is disabled CONTEXT: {"email_type":"customer_completed_order","status":"disabled","recipient":"guest","order":10247}
2026-09-15T12:42:37+00:00 NOTICE Email "customer_completed_order" for order #9786 not sent: email type is disabled CONTEXT: {"email_type":"customer_completed_order","status":"disabled","recipient":"guest","order":9786}
2026-09-15T12:42:37+00:00 NOTICE Email "customer_completed_order" for order #9900 not sent: email type is disabled CONTEXT: {"email_type":"customer_completed_order","status":"disabled","recipient":"guest","order":9900}
2026-09-15T12:42:38+00:00 NOTICE Email "customer_completed_order" for order #10222 not sent: email type is disabled CONTEXT: {"email_type":"customer_completed_order","status":"disabled","recipient":"guest","order":10222}
2026-09-15T12:42:38+00:00 NOTICE Email "customer_completed_order" for order #10196 not sent: email type is disabled CONTEXT: {"email_type":"customer_completed_order","status":"disabled","recipient":"guest","order":10196}
2026-09-15T12:42:48+00:00 NOTICE Email "customer_completed_order" for order #10197 not sent: email type is disabled CONTEXT: {"email_type":"customer_completed_order","status":"disabled","recipient":"guest","order":10197}
2026-09-15T12:43:08+00:00 NOTICE Email "customer_completed_order" for order #9809 not sent: email type is disabled CONTEXT: {"email_type":"customer_completed_order","status":"disabled","recipient":"guest","order":9809}
2026-09-15T12:44:21+00:00 NOTICE Email "customer_completed_order" for order #9997 not sent: email type is disabled CONTEXT: {"email_type":"customer_completed_order","status":"disabled","recipient":"guest","order":9997}
2026-09-15T12:44:32+00:00 NOTICE Email "customer_completed_order" for order #10034 not sent: email type is disabled CONTEXT: {"email_type":"customer_completed_order","status":"disabled","recipient":"guest","order":10034}
2026-09-15T12:44:32+00:00 NOTICE Email "customer_completed_order" for order #10156 not sent: email type is disabled CONTEXT: {"email_type":"customer_completed_order","status":"disabled","recipient":"guest","order":10156}
2026-09-15T12:44:32+00:00 NOTICE Email "customer_completed_order" for order #10258 not sent: email type is disabled CONTEXT: {"email_type":"customer_completed_order","status":"disabled","recipient":"guest","order":10258}
2026-09-15T12:44:51+00:00 NOTICE Email "customer_completed_order" for order #10327 not sent: email type is disabled CONTEXT: {"email_type":"customer_completed_order","status":"disabled","recipient":"guest","order":10327}
2026-09-15T12:45:02+00:00 NOTICE Email "customer_completed_order" for order #9766 not sent: email type is disabled CONTEXT: {"email_type":"customer_completed_order","status":"disabled","recipient":"guest","order":9766}
2026-09-15T12:45:12+00:00 NOTICE Email "customer_completed_order" for order #9851 not sent: email type is disabled CONTEXT: {"email_type":"customer_completed_order","status":"disabled","recipient":"guest","order":9851}
2026-09-15T12:45:34+00:00 NOTICE Email "customer_failed_order" for order #10351 not sent: email type is disabled CONTEXT: {"email_type":"customer_failed_order","status":"disabled","recipient":"guest","order":10351}
2026-09-15T12:46:43+00:00 NOTICE Email "customer_completed_order" for order #9786 not sent: email type is disabled CONTEXT: {"email_type":"customer_completed_order","status":"disabled","recipient":"guest","order":9786}
2026-09-15T12:46:43+00:00 NOTICE Email "customer_completed_order" for order #9798 not sent: email type is disabled CONTEXT: {"email_type":"customer_completed_order","status":"disabled","recipient":"guest","order":9798}
2026-09-15T12:46:51+00:00 NOTICE Email "customer_completed_order" for order #9830 not sent: email type is disabled CONTEXT: {"email_type":"customer_completed_order","status":"disabled","recipient":"guest","order":9830}
2026-09-15T12:46:51+00:00 NOTICE Email "customer_completed_order" for order #9923 not sent: email type is disabled CONTEXT: {"email_type":"customer_completed_order","status":"disabled","recipient":"guest","order":9923}
2026-09-15T12:46:52+00:00 NOTICE Email "customer_completed_order" for order #10003 not sent: email type is disabled CONTEXT: {"email_type":"customer_completed_order","status":"disabled","recipient":"guest","order":10003}
2026-09-15T12:46:52+00:00 NOTICE Email "customer_completed_order" for order #10061 not sent: email type is disabled CONTEXT: {"email_type":"customer_completed_order","status":"disabled","recipient":"guest","order":10061}
2026-09-15T12:46:52+00:00 NOTICE Email "customer_completed_order" for order #10086 not sent: email type is disabled CONTEXT: {"email_type":"customer_completed_order","status":"disabled","recipient":"guest","order":10086}
2026-09-15T12:47:02+00:00 NOTICE Email "customer_completed_order" for order #10126 not sent: email type is disabled CONTEXT: {"email_type":"customer_completed_order","status":"disabled","recipient":"guest","order":10126}
2026-09-15T12:47:03+00:00 NOTICE Email "customer_completed_order" for order #10168 not sent: email type is disabled CONTEXT: {"email_type":"customer_completed_order","status":"disabled","recipient":"guest","order":10168}
2026-09-15T12:47:03+00:00 NOTICE Email "customer_completed_order" for order #10196 not sent: email type is disabled CONTEXT: {"email_type":"customer_completed_order","status":"disabled","recipient":"guest","order":10196}
2026-09-15T12:47:03+00:00 NOTICE Email "customer_completed_order" for order #10197 not sent: email type is disabled CONTEXT: {"email_type":"customer_completed_order","status":"disabled","recipient":"guest","order":10197}
2026-09-15T12:47:03+00:00 NOTICE Email "customer_completed_order" for order #10199 not sent: email type is disabled CONTEXT: {"email_type":"customer_completed_order","status":"disabled","recipient":"guest","order":10199}
2026-09-15T12:47:03+00:00 NOTICE Email "customer_completed_order" for order #10222 not sent: email type is disabled CONTEXT: {"email_type":"customer_completed_order","status":"disabled","recipient":"guest","order":10222}
2026-09-15T12:47:03+00:00 NOTICE Email "customer_completed_order" for order #10225 not sent: email type is disabled CONTEXT: {"email_type":"customer_completed_order","status":"disabled","recipient":"guest","order":10225}
2026-09-15T12:47:03+00:00 NOTICE Email "customer_completed_order" for order #10233 not sent: email type is disabled CONTEXT: {"email_type":"customer_completed_order","status":"disabled","recipient":"guest","order":10233}
2026-09-15T12:47:03+00:00 NOTICE Email "customer_completed_order" for order #10247 not sent: email type is disabled CONTEXT: {"email_type":"customer_completed_order","status":"disabled","recipient":"guest","order":10247}
2026-09-15T12:47:04+00:00 NOTICE Email "customer_completed_order" for order #10266 not sent: email type is disabled CONTEXT: {"email_type":"customer_completed_order","status":"disabled","recipient":"guest","order":10266}
2026-09-15T12:47:04+00:00 NOTICE Email "customer_completed_order" for order #10267 not sent: email type is disabled CONTEXT: {"email_type":"customer_completed_order","status":"disabled","recipient":"guest","order":10267}
2026-09-15T12:47:28+00:00 NOTICE Email "customer_completed_order" for order #10216 not sent: email type is disabled CONTEXT: {"email_type":"customer_completed_order","status":"disabled","recipient":"guest","order":10216}
2026-09-15T12:47:28+00:00 NOTICE Email "customer_completed_order" for order #9757 not sent: email type is disabled CONTEXT: {"email_type":"customer_completed_order","status":"disabled","recipient":"guest","order":9757}
2026-09-15T12:47:47+00:00 NOTICE Email "customer_completed_order" for order #9950 not sent: email type is disabled CONTEXT: {"email_type":"customer_completed_order","status":"disabled","recipient":"guest","order":9950}
2026-09-15T12:47:47+00:00 NOTICE Email "customer_completed_order" for order #10338 not sent: email type is disabled CONTEXT: {"email_type":"customer_completed_order","status":"disabled","recipient":"guest","order":10338}
2026-09-15T12:47:47+00:00 NOTICE Email "customer_completed_order" for order #9936 not sent: email type is disabled CONTEXT: {"email_type":"customer_completed_order","status":"disabled","recipient":"guest","order":9936}
2026-09-15T12:48:27+00:00 NOTICE Email "customer_note" for order #10878 not sent: email type is disabled CONTEXT: {"email_type":"customer_note","status":"disabled","recipient":"guest","order":10878}
2026-09-15T12:51:10+00:00 NOTICE Email "customer_failed_order" for order #10302 not sent: email type is disabled CONTEXT: {"email_type":"customer_failed_order","status":"disabled","recipient":"guest","order":10302}
2026-09-15T12:51:10+00:00 NOTICE Email "customer_completed_order" for order #10342 not sent: email type is disabled CONTEXT: {"email_type":"customer_completed_order","status":"disabled","recipient":"guest","order":10342}
2026-09-15T12:51:29+00:00 NOTICE Email "customer_completed_order" for order #9852 not sent: email type is disabled CONTEXT: {"email_type":"customer_completed_order","status":"disabled","recipient":"guest","order":9852}
2026-09-15T12:51:30+00:00 NOTICE Email "customer_completed_order" for order #10285 not sent: email type is disabled CONTEXT: {"email_type":"customer_completed_order","status":"disabled","recipient":"guest","order":10285}
2026-09-15T12:51:49+00:00 NOTICE Email "customer_failed_order" for order #10320 not sent: email type is disabled CONTEXT: {"email_type":"customer_failed_order","status":"disabled","recipient":"guest","order":10320}
2026-09-15T12:52:19+00:00 NOTICE Email "customer_completed_order" for order #10345 not sent: email type is disabled CONTEXT: {"email_type":"customer_completed_order","status":"disabled","recipient":"guest","order":10345}
2026-09-15T12:52:45+00:00 NOTICE Email "customer_note" for order #10879 not sent: email type is disabled CONTEXT: {"email_type":"customer_note","status":"disabled","recipient":"guest","order":10879}
2026-09-15T12:53:14+00:00 NOTICE Email "customer_note" for order #10879 not sent: email type is disabled CONTEXT: {"email_type":"customer_note","status":"disabled","recipient":"guest","order":10879}
2026-09-15T12:54:06+00:00 NOTICE Email "customer_note" for order #10879 not sent: email type is disabled CONTEXT: {"email_type":"customer_note","status":"disabled","recipient":"guest","order":10879}
2026-09-15T12:57:02+00:00 NOTICE Email "customer_completed_order" for order #7526 not sent: email type is disabled CONTEXT: {"email_type":"customer_completed_order","status":"disabled","recipient":"guest","order":7526}
2026-09-15T12:57:02+00:00 NOTICE Email "customer_completed_order" for order #10262 not sent: email type is disabled CONTEXT: {"email_type":"customer_completed_order","status":"disabled","recipient":"guest","order":10262}
2026-09-15T12:57:08+00:00 NOTICE Email "customer_completed_order" for order #9809 not sent: email type is disabled CONTEXT: {"email_type":"customer_completed_order","status":"disabled","recipient":"guest","order":9809}
2026-09-15T12:57:15+00:00 NOTICE Email "customer_completed_order" for order #10286 not sent: email type is disabled CONTEXT: {"email_type":"customer_completed_order","status":"disabled","recipient":"guest","order":10286}
2026-09-15T12:58:33+00:00 NOTICE Email "customer_completed_order" for order #10327 not sent: email type is disabled CONTEXT: {"email_type":"customer_completed_order","status":"disabled","recipient":"guest","order":10327}
2026-09-15T12:59:22+00:00 NOTICE Email "customer_completed_order" for order #10249 not sent: email type is disabled CONTEXT: {"email_type":"customer_completed_order","status":"disabled","recipient":"guest","order":10249}
2026-09-15T12:59:22+00:00 NOTICE Email "customer_completed_order" for order #10185 not sent: email type is disabled CONTEXT: {"email_type":"customer_completed_order","status":"disabled","recipient":"guest","order":10185}
2026-09-15T12:59:24+00:00 NOTICE Email "customer_completed_order" for order #10239 not sent: email type is disabled CONTEXT: {"email_type":"customer_completed_order","status":"disabled","recipient":"guest","order":10239}
2026-09-15T12:59:25+00:00 NOTICE Email "customer_completed_order" for order #9892 not sent: email type is disabled CONTEXT: {"email_type":"customer_completed_order","status":"disabled","recipient":"guest","order":9892}
2026-09-15T12:59:42+00:00 NOTICE Email "customer_completed_order" for order #10336 not sent: email type is disabled CONTEXT: {"email_type":"customer_completed_order","status":"disabled","recipient":"guest","order":10336}
2026-09-15T12:59:52+00:00 NOTICE Email "customer_completed_order" for order #10140 not sent: email type is disabled CONTEXT: {"email_type":"customer_completed_order","status":"disabled","recipient":"guest","order":10140}
2026-09-15T13:00:07+00:00 NOTICE Email "customer_completed_order" for order #10219 not sent: email type is disabled CONTEXT: {"email_type":"customer_completed_order","status":"disabled","recipient":"guest","order":10219}
2026-09-15T13:00:07+00:00 NOTICE Email "customer_completed_order" for order #9952 not sent: email type is disabled CONTEXT: {"email_type":"customer_completed_order","status":"disabled","recipient":"guest","order":9952}
2026-09-15T13:00:23+00:00 NOTICE Email "customer_completed_order" for order #9810 not sent: email type is disabled CONTEXT: {"email_type":"customer_completed_order","status":"disabled","recipient":"guest","order":9810}
2026-09-15T13:00:33+00:00 NOTICE Email "customer_note" for order #10880 not sent: email type is disabled CONTEXT: {"email_type":"customer_note","status":"disabled","recipient":"guest","order":10880}
2026-09-15T13:01:07+00:00 NOTICE Email "customer_completed_order" for order #10112 not sent: email type is disabled CONTEXT: {"email_type":"customer_completed_order","status":"disabled","recipient":"guest","order":10112}
2026-09-15T13:01:21+00:00 NOTICE Email "customer_completed_order" for order #9852 not sent: email type is disabled CONTEXT: {"email_type":"customer_completed_order","status":"disabled","recipient":"guest","order":9852}
2026-09-15T13:01:23+00:00 NOTICE Email "customer_completed_order" for order #10061 not sent: email type is disabled CONTEXT: {"email_type":"customer_completed_order","status":"disabled","recipient":"guest","order":10061}
2026-09-15T13:01:55+00:00 NOTICE Email "customer_note" for order #10880 not sent: email type is disabled CONTEXT: {"email_type":"customer_note","status":"disabled","recipient":"guest","order":10880}
2026-09-15T13:02:15+00:00 NOTICE Email "customer_completed_order" for order #10342 not sent: email type is disabled CONTEXT: {"email_type":"customer_completed_order","status":"disabled","recipient":"guest","order":10342}
2026-09-15T13:02:25+00:00 NOTICE Email "customer_failed_order" for order #10320 not sent: email type is disabled CONTEXT: {"email_type":"customer_failed_order","status":"disabled","recipient":"guest","order":10320}
2026-09-15T13:02:25+00:00 NOTICE Email "customer_completed_order" for order #9757 not sent: email type is disabled CONTEXT: {"email_type":"customer_completed_order","status":"disabled","recipient":"guest","order":9757}
2026-09-15T13:02:25+00:00 NOTICE Email "customer_completed_order" for order #10168 not sent: email type is disabled CONTEXT: {"email_type":"customer_completed_order","status":"disabled","recipient":"guest","order":10168}
2026-09-15T13:02:37+00:00 NOTICE Email "customer_note" for order #10881 not sent: email type is disabled CONTEXT: {"email_type":"customer_note","status":"disabled","recipient":"guest","order":10881}
2026-09-15T13:03:21+00:00 NOTICE Email "customer_failed_order" for order #10208 not sent: email type is disabled CONTEXT: {"email_type":"customer_failed_order","status":"disabled","recipient":"guest","order":10208}
2026-09-15T13:03:30+00:00 NOTICE Email "customer_failed_order" for order #10351 not sent: email type is disabled CONTEXT: {"email_type":"customer_failed_order","status":"disabled","recipient":"guest","order":10351}
2026-09-15T13:04:26+00:00 NOTICE Email "customer_completed_order" for order #10086 not sent: email type is disabled CONTEXT: {"email_type":"customer_completed_order","status":"disabled","recipient":"guest","order":10086}
2026-09-15T13:04:28+00:00 NOTICE Email "customer_note" for order #10882 not sent: email type is disabled CONTEXT: {"email_type":"customer_note","status":"disabled","recipient":"guest","order":10882}
2026-09-15T13:05:05+00:00 NOTICE Email "customer_completed_order" for order #9950 not sent: email type is disabled CONTEXT: {"email_type":"customer_completed_order","status":"disabled","recipient":"guest","order":9950}
2026-09-15T13:05:14+00:00 NOTICE Email "customer_completed_order" for order #10266 not sent: email type is disabled CONTEXT: {"email_type":"customer_completed_order","status":"disabled","recipient":"guest","order":10266}
2026-09-15T13:05:25+00:00 NOTICE Email "customer_completed_order" for order #10338 not sent: email type is disabled CONTEXT: {"email_type":"customer_completed_order","status":"disabled","recipient":"guest","order":10338}
2026-09-15T13:05:25+00:00 NOTICE Email "customer_completed_order" for order #10003 not sent: email type is disabled CONTEXT: {"email_type":"customer_completed_order","status":"disabled","recipient":"guest","order":10003}
2026-09-15T13:05:25+00:00 NOTICE Email "customer_completed_order" for order #9923 not sent: email type is disabled CONTEXT: {"email_type":"customer_completed_order","status":"disabled","recipient":"guest","order":9923}
2026-09-15T13:06:05+00:00 NOTICE Email "customer_failed_order" for order #10302 not sent: email type is disabled CONTEXT: {"email_type":"customer_failed_order","status":"disabled","recipient":"guest","order":10302}
2026-09-15T13:06:14+00:00 NOTICE Email "customer_completed_order" for order #9786 not sent: email type is disabled CONTEXT: {"email_type":"customer_completed_order","status":"disabled","recipient":"guest","order":9786}
2026-09-15T13:06:15+00:00 NOTICE Email "customer_completed_order" for order #9851 not sent: email type is disabled CONTEXT: {"email_type":"customer_completed_order","status":"disabled","recipient":"guest","order":9851}
2026-09-15T13:06:15+00:00 NOTICE Email "customer_completed_order" for order #9810 not sent: email type is disabled CONTEXT: {"email_type":"customer_completed_order","status":"disabled","recipient":"guest","order":9810}
2026-09-15T13:06:22+00:00 NOTICE Email "customer_completed_order" for order #10336 not sent: email type is disabled CONTEXT: {"email_type":"customer_completed_order","status":"disabled","recipient":"guest","order":10336}
2026-09-15T13:06:33+00:00 NOTICE Email "customer_completed_order" for order #9900 not sent: email type is disabled CONTEXT: {"email_type":"customer_completed_order","status":"disabled","recipient":"guest","order":9900}
2026-09-15T13:06:34+00:00 NOTICE Email "customer_completed_order" for order #9936 not sent: email type is disabled CONTEXT: {"email_type":"customer_completed_order","status":"disabled","recipient":"guest","order":9936}
2026-09-15T13:06:34+00:00 NOTICE Email "customer_completed_order" for order #10126 not sent: email type is disabled CONTEXT: {"email_type":"customer_completed_order","status":"disabled","recipient":"guest","order":10126}
2026-09-15T13:07:06+00:00 NOTICE Email "customer_completed_order" for order #7526 not sent: email type is disabled CONTEXT: {"email_type":"customer_completed_order","status":"disabled","recipient":"guest","order":7526}
2026-09-15T13:07:22+00:00 NOTICE Email "customer_completed_order" for order #9757 not sent: email type is disabled CONTEXT: {"email_type":"customer_completed_order","status":"disabled","recipient":"guest","order":9757}
2026-09-15T13:07:22+00:00 NOTICE Email "customer_failed_order" for order #10320 not sent: email type is disabled CONTEXT: {"email_type":"customer_failed_order","status":"disabled","recipient":"guest","order":10320}
2026-09-15T13:07:22+00:00 NOTICE Email "customer_completed_order" for order #10285 not sent: email type is disabled CONTEXT: {"email_type":"customer_completed_order","status":"disabled","recipient":"guest","order":10285}
2026-09-15T13:07:25+00:00 NOTICE Email "customer_completed_order" for order #10364 not sent: email type is disabled CONTEXT: {"email_type":"customer_completed_order","status":"disabled","recipient":"guest","order":10364}
2026-09-15T13:07:26+00:00 NOTICE Email "customer_completed_order" for order #10345 not sent: email type is disabled CONTEXT: {"email_type":"customer_completed_order","status":"disabled","recipient":"guest","order":10345}
2026-09-15T13:07:33+00:00 NOTICE Email "customer_completed_order" for order #10286 not sent: email type is disabled CONTEXT: {"email_type":"customer_completed_order","status":"disabled","recipient":"guest","order":10286}
2026-09-15T13:07:34+00:00 NOTICE Email "customer_completed_order" for order #10126 not sent: email type is disabled CONTEXT: {"email_type":"customer_completed_order","status":"disabled","recipient":"guest","order":10126}
2026-09-15T13:07:43+00:00 NOTICE Email "customer_completed_order" for order #10225 not sent: email type is disabled CONTEXT: {"email_type":"customer_completed_order","status":"disabled","recipient":"guest","order":10225}
2026-09-15T13:07:52+00:00 NOTICE Email "customer_completed_order" for order #10342 not sent: email type is disabled CONTEXT: {"email_type":"customer_completed_order","status":"disabled","recipient":"guest","order":10342}
2026-09-15T13:07:56+00:00 NOTICE Email "customer_completed_order" for order #10061 not sent: email type is disabled CONTEXT: {"email_type":"customer_completed_order","status":"disabled","recipient":"guest","order":10061}
2026-09-15T13:07:56+00:00 NOTICE Email "customer_completed_order" for order #9892 not sent: email type is disabled CONTEXT: {"email_type":"customer_completed_order","status":"disabled","recipient":"guest","order":9892}
2026-09-15T13:07:56+00:00 NOTICE Email "customer_completed_order" for order #10249 not sent: email type is disabled CONTEXT: {"email_type":"customer_completed_order","status":"disabled","recipient":"guest","order":10249}
2026-09-15T13:08:02+00:00 NOTICE Email "customer_completed_order" for order #10239 not sent: email type is disabled CONTEXT: {"email_type":"customer_completed_order","status":"disabled","recipient":"guest","order":10239}
2026-09-15T13:08:12+00:00 NOTICE Email "customer_completed_order" for order #10185 not sent: email type is disabled CONTEXT: {"email_type":"customer_completed_order","status":"disabled","recipient":"guest","order":10185}
2026-09-15T13:08:12+00:00 NOTICE Email "customer_completed_order" for order #10199 not sent: email type is disabled CONTEXT: {"email_type":"customer_completed_order","status":"disabled","recipient":"guest","order":10199}
2026-09-15T13:08:32+00:00 NOTICE Email "customer_completed_order" for order #10216 not sent: email type is disabled CONTEXT: {"email_type":"customer_completed_order","status":"disabled","recipient":"guest","order":10216}
2026-09-15T13:08:32+00:00 NOTICE Email "customer_completed_order" for order #10086 not sent: email type is disabled CONTEXT: {"email_type":"customer_completed_order","status":"disabled","recipient":"guest","order":10086}
2026-09-15T13:08:36+00:00 NOTICE Email "customer_note" for order #10535 not sent: email type is disabled CONTEXT: {"email_type":"customer_note","status":"disabled","recipient":"guest","order":10535}
2026-09-15T13:08:48+00:00 NOTICE Email "customer_completed_order" for order #10535 not sent: email type is disabled CONTEXT: {"email_type":"customer_completed_order","status":"disabled","recipient":"guest","order":10535}
2026-09-15T13:08:51+00:00 NOTICE Email "customer_completed_order" for order #9852 not sent: email type is disabled CONTEXT: {"email_type":"customer_completed_order","status":"disabled","recipient":"guest","order":9852}
2026-09-15T13:08:55+00:00 NOTICE Email "customer_completed_order" for order #10258 not sent: email type is disabled CONTEXT: {"email_type":"customer_completed_order","status":"disabled","recipient":"guest","order":10258}
2026-09-15T13:09:01+00:00 NOTICE Email "customer_completed_order" for order #9923 not sent: email type is disabled CONTEXT: {"email_type":"customer_completed_order","status":"disabled","recipient":"guest","order":9923}
2026-09-15T13:09:05+00:00 NOTICE Email "customer_completed_order" for order #10140 not sent: email type is disabled CONTEXT: {"email_type":"customer_completed_order","status":"disabled","recipient":"guest","order":10140}
2026-09-15T13:09:05+00:00 NOTICE Email "customer_completed_order" for order #10156 not sent: email type is disabled CONTEXT: {"email_type":"customer_completed_order","status":"disabled","recipient":"guest","order":10156}
2026-09-15T13:09:05+00:00 NOTICE Email "customer_completed_order" for order #10034 not sent: email type is disabled CONTEXT: {"email_type":"customer_completed_order","status":"disabled","recipient":"guest","order":10034}
2026-09-15T13:09:05+00:00 NOTICE Email "customer_completed_order" for order #9809 not sent: email type is disabled CONTEXT: {"email_type":"customer_completed_order","status":"disabled","recipient":"guest","order":9809}
2026-09-15T13:09:10+00:00 NOTICE Email "customer_completed_order" for order #10327 not sent: email type is disabled CONTEXT: {"email_type":"customer_completed_order","status":"disabled","recipient":"guest","order":10327}
2026-09-15T13:09:10+00:00 NOTICE Email "customer_completed_order" for order #10233 not sent: email type is disabled CONTEXT: {"email_type":"customer_completed_order","status":"disabled","recipient":"guest","order":10233}
2026-09-15T13:09:16+00:00 NOTICE Email "customer_completed_order" for order #9766 not sent: email type is disabled CONTEXT: {"email_type":"customer_completed_order","status":"disabled","recipient":"guest","order":9766}
2026-09-15T13:09:26+00:00 NOTICE Email "customer_completed_order" for order #9997 not sent: email type is disabled CONTEXT: {"email_type":"customer_completed_order","status":"disabled","recipient":"guest","order":9997}
2026-09-15T13:09:26+00:00 NOTICE Email "customer_completed_order" for order #10197 not sent: email type is disabled CONTEXT: {"email_type":"customer_completed_order","status":"disabled","recipient":"guest","order":10197}
2026-09-15T13:09:40+00:00 NOTICE Email "customer_completed_order" for order #10262 not sent: email type is disabled CONTEXT: {"email_type":"customer_completed_order","status":"disabled","recipient":"guest","order":10262}
2026-09-15T13:09:58+00:00 NOTICE Email "customer_note" for order #10355 not sent: email type is disabled CONTEXT: {"email_type":"customer_note","status":"disabled","recipient":"guest","order":10355}
2026-09-15T13:10:14+00:00 NOTICE Email "customer_completed_order" for order #10355 not sent: email type is disabled CONTEXT: {"email_type":"customer_completed_order","status":"disabled","recipient":"guest","order":10355}
2026-09-15T13:10:21+00:00 NOTICE Email "customer_completed_order" for order #9830 not sent: email type is disabled CONTEXT: {"email_type":"customer_completed_order","status":"disabled","recipient":"guest","order":9830}
2026-09-15T13:10:21+00:00 NOTICE Email "customer_completed_order" for order #9952 not sent: email type is disabled CONTEXT: {"email_type":"customer_completed_order","status":"disabled","recipient":"guest","order":9952}
2026-09-15T13:10:21+00:00 NOTICE Email "customer_completed_order" for order #10112 not sent: email type is disabled CONTEXT: {"email_type":"customer_completed_order","status":"disabled","recipient":"guest","order":10112}
2026-09-15T13:10:32+00:00 NOTICE Email "customer_completed_order" for order #9950 not sent: email type is disabled CONTEXT: {"email_type":"customer_completed_order","status":"disabled","recipient":"guest","order":9950}
2026-09-15T13:10:32+00:00 NOTICE Email "customer_completed_order" for order #10266 not sent: email type is disabled CONTEXT: {"email_type":"customer_completed_order","status":"disabled","recipient":"guest","order":10266}
2026-09-15T13:10:32+00:00 NOTICE Email "customer_completed_order" for order #10219 not sent: email type is disabled CONTEXT: {"email_type":"customer_completed_order","status":"disabled","recipient":"guest","order":10219}
2026-09-15T13:10:32+00:00 NOTICE Email "customer_failed_order" for order #10302 not sent: email type is disabled CONTEXT: {"email_type":"customer_failed_order","status":"disabled","recipient":"guest","order":10302}
2026-09-15T13:10:36+00:00 NOTICE Email "customer_completed_order" for order #10338 not sent: email type is disabled CONTEXT: {"email_type":"customer_completed_order","status":"disabled","recipient":"guest","order":10338}
2026-09-15T13:10:36+00:00 NOTICE Email "customer_completed_order" for order #10196 not sent: email type is disabled CONTEXT: {"email_type":"customer_completed_order","status":"disabled","recipient":"guest","order":10196}
2026-09-15T13:10:46+00:00 NOTICE Email "customer_completed_order" for order #9798 not sent: email type is disabled CONTEXT: {"email_type":"customer_completed_order","status":"disabled","recipient":"guest","order":9798}
2026-09-15T13:11:30+00:00 NOTICE Email "customer_completed_order" for order #10168 not sent: email type is disabled CONTEXT: {"email_type":"customer_completed_order","status":"disabled","recipient":"guest","order":10168}
2026-09-15T13:11:32+00:00 NOTICE Email "customer_note" for order #10518 not sent: email type is disabled CONTEXT: {"email_type":"customer_note","status":"disabled","recipient":"guest","order":10518}
2026-09-15T13:11:40+00:00 NOTICE Email "customer_completed_order" for order #10518 not sent: email type is disabled CONTEXT: {"email_type":"customer_completed_order","status":"disabled","recipient":"guest","order":10518}
2026-09-15T13:11:40+00:00 NOTICE Email "customer_completed_order" for order #10247 not sent: email type is disabled CONTEXT: {"email_type":"customer_completed_order","status":"disabled","recipient":"guest","order":10247}
2026-09-15T13:12:28+00:00 NOTICE Email "customer_completed_order" for order #10286 not sent: email type is disabled CONTEXT: {"email_type":"customer_completed_order","status":"disabled","recipient":"guest","order":10286}
2026-09-15T13:12:35+00:00 NOTICE Email "customer_failed_order" for order #10351 not sent: email type is disabled CONTEXT: {"email_type":"customer_failed_order","status":"disabled","recipient":"guest","order":10351}
2026-09-15T13:12:46+00:00 NOTICE Email "customer_note" for order #10483 not sent: email type is disabled CONTEXT: {"email_type":"customer_note","status":"disabled","recipient":"guest","order":10483}
2026-09-15T13:13:00+00:00 NOTICE Email "customer_completed_order" for order #10483 not sent: email type is disabled CONTEXT: {"email_type":"customer_completed_order","status":"disabled","recipient":"guest","order":10483}
2026-09-15T13:14:01+00:00 NOTICE Email "customer_note" for order #10452 not sent: email type is disabled CONTEXT: {"email_type":"customer_note","status":"disabled","recipient":"guest","order":10452}
2026-09-15T13:14:17+00:00 NOTICE Email "customer_completed_order" for order #10452 not sent: email type is disabled CONTEXT: {"email_type":"customer_completed_order","status":"disabled","recipient":"guest","order":10452}
2026-09-15T13:14:26+00:00 NOTICE Email "customer_completed_order" for order #9798 not sent: email type is disabled CONTEXT: {"email_type":"customer_completed_order","status":"disabled","recipient":"guest","order":9798}
2026-09-15T13:14:32+00:00 NOTICE Email "customer_note" for order #10883 not sent: email type is disabled CONTEXT: {"email_type":"customer_note","status":"disabled","recipient":"guest","order":10883}
2026-09-15T13:14:38+00:00 NOTICE Email "customer_completed_order" for order #10266 not sent: email type is disabled CONTEXT: {"email_type":"customer_completed_order","status":"disabled","recipient":"guest","order":10266}
2026-09-15T13:14:47+00:00 NOTICE Email "customer_completed_order" for order #10197 not sent: email type is disabled CONTEXT: {"email_type":"customer_completed_order","status":"disabled","recipient":"guest","order":10197}
2026-09-15T13:14:47+00:00 NOTICE Email "customer_completed_order" for order #9997 not sent: email type is disabled CONTEXT: {"email_type":"customer_completed_order","status":"disabled","recipient":"guest","order":9997}
2026-09-15T13:14:50+00:00 NOTICE Email "customer_completed_order" for order #10364 not sent: email type is disabled CONTEXT: {"email_type":"customer_completed_order","status":"disabled","recipient":"guest","order":10364}
2026-09-15T13:14:51+00:00 NOTICE Email "customer_completed_order" for order #10196 not sent: email type is disabled CONTEXT: {"email_type":"customer_completed_order","status":"disabled","recipient":"guest","order":10196}
2026-09-15T13:15:16+00:00 NOTICE Email "customer_completed_order" for order #10112 not sent: email type is disabled CONTEXT: {"email_type":"customer_completed_order","status":"disabled","recipient":"guest","order":10112}
2026-09-15T13:15:16+00:00 NOTICE Email "customer_completed_order" for order #9830 not sent: email type is disabled CONTEXT: {"email_type":"customer_completed_order","status":"disabled","recipient":"guest","order":9830}
2026-09-15T13:15:35+00:00 NOTICE Email "customer_completed_order" for order #10061 not sent: email type is disabled CONTEXT: {"email_type":"customer_completed_order","status":"disabled","recipient":"guest","order":10061}
2026-09-15T13:15:35+00:00 NOTICE Email "customer_completed_order" for order #9892 not sent: email type is disabled CONTEXT: {"email_type":"customer_completed_order","status":"disabled","recipient":"guest","order":9892}
2026-09-15T13:15:35+00:00 NOTICE Email "customer_completed_order" for order #10342 not sent: email type is disabled CONTEXT: {"email_type":"customer_completed_order","status":"disabled","recipient":"guest","order":10342}
2026-09-15T13:15:42+00:00 INFO Email "new_order" for order #10883 sent CONTEXT: {"email_type":"new_order","status":"sent","recipient":"guest","order":10883}
2026-09-15T13:15:42+00:00 NOTICE Email "customer_processing_order" for order #10883 not sent: email type is disabled CONTEXT: {"email_type":"customer_processing_order","status":"disabled","recipient":"guest","order":10883}
2026-09-15T13:15:42+00:00 NOTICE Email "customer_note" for order #10883 not sent: email type is disabled CONTEXT: {"email_type":"customer_note","status":"disabled","recipient":"guest","order":10883}
2026-09-15T13:15:44+00:00 NOTICE Email "customer_completed_order" for order #10249 not sent: email type is disabled CONTEXT: {"email_type":"customer_completed_order","status":"disabled","recipient":"guest","order":10249}
2026-09-15T13:16:03+00:00 NOTICE Email "customer_completed_order" for order #10216 not sent: email type is disabled CONTEXT: {"email_type":"customer_completed_order","status":"disabled","recipient":"guest","order":10216}
2026-09-15T13:16:15+00:00 NOTICE Email "customer_note" for order #10409 not sent: email type is disabled CONTEXT: {"email_type":"customer_note","status":"disabled","recipient":"guest","order":10409}
2026-09-15T13:16:21+00:00 NOTICE Email "customer_note" for order #10884 not sent: email type is disabled CONTEXT: {"email_type":"customer_note","status":"disabled","recipient":"guest","order":10884}
2026-09-15T13:16:22+00:00 NOTICE Email "customer_completed_order" for order #10345 not sent: email type is disabled CONTEXT: {"email_type":"customer_completed_order","status":"disabled","recipient":"guest","order":10345}
2026-09-15T13:16:22+00:00 NOTICE Email "customer_completed_order" for order #10140 not sent: email type is disabled CONTEXT: {"email_type":"customer_completed_order","status":"disabled","recipient":"guest","order":10140}
2026-09-15T13:16:29+00:00 NOTICE Email "customer_completed_order" for order #10409 not sent: email type is disabled CONTEXT: {"email_type":"customer_completed_order","status":"disabled","recipient":"guest","order":10409}
2026-09-15T13:16:33+00:00 NOTICE Email "customer_note" for order #10885 not sent: email type is disabled CONTEXT: {"email_type":"customer_note","status":"disabled","recipient":"guest","order":10885}
2026-09-15T13:16:34+00:00 NOTICE Email "customer_completed_order" for order #10034 not sent: email type is disabled CONTEXT: {"email_type":"customer_completed_order","status":"disabled","recipient":"guest","order":10034}
2026-09-15T13:16:56+00:00 NOTICE Email "customer_note" for order #10886 not sent: email type is disabled CONTEXT: {"email_type":"customer_note","status":"disabled","recipient":"guest","order":10886}
2026-09-15T13:17:12+00:00 NOTICE Email "customer_completed_order" for order #9766 not sent: email type is disabled CONTEXT: {"email_type":"customer_completed_order","status":"disabled","recipient":"guest","order":9766}
2026-09-15T13:17:13+00:00 NOTICE Email "customer_completed_order" for order #9809 not sent: email type is disabled CONTEXT: {"email_type":"customer_completed_order","status":"disabled","recipient":"guest","order":9809}
2026-09-15T13:17:13+00:00 NOTICE Email "customer_completed_order" for order #9900 not sent: email type is disabled CONTEXT: {"email_type":"customer_completed_order","status":"disabled","recipient":"guest","order":9900}
2026-09-15T13:17:13+00:00 NOTICE Email "customer_completed_order" for order #9936 not sent: email type is disabled CONTEXT: {"email_type":"customer_completed_order","status":"disabled","recipient":"guest","order":9936}
2026-09-15T13:17:15+00:00 NOTICE Email "customer_note" for order #10885 not sent: email type is disabled CONTEXT: {"email_type":"customer_note","status":"disabled","recipient":"guest","order":10885}
2026-09-15T13:17:26+00:00 NOTICE Email "customer_failed_order" for order #10320 not sent: email type is disabled CONTEXT: {"email_type":"customer_failed_order","status":"disabled","recipient":"guest","order":10320}
2026-09-15T13:17:29+00:00 NOTICE Email "customer_completed_order" for order #10233 not sent: email type is disabled CONTEXT: {"email_type":"customer_completed_order","status":"disabled","recipient":"guest","order":10233}
2026-09-15T13:17:29+00:00 NOTICE Email "customer_note" for order #10400 not sent: email type is disabled CONTEXT: {"email_type":"customer_note","status":"disabled","recipient":"guest","order":10400}
2026-09-15T13:17:35+00:00 NOTICE Email "customer_completed_order" for order #10327 not sent: email type is disabled CONTEXT: {"email_type":"customer_completed_order","status":"disabled","recipient":"guest","order":10327}
2026-09-15T13:17:36+00:00 NOTICE Email "customer_completed_order" for order #7526 not sent: email type is disabled CONTEXT: {"email_type":"customer_completed_order","status":"disabled","recipient":"guest","order":7526}
2026-09-15T13:17:45+00:00 NOTICE Email "customer_completed_order" for order #10400 not sent: email type is disabled CONTEXT: {"email_type":"customer_completed_order","status":"disabled","recipient":"guest","order":10400}
2026-09-15T13:19:42+00:00 NOTICE Email "customer_note" for order #10324 not sent: email type is disabled CONTEXT: {"email_type":"customer_note","status":"disabled","recipient":"guest","order":10324}
2026-09-15T13:19:59+00:00 NOTICE Email "customer_completed_order" for order #10324 not sent: email type is disabled CONTEXT: {"email_type":"customer_completed_order","status":"disabled","recipient":"guest","order":10324}
2026-09-15T13:20:09+00:00 NOTICE Email "customer_note" for order #10321 not sent: email type is disabled CONTEXT: {"email_type":"customer_note","status":"disabled","recipient":"guest","order":10321}
2026-09-15T13:20:25+00:00 NOTICE Email "customer_completed_order" for order #10321 not sent: email type is disabled CONTEXT: {"email_type":"customer_completed_order","status":"disabled","recipient":"guest","order":10321}
2026-09-15T13:20:38+00:00 NOTICE Email "customer_note" for order #10884 not sent: email type is disabled CONTEXT: {"email_type":"customer_note","status":"disabled","recipient":"guest","order":10884}
2026-09-15T13:21:19+00:00 NOTICE Email "customer_note" for order #10532 not sent: email type is disabled CONTEXT: {"email_type":"customer_note","status":"disabled","recipient":"guest","order":10532}
2026-09-15T13:21:28+00:00 NOTICE Email "customer_completed_order" for order #10532 not sent: email type is disabled CONTEXT: {"email_type":"customer_completed_order","status":"disabled","recipient":"guest","order":10532}
2026-09-15T13:22:02+00:00 NOTICE Email "customer_note" for order #10888 not sent: email type is disabled CONTEXT: {"email_type":"customer_note","status":"disabled","recipient":"guest","order":10888}
2026-09-15T13:22:45+00:00 NOTICE Email "customer_note" for order #10445 not sent: email type is disabled CONTEXT: {"email_type":"customer_note","status":"disabled","recipient":"guest","order":10445}
2026-09-15T13:23:16+00:00 NOTICE Email "customer_completed_order" for order #10445 not sent: email type is disabled CONTEXT: {"email_type":"customer_completed_order","status":"disabled","recipient":"guest","order":10445}
2026-09-15T13:24:38+00:00 NOTICE Email "customer_note" for order #10537 not sent: email type is disabled CONTEXT: {"email_type":"customer_note","status":"disabled","recipient":"guest","order":10537}
2026-09-15T13:24:50+00:00 NOTICE Email "customer_completed_order" for order #10537 not sent: email type is disabled CONTEXT: {"email_type":"customer_completed_order","status":"disabled","recipient":"guest","order":10537}
2026-09-15T13:25:53+00:00 NOTICE Email "customer_note" for order #10519 not sent: email type is disabled CONTEXT: {"email_type":"customer_note","status":"disabled","recipient":"guest","order":10519}
2026-09-15T13:25:53+00:00 NOTICE Email "customer_note" for order #10519 not sent: email type is disabled CONTEXT: {"email_type":"customer_note","status":"disabled","recipient":"guest","order":10519}
2026-09-15T13:26:02+00:00 NOTICE Email "customer_completed_order" for order #10519 not sent: email type is disabled CONTEXT: {"email_type":"customer_completed_order","status":"disabled","recipient":"guest","order":10519}
2026-09-15T13:27:34+00:00 NOTICE Email "customer_note" for order #10889 not sent: email type is disabled CONTEXT: {"email_type":"customer_note","status":"disabled","recipient":"guest","order":10889}
2026-09-15T13:28:18+00:00 NOTICE Email "customer_note" for order #10890 not sent: email type is disabled CONTEXT: {"email_type":"customer_note","status":"disabled","recipient":"guest","order":10890}
2026-09-15T13:28:53+00:00 NOTICE Email "customer_note" for order #10890 not sent: email type is disabled CONTEXT: {"email_type":"customer_note","status":"disabled","recipient":"guest","order":10890}
2026-09-15T13:30:42+00:00 NOTICE Email "customer_note" for order #10890 not sent: email type is disabled CONTEXT: {"email_type":"customer_note","status":"disabled","recipient":"guest","order":10890}
2026-09-15T13:31:11+00:00 NOTICE Email "customer_note" for order #10890 not sent: email type is disabled CONTEXT: {"email_type":"customer_note","status":"disabled","recipient":"guest","order":10890}
2026-09-15T13:31:26+00:00 NOTICE Email "customer_completed_order" for order #10466 not sent: email type is disabled CONTEXT: {"email_type":"customer_completed_order","status":"disabled","recipient":"guest","order":10466}
2026-09-15T13:32:19+00:00 NOTICE Email "customer_note" for order #10310 not sent: email type is disabled CONTEXT: {"email_type":"customer_note","status":"disabled","recipient":"guest","order":10310}
2026-09-15T13:32:20+00:00 NOTICE Email "customer_note" for order #10310 not sent: email type is disabled CONTEXT: {"email_type":"customer_note","status":"disabled","recipient":"guest","order":10310}
2026-09-15T13:32:29+00:00 NOTICE Email "customer_completed_order" for order #10310 not sent: email type is disabled CONTEXT: {"email_type":"customer_completed_order","status":"disabled","recipient":"guest","order":10310}
2026-09-15T13:32:34+00:00 NOTICE Email "customer_note" for order #10886 not sent: email type is disabled CONTEXT: {"email_type":"customer_note","status":"disabled","recipient":"guest","order":10886}
2026-09-15T13:33:02+00:00 NOTICE Email "customer_note" for order #10886 not sent: email type is disabled CONTEXT: {"email_type":"customer_note","status":"disabled","recipient":"guest","order":10886}
2026-09-15T13:33:25+00:00 NOTICE Email "customer_note" for order #10416 not sent: email type is disabled CONTEXT: {"email_type":"customer_note","status":"disabled","recipient":"guest","order":10416}
2026-09-15T13:33:37+00:00 NOTICE Email "customer_completed_order" for order #10416 not sent: email type is disabled CONTEXT: {"email_type":"customer_completed_order","status":"disabled","recipient":"guest","order":10416}
2026-09-15T13:34:09+00:00 NOTICE Email "customer_note" for order #10891 not sent: email type is disabled CONTEXT: {"email_type":"customer_note","status":"disabled","recipient":"guest","order":10891}
2026-09-15T13:34:14+00:00 INFO Email "cancelled_order" for order #10888 sent CONTEXT: {"email_type":"cancelled_order","status":"sent","recipient":"guest","order":10888}
2026-09-15T13:34:36+00:00 NOTICE Email "customer_note" for order #10494 not sent: email type is disabled CONTEXT: {"email_type":"customer_note","status":"disabled","recipient":"guest","order":10494}
2026-09-15T13:34:47+00:00 NOTICE Email "customer_completed_order" for order #10494 not sent: email type is disabled CONTEXT: {"email_type":"customer_completed_order","status":"disabled","recipient":"guest","order":10494}
2026-09-15T13:34:51+00:00 NOTICE Email "customer_completed_order" for order #10345 not sent: email type is disabled CONTEXT: {"email_type":"customer_completed_order","status":"disabled","recipient":"guest","order":10345}
2026-09-15T13:34:52+00:00 INFO Email "cancelled_order" for order #10881 sent CONTEXT: {"email_type":"cancelled_order","status":"sent","recipient":"guest","order":10881}
2026-09-15T13:34:52+00:00 NOTICE Email "customer_completed_order" for order #10338 not sent: email type is disabled CONTEXT: {"email_type":"customer_completed_order","status":"disabled","recipient":"guest","order":10338}
2026-09-15T13:35:09+00:00 NOTICE Email "customer_completed_order" for order #10197 not sent: email type is disabled CONTEXT: {"email_type":"customer_completed_order","status":"disabled","recipient":"guest","order":10197}
2026-09-15T13:35:20+00:00 NOTICE Email "customer_completed_order" for order #10233 not sent: email type is disabled CONTEXT: {"email_type":"customer_completed_order","status":"disabled","recipient":"guest","order":10233}
2026-09-15T13:35:27+00:00 NOTICE Email "customer_failed_order" for order #10351 not sent: email type is disabled CONTEXT: {"email_type":"customer_failed_order","status":"disabled","recipient":"guest","order":10351}
2026-09-15T13:35:34+00:00 NOTICE Email "customer_completed_order" for order #10327 not sent: email type is disabled CONTEXT: {"email_type":"customer_completed_order","status":"disabled","recipient":"guest","order":10327}
2026-09-15T13:35:52+00:00 INFO Email "new_order" for order #10891 sent CONTEXT: {"email_type":"new_order","status":"sent","recipient":"guest","order":10891}
2026-09-15T13:35:52+00:00 NOTICE Email "customer_processing_order" for order #10891 not sent: email type is disabled CONTEXT: {"email_type":"customer_processing_order","status":"disabled","recipient":"guest","order":10891}
2026-09-15T13:35:52+00:00 NOTICE Email "customer_note" for order #10891 not sent: email type is disabled CONTEXT: {"email_type":"customer_note","status":"disabled","recipient":"guest","order":10891}
2026-09-15T13:36:05+00:00 INFO Email "cancelled_order" for order #10886 sent CONTEXT: {"email_type":"cancelled_order","status":"sent","recipient":"guest","order":10886}
2026-09-15T13:36:09+00:00 NOTICE Email "customer_note" for order #10892 not sent: email type is disabled CONTEXT: {"email_type":"customer_note","status":"disabled","recipient":"guest","order":10892}
2026-09-15T13:36:15+00:00 NOTICE Email "customer_completed_order" for order #10400 not sent: email type is disabled CONTEXT: {"email_type":"customer_completed_order","status":"disabled","recipient":"guest","order":10400}
2026-09-15T13:36:20+00:00 NOTICE Email "customer_completed_order" for order #10216 not sent: email type is disabled CONTEXT: {"email_type":"customer_completed_order","status":"disabled","recipient":"guest","order":10216}
2026-09-15T13:36:25+00:00 NOTICE Email "customer_completed_order" for order #9936 not sent: email type is disabled CONTEXT: {"email_type":"customer_completed_order","status":"disabled","recipient":"guest","order":9936}
2026-09-15T13:36:38+00:00 NOTICE Email "customer_note" for order #10557 not sent: email type is disabled CONTEXT: {"email_type":"customer_note","status":"disabled","recipient":"guest","order":10557}
2026-09-15T13:36:43+00:00 NOTICE Email "customer_completed_order" for order #10342 not sent: email type is disabled CONTEXT: {"email_type":"customer_completed_order","status":"disabled","recipient":"guest","order":10342}
2026-09-15T13:36:55+00:00 NOTICE Email "customer_completed_order" for order #10557 not sent: email type is disabled CONTEXT: {"email_type":"customer_completed_order","status":"disabled","recipient":"guest","order":10557}
2026-09-15T13:37:41+00:00 NOTICE Email "customer_note" for order #10549 not sent: email type is disabled CONTEXT: {"email_type":"customer_note","status":"disabled","recipient":"guest","order":10549}
2026-09-15T13:37:52+00:00 NOTICE Email "customer_completed_order" for order #10549 not sent: email type is disabled CONTEXT: {"email_type":"customer_completed_order","status":"disabled","recipient":"guest","order":10549}
2026-09-15T13:38:00+00:00 NOTICE Email "customer_completed_order" for order #9997 not sent: email type is disabled CONTEXT: {"email_type":"customer_completed_order","status":"disabled","recipient":"guest","order":9997}
2026-09-15T13:38:09+00:00 NOTICE Email "customer_completed_order" for order #10219 not sent: email type is disabled CONTEXT: {"email_type":"customer_completed_order","status":"disabled","recipient":"guest","order":10219}
2026-09-15T13:38:10+00:00 NOTICE Email "customer_completed_order" for order #10286 not sent: email type is disabled CONTEXT: {"email_type":"customer_completed_order","status":"disabled","recipient":"guest","order":10286}
2026-09-15T13:38:14+00:00 NOTICE Email "customer_completed_order" for order #9952 not sent: email type is disabled CONTEXT: {"email_type":"customer_completed_order","status":"disabled","recipient":"guest","order":9952}
2026-09-15T13:38:19+00:00 NOTICE Email "customer_completed_order" for order #9830 not sent: email type is disabled CONTEXT: {"email_type":"customer_completed_order","status":"disabled","recipient":"guest","order":9830}
2026-09-15T13:38:20+00:00 NOTICE Email "customer_completed_order" for order #10249 not sent: email type is disabled CONTEXT: {"email_type":"customer_completed_order","status":"disabled","recipient":"guest","order":10249}
2026-09-15T13:38:25+00:00 NOTICE Email "customer_completed_order" for order #10112 not sent: email type is disabled CONTEXT: {"email_type":"customer_completed_order","status":"disabled","recipient":"guest","order":10112}
2026-09-15T13:38:31+00:00 NOTICE Email "customer_completed_order" for order #10086 not sent: email type is disabled CONTEXT: {"email_type":"customer_completed_order","status":"disabled","recipient":"guest","order":10086}
2026-09-15T13:38:37+00:00 NOTICE Email "customer_completed_order" for order #10185 not sent: email type is disabled CONTEXT: {"email_type":"customer_completed_order","status":"disabled","recipient":"guest","order":10185}
2026-09-15T13:38:37+00:00 NOTICE Email "customer_completed_order" for order #9798 not sent: email type is disabled CONTEXT: {"email_type":"customer_completed_order","status":"disabled","recipient":"guest","order":9798}
2026-09-15T13:38:47+00:00 NOTICE Email "customer_completed_order" for order #10336 not sent: email type is disabled CONTEXT: {"email_type":"customer_completed_order","status":"disabled","recipient":"guest","order":10336}
2026-09-15T13:38:49+00:00 NOTICE Email "customer_note" for order #10510 not sent: email type is disabled CONTEXT: {"email_type":"customer_note","status":"disabled","recipient":"guest","order":10510}
2026-09-15T13:39:04+00:00 NOTICE Email "customer_completed_order" for order #10510 not sent: email type is disabled CONTEXT: {"email_type":"customer_completed_order","status":"disabled","recipient":"guest","order":10510}
2026-09-15T13:40:10+00:00 NOTICE Email "customer_completed_order" for order #10199 not sent: email type is disabled CONTEXT: {"email_type":"customer_completed_order","status":"disabled","recipient":"guest","order":10199}
2026-09-15T13:40:36+00:00 NOTICE Email "customer_completed_order" for order #10061 not sent: email type is disabled CONTEXT: {"email_type":"customer_completed_order","status":"disabled","recipient":"guest","order":10061}
2026-09-15T13:40:36+00:00 NOTICE Email "customer_completed_order" for order #10262 not sent: email type is disabled CONTEXT: {"email_type":"customer_completed_order","status":"disabled","recipient":"guest","order":10262}
2026-09-15T13:40:46+00:00 NOTICE Email "customer_completed_order" for order #10239 not sent: email type is disabled CONTEXT: {"email_type":"customer_completed_order","status":"disabled","recipient":"guest","order":10239}
2026-09-15T13:40:55+00:00 NOTICE Email "customer_failed_order" for order #10320 not sent: email type is disabled CONTEXT: {"email_type":"customer_failed_order","status":"disabled","recipient":"guest","order":10320}
2026-09-15T13:41:12+00:00 NOTICE Email "customer_note" for order #10520 not sent: email type is disabled CONTEXT: {"email_type":"customer_note","status":"disabled","recipient":"guest","order":10520}
2026-09-15T13:41:15+00:00 NOTICE Email "customer_completed_order" for order #9892 not sent: email type is disabled CONTEXT: {"email_type":"customer_completed_order","status":"disabled","recipient":"guest","order":9892}
2026-09-15T13:41:16+00:00 NOTICE Email "customer_completed_order" for order #10285 not sent: email type is disabled CONTEXT: {"email_type":"customer_completed_order","status":"disabled","recipient":"guest","order":10285}
2026-09-15T13:41:26+00:00 NOTICE Email "customer_failed_order" for order #10302 not sent: email type is disabled CONTEXT: {"email_type":"customer_failed_order","status":"disabled","recipient":"guest","order":10302}
2026-09-15T13:41:30+00:00 NOTICE Email "customer_completed_order" for order #10520 not sent: email type is disabled CONTEXT: {"email_type":"customer_completed_order","status":"disabled","recipient":"guest","order":10520}
2026-09-15T13:42:20+00:00 NOTICE Email "customer_note" for order #10368 not sent: email type is disabled CONTEXT: {"email_type":"customer_note","status":"disabled","recipient":"guest","order":10368}
2026-09-15T13:42:23+00:00 NOTICE Email "customer_completed_order" for order #7526 not sent: email type is disabled CONTEXT: {"email_type":"customer_completed_order","status":"disabled","recipient":"guest","order":7526}
2026-09-15T13:42:24+00:00 NOTICE Email "customer_completed_order" for order #9852 not sent: email type is disabled CONTEXT: {"email_type":"customer_completed_order","status":"disabled","recipient":"guest","order":9852}
2026-09-15T13:42:29+00:00 NOTICE Email "customer_completed_order" for order #10368 not sent: email type is disabled CONTEXT: {"email_type":"customer_completed_order","status":"disabled","recipient":"guest","order":10368}
2026-09-15T13:42:31+00:00 NOTICE Email "customer_failed_order" for order #10208 not sent: email type is disabled CONTEXT: {"email_type":"customer_failed_order","status":"disabled","recipient":"guest","order":10208}
2026-09-15T13:43:18+00:00 NOTICE Email "customer_note" for order #10892 not sent: email type is disabled CONTEXT: {"email_type":"customer_note","status":"disabled","recipient":"guest","order":10892}
2026-09-15T13:43:31+00:00 NOTICE Email "customer_note" for order #10490 not sent: email type is disabled CONTEXT: {"email_type":"customer_note","status":"disabled","recipient":"guest","order":10490}
2026-09-15T13:43:41+00:00 NOTICE Email "customer_completed_order" for order #9830 not sent: email type is disabled CONTEXT: {"email_type":"customer_completed_order","status":"disabled","recipient":"guest","order":9830}
2026-09-15T13:43:41+00:00 NOTICE Email "customer_completed_order" for order #10490 not sent: email type is disabled CONTEXT: {"email_type":"customer_completed_order","status":"disabled","recipient":"guest","order":10490}
2026-09-15T13:43:48+00:00 NOTICE Email "customer_failed_order" for order #10351 not sent: email type is disabled CONTEXT: {"email_type":"customer_failed_order","status":"disabled","recipient":"guest","order":10351}
2026-09-15T13:43:52+00:00 NOTICE Email "customer_completed_order" for order #9900 not sent: email type is disabled CONTEXT: {"email_type":"customer_completed_order","status":"disabled","recipient":"guest","order":9900}
2026-09-15T13:43:53+00:00 NOTICE Email "customer_completed_order" for order #10233 not sent: email type is disabled CONTEXT: {"email_type":"customer_completed_order","status":"disabled","recipient":"guest","order":10233}
2026-09-15T13:43:53+00:00 NOTICE Email "customer_completed_order" for order #10196 not sent: email type is disabled CONTEXT: {"email_type":"customer_completed_order","status":"disabled","recipient":"guest","order":10196}
2026-09-15T13:44:10+00:00 NOTICE Email "customer_completed_order" for order #10197 not sent: email type is disabled CONTEXT: {"email_type":"customer_completed_order","status":"disabled","recipient":"guest","order":10197}
2026-09-15T13:44:33+00:00 NOTICE Email "customer_note" for order #10454 not sent: email type is disabled CONTEXT: {"email_type":"customer_note","status":"disabled","recipient":"guest","order":10454}
2026-09-15T13:44:33+00:00 NOTICE Email "customer_note" for order #10454 not sent: email type is disabled CONTEXT: {"email_type":"customer_note","status":"disabled","recipient":"guest","order":10454}
2026-09-15T13:44:59+00:00 NOTICE Email "customer_completed_order" for order #10454 not sent: email type is disabled CONTEXT: {"email_type":"customer_completed_order","status":"disabled","recipient":"guest","order":10454}
2026-09-15T13:45:00+00:00 NOTICE Email "customer_note" for order #10893 not sent: email type is disabled CONTEXT: {"email_type":"customer_note","status":"disabled","recipient":"guest","order":10893}
2026-09-15T13:45:30+00:00 NOTICE Email "customer_failed_order" for order #10320 not sent: email type is disabled CONTEXT: {"email_type":"customer_failed_order","status":"disabled","recipient":"guest","order":10320}
2026-09-15T13:45:42+00:00 NOTICE Email "customer_completed_order" for order #9809 not sent: email type is disabled CONTEXT: {"email_type":"customer_completed_order","status":"disabled","recipient":"guest","order":9809}
2026-09-15T13:45:45+00:00 NOTICE Email "customer_note" for order #10895 not sent: email type is disabled CONTEXT: {"email_type":"customer_note","status":"disabled","recipient":"guest","order":10895}
2026-09-15T13:45:47+00:00 NOTICE Email "customer_completed_order" for order #10258 not sent: email type is disabled CONTEXT: {"email_type":"customer_completed_order","status":"disabled","recipient":"guest","order":10258}
2026-09-15T13:45:51+00:00 NOTICE Email "customer_note" for order #10491 not sent: email type is disabled CONTEXT: {"email_type":"customer_note","status":"disabled","recipient":"guest","order":10491}
2026-09-15T13:45:52+00:00 NOTICE Email "customer_completed_order" for order #10216 not sent: email type is disabled CONTEXT: {"email_type":"customer_completed_order","status":"disabled","recipient":"guest","order":10216}
2026-09-15T13:45:53+00:00 NOTICE Email "customer_completed_order" for order #10342 not sent: email type is disabled CONTEXT: {"email_type":"customer_completed_order","status":"disabled","recipient":"guest","order":10342}
2026-09-15T13:45:53+00:00 NOTICE Email "customer_completed_order" for order #9786 not sent: email type is disabled CONTEXT: {"email_type":"customer_completed_order","status":"disabled","recipient":"guest","order":9786}
2026-09-15T13:45:54+00:00 NOTICE Email "customer_completed_order" for order #10266 not sent: email type is disabled CONTEXT: {"email_type":"customer_completed_order","status":"disabled","recipient":"guest","order":10266}
2026-09-15T13:45:55+00:00 NOTICE Email "customer_note" for order #10893 not sent: email type is disabled CONTEXT: {"email_type":"customer_note","status":"disabled","recipient":"guest","order":10893}
2026-09-15T13:45:56+00:00 NOTICE Email "customer_completed_order" for order #9851 not sent: email type is disabled CONTEXT: {"email_type":"customer_completed_order","status":"disabled","recipient":"guest","order":9851}
2026-09-15T13:46:06+00:00 NOTICE Email "customer_completed_order" for order #10285 not sent: email type is disabled CONTEXT: {"email_type":"customer_completed_order","status":"disabled","recipient":"guest","order":10285}
2026-09-15T13:46:06+00:00 NOTICE Email "customer_completed_order" for order #9952 not sent: email type is disabled CONTEXT: {"email_type":"customer_completed_order","status":"disabled","recipient":"guest","order":9952}
2026-09-15T13:46:07+00:00 NOTICE Email "customer_completed_order" for order #10491 not sent: email type is disabled CONTEXT: {"email_type":"customer_completed_order","status":"disabled","recipient":"guest","order":10491}
2026-09-15T13:46:12+00:00 NOTICE Email "customer_completed_order" for order #10338 not sent: email type is disabled CONTEXT: {"email_type":"customer_completed_order","status":"disabled","recipient":"guest","order":10338}
2026-09-15T13:46:13+00:00 NOTICE Email "customer_completed_order" for order #9892 not sent: email type is disabled CONTEXT: {"email_type":"customer_completed_order","status":"disabled","recipient":"guest","order":9892}
2026-09-15T13:46:20+00:00 NOTICE Email "customer_note" for order #10896 not sent: email type is disabled CONTEXT: {"email_type":"customer_note","status":"disabled","recipient":"guest","order":10896}
2026-09-15T13:46:20+00:00 NOTICE Email "customer_completed_order" for order #10249 not sent: email type is disabled CONTEXT: {"email_type":"customer_completed_order","status":"disabled","recipient":"guest","order":10249}
2026-09-15T13:46:25+00:00 INFO Email "cancelled_order" for order #10892 sent CONTEXT: {"email_type":"cancelled_order","status":"sent","recipient":"guest","order":10892}
2026-09-15T13:46:26+00:00 NOTICE Email "customer_completed_order" for order #10112 not sent: email type is disabled CONTEXT: {"email_type":"customer_completed_order","status":"disabled","recipient":"guest","order":10112}
2026-09-15T13:46:30+00:00 NOTICE Email "customer_completed_order" for order #10286 not sent: email type is disabled CONTEXT: {"email_type":"customer_completed_order","status":"disabled","recipient":"guest","order":10286}
2026-09-15T13:46:32+00:00 NOTICE Email "customer_completed_order" for order #10168 not sent: email type is disabled CONTEXT: {"email_type":"customer_completed_order","status":"disabled","recipient":"guest","order":10168}
2026-09-15T13:46:33+00:00 NOTICE Email "customer_completed_order" for order #10247 not sent: email type is disabled CONTEXT: {"email_type":"customer_completed_order","status":"disabled","recipient":"guest","order":10247}
2026-09-15T13:46:33+00:00 NOTICE Email "customer_completed_order" for order #9923 not sent: email type is disabled CONTEXT: {"email_type":"customer_completed_order","status":"disabled","recipient":"guest","order":9923}
2026-09-15T13:47:08+00:00 NOTICE Email "customer_completed_order" for order #9786 not sent: email type is disabled CONTEXT: {"email_type":"customer_completed_order","status":"disabled","recipient":"guest","order":9786}
2026-09-15T13:47:09+00:00 NOTICE Email "customer_completed_order" for order #10034 not sent: email type is disabled CONTEXT: {"email_type":"customer_completed_order","status":"disabled","recipient":"guest","order":10034}
2026-09-15T13:47:09+00:00 NOTICE Email "customer_completed_order" for order #10156 not sent: email type is disabled CONTEXT: {"email_type":"customer_completed_order","status":"disabled","recipient":"guest","order":10156}
2026-09-15T13:47:18+00:00 NOTICE Email "customer_completed_order" for order #10233 not sent: email type is disabled CONTEXT: {"email_type":"customer_completed_order","status":"disabled","recipient":"guest","order":10233}
2026-09-15T13:47:18+00:00 NOTICE Email "customer_completed_order" for order #10258 not sent: email type is disabled CONTEXT: {"email_type":"customer_completed_order","status":"disabled","recipient":"guest","order":10258}
2026-09-15T13:47:18+00:00 NOTICE Email "customer_failed_order" for order #10320 not sent: email type is disabled CONTEXT: {"email_type":"customer_failed_order","status":"disabled","recipient":"guest","order":10320}
2026-09-15T13:47:18+00:00 NOTICE Email "customer_completed_order" for order #10336 not sent: email type is disabled CONTEXT: {"email_type":"customer_completed_order","status":"disabled","recipient":"guest","order":10336}
2026-09-15T13:47:18+00:00 NOTICE Email "customer_completed_order" for order #10400 not sent: email type is disabled CONTEXT: {"email_type":"customer_completed_order","status":"disabled","recipient":"guest","order":10400}
2026-09-15T13:47:25+00:00 NOTICE Email "customer_completed_order" for order #9900 not sent: email type is disabled CONTEXT: {"email_type":"customer_completed_order","status":"disabled","recipient":"guest","order":9900}
2026-09-15T13:47:26+00:00 NOTICE Email "customer_note" for order #10897 not sent: email type is disabled CONTEXT: {"email_type":"customer_note","status":"disabled","recipient":"guest","order":10897}
2026-09-15T13:47:27+00:00 NOTICE Email "customer_completed_order" for order #10197 not sent: email type is disabled CONTEXT: {"email_type":"customer_completed_order","status":"disabled","recipient":"guest","order":10197}
2026-09-15T13:47:37+00:00 NOTICE Email "customer_completed_order" for order #10003 not sent: email type is disabled CONTEXT: {"email_type":"customer_completed_order","status":"disabled","recipient":"guest","order":10003}
2026-09-15T13:47:42+00:00 NOTICE Email "customer_completed_order" for order #10262 not sent: email type is disabled CONTEXT: {"email_type":"customer_completed_order","status":"disabled","recipient":"guest","order":10262}
2026-09-15T13:47:42+00:00 NOTICE Email "customer_completed_order" for order #9810 not sent: email type is disabled CONTEXT: {"email_type":"customer_completed_order","status":"disabled","recipient":"guest","order":9810}
2026-09-15T13:47:42+00:00 NOTICE Email "customer_completed_order" for order #10327 not sent: email type is disabled CONTEXT: {"email_type":"customer_completed_order","status":"disabled","recipient":"guest","order":10327}
2026-09-15T13:47:52+00:00 NOTICE Email "customer_completed_order" for order #10126 not sent: email type is disabled CONTEXT: {"email_type":"customer_completed_order","status":"disabled","recipient":"guest","order":10126}
2026-09-15T13:47:54+00:00 NOTICE Email "customer_completed_order" for order #9936 not sent: email type is disabled CONTEXT: {"email_type":"customer_completed_order","status":"disabled","recipient":"guest","order":9936}
2026-09-15T13:47:54+00:00 NOTICE Email "customer_completed_order" for order #9950 not sent: email type is disabled CONTEXT: {"email_type":"customer_completed_order","status":"disabled","recipient":"guest","order":9950}
2026-09-15T13:47:54+00:00 NOTICE Email "customer_completed_order" for order #10239 not sent: email type is disabled CONTEXT: {"email_type":"customer_completed_order","status":"disabled","recipient":"guest","order":10239}
2026-09-15T13:48:01+00:00 NOTICE Email "customer_note" for order #10138 not sent: email type is disabled CONTEXT: {"email_type":"customer_note","status":"disabled","recipient":"guest","order":10138}
2026-09-15T13:48:14+00:00 NOTICE Email "customer_completed_order" for order #7526 not sent: email type is disabled CONTEXT: {"email_type":"customer_completed_order","status":"disabled","recipient":"guest","order":7526}
2026-09-15T13:48:14+00:00 NOTICE Email "customer_completed_order" for order #9852 not sent: email type is disabled CONTEXT: {"email_type":"customer_completed_order","status":"disabled","recipient":"guest","order":9852}
2026-09-15T13:48:23+00:00 NOTICE Email "customer_completed_order" for order #10138 not sent: email type is disabled CONTEXT: {"email_type":"customer_completed_order","status":"disabled","recipient":"guest","order":10138}
2026-09-15T13:48:50+00:00 NOTICE Email "customer_failed_order" for order #10351 not sent: email type is disabled CONTEXT: {"email_type":"customer_failed_order","status":"disabled","recipient":"guest","order":10351}
2026-09-15T13:48:55+00:00 NOTICE Email "customer_completed_order" for order #9757 not sent: email type is disabled CONTEXT: {"email_type":"customer_completed_order","status":"disabled","recipient":"guest","order":9757}
2026-09-15T13:48:55+00:00 NOTICE Email "customer_completed_order" for order #9757 not sent: email type is disabled CONTEXT: {"email_type":"customer_completed_order","status":"disabled","recipient":"guest","order":9757}
2026-09-15T13:48:55+00:00 NOTICE Email "customer_completed_order" for order #9830 not sent: email type is disabled CONTEXT: {"email_type":"customer_completed_order","status":"disabled","recipient":"guest","order":9830}
2026-09-15T13:48:55+00:00 NOTICE Email "customer_completed_order" for order #10185 not sent: email type is disabled CONTEXT: {"email_type":"customer_completed_order","status":"disabled","recipient":"guest","order":10185}
2026-09-15T13:48:56+00:00 NOTICE Email "customer_completed_order" for order #9798 not sent: email type is disabled CONTEXT: {"email_type":"customer_completed_order","status":"disabled","recipient":"guest","order":9798}
2026-09-15T13:49:04+00:00 NOTICE Email "customer_completed_order" for order #10196 not sent: email type is disabled CONTEXT: {"email_type":"customer_completed_order","status":"disabled","recipient":"guest","order":10196}
2026-09-15T13:49:14+00:00 NOTICE Email "customer_completed_order" for order #10034 not sent: email type is disabled CONTEXT: {"email_type":"customer_completed_order","status":"disabled","recipient":"guest","order":10034}
2026-09-15T13:49:46+00:00 NOTICE Email "customer_note" for order #10410 not sent: email type is disabled CONTEXT: {"email_type":"customer_note","status":"disabled","recipient":"guest","order":10410}
2026-09-15T13:50:10+00:00 NOTICE Email "customer_completed_order" for order #10410 not sent: email type is disabled CONTEXT: {"email_type":"customer_completed_order","status":"disabled","recipient":"guest","order":10410}
2026-09-15T13:50:59+00:00 NOTICE Email "customer_note" for order #10897 not sent: email type is disabled CONTEXT: {"email_type":"customer_note","status":"disabled","recipient":"guest","order":10897}
2026-09-15T13:51:21+00:00 NOTICE Email "customer_completed_order" for order #10338 not sent: email type is disabled CONTEXT: {"email_type":"customer_completed_order","status":"disabled","recipient":"guest","order":10338}
2026-09-15T13:51:34+00:00 NOTICE Email "customer_completed_order" for order #10199 not sent: email type is disabled CONTEXT: {"email_type":"customer_completed_order","status":"disabled","recipient":"guest","order":10199}
2026-09-15T13:51:38+00:00 NOTICE Email "customer_completed_order" for order #10247 not sent: email type is disabled CONTEXT: {"email_type":"customer_completed_order","status":"disabled","recipient":"guest","order":10247}
2026-09-15T13:51:38+00:00 NOTICE Email "customer_completed_order" for order #9923 not sent: email type is disabled CONTEXT: {"email_type":"customer_completed_order","status":"disabled","recipient":"guest","order":9923}
2026-09-15T13:51:38+00:00 NOTICE Email "customer_completed_order" for order #10286 not sent: email type is disabled CONTEXT: {"email_type":"customer_completed_order","status":"disabled","recipient":"guest","order":10286}
2026-09-15T13:51:38+00:00 NOTICE Email "customer_completed_order" for order #10086 not sent: email type is disabled CONTEXT: {"email_type":"customer_completed_order","status":"disabled","recipient":"guest","order":10086}
2026-09-15T13:51:53+00:00 NOTICE Email "customer_completed_order" for order #10345 not sent: email type is disabled CONTEXT: {"email_type":"customer_completed_order","status":"disabled","recipient":"guest","order":10345}
2026-09-15T13:51:53+00:00 NOTICE Email "customer_completed_order" for order #10168 not sent: email type is disabled CONTEXT: {"email_type":"customer_completed_order","status":"disabled","recipient":"guest","order":10168}
2026-09-15T13:51:59+00:00 NOTICE Email "customer_failed_order" for order #10320 not sent: email type is disabled CONTEXT: {"email_type":"customer_failed_order","status":"disabled","recipient":"guest","order":10320}
2026-09-15T13:52:13+00:00 NOTICE Email "customer_completed_order" for order #10258 not sent: email type is disabled CONTEXT: {"email_type":"customer_completed_order","status":"disabled","recipient":"guest","order":10258}
2026-09-15T13:52:22+00:00 NOTICE Email "customer_completed_order" for order #10225 not sent: email type is disabled CONTEXT: {"email_type":"customer_completed_order","status":"disabled","recipient":"guest","order":10225}
2026-09-15T13:52:22+00:00 NOTICE Email "customer_completed_order" for order #10112 not sent: email type is disabled CONTEXT: {"email_type":"customer_completed_order","status":"disabled","recipient":"guest","order":10112}
2026-09-15T13:52:23+00:00 NOTICE Email "customer_completed_order" for order #10249 not sent: email type is disabled CONTEXT: {"email_type":"customer_completed_order","status":"disabled","recipient":"guest","order":10249}
2026-09-15T13:52:35+00:00 NOTICE Email "customer_completed_order" for order #10400 not sent: email type is disabled CONTEXT: {"email_type":"customer_completed_order","status":"disabled","recipient":"guest","order":10400}
2026-09-15T13:52:45+00:00 NOTICE Email "customer_completed_order" for order #9809 not sent: email type is disabled CONTEXT: {"email_type":"customer_completed_order","status":"disabled","recipient":"guest","order":9809}
2026-09-15T13:52:54+00:00 NOTICE Email "customer_completed_order" for order #10216 not sent: email type is disabled CONTEXT: {"email_type":"customer_completed_order","status":"disabled","recipient":"guest","order":10216}
2026-09-15T13:52:54+00:00 NOTICE Email "customer_completed_order" for order #10156 not sent: email type is disabled CONTEXT: {"email_type":"customer_completed_order","status":"disabled","recipient":"guest","order":10156}
2026-09-15T13:53:08+00:00 NOTICE Email "customer_note" for order #10496 not sent: email type is disabled CONTEXT: {"email_type":"customer_note","status":"disabled","recipient":"guest","order":10496}
2026-09-15T13:53:22+00:00 NOTICE Email "customer_completed_order" for order #10496 not sent: email type is disabled CONTEXT: {"email_type":"customer_completed_order","status":"disabled","recipient":"guest","order":10496}
2026-09-15T13:54:09+00:00 NOTICE Email "customer_completed_order" for order #10336 not sent: email type is disabled CONTEXT: {"email_type":"customer_completed_order","status":"disabled","recipient":"guest","order":10336}
2026-09-15T13:54:24+00:00 NOTICE Email "customer_completed_order" for order #9852 not sent: email type is disabled CONTEXT: {"email_type":"customer_completed_order","status":"disabled","recipient":"guest","order":9852}
2026-09-15T13:54:25+00:00 INFO Email "new_order" for order #10895 sent CONTEXT: {"email_type":"new_order","status":"sent","recipient":"guest","order":10895}
2026-09-15T13:54:25+00:00 NOTICE Email "customer_processing_order" for order #10895 not sent: email type is disabled CONTEXT: {"email_type":"customer_processing_order","status":"disabled","recipient":"guest","order":10895}
2026-09-15T13:54:25+00:00 NOTICE Email "customer_completed_order" for order #7526 not sent: email type is disabled CONTEXT: {"email_type":"customer_completed_order","status":"disabled","recipient":"guest","order":7526}
2026-09-15T13:54:25+00:00 NOTICE Email "customer_note" for order #10895 not sent: email type is disabled CONTEXT: {"email_type":"customer_note","status":"disabled","recipient":"guest","order":10895}
2026-09-15T13:54:26+00:00 NOTICE Email "customer_completed_order" for order #10342 not sent: email type is disabled CONTEXT: {"email_type":"customer_completed_order","status":"disabled","recipient":"guest","order":10342}
2026-09-15T13:54:40+00:00 NOTICE Email "customer_completed_order" for order #10285 not sent: email type is disabled CONTEXT: {"email_type":"customer_completed_order","status":"disabled","recipient":"guest","order":10285}
2026-09-15T13:54:41+00:00 NOTICE Email "customer_note" for order #10898 not sent: email type is disabled CONTEXT: {"email_type":"customer_note","status":"disabled","recipient":"guest","order":10898}
2026-09-15T13:54:53+00:00 NOTICE Email "customer_completed_order" for order #10239 not sent: email type is disabled CONTEXT: {"email_type":"customer_completed_order","status":"disabled","recipient":"guest","order":10239}
2026-09-15T13:54:53+00:00 NOTICE Email "customer_completed_order" for order #9950 not sent: email type is disabled CONTEXT: {"email_type":"customer_completed_order","status":"disabled","recipient":"guest","order":9950}
2026-09-15T13:54:53+00:00 INFO Email "cancelled_order" for order #10894 sent CONTEXT: {"email_type":"cancelled_order","status":"sent","recipient":"guest","order":10894}
2026-09-15T13:54:53+00:00 NOTICE Email "customer_completed_order" for order #10262 not sent: email type is disabled CONTEXT: {"email_type":"customer_completed_order","status":"disabled","recipient":"guest","order":10262}
2026-09-15T13:55:00+00:00 NOTICE Email "customer_completed_order" for order #9952 not sent: email type is disabled CONTEXT: {"email_type":"customer_completed_order","status":"disabled","recipient":"guest","order":9952}
2026-09-15T13:55:00+00:00 NOTICE Email "customer_completed_order" for order #10219 not sent: email type is disabled CONTEXT: {"email_type":"customer_completed_order","status":"disabled","recipient":"guest","order":10219}
2026-09-15T13:55:08+00:00 NOTICE Email "customer_completed_order" for order #10140 not sent: email type is disabled CONTEXT: {"email_type":"customer_completed_order","status":"disabled","recipient":"guest","order":10140}
2026-09-15T13:55:08+00:00 NOTICE Email "customer_completed_order" for order #9936 not sent: email type is disabled CONTEXT: {"email_type":"customer_completed_order","status":"disabled","recipient":"guest","order":9936}
2026-09-15T13:55:09+00:00 NOTICE Email "customer_completed_order" for order #10061 not sent: email type is disabled CONTEXT: {"email_type":"customer_completed_order","status":"disabled","recipient":"guest","order":10061}
2026-09-15T13:55:11+00:00 NOTICE Email "customer_completed_order" for order #9892 not sent: email type is disabled CONTEXT: {"email_type":"customer_completed_order","status":"disabled","recipient":"guest","order":9892}
2026-09-15T13:55:21+00:00 NOTICE Email "customer_completed_order" for order #10467 not sent: email type is disabled CONTEXT: {"email_type":"customer_completed_order","status":"disabled","recipient":"guest","order":10467}
2026-09-15T13:55:23+00:00 NOTICE Email "customer_completed_order" for order #9786 not sent: email type is disabled CONTEXT: {"email_type":"customer_completed_order","status":"disabled","recipient":"guest","order":9786}
2026-09-15T13:55:24+00:00 NOTICE Email "customer_failed_order" for order #10302 not sent: email type is disabled CONTEXT: {"email_type":"customer_failed_order","status":"disabled","recipient":"guest","order":10302}
2026-09-15T13:55:38+00:00 NOTICE Email "customer_completed_order" for order #9997 not sent: email type is disabled CONTEXT: {"email_type":"customer_completed_order","status":"disabled","recipient":"guest","order":9997}
2026-09-15T13:55:49+00:00 NOTICE Email "customer_completed_order" for order #10197 not sent: email type is disabled CONTEXT: {"email_type":"customer_completed_order","status":"disabled","recipient":"guest","order":10197}
2026-09-15T13:56:36+00:00 NOTICE Email "customer_note" for order #10353 not sent: email type is disabled CONTEXT: {"email_type":"customer_note","status":"disabled","recipient":"guest","order":10353}
2026-09-15T13:56:46+00:00 NOTICE Email "customer_completed_order" for order #10353 not sent: email type is disabled CONTEXT: {"email_type":"customer_completed_order","status":"disabled","recipient":"guest","order":10353}
2026-09-15T13:57:04+00:00 NOTICE Email "customer_completed_order" for order #10003 not sent: email type is disabled CONTEXT: {"email_type":"customer_completed_order","status":"disabled","recipient":"guest","order":10003}
2026-09-15T13:57:11+00:00 NOTICE Email "customer_completed_order" for order #9766 not sent: email type is disabled CONTEXT: {"email_type":"customer_completed_order","status":"disabled","recipient":"guest","order":9766}
2026-09-15T13:58:07+00:00 NOTICE Email "customer_note" for order #10511 not sent: email type is disabled CONTEXT: {"email_type":"customer_note","status":"disabled","recipient":"guest","order":10511}
2026-09-15T13:58:16+00:00 NOTICE Email "customer_completed_order" for order #10511 not sent: email type is disabled CONTEXT: {"email_type":"customer_completed_order","status":"disabled","recipient":"guest","order":10511}
2026-09-15T13:59:21+00:00 NOTICE Email "customer_completed_order" for order #9851 not sent: email type is disabled CONTEXT: {"email_type":"customer_completed_order","status":"disabled","recipient":"guest","order":9851}
2026-09-15T13:59:32+00:00 NOTICE Email "customer_completed_order" for order #10266 not sent: email type is disabled CONTEXT: {"email_type":"customer_completed_order","status":"disabled","recipient":"guest","order":10266}
2026-09-15T14:00:27+00:00 NOTICE Email "customer_note" for order #10899 not sent: email type is disabled CONTEXT: {"email_type":"customer_note","status":"disabled","recipient":"guest","order":10899}
2026-09-15T14:00:33+00:00 INFO Email "cancelled_order" for order #10896 sent CONTEXT: {"email_type":"cancelled_order","status":"sent","recipient":"guest","order":10896}
2026-09-15T14:03:09+00:00 INFO Email "new_order" for order #10899 sent CONTEXT: {"email_type":"new_order","status":"sent","recipient":"guest","order":10899}
2026-09-15T14:03:09+00:00 NOTICE Email "customer_processing_order" for order #10899 not sent: email type is disabled CONTEXT: {"email_type":"customer_processing_order","status":"disabled","recipient":"guest","order":10899}
2026-09-15T14:03:09+00:00 NOTICE Email "customer_note" for order #10899 not sent: email type is disabled CONTEXT: {"email_type":"customer_note","status":"disabled","recipient":"guest","order":10899}
2026-09-15T14:04:18+00:00 INFO Email "cancelled_order" for order #10882 sent CONTEXT: {"email_type":"cancelled_order","status":"sent","recipient":"guest","order":10882}
2026-09-15T14:04:23+00:00 INFO Email "cancelled_order" for order #10885 sent CONTEXT: {"email_type":"cancelled_order","status":"sent","recipient":"guest","order":10885}
2026-09-15T14:04:28+00:00 INFO Email "cancelled_order" for order #10890 sent CONTEXT: {"email_type":"cancelled_order","status":"sent","recipient":"guest","order":10890}
2026-09-15T14:06:05+00:00 NOTICE Email "customer_note" for order #10900 not sent: email type is disabled CONTEXT: {"email_type":"customer_note","status":"disabled","recipient":"guest","order":10900}
2026-09-15T14:06:48+00:00 NOTICE Email "customer_note" for order #10489 not sent: email type is disabled CONTEXT: {"email_type":"customer_note","status":"disabled","recipient":"guest","order":10489}
2026-09-15T14:07:02+00:00 NOTICE Email "customer_completed_order" for order #10489 not sent: email type is disabled CONTEXT: {"email_type":"customer_completed_order","status":"disabled","recipient":"guest","order":10489}
2026-09-15T14:08:11+00:00 NOTICE Email "customer_note" for order #10493 not sent: email type is disabled CONTEXT: {"email_type":"customer_note","status":"disabled","recipient":"guest","order":10493}
2026-09-15T14:08:14+00:00 INFO Email "new_order" for order #10900 sent CONTEXT: {"email_type":"new_order","status":"sent","recipient":"guest","order":10900}
2026-09-15T14:08:14+00:00 NOTICE Email "customer_processing_order" for order #10900 not sent: email type is disabled CONTEXT: {"email_type":"customer_processing_order","status":"disabled","recipient":"guest","order":10900}
2026-09-15T14:08:14+00:00 NOTICE Email "customer_note" for order #10900 not sent: email type is disabled CONTEXT: {"email_type":"customer_note","status":"disabled","recipient":"guest","order":10900}
2026-09-15T14:08:24+00:00 NOTICE Email "customer_completed_order" for order #10493 not sent: email type is disabled CONTEXT: {"email_type":"customer_completed_order","status":"disabled","recipient":"guest","order":10493}
2026-09-15T14:09:14+00:00 NOTICE Email "customer_failed_order" for order #10208 not sent: email type is disabled CONTEXT: {"email_type":"customer_failed_order","status":"disabled","recipient":"guest","order":10208}
2026-09-15T14:09:43+00:00 NOTICE Email "customer_note" for order #10539 not sent: email type is disabled CONTEXT: {"email_type":"customer_note","status":"disabled","recipient":"guest","order":10539}
2026-09-15T14:09:52+00:00 NOTICE Email "customer_completed_order" for order #10539 not sent: email type is disabled CONTEXT: {"email_type":"customer_completed_order","status":"disabled","recipient":"guest","order":10539}
2026-09-15T14:09:56+00:00 NOTICE Email "customer_completed_order" for order #10262 not sent: email type is disabled CONTEXT: {"email_type":"customer_completed_order","status":"disabled","recipient":"guest","order":10262}
2026-09-15T14:11:13+00:00 NOTICE Email "customer_note" for order #10301 not sent: email type is disabled CONTEXT: {"email_type":"customer_note","status":"disabled","recipient":"guest","order":10301}
2026-09-15T14:11:21+00:00 NOTICE Email "customer_completed_order" for order #10301 not sent: email type is disabled CONTEXT: {"email_type":"customer_completed_order","status":"disabled","recipient":"guest","order":10301}
2026-09-15T14:11:42+00:00 NOTICE Email "customer_completed_order" for order #10225 not sent: email type is disabled CONTEXT: {"email_type":"customer_completed_order","status":"disabled","recipient":"guest","order":10225}
2026-09-15T14:11:57+00:00 NOTICE Email "customer_completed_order" for order #9786 not sent: email type is disabled CONTEXT: {"email_type":"customer_completed_order","status":"disabled","recipient":"guest","order":9786}
2026-09-15T14:12:01+00:00 NOTICE Email "customer_completed_order" for order #10199 not sent: email type is disabled CONTEXT: {"email_type":"customer_completed_order","status":"disabled","recipient":"guest","order":10199}
2026-09-15T14:12:09+00:00 NOTICE Email "customer_failed_order" for order #10351 not sent: email type is disabled CONTEXT: {"email_type":"customer_failed_order","status":"disabled","recipient":"guest","order":10351}
2026-09-15T14:12:11+00:00 NOTICE Email "customer_completed_order" for order #9810 not sent: email type is disabled CONTEXT: {"email_type":"customer_completed_order","status":"disabled","recipient":"guest","order":9810}
2026-09-15T14:12:27+00:00 NOTICE Email "customer_completed_order" for order #10285 not sent: email type is disabled CONTEXT: {"email_type":"customer_completed_order","status":"disabled","recipient":"guest","order":10285}
2026-09-15T14:12:27+00:00 NOTICE Email "customer_completed_order" for order #10138 not sent: email type is disabled CONTEXT: {"email_type":"customer_completed_order","status":"disabled","recipient":"guest","order":10138}
2026-09-15T14:12:30+00:00 NOTICE Email "customer_completed_order" for order #10345 not sent: email type is disabled CONTEXT: {"email_type":"customer_completed_order","status":"disabled","recipient":"guest","order":10345}
2026-09-15T14:12:30+00:00 NOTICE Email "customer_note" for order #10463 not sent: email type is disabled CONTEXT: {"email_type":"customer_note","status":"disabled","recipient":"guest","order":10463}
2026-09-15T14:12:41+00:00 NOTICE Email "customer_completed_order" for order #10463 not sent: email type is disabled CONTEXT: {"email_type":"customer_completed_order","status":"disabled","recipient":"guest","order":10463}
2026-09-15T14:12:48+00:00 NOTICE Email "customer_completed_order" for order #9830 not sent: email type is disabled CONTEXT: {"email_type":"customer_completed_order","status":"disabled","recipient":"guest","order":9830}
2026-09-15T14:13:08+00:00 NOTICE Email "customer_completed_order" for order #10258 not sent: email type is disabled CONTEXT: {"email_type":"customer_completed_order","status":"disabled","recipient":"guest","order":10258}
2026-09-15T14:13:17+00:00 NOTICE Email "customer_completed_order" for order #9997 not sent: email type is disabled CONTEXT: {"email_type":"customer_completed_order","status":"disabled","recipient":"guest","order":9997}
2026-09-15T14:13:27+00:00 NOTICE Email "customer_completed_order" for order #9900 not sent: email type is disabled CONTEXT: {"email_type":"customer_completed_order","status":"disabled","recipient":"guest","order":9900}
2026-09-15T14:13:27+00:00 NOTICE Email "customer_completed_order" for order #10197 not sent: email type is disabled CONTEXT: {"email_type":"customer_completed_order","status":"disabled","recipient":"guest","order":10197}
2026-09-15T14:13:28+00:00 NOTICE Email "customer_failed_order" for order #10320 not sent: email type is disabled CONTEXT: {"email_type":"customer_failed_order","status":"disabled","recipient":"guest","order":10320}
2026-09-15T14:13:36+00:00 NOTICE Email "customer_completed_order" for order #9851 not sent: email type is disabled CONTEXT: {"email_type":"customer_completed_order","status":"disabled","recipient":"guest","order":9851}
2026-09-15T14:13:37+00:00 NOTICE Email "customer_completed_order" for order #10156 not sent: email type is disabled CONTEXT: {"email_type":"customer_completed_order","status":"disabled","recipient":"guest","order":10156}
2026-09-15T14:13:38+00:00 NOTICE Email "customer_completed_order" for order #10353 not sent: email type is disabled CONTEXT: {"email_type":"customer_completed_order","status":"disabled","recipient":"guest","order":10353}
2026-09-15T14:13:55+00:00 NOTICE Email "customer_completed_order" for order #10400 not sent: email type is disabled CONTEXT: {"email_type":"customer_completed_order","status":"disabled","recipient":"guest","order":10400}
2026-09-15T14:13:55+00:00 NOTICE Email "customer_completed_order" for order #10216 not sent: email type is disabled CONTEXT: {"email_type":"customer_completed_order","status":"disabled","recipient":"guest","order":10216}
2026-09-15T14:13:55+00:00 NOTICE Email "customer_completed_order" for order #9766 not sent: email type is disabled CONTEXT: {"email_type":"customer_completed_order","status":"disabled","recipient":"guest","order":9766}
2026-09-15T14:13:55+00:00 NOTICE Email "customer_completed_order" for order #10327 not sent: email type is disabled CONTEXT: {"email_type":"customer_completed_order","status":"disabled","recipient":"guest","order":10327}
2026-09-15T14:14:02+00:00 NOTICE Email "customer_completed_order" for order #10248 not sent: email type is disabled CONTEXT: {"email_type":"customer_completed_order","status":"disabled","recipient":"guest","order":10248}
2026-09-15T14:14:05+00:00 NOTICE Email "customer_completed_order" for order #9952 not sent: email type is disabled CONTEXT: {"email_type":"customer_completed_order","status":"disabled","recipient":"guest","order":9952}
2026-09-15T14:14:15+00:00 NOTICE Email "customer_completed_order" for order #10338 not sent: email type is disabled CONTEXT: {"email_type":"customer_completed_order","status":"disabled","recipient":"guest","order":10338}
2026-09-15T14:14:25+00:00 NOTICE Email "customer_completed_order" for order #10168 not sent: email type is disabled CONTEXT: {"email_type":"customer_completed_order","status":"disabled","recipient":"guest","order":10168}
2026-09-15T14:14:56+00:00 NOTICE Email "customer_completed_order" for order #10140 not sent: email type is disabled CONTEXT: {"email_type":"customer_completed_order","status":"disabled","recipient":"guest","order":10140}
2026-09-15T14:15:02+00:00 NOTICE Email "customer_note" for order #10418 not sent: email type is disabled CONTEXT: {"email_type":"customer_note","status":"disabled","recipient":"guest","order":10418}
2026-09-15T14:15:02+00:00 NOTICE Email "customer_failed_order" for order #10208 not sent: email type is disabled CONTEXT: {"email_type":"customer_failed_order","status":"disabled","recipient":"guest","order":10208}
2026-09-15T14:15:06+00:00 NOTICE Email "customer_completed_order" for order #9936 not sent: email type is disabled CONTEXT: {"email_type":"customer_completed_order","status":"disabled","recipient":"guest","order":9936}
2026-09-15T14:15:07+00:00 NOTICE Email "customer_completed_order" for order #9852 not sent: email type is disabled CONTEXT: {"email_type":"customer_completed_order","status":"disabled","recipient":"guest","order":9852}
2026-09-15T14:15:07+00:00 NOTICE Email "customer_completed_order" for order #10219 not sent: email type is disabled CONTEXT: {"email_type":"customer_completed_order","status":"disabled","recipient":"guest","order":10219}
2026-09-15T14:15:11+00:00 NOTICE Email "customer_completed_order" for order #10418 not sent: email type is disabled CONTEXT: {"email_type":"customer_completed_order","status":"disabled","recipient":"guest","order":10418}
2026-09-15T14:15:16+00:00 NOTICE Email "customer_completed_order" for order #10239 not sent: email type is disabled CONTEXT: {"email_type":"customer_completed_order","status":"disabled","recipient":"guest","order":10239}
2026-09-15T14:15:17+00:00 NOTICE Email "customer_completed_order" for order #9757 not sent: email type is disabled CONTEXT: {"email_type":"customer_completed_order","status":"disabled","recipient":"guest","order":9757}
2026-09-15T14:15:25+00:00 NOTICE Email "customer_completed_order" for order #10233 not sent: email type is disabled CONTEXT: {"email_type":"customer_completed_order","status":"disabled","recipient":"guest","order":10233}
2026-09-15T14:16:09+00:00 NOTICE Email "customer_note" for order #10469 not sent: email type is disabled CONTEXT: {"email_type":"customer_note","status":"disabled","recipient":"guest","order":10469}
2026-09-15T14:16:18+00:00 NOTICE Email "customer_completed_order" for order #9809 not sent: email type is disabled CONTEXT: {"email_type":"customer_completed_order","status":"disabled","recipient":"guest","order":9809}
2026-09-15T14:16:19+00:00 NOTICE Email "customer_completed_order" for order #10286 not sent: email type is disabled CONTEXT: {"email_type":"customer_completed_order","status":"disabled","recipient":"guest","order":10286}
2026-09-15T14:16:26+00:00 NOTICE Email "customer_completed_order" for order #10469 not sent: email type is disabled CONTEXT: {"email_type":"customer_completed_order","status":"disabled","recipient":"guest","order":10469}
2026-09-15T14:16:35+00:00 NOTICE Email "customer_completed_order" for order #9786 not sent: email type is disabled CONTEXT: {"email_type":"customer_completed_order","status":"disabled","recipient":"guest","order":9786}
2026-09-15T14:16:35+00:00 NOTICE Email "customer_completed_order" for order #9798 not sent: email type is disabled CONTEXT: {"email_type":"customer_completed_order","status":"disabled","recipient":"guest","order":9798}
2026-09-15T14:16:38+00:00 NOTICE Email "customer_completed_order" for order #10003 not sent: email type is disabled CONTEXT: {"email_type":"customer_completed_order","status":"disabled","recipient":"guest","order":10003}
2026-09-15T14:16:43+00:00 NOTICE Email "customer_completed_order" for order #9900 not sent: email type is disabled CONTEXT: {"email_type":"customer_completed_order","status":"disabled","recipient":"guest","order":9900}
2026-09-15T14:16:43+00:00 NOTICE Email "customer_completed_order" for order #9923 not sent: email type is disabled CONTEXT: {"email_type":"customer_completed_order","status":"disabled","recipient":"guest","order":9923}
2026-09-15T14:16:43+00:00 NOTICE Email "customer_completed_order" for order #9950 not sent: email type is disabled CONTEXT: {"email_type":"customer_completed_order","status":"disabled","recipient":"guest","order":9950}
2026-09-15T14:16:43+00:00 NOTICE Email "customer_completed_order" for order #9952 not sent: email type is disabled CONTEXT: {"email_type":"customer_completed_order","status":"disabled","recipient":"guest","order":9952}
2026-09-15T14:16:43+00:00 NOTICE Email "customer_completed_order" for order #9997 not sent: email type is disabled CONTEXT: {"email_type":"customer_completed_order","status":"disabled","recipient":"guest","order":9997}
2026-09-15T14:16:43+00:00 NOTICE Email "customer_completed_order" for order #10003 not sent: email type is disabled CONTEXT: {"email_type":"customer_completed_order","status":"disabled","recipient":"guest","order":10003}
2026-09-15T14:16:44+00:00 NOTICE Email "customer_completed_order" for order #10061 not sent: email type is disabled CONTEXT: {"email_type":"customer_completed_order","status":"disabled","recipient":"guest","order":10061}
2026-09-15T14:16:44+00:00 NOTICE Email "customer_completed_order" for order #10086 not sent: email type is disabled CONTEXT: {"email_type":"customer_completed_order","status":"disabled","recipient":"guest","order":10086}
2026-09-15T14:16:44+00:00 NOTICE Email "customer_completed_order" for order #10112 not sent: email type is disabled CONTEXT: {"email_type":"customer_completed_order","status":"disabled","recipient":"guest","order":10112}
2026-09-15T14:16:49+00:00 NOTICE Email "customer_completed_order" for order #10225 not sent: email type is disabled CONTEXT: {"email_type":"customer_completed_order","status":"disabled","recipient":"guest","order":10225}
2026-09-15T14:16:50+00:00 NOTICE Email "customer_completed_order" for order #10156 not sent: email type is disabled CONTEXT: {"email_type":"customer_completed_order","status":"disabled","recipient":"guest","order":10156}
2026-09-15T14:16:51+00:00 NOTICE Email "customer_completed_order" for order #10197 not sent: email type is disabled CONTEXT: {"email_type":"customer_completed_order","status":"disabled","recipient":"guest","order":10197}
2026-09-15T14:16:51+00:00 NOTICE Email "customer_completed_order" for order #10199 not sent: email type is disabled CONTEXT: {"email_type":"customer_completed_order","status":"disabled","recipient":"guest","order":10199}
2026-09-15T14:16:51+00:00 NOTICE Email "customer_completed_order" for order #10225 not sent: email type is disabled CONTEXT: {"email_type":"customer_completed_order","status":"disabled","recipient":"guest","order":10225}
2026-09-15T14:16:51+00:00 NOTICE Email "customer_completed_order" for order #10233 not sent: email type is disabled CONTEXT: {"email_type":"customer_completed_order","status":"disabled","recipient":"guest","order":10233}
2026-09-15T14:16:51+00:00 NOTICE Email "customer_completed_order" for order #10262 not sent: email type is disabled CONTEXT: {"email_type":"customer_completed_order","status":"disabled","recipient":"guest","order":10262}
2026-09-15T14:16:51+00:00 NOTICE Email "customer_completed_order" for order #10266 not sent: email type is disabled CONTEXT: {"email_type":"customer_completed_order","status":"disabled","recipient":"guest","order":10266}
2026-09-15T14:16:51+00:00 NOTICE Email "customer_failed_order" for order #10302 not sent: email type is disabled CONTEXT: {"email_type":"customer_failed_order","status":"disabled","recipient":"guest","order":10302}
2026-09-15T14:16:51+00:00 NOTICE Email "customer_completed_order" for order #10327 not sent: email type is disabled CONTEXT: {"email_type":"customer_completed_order","status":"disabled","recipient":"guest","order":10327}
2026-09-15T14:16:51+00:00 NOTICE Email "customer_completed_order" for order #10336 not sent: email type is disabled CONTEXT: {"email_type":"customer_completed_order","status":"disabled","recipient":"guest","order":10336}
2026-09-15T14:16:51+00:00 NOTICE Email "customer_completed_order" for order #10338 not sent: email type is disabled CONTEXT: {"email_type":"customer_completed_order","status":"disabled","recipient":"guest","order":10338}
2026-09-15T14:16:52+00:00 NOTICE Email "customer_completed_order" for order #10345 not sent: email type is disabled CONTEXT: {"email_type":"customer_completed_order","status":"disabled","recipient":"guest","order":10345}
2026-09-15T14:17:57+00:00 NOTICE Email "customer_completed_order" for order #9892 not sent: email type is disabled CONTEXT: {"email_type":"customer_completed_order","status":"disabled","recipient":"guest","order":9892}
2026-09-15T14:17:58+00:00 NOTICE Email "customer_completed_order" for order #10342 not sent: email type is disabled CONTEXT: {"email_type":"customer_completed_order","status":"disabled","recipient":"guest","order":10342}
2026-09-15T14:18:01+00:00 NOTICE Email "customer_completed_order" for order #10126 not sent: email type is disabled CONTEXT: {"email_type":"customer_completed_order","status":"disabled","recipient":"guest","order":10126}
2026-09-15T14:18:01+00:00 NOTICE Email "customer_completed_order" for order #7526 not sent: email type is disabled CONTEXT: {"email_type":"customer_completed_order","status":"disabled","recipient":"guest","order":7526}
2026-09-15T14:18:01+00:00 NOTICE Email "customer_completed_order" for order #9810 not sent: email type is disabled CONTEXT: {"email_type":"customer_completed_order","status":"disabled","recipient":"guest","order":9810}
2026-09-15T14:18:10+00:00 NOTICE Email "customer_completed_order" for order #10247 not sent: email type is disabled CONTEXT: {"email_type":"customer_completed_order","status":"disabled","recipient":"guest","order":10247}
2026-09-15T14:18:39+00:00 NOTICE Email "customer_note" for order #10401 not sent: email type is disabled CONTEXT: {"email_type":"customer_note","status":"disabled","recipient":"guest","order":10401}
2026-09-15T14:18:47+00:00 NOTICE Email "customer_note" for order #10901 not sent: email type is disabled CONTEXT: {"email_type":"customer_note","status":"disabled","recipient":"guest","order":10901}
2026-09-15T14:18:51+00:00 NOTICE Email "customer_completed_order" for order #10401 not sent: email type is disabled CONTEXT: {"email_type":"customer_completed_order","status":"disabled","recipient":"guest","order":10401}
2026-09-15T14:18:58+00:00 NOTICE Email "customer_completed_order" for order #10168 not sent: email type is disabled CONTEXT: {"email_type":"customer_completed_order","status":"disabled","recipient":"guest","order":10168}
2026-09-15T14:19:14+00:00 NOTICE Email "customer_completed_order" for order #10239 not sent: email type is disabled CONTEXT: {"email_type":"customer_completed_order","status":"disabled","recipient":"guest","order":10239}
2026-09-15T14:19:17+00:00 NOTICE Email "customer_note" for order #10901 not sent: email type is disabled CONTEXT: {"email_type":"customer_note","status":"disabled","recipient":"guest","order":10901}
2026-09-15T14:19:23+00:00 NOTICE Email "customer_completed_order" for order #10219 not sent: email type is disabled CONTEXT: {"email_type":"customer_completed_order","status":"disabled","recipient":"guest","order":10219}
2026-09-15T14:19:26+00:00 NOTICE Email "customer_failed_order" for order #10208 not sent: email type is disabled CONTEXT: {"email_type":"customer_failed_order","status":"disabled","recipient":"guest","order":10208}
2026-09-15T14:19:30+00:00 NOTICE Email "customer_completed_order" for order #9852 not sent: email type is disabled CONTEXT: {"email_type":"customer_completed_order","status":"disabled","recipient":"guest","order":9852}
2026-09-15T14:19:30+00:00 NOTICE Email "customer_completed_order" for order #10140 not sent: email type is disabled CONTEXT: {"email_type":"customer_completed_order","status":"disabled","recipient":"guest","order":10140}
2026-09-15T14:19:32+00:00 NOTICE Email "customer_completed_order" for order #9936 not sent: email type is disabled CONTEXT: {"email_type":"customer_completed_order","status":"disabled","recipient":"guest","order":9936}
2026-09-15T14:19:39+00:00 NOTICE Email "customer_completed_order" for order #9830 not sent: email type is disabled CONTEXT: {"email_type":"customer_completed_order","status":"disabled","recipient":"guest","order":9830}
2026-09-15T14:19:42+00:00 NOTICE Email "customer_completed_order" for order #10249 not sent: email type is disabled CONTEXT: {"email_type":"customer_completed_order","status":"disabled","recipient":"guest","order":10249}
2026-09-15T14:19:42+00:00 NOTICE Email "customer_completed_order" for order #10061 not sent: email type is disabled CONTEXT: {"email_type":"customer_completed_order","status":"disabled","recipient":"guest","order":10061}
2026-09-15T14:19:45+00:00 NOTICE Email "customer_completed_order" for order #10285 not sent: email type is disabled CONTEXT: {"email_type":"customer_completed_order","status":"disabled","recipient":"guest","order":10285}
2026-09-15T14:19:54+00:00 NOTICE Email "customer_completed_order" for order #9798 not sent: email type is disabled CONTEXT: {"email_type":"customer_completed_order","status":"disabled","recipient":"guest","order":9798}
2026-09-15T14:20:38+00:00 NOTICE Email "customer_completed_order" for order #10156 not sent: email type is disabled CONTEXT: {"email_type":"customer_completed_order","status":"disabled","recipient":"guest","order":10156}
2026-09-15T14:20:38+00:00 NOTICE Email "customer_completed_order" for order #10262 not sent: email type is disabled CONTEXT: {"email_type":"customer_completed_order","status":"disabled","recipient":"guest","order":10262}
2026-09-15T14:20:47+00:00 NOTICE Email "customer_failed_order" for order #10302 not sent: email type is disabled CONTEXT: {"email_type":"customer_failed_order","status":"disabled","recipient":"guest","order":10302}
2026-09-15T14:20:47+00:00 NOTICE Email "customer_completed_order" for order #9997 not sent: email type is disabled CONTEXT: {"email_type":"customer_completed_order","status":"disabled","recipient":"guest","order":9997}
2026-09-15T14:20:47+00:00 NOTICE Email "customer_completed_order" for order #9950 not sent: email type is disabled CONTEXT: {"email_type":"customer_completed_order","status":"disabled","recipient":"guest","order":9950}
2026-09-15T14:20:47+00:00 NOTICE Email "customer_completed_order" for order #9900 not sent: email type is disabled CONTEXT: {"email_type":"customer_completed_order","status":"disabled","recipient":"guest","order":9900}
2026-09-15T14:20:48+00:00 NOTICE Email "customer_completed_order" for order #10197 not sent: email type is disabled CONTEXT: {"email_type":"customer_completed_order","status":"disabled","recipient":"guest","order":10197}
2026-09-15T14:20:54+00:00 NOTICE Email "customer_completed_order" for order #10034 not sent: email type is disabled CONTEXT: {"email_type":"customer_completed_order","status":"disabled","recipient":"guest","order":10034}
2026-09-15T14:20:56+00:00 NOTICE Email "customer_note" for order #10020 not sent: email type is disabled CONTEXT: {"email_type":"customer_note","status":"disabled","recipient":"guest","order":10020}
2026-09-15T14:20:57+00:00 NOTICE Email "customer_completed_order" for order #10086 not sent: email type is disabled CONTEXT: {"email_type":"customer_completed_order","status":"disabled","recipient":"guest","order":10086}
2026-09-15T14:20:58+00:00 NOTICE Email "customer_completed_order" for order #9851 not sent: email type is disabled CONTEXT: {"email_type":"customer_completed_order","status":"disabled","recipient":"guest","order":9851}
2026-09-15T14:21:05+00:00 NOTICE Email "customer_completed_order" for order #10020 not sent: email type is disabled CONTEXT: {"email_type":"customer_completed_order","status":"disabled","recipient":"guest","order":10020}
2026-09-15T14:21:14+00:00 NOTICE Email "customer_completed_order" for order #10258 not sent: email type is disabled CONTEXT: {"email_type":"customer_completed_order","status":"disabled","recipient":"guest","order":10258}
2026-09-15T14:21:14+00:00 NOTICE Email "customer_completed_order" for order #10185 not sent: email type is disabled CONTEXT: {"email_type":"customer_completed_order","status":"disabled","recipient":"guest","order":10185}
2026-09-15T14:21:23+00:00 INFO Email "new_order" for order #10901 sent CONTEXT: {"email_type":"new_order","status":"sent","recipient":"guest","order":10901}
2026-09-15T14:21:23+00:00 NOTICE Email "customer_processing_order" for order #10901 not sent: email type is disabled CONTEXT: {"email_type":"customer_processing_order","status":"disabled","recipient":"guest","order":10901}
2026-09-15T14:21:23+00:00 NOTICE Email "customer_note" for order #10901 not sent: email type is disabled CONTEXT: {"email_type":"customer_note","status":"disabled","recipient":"guest","order":10901}
2026-09-15T14:21:23+00:00 NOTICE Email "customer_completed_order" for order #10353 not sent: email type is disabled CONTEXT: {"email_type":"customer_completed_order","status":"disabled","recipient":"guest","order":10353}
2026-09-15T14:22:02+00:00 NOTICE Email "customer_completed_order" for order #10385 not sent: email type is disabled CONTEXT: {"email_type":"customer_completed_order","status":"disabled","recipient":"guest","order":10385}
2026-09-15T14:23:36+00:00 NOTICE Email "customer_failed_order" for order #10351 not sent: email type is disabled CONTEXT: {"email_type":"customer_failed_order","status":"disabled","recipient":"guest","order":10351}
2026-09-15T14:23:36+00:00 NOTICE Email "customer_note" for order #10415 not sent: email type is disabled CONTEXT: {"email_type":"customer_note","status":"disabled","recipient":"guest","order":10415}
2026-09-15T14:23:39+00:00 NOTICE Email "customer_completed_order" for order #9936 not sent: email type is disabled CONTEXT: {"email_type":"customer_completed_order","status":"disabled","recipient":"guest","order":9936}
2026-09-15T14:23:47+00:00 NOTICE Email "customer_completed_order" for order #10219 not sent: email type is disabled CONTEXT: {"email_type":"customer_completed_order","status":"disabled","recipient":"guest","order":10219}
2026-09-15T14:23:50+00:00 NOTICE Email "customer_completed_order" for order #10415 not sent: email type is disabled CONTEXT: {"email_type":"customer_completed_order","status":"disabled","recipient":"guest","order":10415}
2026-09-15T14:23:56+00:00 NOTICE Email "customer_completed_order" for order #9757 not sent: email type is disabled CONTEXT: {"email_type":"customer_completed_order","status":"disabled","recipient":"guest","order":9757}
2026-09-15T14:23:56+00:00 NOTICE Email "customer_completed_order" for order #9952 not sent: email type is disabled CONTEXT: {"email_type":"customer_completed_order","status":"disabled","recipient":"guest","order":9952}
2026-09-15T14:24:06+00:00 NOTICE Email "customer_completed_order" for order #10233 not sent: email type is disabled CONTEXT: {"email_type":"customer_completed_order","status":"disabled","recipient":"guest","order":10233}
2026-09-15T14:24:15+00:00 NOTICE Email "customer_completed_order" for order #10338 not sent: email type is disabled CONTEXT: {"email_type":"customer_completed_order","status":"disabled","recipient":"guest","order":10338}
2026-09-15T14:24:16+00:00 NOTICE Email "customer_completed_order" for order #10168 not sent: email type is disabled CONTEXT: {"email_type":"customer_completed_order","status":"disabled","recipient":"guest","order":10168}
2026-09-15T14:24:16+00:00 NOTICE Email "customer_completed_order" for order #10248 not sent: email type is disabled CONTEXT: {"email_type":"customer_completed_order","status":"disabled","recipient":"guest","order":10248}
2026-09-15T14:24:16+00:00 NOTICE Email "customer_completed_order" for order #10266 not sent: email type is disabled CONTEXT: {"email_type":"customer_completed_order","status":"disabled","recipient":"guest","order":10266}
2026-09-15T14:24:16+00:00 NOTICE Email "customer_completed_order" for order #10400 not sent: email type is disabled CONTEXT: {"email_type":"customer_completed_order","status":"disabled","recipient":"guest","order":10400}
2026-09-15T14:24:24+00:00 NOTICE Email "customer_failed_order" for order #10320 not sent: email type is disabled CONTEXT: {"email_type":"customer_failed_order","status":"disabled","recipient":"guest","order":10320}
2026-09-15T14:24:25+00:00 NOTICE Email "customer_completed_order" for order #10216 not sent: email type is disabled CONTEXT: {"email_type":"customer_completed_order","status":"disabled","recipient":"guest","order":10216}
2026-09-15T14:24:25+00:00 NOTICE Email "customer_completed_order" for order #9809 not sent: email type is disabled CONTEXT: {"email_type":"customer_completed_order","status":"disabled","recipient":"guest","order":9809}
2026-09-15T14:24:25+00:00 NOTICE Email "customer_completed_order" for order #9766 not sent: email type is disabled CONTEXT: {"email_type":"customer_completed_order","status":"disabled","recipient":"guest","order":9766}
2026-09-15T14:24:25+00:00 NOTICE Email "customer_completed_order" for order #10327 not sent: email type is disabled CONTEXT: {"email_type":"customer_completed_order","status":"disabled","recipient":"guest","order":10327}
2026-09-15T14:24:34+00:00 NOTICE Email "customer_completed_order" for order #10286 not sent: email type is disabled CONTEXT: {"email_type":"customer_completed_order","status":"disabled","recipient":"guest","order":10286}
2026-09-15T14:25:55+00:00 NOTICE Email "customer_completed_order" for order #10353 not sent: email type is disabled CONTEXT: {"email_type":"customer_completed_order","status":"disabled","recipient":"guest","order":10353}
2026-09-15T14:26:06+00:00 NOTICE Email "customer_completed_order" for order #10185 not sent: email type is disabled CONTEXT: {"email_type":"customer_completed_order","status":"disabled","recipient":"guest","order":10185}
2026-09-15T14:26:06+00:00 NOTICE Email "customer_completed_order" for order #10258 not sent: email type is disabled CONTEXT: {"email_type":"customer_completed_order","status":"disabled","recipient":"guest","order":10258}
2026-09-15T14:26:07+00:00 NOTICE Email "customer_completed_order" for order #10336 not sent: email type is disabled CONTEXT: {"email_type":"customer_completed_order","status":"disabled","recipient":"guest","order":10336}
2026-09-15T14:26:07+00:00 NOTICE Email "customer_completed_order" for order #10086 not sent: email type is disabled CONTEXT: {"email_type":"customer_completed_order","status":"disabled","recipient":"guest","order":10086}
2026-09-15T14:26:15+00:00 NOTICE Email "customer_completed_order" for order #10003 not sent: email type is disabled CONTEXT: {"email_type":"customer_completed_order","status":"disabled","recipient":"guest","order":10003}
2026-09-15T14:26:16+00:00 NOTICE Email "customer_completed_order" for order #9851 not sent: email type is disabled CONTEXT: {"email_type":"customer_completed_order","status":"disabled","recipient":"guest","order":9851}
2026-09-15T14:26:25+00:00 NOTICE Email "customer_completed_order" for order #10225 not sent: email type is disabled CONTEXT: {"email_type":"customer_completed_order","status":"disabled","recipient":"guest","order":10225}
2026-09-15T14:26:25+00:00 NOTICE Email "customer_completed_order" for order #10112 not sent: email type is disabled CONTEXT: {"email_type":"customer_completed_order","status":"disabled","recipient":"guest","order":10112}
2026-09-15T14:26:25+00:00 NOTICE Email "customer_completed_order" for order #10034 not sent: email type is disabled CONTEXT: {"email_type":"customer_completed_order","status":"disabled","recipient":"guest","order":10034}
2026-09-15T14:26:35+00:00 NOTICE Email "customer_completed_order" for order #10197 not sent: email type is disabled CONTEXT: {"email_type":"customer_completed_order","status":"disabled","recipient":"guest","order":10197}
2026-09-15T14:26:45+00:00 NOTICE Email "customer_completed_order" for order #9950 not sent: email type is disabled CONTEXT: {"email_type":"customer_completed_order","status":"disabled","recipient":"guest","order":9950}
2026-09-15T14:26:45+00:00 NOTICE Email "customer_completed_order" for order #9900 not sent: email type is disabled CONTEXT: {"email_type":"customer_completed_order","status":"disabled","recipient":"guest","order":9900}
2026-09-15T14:26:45+00:00 NOTICE Email "customer_completed_order" for order #10345 not sent: email type is disabled CONTEXT: {"email_type":"customer_completed_order","status":"disabled","recipient":"guest","order":10345}
2026-09-15T14:26:51+00:00 NOTICE Email "customer_completed_order" for order #9892 not sent: email type is disabled CONTEXT: {"email_type":"customer_completed_order","status":"disabled","recipient":"guest","order":9892}
2026-09-15T14:26:51+00:00 NOTICE Email "customer_completed_order" for order #9786 not sent: email type is disabled CONTEXT: {"email_type":"customer_completed_order","status":"disabled","recipient":"guest","order":9786}
2026-09-15T14:26:51+00:00 NOTICE Email "customer_completed_order" for order #10126 not sent: email type is disabled CONTEXT: {"email_type":"customer_completed_order","status":"disabled","recipient":"guest","order":10126}
2026-09-15T14:26:53+00:00 NOTICE Email "customer_note" for order #10902 not sent: email type is disabled CONTEXT: {"email_type":"customer_note","status":"disabled","recipient":"guest","order":10902}
2026-09-15T14:26:54+00:00 NOTICE Email "customer_completed_order" for order #9997 not sent: email type is disabled CONTEXT: {"email_type":"customer_completed_order","status":"disabled","recipient":"guest","order":9997}
2026-09-15T14:27:01+00:00 NOTICE Email "customer_completed_order" for order #7526 not sent: email type is disabled CONTEXT: {"email_type":"customer_completed_order","status":"disabled","recipient":"guest","order":7526}
2026-09-15T14:27:01+00:00 NOTICE Email "customer_completed_order" for order #10342 not sent: email type is disabled CONTEXT: {"email_type":"customer_completed_order","status":"disabled","recipient":"guest","order":10342}
2026-09-15T14:27:02+00:00 NOTICE Email "customer_completed_order" for order #9810 not sent: email type is disabled CONTEXT: {"email_type":"customer_completed_order","status":"disabled","recipient":"guest","order":9810}
2026-09-15T14:27:02+00:00 NOTICE Email "customer_completed_order" for order #9923 not sent: email type is disabled CONTEXT: {"email_type":"customer_completed_order","status":"disabled","recipient":"guest","order":9923}
2026-09-15T14:27:05+00:00 NOTICE Email "customer_completed_order" for order #10156 not sent: email type is disabled CONTEXT: {"email_type":"customer_completed_order","status":"disabled","recipient":"guest","order":10156}
2026-09-15T14:27:11+00:00 NOTICE Email "customer_completed_order" for order #10247 not sent: email type is disabled CONTEXT: {"email_type":"customer_completed_order","status":"disabled","recipient":"guest","order":10247}
2026-09-15T14:27:22+00:00 NOTICE Email "customer_note" for order #10902 not sent: email type is disabled CONTEXT: {"email_type":"customer_note","status":"disabled","recipient":"guest","order":10902}
2026-09-15T14:27:26+00:00 NOTICE Email "customer_failed_order" for order #10208 not sent: email type is disabled CONTEXT: {"email_type":"customer_failed_order","status":"disabled","recipient":"guest","order":10208}
2026-09-15T14:27:47+00:00 NOTICE Email "customer_failed_order" for order #10351 not sent: email type is disabled CONTEXT: {"email_type":"customer_failed_order","status":"disabled","recipient":"guest","order":10351}
2026-09-15T14:27:56+00:00 NOTICE Email "customer_note" for order #10902 not sent: email type is disabled CONTEXT: {"email_type":"customer_note","status":"disabled","recipient":"guest","order":10902}
2026-09-15T14:28:17+00:00 NOTICE Email "customer_completed_order" for order #10345 not sent: email type is disabled CONTEXT: {"email_type":"customer_completed_order","status":"disabled","recipient":"guest","order":10345}
2026-09-15T14:28:17+00:00 NOTICE Email "customer_completed_order" for order #10216 not sent: email type is disabled CONTEXT: {"email_type":"customer_completed_order","status":"disabled","recipient":"guest","order":10216}
2026-09-15T14:28:26+00:00 NOTICE Email "customer_completed_order" for order #10400 not sent: email type is disabled CONTEXT: {"email_type":"customer_completed_order","status":"disabled","recipient":"guest","order":10400}
2026-09-15T14:28:26+00:00 NOTICE Email "customer_completed_order" for order #10266 not sent: email type is disabled CONTEXT: {"email_type":"customer_completed_order","status":"disabled","recipient":"guest","order":10266}
2026-09-15T14:28:37+00:00 NOTICE Email "customer_completed_order" for order #10248 not sent: email type is disabled CONTEXT: {"email_type":"customer_completed_order","status":"disabled","recipient":"guest","order":10248}
2026-09-15T14:28:37+00:00 NOTICE Email "customer_completed_order" for order #10168 not sent: email type is disabled CONTEXT: {"email_type":"customer_completed_order","status":"disabled","recipient":"guest","order":10168}
2026-09-15T14:28:40+00:00 NOTICE Email "customer_completed_order" for order #10140 not sent: email type is disabled CONTEXT: {"email_type":"customer_completed_order","status":"disabled","recipient":"guest","order":10140}
2026-09-15T14:28:45+00:00 NOTICE Email "customer_completed_order" for order #10338 not sent: email type is disabled CONTEXT: {"email_type":"customer_completed_order","status":"disabled","recipient":"guest","order":10338}
2026-09-15T14:28:46+00:00 NOTICE Email "customer_completed_order" for order #10233 not sent: email type is disabled CONTEXT: {"email_type":"customer_completed_order","status":"disabled","recipient":"guest","order":10233}
2026-09-15T14:28:49+00:00 NOTICE Email "customer_completed_order" for order #9936 not sent: email type is disabled CONTEXT: {"email_type":"customer_completed_order","status":"disabled","recipient":"guest","order":9936}
2026-09-15T14:28:49+00:00 NOTICE Email "customer_completed_order" for order #9852 not sent: email type is disabled CONTEXT: {"email_type":"customer_completed_order","status":"disabled","recipient":"guest","order":9852}
2026-09-15T14:28:55+00:00 NOTICE Email "customer_completed_order" for order #10249 not sent: email type is disabled CONTEXT: {"email_type":"customer_completed_order","status":"disabled","recipient":"guest","order":10249}
2026-09-15T14:29:04+00:00 NOTICE Email "customer_completed_order" for order #9830 not sent: email type is disabled CONTEXT: {"email_type":"customer_completed_order","status":"disabled","recipient":"guest","order":9830}
2026-09-15T14:29:04+00:00 NOTICE Email "customer_completed_order" for order #10061 not sent: email type is disabled CONTEXT: {"email_type":"customer_completed_order","status":"disabled","recipient":"guest","order":10061}
2026-09-15T14:29:13+00:00 NOTICE Email "customer_completed_order" for order #10285 not sent: email type is disabled CONTEXT: {"email_type":"customer_completed_order","status":"disabled","recipient":"guest","order":10285}
2026-09-15T14:29:13+00:00 NOTICE Email "customer_completed_order" for order #10138 not sent: email type is disabled CONTEXT: {"email_type":"customer_completed_order","status":"disabled","recipient":"guest","order":10138}
2026-09-15T14:31:41+00:00 NOTICE Email "customer_note" for order #10903 not sent: email type is disabled CONTEXT: {"email_type":"customer_note","status":"disabled","recipient":"guest","order":10903}
2026-09-15T14:31:47+00:00 NOTICE Email "customer_completed_order" for order #9757 not sent: email type is disabled CONTEXT: {"email_type":"customer_completed_order","status":"disabled","recipient":"guest","order":9757}
2026-09-15T14:31:47+00:00 NOTICE Email "customer_completed_order" for order #9766 not sent: email type is disabled CONTEXT: {"email_type":"customer_completed_order","status":"disabled","recipient":"guest","order":9766}
2026-09-15T14:31:47+00:00 NOTICE Email "customer_completed_order" for order #9786 not sent: email type is disabled CONTEXT: {"email_type":"customer_completed_order","status":"disabled","recipient":"guest","order":9786}
2026-09-15T14:31:47+00:00 NOTICE Email "customer_completed_order" for order #9798 not sent: email type is disabled CONTEXT: {"email_type":"customer_completed_order","status":"disabled","recipient":"guest","order":9798}
2026-09-15T14:31:47+00:00 NOTICE Email "customer_completed_order" for order #9810 not sent: email type is disabled CONTEXT: {"email_type":"customer_completed_order","status":"disabled","recipient":"guest","order":9810}
2026-09-15T14:31:55+00:00 NOTICE Email "customer_completed_order" for order #10262 not sent: email type is disabled CONTEXT: {"email_type":"customer_completed_order","status":"disabled","recipient":"guest","order":10262}
2026-09-15T14:31:55+00:00 NOTICE Email "customer_completed_order" for order #10342 not sent: email type is disabled CONTEXT: {"email_type":"customer_completed_order","status":"disabled","recipient":"guest","order":10342}
2026-09-15T14:31:58+00:00 NOTICE Email "customer_completed_order" for order #9851 not sent: email type is disabled CONTEXT: {"email_type":"customer_completed_order","status":"disabled","recipient":"guest","order":9851}
2026-09-15T14:31:58+00:00 NOTICE Email "customer_completed_order" for order #9892 not sent: email type is disabled CONTEXT: {"email_type":"customer_completed_order","status":"disabled","recipient":"guest","order":9892}
2026-09-15T14:31:58+00:00 NOTICE Email "customer_completed_order" for order #9936 not sent: email type is disabled CONTEXT: {"email_type":"customer_completed_order","status":"disabled","recipient":"guest","order":9936}
2026-09-15T14:31:58+00:00 NOTICE Email "customer_completed_order" for order #9950 not sent: email type is disabled CONTEXT: {"email_type":"customer_completed_order","status":"disabled","recipient":"guest","order":9950}
2026-09-15T14:31:58+00:00 NOTICE Email "customer_completed_order" for order #9952 not sent: email type is disabled CONTEXT: {"email_type":"customer_completed_order","status":"disabled","recipient":"guest","order":9952}
2026-09-15T14:31:59+00:00 NOTICE Email "customer_completed_order" for order #9997 not sent: email type is disabled CONTEXT: {"email_type":"customer_completed_order","status":"disabled","recipient":"guest","order":9997}
2026-09-15T14:31:59+00:00 NOTICE Email "customer_completed_order" for order #10034 not sent: email type is disabled CONTEXT: {"email_type":"customer_completed_order","status":"disabled","recipient":"guest","order":10034}
2026-09-15T14:31:59+00:00 NOTICE Email "customer_completed_order" for order #10061 not sent: email type is disabled CONTEXT: {"email_type":"customer_completed_order","status":"disabled","recipient":"guest","order":10061}
2026-09-15T14:32:05+00:00 NOTICE Email "customer_completed_order" for order #10126 not sent: email type is disabled CONTEXT: {"email_type":"customer_completed_order","status":"disabled","recipient":"guest","order":10126}
2026-09-15T14:32:06+00:00 NOTICE Email "customer_completed_order" for order #10156 not sent: email type is disabled CONTEXT: {"email_type":"customer_completed_order","status":"disabled","recipient":"guest","order":10156}
2026-09-15T14:32:06+00:00 NOTICE Email "customer_completed_order" for order #10168 not sent: email type is disabled CONTEXT: {"email_type":"customer_completed_order","status":"disabled","recipient":"guest","order":10168}
2026-09-15T14:32:06+00:00 NOTICE Email "customer_completed_order" for order #10185 not sent: email type is disabled CONTEXT: {"email_type":"customer_completed_order","status":"disabled","recipient":"guest","order":10185}
2026-09-15T14:32:06+00:00 NOTICE Email "customer_completed_order" for order #10197 not sent: email type is disabled CONTEXT: {"email_type":"customer_completed_order","status":"disabled","recipient":"guest","order":10197}
2026-09-15T14:32:06+00:00 NOTICE Email "customer_completed_order" for order #10199 not sent: email type is disabled CONTEXT: {"email_type":"customer_completed_order","status":"disabled","recipient":"guest","order":10199}
2026-09-15T14:32:06+00:00 NOTICE Email "customer_completed_order" for order #10216 not sent: email type is disabled CONTEXT: {"email_type":"customer_completed_order","status":"disabled","recipient":"guest","order":10216}
2026-09-15T14:32:06+00:00 NOTICE Email "customer_completed_order" for order #10219 not sent: email type is disabled CONTEXT: {"email_type":"customer_completed_order","status":"disabled","recipient":"guest","order":10219}
2026-09-15T14:32:06+00:00 NOTICE Email "customer_completed_order" for order #10225 not sent: email type is disabled CONTEXT: {"email_type":"customer_completed_order","status":"disabled","recipient":"guest","order":10225}
2026-09-15T14:32:06+00:00 NOTICE Email "customer_completed_order" for order #10233 not sent: email type is disabled CONTEXT: {"email_type":"customer_completed_order","status":"disabled","recipient":"guest","order":10233}
2026-09-15T14:32:06+00:00 NOTICE Email "customer_completed_order" for order #10239 not sent: email type is disabled CONTEXT: {"email_type":"customer_completed_order","status":"disabled","recipient":"guest","order":10239}
2026-09-15T14:32:06+00:00 NOTICE Email "customer_completed_order" for order #10247 not sent: email type is disabled CONTEXT: {"email_type":"customer_completed_order","status":"disabled","recipient":"guest","order":10247}
2026-09-15T14:32:06+00:00 NOTICE Email "customer_completed_order" for order #10248 not sent: email type is disabled CONTEXT: {"email_type":"customer_completed_order","status":"disabled","recipient":"guest","order":10248}
2026-09-15T14:32:06+00:00 NOTICE Email "customer_completed_order" for order #10258 not sent: email type is disabled CONTEXT: {"email_type":"customer_completed_order","status":"disabled","recipient":"guest","order":10258}
2026-09-15T14:32:07+00:00 NOTICE Email "customer_completed_order" for order #10285 not sent: email type is disabled CONTEXT: {"email_type":"customer_completed_order","status":"disabled","recipient":"guest","order":10285}
2026-09-15T14:32:07+00:00 NOTICE Email "customer_failed_order" for order #10302 not sent: email type is disabled CONTEXT: {"email_type":"customer_failed_order","status":"disabled","recipient":"guest","order":10302}
2026-09-15T14:32:10+00:00 NOTICE Email "customer_completed_order" for order #7526 not sent: email type is disabled CONTEXT: {"email_type":"customer_completed_order","status":"disabled","recipient":"guest","order":7526}
2026-09-15T14:32:22+00:00 NOTICE Email "customer_completed_order" for order #10400 not sent: email type is disabled CONTEXT: {"email_type":"customer_completed_order","status":"disabled","recipient":"guest","order":10400}
2026-09-15T14:32:28+00:00 NOTICE Email "customer_note" for order #10903 not sent: email type is disabled CONTEXT: {"email_type":"customer_note","status":"disabled","recipient":"guest","order":10903}
2026-09-15T14:33:06+00:00 NOTICE Email "customer_completed_order" for order #10112 not sent: email type is disabled CONTEXT: {"email_type":"customer_completed_order","status":"disabled","recipient":"guest","order":10112}
2026-09-15T14:33:43+00:00 NOTICE Email "customer_failed_order" for order #10320 not sent: email type is disabled CONTEXT: {"email_type":"customer_failed_order","status":"disabled","recipient":"guest","order":10320}
2026-09-15T14:34:12+00:00 NOTICE Email "customer_note" for order #10903 not sent: email type is disabled CONTEXT: {"email_type":"customer_note","status":"disabled","recipient":"guest","order":10903}
2026-09-15T14:34:35+00:00 NOTICE Email "customer_completed_order" for order #9830 not sent: email type is disabled CONTEXT: {"email_type":"customer_completed_order","status":"disabled","recipient":"guest","order":9830}
2026-09-15T14:35:38+00:00 NOTICE Email "customer_completed_order" for order #10338 not sent: email type is disabled CONTEXT: {"email_type":"customer_completed_order","status":"disabled","recipient":"guest","order":10338}
2026-09-15T14:36:08+00:00 NOTICE Email "customer_completed_order" for order #10336 not sent: email type is disabled CONTEXT: {"email_type":"customer_completed_order","status":"disabled","recipient":"guest","order":10336}
2026-09-15T14:36:08+00:00 NOTICE Email "customer_completed_order" for order #10086 not sent: email type is disabled CONTEXT: {"email_type":"customer_completed_order","status":"disabled","recipient":"guest","order":10086}
2026-09-15T14:36:20+00:00 NOTICE Email "customer_completed_order" for order #10003 not sent: email type is disabled CONTEXT: {"email_type":"customer_completed_order","status":"disabled","recipient":"guest","order":10003}
2026-09-15T14:37:01+00:00 NOTICE Email "customer_completed_order" for order #10353 not sent: email type is disabled CONTEXT: {"email_type":"customer_completed_order","status":"disabled","recipient":"guest","order":10353}
2026-09-15T14:37:31+00:00 NOTICE Email "customer_completed_order" for order #9900 not sent: email type is disabled CONTEXT: {"email_type":"customer_completed_order","status":"disabled","recipient":"guest","order":9900}
2026-09-15T14:38:09+00:00 NOTICE Email "customer_note" for order #10903 not sent: email type is disabled CONTEXT: {"email_type":"customer_note","status":"disabled","recipient":"guest","order":10903}
2026-09-15T14:39:30+00:00 NOTICE Email "customer_completed_order" for order #10327 not sent: email type is disabled CONTEXT: {"email_type":"customer_completed_order","status":"disabled","recipient":"guest","order":10327}
2026-09-15T14:39:42+00:00 NOTICE Email "customer_completed_order" for order #9809 not sent: email type is disabled CONTEXT: {"email_type":"customer_completed_order","status":"disabled","recipient":"guest","order":9809}
2026-09-15T14:39:55+00:00 NOTICE Email "customer_completed_order" for order #10286 not sent: email type is disabled CONTEXT: {"email_type":"customer_completed_order","status":"disabled","recipient":"guest","order":10286}
2026-09-15T14:40:19+00:00 NOTICE Email "customer_note" for order #10472 not sent: email type is disabled CONTEXT: {"email_type":"customer_note","status":"disabled","recipient":"guest","order":10472}
2026-09-15T14:40:27+00:00 NOTICE Email "customer_completed_order" for order #10472 not sent: email type is disabled CONTEXT: {"email_type":"customer_completed_order","status":"disabled","recipient":"guest","order":10472}
2026-09-15T14:41:57+00:00 NOTICE Email "customer_note" for order #10178 not sent: email type is disabled CONTEXT: {"email_type":"customer_note","status":"disabled","recipient":"guest","order":10178}
2026-09-15T14:42:16+00:00 NOTICE Email "customer_completed_order" for order #10178 not sent: email type is disabled CONTEXT: {"email_type":"customer_completed_order","status":"disabled","recipient":"guest","order":10178}
2026-09-15T14:44:09+00:00 NOTICE Email "customer_failed_order" for order #10208 not sent: email type is disabled CONTEXT: {"email_type":"customer_failed_order","status":"disabled","recipient":"guest","order":10208}
2026-09-15T14:44:12+00:00 NOTICE Email "customer_completed_order" for order #9757 not sent: email type is disabled CONTEXT: {"email_type":"customer_completed_order","status":"disabled","recipient":"guest","order":9757}
2026-09-15T14:44:21+00:00 NOTICE Email "customer_completed_order" for order #10262 not sent: email type is disabled CONTEXT: {"email_type":"customer_completed_order","status":"disabled","recipient":"guest","order":10262}
2026-09-15T14:44:21+00:00 NOTICE Email "customer_completed_order" for order #10061 not sent: email type is disabled CONTEXT: {"email_type":"customer_completed_order","status":"disabled","recipient":"guest","order":10061}
2026-09-15T14:44:45+00:00 NOTICE Email "customer_completed_order" for order #10219 not sent: email type is disabled CONTEXT: {"email_type":"customer_completed_order","status":"disabled","recipient":"guest","order":10219}
2026-09-15T14:44:53+00:00 NOTICE Email "customer_completed_order" for order #7526 not sent: email type is disabled CONTEXT: {"email_type":"customer_completed_order","status":"disabled","recipient":"guest","order":7526}
2026-09-15T14:45:15+00:00 NOTICE Email "customer_completed_order" for order #9997 not sent: email type is disabled CONTEXT: {"email_type":"customer_completed_order","status":"disabled","recipient":"guest","order":9997}
2026-09-15T14:45:22+00:00 NOTICE Email "customer_completed_order" for order #10233 not sent: email type is disabled CONTEXT: {"email_type":"customer_completed_order","status":"disabled","recipient":"guest","order":10233}
2026-09-15T14:45:23+00:00 NOTICE Email "customer_completed_order" for order #9936 not sent: email type is disabled CONTEXT: {"email_type":"customer_completed_order","status":"disabled","recipient":"guest","order":9936}
2026-09-15T14:45:24+00:00 NOTICE Email "customer_completed_order" for order #10247 not sent: email type is disabled CONTEXT: {"email_type":"customer_completed_order","status":"disabled","recipient":"guest","order":10247}
2026-09-15T14:45:31+00:00 NOTICE Email "customer_completed_order" for order #10185 not sent: email type is disabled CONTEXT: {"email_type":"customer_completed_order","status":"disabled","recipient":"guest","order":10185}
2026-09-15T14:45:34+00:00 NOTICE Email "customer_completed_order" for order #10258 not sent: email type is disabled CONTEXT: {"email_type":"customer_completed_order","status":"disabled","recipient":"guest","order":10258}
2026-09-15T14:45:51+00:00 NOTICE Email "customer_completed_order" for order #10086 not sent: email type is disabled CONTEXT: {"email_type":"customer_completed_order","status":"disabled","recipient":"guest","order":10086}
2026-09-15T14:45:51+00:00 NOTICE Email "customer_completed_order" for order #10003 not sent: email type is disabled CONTEXT: {"email_type":"customer_completed_order","status":"disabled","recipient":"guest","order":10003}
2026-09-15T14:46:52+00:00 NOTICE Email "customer_completed_order" for order #9766 not sent: email type is disabled CONTEXT: {"email_type":"customer_completed_order","status":"disabled","recipient":"guest","order":9766}
2026-09-15T14:46:52+00:00 NOTICE Email "customer_completed_order" for order #9786 not sent: email type is disabled CONTEXT: {"email_type":"customer_completed_order","status":"disabled","recipient":"guest","order":9786}
2026-09-15T14:46:52+00:00 NOTICE Email "customer_completed_order" for order #9798 not sent: email type is disabled CONTEXT: {"email_type":"customer_completed_order","status":"disabled","recipient":"guest","order":9798}
2026-09-15T14:46:59+00:00 NOTICE Email "customer_completed_order" for order #9852 not sent: email type is disabled CONTEXT: {"email_type":"customer_completed_order","status":"disabled","recipient":"guest","order":9852}
2026-09-15T14:46:59+00:00 NOTICE Email "customer_completed_order" for order #9900 not sent: email type is disabled CONTEXT: {"email_type":"customer_completed_order","status":"disabled","recipient":"guest","order":9900}
2026-09-15T14:47:00+00:00 NOTICE Email "customer_completed_order" for order #9923 not sent: email type is disabled CONTEXT: {"email_type":"customer_completed_order","status":"disabled","recipient":"guest","order":9923}
2026-09-15T14:47:00+00:00 NOTICE Email "customer_completed_order" for order #9936 not sent: email type is disabled CONTEXT: {"email_type":"customer_completed_order","status":"disabled","recipient":"guest","order":9936}
2026-09-15T14:47:00+00:00 NOTICE Email "customer_completed_order" for order #9950 not sent: email type is disabled CONTEXT: {"email_type":"customer_completed_order","status":"disabled","recipient":"guest","order":9950}
2026-09-15T14:47:00+00:00 NOTICE Email "customer_completed_order" for order #9952 not sent: email type is disabled CONTEXT: {"email_type":"customer_completed_order","status":"disabled","recipient":"guest","order":9952}
2026-09-15T14:47:01+00:00 NOTICE Email "customer_completed_order" for order #10061 not sent: email type is disabled CONTEXT: {"email_type":"customer_completed_order","status":"disabled","recipient":"guest","order":10061}
2026-09-15T14:47:02+00:00 NOTICE Email "customer_completed_order" for order #10225 not sent: email type is disabled CONTEXT: {"email_type":"customer_completed_order","status":"disabled","recipient":"guest","order":10225}
2026-09-15T14:47:14+00:00 NOTICE Email "customer_completed_order" for order #10345 not sent: email type is disabled CONTEXT: {"email_type":"customer_completed_order","status":"disabled","recipient":"guest","order":10345}
2026-09-15T14:47:15+00:00 NOTICE Email "customer_completed_order" for order #10138 not sent: email type is disabled CONTEXT: {"email_type":"customer_completed_order","status":"disabled","recipient":"guest","order":10138}
2026-09-15T14:47:15+00:00 NOTICE Email "customer_completed_order" for order #10140 not sent: email type is disabled CONTEXT: {"email_type":"customer_completed_order","status":"disabled","recipient":"guest","order":10140}
2026-09-15T14:47:16+00:00 NOTICE Email "customer_completed_order" for order #10168 not sent: email type is disabled CONTEXT: {"email_type":"customer_completed_order","status":"disabled","recipient":"guest","order":10168}
2026-09-15T14:47:16+00:00 NOTICE Email "customer_completed_order" for order #10197 not sent: email type is disabled CONTEXT: {"email_type":"customer_completed_order","status":"disabled","recipient":"guest","order":10197}
2026-09-15T14:47:16+00:00 NOTICE Email "customer_completed_order" for order #10199 not sent: email type is disabled CONTEXT: {"email_type":"customer_completed_order","status":"disabled","recipient":"guest","order":10199}
2026-09-15T14:47:16+00:00 NOTICE Email "customer_completed_order" for order #10216 not sent: email type is disabled CONTEXT: {"email_type":"customer_completed_order","status":"disabled","recipient":"guest","order":10216}
2026-09-15T14:47:17+00:00 NOTICE Email "customer_completed_order" for order #10247 not sent: email type is disabled CONTEXT: {"email_type":"customer_completed_order","status":"disabled","recipient":"guest","order":10247}
2026-09-15T14:47:17+00:00 NOTICE Email "customer_completed_order" for order #10249 not sent: email type is disabled CONTEXT: {"email_type":"customer_completed_order","status":"disabled","recipient":"guest","order":10249}
2026-09-15T14:47:17+00:00 NOTICE Email "customer_completed_order" for order #10262 not sent: email type is disabled CONTEXT: {"email_type":"customer_completed_order","status":"disabled","recipient":"guest","order":10262}
2026-09-15T14:47:17+00:00 NOTICE Email "customer_completed_order" for order #10286 not sent: email type is disabled CONTEXT: {"email_type":"customer_completed_order","status":"disabled","recipient":"guest","order":10286}
2026-09-15T14:47:34+00:00 NOTICE Email "customer_completed_order" for order #10336 not sent: email type is disabled CONTEXT: {"email_type":"customer_completed_order","status":"disabled","recipient":"guest","order":10336}
2026-09-15T14:47:34+00:00 NOTICE Email "customer_completed_order" for order #10353 not sent: email type is disabled CONTEXT: {"email_type":"customer_completed_order","status":"disabled","recipient":"guest","order":10353}
2026-09-15T14:47:34+00:00 NOTICE Email "customer_completed_order" for order #10400 not sent: email type is disabled CONTEXT: {"email_type":"customer_completed_order","status":"disabled","recipient":"guest","order":10400}
2026-09-15T14:48:11+00:00 NOTICE Email "customer_failed_order" for order #10208 not sent: email type is disabled CONTEXT: {"email_type":"customer_failed_order","status":"disabled","recipient":"guest","order":10208}
2026-09-15T14:48:40+00:00 INFO Email "cancelled_order" for order #10904 sent CONTEXT: {"email_type":"cancelled_order","status":"sent","recipient":"guest","order":10904}
2026-09-15T14:48:44+00:00 NOTICE Email "customer_failed_order" for order #10351 not sent: email type is disabled CONTEXT: {"email_type":"customer_failed_order","status":"disabled","recipient":"guest","order":10351}
2026-09-15T14:50:00+00:00 NOTICE Email "customer_note" for order #10375 not sent: email type is disabled CONTEXT: {"email_type":"customer_note","status":"disabled","recipient":"guest","order":10375}
2026-09-15T14:50:06+00:00 NOTICE Email "customer_completed_order" for order #10375 not sent: email type is disabled CONTEXT: {"email_type":"customer_completed_order","status":"disabled","recipient":"guest","order":10375}
2026-09-15T14:50:52+00:00 NOTICE Email "customer_note" for order #10551 not sent: email type is disabled CONTEXT: {"email_type":"customer_note","status":"disabled","recipient":"guest","order":10551}
2026-09-15T14:50:59+00:00 NOTICE Email "customer_completed_order" for order #10551 not sent: email type is disabled CONTEXT: {"email_type":"customer_completed_order","status":"disabled","recipient":"guest","order":10551}
2026-09-15T14:51:33+00:00 NOTICE Email "customer_note" for order #10480 not sent: email type is disabled CONTEXT: {"email_type":"customer_note","status":"disabled","recipient":"guest","order":10480}
2026-09-15T14:51:36+00:00 NOTICE Email "customer_completed_order" for order #10480 not sent: email type is disabled CONTEXT: {"email_type":"customer_completed_order","status":"disabled","recipient":"guest","order":10480}
2026-09-15T14:53:08+00:00 NOTICE Email "customer_completed_order" for order #10266 not sent: email type is disabled CONTEXT: {"email_type":"customer_completed_order","status":"disabled","recipient":"guest","order":10266}
2026-09-15T14:53:22+00:00 NOTICE Email "customer_completed_order" for order #10285 not sent: email type is disabled CONTEXT: {"email_type":"customer_completed_order","status":"disabled","recipient":"guest","order":10285}
2026-09-15T14:53:35+00:00 NOTICE Email "customer_completed_order" for order #10034 not sent: email type is disabled CONTEXT: {"email_type":"customer_completed_order","status":"disabled","recipient":"guest","order":10034}
2026-09-15T14:53:48+00:00 NOTICE Email "customer_completed_order" for order #10327 not sent: email type is disabled CONTEXT: {"email_type":"customer_completed_order","status":"disabled","recipient":"guest","order":10327}
2026-09-15T14:53:48+00:00 NOTICE Email "customer_completed_order" for order #9809 not sent: email type is disabled CONTEXT: {"email_type":"customer_completed_order","status":"disabled","recipient":"guest","order":9809}
2026-09-15T14:54:00+00:00 NOTICE Email "customer_completed_order" for order #10126 not sent: email type is disabled CONTEXT: {"email_type":"customer_completed_order","status":"disabled","recipient":"guest","order":10126}
2026-09-15T14:54:00+00:00 NOTICE Email "customer_failed_order" for order #10302 not sent: email type is disabled CONTEXT: {"email_type":"customer_failed_order","status":"disabled","recipient":"guest","order":10302}
2026-09-15T14:54:48+00:00 NOTICE Email "customer_completed_order" for order #9851 not sent: email type is disabled CONTEXT: {"email_type":"customer_completed_order","status":"disabled","recipient":"guest","order":9851}
2026-09-15T14:54:58+00:00 NOTICE Email "customer_completed_order" for order #10138 not sent: email type is disabled CONTEXT: {"email_type":"customer_completed_order","status":"disabled","recipient":"guest","order":10138}
2026-09-15T14:55:07+00:00 NOTICE Email "customer_completed_order" for order #10112 not sent: email type is disabled CONTEXT: {"email_type":"customer_completed_order","status":"disabled","recipient":"guest","order":10112}
2026-09-15T14:55:17+00:00 NOTICE Email "customer_completed_order" for order #9892 not sent: email type is disabled CONTEXT: {"email_type":"customer_completed_order","status":"disabled","recipient":"guest","order":9892}
2026-09-15T14:55:17+00:00 NOTICE Email "customer_completed_order" for order #10342 not sent: email type is disabled CONTEXT: {"email_type":"customer_completed_order","status":"disabled","recipient":"guest","order":10342}
2026-09-15T14:55:26+00:00 NOTICE Email "customer_completed_order" for order #9786 not sent: email type is disabled CONTEXT: {"email_type":"customer_completed_order","status":"disabled","recipient":"guest","order":9786}
2026-09-15T14:55:28+00:00 NOTICE Email "customer_note" for order #10905 not sent: email type is disabled CONTEXT: {"email_type":"customer_note","status":"disabled","recipient":"guest","order":10905}
2026-09-15T14:55:29+00:00 NOTICE Email "customer_completed_order" for order #10061 not sent: email type is disabled CONTEXT: {"email_type":"customer_completed_order","status":"disabled","recipient":"guest","order":10061}
2026-09-15T14:55:38+00:00 NOTICE Email "customer_completed_order" for order #9830 not sent: email type is disabled CONTEXT: {"email_type":"customer_completed_order","status":"disabled","recipient":"guest","order":9830}
2026-09-15T14:55:48+00:00 NOTICE Email "customer_completed_order" for order #10239 not sent: email type is disabled CONTEXT: {"email_type":"customer_completed_order","status":"disabled","recipient":"guest","order":10239}
2026-09-15T14:56:08+00:00 NOTICE Email "customer_completed_order" for order #9952 not sent: email type is disabled CONTEXT: {"email_type":"customer_completed_order","status":"disabled","recipient":"guest","order":9952}
2026-09-15T14:56:08+00:00 NOTICE Email "customer_completed_order" for order #10353 not sent: email type is disabled CONTEXT: {"email_type":"customer_completed_order","status":"disabled","recipient":"guest","order":10353}
2026-09-15T14:56:30+00:00 NOTICE Email "customer_note" for order #10905 not sent: email type is disabled CONTEXT: {"email_type":"customer_note","status":"disabled","recipient":"guest","order":10905}
2026-09-15T14:57:14+00:00 NOTICE Email "customer_completed_order" for order #10219 not sent: email type is disabled CONTEXT: {"email_type":"customer_completed_order","status":"disabled","recipient":"guest","order":10219}
2026-09-15T14:57:25+00:00 NOTICE Email "customer_failed_order" for order #10320 not sent: email type is disabled CONTEXT: {"email_type":"customer_failed_order","status":"disabled","recipient":"guest","order":10320}
2026-09-15T14:57:39+00:00 NOTICE Email "customer_note" for order #10905 not sent: email type is disabled CONTEXT: {"email_type":"customer_note","status":"disabled","recipient":"guest","order":10905}
2026-09-15T14:57:45+00:00 NOTICE Email "customer_completed_order" for order #9766 not sent: email type is disabled CONTEXT: {"email_type":"customer_completed_order","status":"disabled","recipient":"guest","order":9766}
2026-09-15T14:57:45+00:00 NOTICE Email "customer_completed_order" for order #7526 not sent: email type is disabled CONTEXT: {"email_type":"customer_completed_order","status":"disabled","recipient":"guest","order":7526}
2026-09-15T14:57:56+00:00 NOTICE Email "customer_completed_order" for order #10327 not sent: email type is disabled CONTEXT: {"email_type":"customer_completed_order","status":"disabled","recipient":"guest","order":10327}
2026-09-15T14:58:06+00:00 NOTICE Email "customer_failed_order" for order #10208 not sent: email type is disabled CONTEXT: {"email_type":"customer_failed_order","status":"disabled","recipient":"guest","order":10208}
2026-09-15T15:00:02+00:00 NOTICE Email "customer_note" for order #10905 not sent: email type is disabled CONTEXT: {"email_type":"customer_note","status":"disabled","recipient":"guest","order":10905}
2026-09-15T15:00:36+00:00 NOTICE Email "customer_completed_order" for order #10262 not sent: email type is disabled CONTEXT: {"email_type":"customer_completed_order","status":"disabled","recipient":"guest","order":10262}
2026-09-15T15:00:36+00:00 NOTICE Email "customer_completed_order" for order #10034 not sent: email type is disabled CONTEXT: {"email_type":"customer_completed_order","status":"disabled","recipient":"guest","order":10034}
2026-09-15T15:00:46+00:00 NOTICE Email "customer_completed_order" for order #9786 not sent: email type is disabled CONTEXT: {"email_type":"customer_completed_order","status":"disabled","recipient":"guest","order":9786}
2026-09-15T15:00:47+00:00 NOTICE Email "customer_completed_order" for order #10353 not sent: email type is disabled CONTEXT: {"email_type":"customer_completed_order","status":"disabled","recipient":"guest","order":10353}
2026-09-15T15:00:57+00:00 NOTICE Email "customer_completed_order" for order #9952 not sent: email type is disabled CONTEXT: {"email_type":"customer_completed_order","status":"disabled","recipient":"guest","order":9952}
2026-09-15T15:00:57+00:00 NOTICE Email "customer_completed_order" for order #9809 not sent: email type is disabled CONTEXT: {"email_type":"customer_completed_order","status":"disabled","recipient":"guest","order":9809}
2026-09-15T15:01:10+00:00 NOTICE Email "customer_note" for order #10906 not sent: email type is disabled CONTEXT: {"email_type":"customer_note","status":"disabled","recipient":"guest","order":10906}
2026-09-15T15:01:13+00:00 NOTICE Email "customer_completed_order" for order #10138 not sent: email type is disabled CONTEXT: {"email_type":"customer_completed_order","status":"disabled","recipient":"guest","order":10138}
2026-09-15T15:01:21+00:00 NOTICE Email "customer_completed_order" for order #10239 not sent: email type is disabled CONTEXT: {"email_type":"customer_completed_order","status":"disabled","recipient":"guest","order":10239}
2026-09-15T15:01:25+00:00 NOTICE Email "customer_completed_order" for order #10168 not sent: email type is disabled CONTEXT: {"email_type":"customer_completed_order","status":"disabled","recipient":"guest","order":10168}
2026-09-15T15:01:27+00:00 NOTICE Email "customer_note" for order #10905 not sent: email type is disabled CONTEXT: {"email_type":"customer_note","status":"disabled","recipient":"guest","order":10905}
2026-09-15T15:01:31+00:00 NOTICE Email "customer_completed_order" for order #9830 not sent: email type is disabled CONTEXT: {"email_type":"customer_completed_order","status":"disabled","recipient":"guest","order":9830}
2026-09-15T15:01:35+00:00 NOTICE Email "customer_completed_order" for order #9851 not sent: email type is disabled CONTEXT: {"email_type":"customer_completed_order","status":"disabled","recipient":"guest","order":9851}
2026-09-15T15:01:35+00:00 NOTICE Email "customer_completed_order" for order #9757 not sent: email type is disabled CONTEXT: {"email_type":"customer_completed_order","status":"disabled","recipient":"guest","order":9757}
2026-09-15T15:01:40+00:00 NOTICE Email "customer_completed_order" for order #10286 not sent: email type is disabled CONTEXT: {"email_type":"customer_completed_order","status":"disabled","recipient":"guest","order":10286}
2026-09-15T15:01:40+00:00 NOTICE Email "customer_completed_order" for order #10247 not sent: email type is disabled CONTEXT: {"email_type":"customer_completed_order","status":"disabled","recipient":"guest","order":10247}
2026-09-15T15:01:44+00:00 NOTICE Email "customer_completed_order" for order #9852 not sent: email type is disabled CONTEXT: {"email_type":"customer_completed_order","status":"disabled","recipient":"guest","order":9852}
2026-09-15T15:01:55+00:00 NOTICE Email "customer_completed_order" for order #9997 not sent: email type is disabled CONTEXT: {"email_type":"customer_completed_order","status":"disabled","recipient":"guest","order":9997}
2026-09-15T15:01:56+00:00 NOTICE Email "customer_note" for order #10907 not sent: email type is disabled CONTEXT: {"email_type":"customer_note","status":"disabled","recipient":"guest","order":10907}
2026-09-15T15:02:01+00:00 NOTICE Email "customer_completed_order" for order #9892 not sent: email type is disabled CONTEXT: {"email_type":"customer_completed_order","status":"disabled","recipient":"guest","order":9892}
2026-09-15T15:02:01+00:00 NOTICE Email "customer_completed_order" for order #9923 not sent: email type is disabled CONTEXT: {"email_type":"customer_completed_order","status":"disabled","recipient":"guest","order":9923}
2026-09-15T15:02:01+00:00 NOTICE Email "customer_completed_order" for order #9936 not sent: email type is disabled CONTEXT: {"email_type":"customer_completed_order","status":"disabled","recipient":"guest","order":9936}
2026-09-15T15:02:01+00:00 NOTICE Email "customer_completed_order" for order #9950 not sent: email type is disabled CONTEXT: {"email_type":"customer_completed_order","status":"disabled","recipient":"guest","order":9950}
2026-09-15T15:02:02+00:00 NOTICE Email "customer_completed_order" for order #10034 not sent: email type is disabled CONTEXT: {"email_type":"customer_completed_order","status":"disabled","recipient":"guest","order":10034}
2026-09-15T15:02:02+00:00 NOTICE Email "customer_completed_order" for order #10061 not sent: email type is disabled CONTEXT: {"email_type":"customer_completed_order","status":"disabled","recipient":"guest","order":10061}
2026-09-15T15:02:02+00:00 NOTICE Email "customer_completed_order" for order #10112 not sent: email type is disabled CONTEXT: {"email_type":"customer_completed_order","status":"disabled","recipient":"guest","order":10112}
2026-09-15T15:02:09+00:00 NOTICE Email "customer_completed_order" for order #10233 not sent: email type is disabled CONTEXT: {"email_type":"customer_completed_order","status":"disabled","recipient":"guest","order":10233}
2026-09-15T15:02:09+00:00 NOTICE Email "customer_completed_order" for order #10327 not sent: email type is disabled CONTEXT: {"email_type":"customer_completed_order","status":"disabled","recipient":"guest","order":10327}
2026-09-15T15:02:10+00:00 NOTICE Email "customer_completed_order" for order #10338 not sent: email type is disabled CONTEXT: {"email_type":"customer_completed_order","status":"disabled","recipient":"guest","order":10338}
2026-09-15T15:02:10+00:00 NOTICE Email "customer_completed_order" for order #10342 not sent: email type is disabled CONTEXT: {"email_type":"customer_completed_order","status":"disabled","recipient":"guest","order":10342}
2026-09-15T15:02:26+00:00 NOTICE Email "customer_completed_order" for order #10431 not sent: email type is disabled CONTEXT: {"email_type":"customer_completed_order","status":"disabled","recipient":"guest","order":10431}
2026-09-15T15:03:04+00:00 NOTICE Email "customer_completed_order" for order #10156 not sent: email type is disabled CONTEXT: {"email_type":"customer_completed_order","status":"disabled","recipient":"guest","order":10156}
2026-09-15T15:03:21+00:00 NOTICE Email "customer_completed_order" for order #10199 not sent: email type is disabled CONTEXT: {"email_type":"customer_completed_order","status":"disabled","recipient":"guest","order":10199}
2026-09-15T15:03:30+00:00 NOTICE Email "customer_note" for order #2924 not sent: email type is disabled CONTEXT: {"email_type":"customer_note","status":"disabled","recipient":"guest","order":2924}
2026-09-15T15:03:34+00:00 NOTICE Email "customer_completed_order" for order #10140 not sent: email type is disabled CONTEXT: {"email_type":"customer_completed_order","status":"disabled","recipient":"guest","order":10140}
2026-09-15T15:03:35+00:00 NOTICE Email "customer_completed_order" for order #10185 not sent: email type is disabled CONTEXT: {"email_type":"customer_completed_order","status":"disabled","recipient":"guest","order":10185}
2026-09-15T15:03:55+00:00 INFO Email "new_order" for order #10907 sent CONTEXT: {"email_type":"new_order","status":"sent","recipient":"guest","order":10907}
2026-09-15T15:03:55+00:00 NOTICE Email "customer_processing_order" for order #10907 not sent: email type is disabled CONTEXT: {"email_type":"customer_processing_order","status":"disabled","recipient":"guest","order":10907}
2026-09-15T15:03:55+00:00 NOTICE Email "customer_note" for order #10907 not sent: email type is disabled CONTEXT: {"email_type":"customer_note","status":"disabled","recipient":"guest","order":10907}
2026-09-15T15:04:01+00:00 NOTICE Email "customer_completed_order" for order #10258 not sent: email type is disabled CONTEXT: {"email_type":"customer_completed_order","status":"disabled","recipient":"guest","order":10258}
2026-09-15T15:04:17+00:00 NOTICE Email "customer_note" for order #10905 not sent: email type is disabled CONTEXT: {"email_type":"customer_note","status":"disabled","recipient":"guest","order":10905}
2026-09-15T15:04:56+00:00 NOTICE Email "customer_note" for order #10905 not sent: email type is disabled CONTEXT: {"email_type":"customer_note","status":"disabled","recipient":"guest","order":10905}
2026-09-15T15:05:13+00:00 NOTICE Email "customer_completed_order" for order #10262 not sent: email type is disabled CONTEXT: {"email_type":"customer_completed_order","status":"disabled","recipient":"guest","order":10262}
2026-09-15T15:05:27+00:00 NOTICE Email "customer_completed_order" for order #10336 not sent: email type is disabled CONTEXT: {"email_type":"customer_completed_order","status":"disabled","recipient":"guest","order":10336}
2026-09-15T15:05:27+00:00 NOTICE Email "customer_completed_order" for order #10086 not sent: email type is disabled CONTEXT: {"email_type":"customer_completed_order","status":"disabled","recipient":"guest","order":10086}
2026-09-15T15:05:27+00:00 NOTICE Email "customer_completed_order" for order #10003 not sent: email type is disabled CONTEXT: {"email_type":"customer_completed_order","status":"disabled","recipient":"guest","order":10003}
2026-09-15T15:05:33+00:00 INFO Email "cancelled_order" for order #10728 sent CONTEXT: {"email_type":"cancelled_order","status":"sent","recipient":"guest","order":10728}
2026-09-15T15:05:52+00:00 NOTICE Email "customer_completed_order" for order #9798 not sent: email type is disabled CONTEXT: {"email_type":"customer_completed_order","status":"disabled","recipient":"guest","order":9798}
2026-09-15T15:05:52+00:00 NOTICE Email "customer_completed_order" for order #10248 not sent: email type is disabled CONTEXT: {"email_type":"customer_completed_order","status":"disabled","recipient":"guest","order":10248}
2026-09-15T15:05:52+00:00 NOTICE Email "customer_completed_order" for order #10225 not sent: email type is disabled CONTEXT: {"email_type":"customer_completed_order","status":"disabled","recipient":"guest","order":10225}
2026-09-15T15:06:05+00:00 NOTICE Email "customer_completed_order" for order #10345 not sent: email type is disabled CONTEXT: {"email_type":"customer_completed_order","status":"disabled","recipient":"guest","order":10345}
2026-09-15T15:07:07+00:00 NOTICE Email "customer_note" for order #10908 not sent: email type is disabled CONTEXT: {"email_type":"customer_note","status":"disabled","recipient":"guest","order":10908}
2026-09-15T15:07:48+00:00 NOTICE Email "customer_note" for order #10908 not sent: email type is disabled CONTEXT: {"email_type":"customer_note","status":"disabled","recipient":"guest","order":10908}
2026-09-15T15:08:22+00:00 NOTICE Email "customer_note" for order #10908 not sent: email type is disabled CONTEXT: {"email_type":"customer_note","status":"disabled","recipient":"guest","order":10908}
2026-09-15T15:08:48+00:00 NOTICE Email "customer_note" for order #10908 not sent: email type is disabled CONTEXT: {"email_type":"customer_note","status":"disabled","recipient":"guest","order":10908}
2026-09-15T15:09:11+00:00 NOTICE Email "customer_completed_order" for order #9809 not sent: email type is disabled CONTEXT: {"email_type":"customer_completed_order","status":"disabled","recipient":"guest","order":9809}
2026-09-15T15:09:51+00:00 NOTICE Email "customer_completed_order" for order #10400 not sent: email type is disabled CONTEXT: {"email_type":"customer_completed_order","status":"disabled","recipient":"guest","order":10400}
2026-09-15T15:10:01+00:00 NOTICE Email "customer_completed_order" for order #9786 not sent: email type is disabled CONTEXT: {"email_type":"customer_completed_order","status":"disabled","recipient":"guest","order":9786}
2026-09-15T15:10:06+00:00 NOTICE Email "customer_completed_order" for order #10126 not sent: email type is disabled CONTEXT: {"email_type":"customer_completed_order","status":"disabled","recipient":"guest","order":10126}
2026-09-15T15:10:06+00:00 NOTICE Email "customer_failed_order" for order #10302 not sent: email type is disabled CONTEXT: {"email_type":"customer_failed_order","status":"disabled","recipient":"guest","order":10302}
2026-09-15T15:10:19+00:00 NOTICE Email "customer_completed_order" for order #9900 not sent: email type is disabled CONTEXT: {"email_type":"customer_completed_order","status":"disabled","recipient":"guest","order":9900}
2026-09-15T15:10:19+00:00 NOTICE Email "customer_completed_order" for order #10216 not sent: email type is disabled CONTEXT: {"email_type":"customer_completed_order","status":"disabled","recipient":"guest","order":10216}
2026-09-15T15:10:21+00:00 NOTICE Email "customer_completed_order" for order #10285 not sent: email type is disabled CONTEXT: {"email_type":"customer_completed_order","status":"disabled","recipient":"guest","order":10285}
2026-09-15T15:10:21+00:00 NOTICE Email "customer_completed_order" for order #10266 not sent: email type is disabled CONTEXT: {"email_type":"customer_completed_order","status":"disabled","recipient":"guest","order":10266}
2026-09-15T15:10:23+00:00 NOTICE Email "customer_completed_order" for order #9810 not sent: email type is disabled CONTEXT: {"email_type":"customer_completed_order","status":"disabled","recipient":"guest","order":9810}
2026-09-15T15:10:36+00:00 NOTICE Email "customer_completed_order" for order #10197 not sent: email type is disabled CONTEXT: {"email_type":"customer_completed_order","status":"disabled","recipient":"guest","order":10197}
2026-09-15T15:10:37+00:00 NOTICE Email "customer_completed_order" for order #10249 not sent: email type is disabled CONTEXT: {"email_type":"customer_completed_order","status":"disabled","recipient":"guest","order":10249}
2026-09-15T15:12:33+00:00 NOTICE Email "customer_failed_order" for order #10320 not sent: email type is disabled CONTEXT: {"email_type":"customer_failed_order","status":"disabled","recipient":"guest","order":10320}
2026-09-15T15:12:46+00:00 NOTICE Email "customer_completed_order" for order #9766 not sent: email type is disabled CONTEXT: {"email_type":"customer_completed_order","status":"disabled","recipient":"guest","order":9766}
2026-09-15T15:12:58+00:00 NOTICE Email "customer_completed_order" for order #7526 not sent: email type is disabled CONTEXT: {"email_type":"customer_completed_order","status":"disabled","recipient":"guest","order":7526}
2026-09-15T15:13:51+00:00 NOTICE Email "customer_completed_order" for order #10219 not sent: email type is disabled CONTEXT: {"email_type":"customer_completed_order","status":"disabled","recipient":"guest","order":10219}
2026-09-15T15:13:51+00:00 NOTICE Email "customer_completed_order" for order #9950 not sent: email type is disabled CONTEXT: {"email_type":"customer_completed_order","status":"disabled","recipient":"guest","order":9950}
2026-09-15T15:15:51+00:00 NOTICE Email "customer_note" for order #10909 not sent: email type is disabled CONTEXT: {"email_type":"customer_note","status":"disabled","recipient":"guest","order":10909}
2026-09-15T15:22:24+00:00 NOTICE Email "customer_note" for order #10912 not sent: email type is disabled CONTEXT: {"email_type":"customer_note","status":"disabled","recipient":"guest","order":10912}
2026-09-15T15:24:56+00:00 INFO Email "new_order" for order #10912 sent CONTEXT: {"email_type":"new_order","status":"sent","recipient":"guest","order":10912}
2026-09-15T15:24:56+00:00 NOTICE Email "customer_processing_order" for order #10912 not sent: email type is disabled CONTEXT: {"email_type":"customer_processing_order","status":"disabled","recipient":"guest","order":10912}
2026-09-15T15:24:56+00:00 NOTICE Email "customer_note" for order #10912 not sent: email type is disabled CONTEXT: {"email_type":"customer_note","status":"disabled","recipient":"guest","order":10912}
2026-09-15T15:28:31+00:00 NOTICE Email "customer_note" for order #10913 not sent: email type is disabled CONTEXT: {"email_type":"customer_note","status":"disabled","recipient":"guest","order":10913}
2026-09-15T15:29:14+00:00 NOTICE Email "customer_note" for order #10913 not sent: email type is disabled CONTEXT: {"email_type":"customer_note","status":"disabled","recipient":"guest","order":10913}
2026-09-15T15:29:59+00:00 INFO Email "new_order" for order #10914 sent CONTEXT: {"email_type":"new_order","status":"sent","recipient":"guest","order":10914}
2026-09-15T15:29:59+00:00 NOTICE Email "customer_processing_order" for order #10914 not sent: email type is disabled CONTEXT: {"email_type":"customer_processing_order","status":"disabled","recipient":"guest","order":10914}
2026-09-15T15:29:59+00:00 NOTICE Email "customer_note" for order #10914 not sent: email type is disabled CONTEXT: {"email_type":"customer_note","status":"disabled","recipient":"guest","order":10914}
2026-09-15T15:31:00+00:00 NOTICE Email "customer_note" for order #10913 not sent: email type is disabled CONTEXT: {"email_type":"customer_note","status":"disabled","recipient":"guest","order":10913}
2026-09-15T15:32:32+00:00 NOTICE Email "customer_note" for order #10913 not sent: email type is disabled CONTEXT: {"email_type":"customer_note","status":"disabled","recipient":"guest","order":10913}
2026-09-15T15:34:36+00:00 NOTICE Email "customer_note" for order #10913 not sent: email type is disabled CONTEXT: {"email_type":"customer_note","status":"disabled","recipient":"guest","order":10913}
2026-09-15T15:35:20+00:00 NOTICE Email "customer_note" for order #10915 not sent: email type is disabled CONTEXT: {"email_type":"customer_note","status":"disabled","recipient":"guest","order":10915}
2026-09-15T15:35:51+00:00 NOTICE Email "customer_note" for order #10913 not sent: email type is disabled CONTEXT: {"email_type":"customer_note","status":"disabled","recipient":"guest","order":10913}
2026-09-15T15:36:19+00:00 INFO Email "new_order" for order #10915 sent CONTEXT: {"email_type":"new_order","status":"sent","recipient":"guest","order":10915}
2026-09-15T15:36:19+00:00 NOTICE Email "customer_processing_order" for order #10915 not sent: email type is disabled CONTEXT: {"email_type":"customer_processing_order","status":"disabled","recipient":"guest","order":10915}
2026-09-15T15:36:19+00:00 NOTICE Email "customer_note" for order #10915 not sent: email type is disabled CONTEXT: {"email_type":"customer_note","status":"disabled","recipient":"guest","order":10915}
2026-09-15T15:39:35+00:00 NOTICE Email "customer_note" for order #10916 not sent: email type is disabled CONTEXT: {"email_type":"customer_note","status":"disabled","recipient":"guest","order":10916}
2026-09-15T15:46:28+00:00 NOTICE Email "customer_note" for order #10917 not sent: email type is disabled CONTEXT: {"email_type":"customer_note","status":"disabled","recipient":"guest","order":10917}
2026-09-15T15:47:14+00:00 NOTICE Email "customer_note" for order #10917 not sent: email type is disabled CONTEXT: {"email_type":"customer_note","status":"disabled","recipient":"guest","order":10917}
2026-09-15T15:48:12+00:00 NOTICE Email "customer_note" for order #10917 not sent: email type is disabled CONTEXT: {"email_type":"customer_note","status":"disabled","recipient":"guest","order":10917}
2026-09-15T15:48:29+00:00 NOTICE Email "customer_note" for order #10911 not sent: email type is disabled CONTEXT: {"email_type":"customer_note","status":"disabled","recipient":"guest","order":10911}
2026-09-15T15:50:19+00:00 INFO Email "new_order" for order #10911 sent CONTEXT: {"email_type":"new_order","status":"sent","recipient":"guest","order":10911}
2026-09-15T15:50:19+00:00 NOTICE Email "customer_processing_order" for order #10911 not sent: email type is disabled CONTEXT: {"email_type":"customer_processing_order","status":"disabled","recipient":"guest","order":10911}
2026-09-15T15:50:19+00:00 NOTICE Email "customer_note" for order #10911 not sent: email type is disabled CONTEXT: {"email_type":"customer_note","status":"disabled","recipient":"guest","order":10911}
2026-09-15T15:54:17+00:00 NOTICE Email "customer_note" for order #10918 not sent: email type is disabled CONTEXT: {"email_type":"customer_note","status":"disabled","recipient":"guest","order":10918}
2026-09-15T15:55:01+00:00 NOTICE Email "customer_note" for order #10919 not sent: email type is disabled CONTEXT: {"email_type":"customer_note","status":"disabled","recipient":"guest","order":10919}
2026-09-15T15:57:41+00:00 NOTICE Email "customer_note" for order #10919 not sent: email type is disabled CONTEXT: {"email_type":"customer_note","status":"disabled","recipient":"guest","order":10919}
2026-09-15T15:58:01+00:00 NOTICE Email "customer_note" for order #10919 not sent: email type is disabled CONTEXT: {"email_type":"customer_note","status":"disabled","recipient":"guest","order":10919}
2026-09-15T16:05:28+00:00 INFO Email "cancelled_order" for order #10905 sent CONTEXT: {"email_type":"cancelled_order","status":"sent","recipient":"guest","order":10905}
2026-09-15T16:05:33+00:00 INFO Email "cancelled_order" for order #10908 sent CONTEXT: {"email_type":"cancelled_order","status":"sent","recipient":"guest","order":10908}
2026-09-15T16:07:25+00:00 NOTICE Email "customer_note" for order #10920 not sent: email type is disabled CONTEXT: {"email_type":"customer_note","status":"disabled","recipient":"guest","order":10920}
2026-09-15T16:08:39+00:00 NOTICE Email "customer_note" for order #10920 not sent: email type is disabled CONTEXT: {"email_type":"customer_note","status":"disabled","recipient":"guest","order":10920}
2026-09-15T16:09:06+00:00 NOTICE Email "customer_note" for order #10921 not sent: email type is disabled CONTEXT: {"email_type":"customer_note","status":"disabled","recipient":"guest","order":10921}
2026-09-15T16:09:15+00:00 NOTICE Email "customer_note" for order #10920 not sent: email type is disabled CONTEXT: {"email_type":"customer_note","status":"disabled","recipient":"guest","order":10920}
2026-09-15T16:10:08+00:00 NOTICE Email "customer_note" for order #10920 not sent: email type is disabled CONTEXT: {"email_type":"customer_note","status":"disabled","recipient":"guest","order":10920}
2026-09-15T16:13:19+00:00 NOTICE Email "customer_note" for order #10922 not sent: email type is disabled CONTEXT: {"email_type":"customer_note","status":"disabled","recipient":"guest","order":10922}
2026-09-15T16:14:39+00:00 NOTICE Email "customer_note" for order #10923 not sent: email type is disabled CONTEXT: {"email_type":"customer_note","status":"disabled","recipient":"guest","order":10923}
2026-09-15T16:17:23+00:00 INFO Email "new_order" for order #10923 sent CONTEXT: {"email_type":"new_order","status":"sent","recipient":"guest","order":10923}
2026-09-15T16:17:23+00:00 NOTICE Email "customer_processing_order" for order #10923 not sent: email type is disabled CONTEXT: {"email_type":"customer_processing_order","status":"disabled","recipient":"guest","order":10923}
2026-09-15T16:17:23+00:00 NOTICE Email "customer_note" for order #10923 not sent: email type is disabled CONTEXT: {"email_type":"customer_note","status":"disabled","recipient":"guest","order":10923}
2026-09-15T16:23:21+00:00 NOTICE Email "customer_note" for order #10924 not sent: email type is disabled CONTEXT: {"email_type":"customer_note","status":"disabled","recipient":"guest","order":10924}
2026-09-15T16:25:48+00:00 NOTICE Email "customer_note" for order #10925 not sent: email type is disabled CONTEXT: {"email_type":"customer_note","status":"disabled","recipient":"guest","order":10925}
2026-09-15T16:26:21+00:00 NOTICE Email "customer_note" for order #10926 not sent: email type is disabled CONTEXT: {"email_type":"customer_note","status":"disabled","recipient":"guest","order":10926}
2026-09-15T16:29:00+00:00 INFO Email "new_order" for order #10926 sent CONTEXT: {"email_type":"new_order","status":"sent","recipient":"guest","order":10926}
2026-09-15T16:29:00+00:00 NOTICE Email "customer_processing_order" for order #10926 not sent: email type is disabled CONTEXT: {"email_type":"customer_processing_order","status":"disabled","recipient":"guest","order":10926}
2026-09-15T16:29:00+00:00 NOTICE Email "customer_note" for order #10926 not sent: email type is disabled CONTEXT: {"email_type":"customer_note","status":"disabled","recipient":"guest","order":10926}
2026-09-15T16:29:58+00:00 NOTICE Email "customer_note" for order #10927 not sent: email type is disabled CONTEXT: {"email_type":"customer_note","status":"disabled","recipient":"guest","order":10927}
2026-09-15T16:31:20+00:00 NOTICE Email "customer_note" for order #10927 not sent: email type is disabled CONTEXT: {"email_type":"customer_note","status":"disabled","recipient":"guest","order":10927}
2026-09-15T16:31:59+00:00 NOTICE Email "customer_note" for order #10928 not sent: email type is disabled CONTEXT: {"email_type":"customer_note","status":"disabled","recipient":"guest","order":10928}
2026-09-15T16:32:48+00:00 NOTICE Email "customer_note" for order #10928 not sent: email type is disabled CONTEXT: {"email_type":"customer_note","status":"disabled","recipient":"guest","order":10928}
2026-09-15T16:34:15+00:00 NOTICE Email "customer_note" for order #10929 not sent: email type is disabled CONTEXT: {"email_type":"customer_note","status":"disabled","recipient":"guest","order":10929}
2026-09-15T16:35:05+00:00 NOTICE Email "customer_note" for order #10930 not sent: email type is disabled CONTEXT: {"email_type":"customer_note","status":"disabled","recipient":"guest","order":10930}
2026-09-15T16:35:30+00:00 INFO Email "cancelled_order" for order #10913 sent CONTEXT: {"email_type":"cancelled_order","status":"sent","recipient":"guest","order":10913}
2026-09-15T16:35:34+00:00 INFO Email "cancelled_order" for order #10917 sent CONTEXT: {"email_type":"cancelled_order","status":"sent","recipient":"guest","order":10917}
2026-09-15T16:35:39+00:00 INFO Email "cancelled_order" for order #10918 sent CONTEXT: {"email_type":"cancelled_order","status":"sent","recipient":"guest","order":10918}
2026-09-15T16:35:44+00:00 INFO Email "cancelled_order" for order #10919 sent CONTEXT: {"email_type":"cancelled_order","status":"sent","recipient":"guest","order":10919}
2026-09-15T16:36:25+00:00 NOTICE Email "customer_note" for order #10928 not sent: email type is disabled CONTEXT: {"email_type":"customer_note","status":"disabled","recipient":"guest","order":10928}
2026-09-15T16:41:10+00:00 NOTICE Email "customer_note" for order #10931 not sent: email type is disabled CONTEXT: {"email_type":"customer_note","status":"disabled","recipient":"guest","order":10931}
2026-09-15T16:43:29+00:00 NOTICE Email "customer_note" for order #10932 not sent: email type is disabled CONTEXT: {"email_type":"customer_note","status":"disabled","recipient":"guest","order":10932}
2026-09-15T16:44:25+00:00 NOTICE Email "customer_note" for order #10933 not sent: email type is disabled CONTEXT: {"email_type":"customer_note","status":"disabled","recipient":"guest","order":10933}
2026-09-15T16:52:05+00:00 NOTICE Email "customer_note" for order #10934 not sent: email type is disabled CONTEXT: {"email_type":"customer_note","status":"disabled","recipient":"guest","order":10934}
2026-09-15T16:52:19+00:00 NOTICE Email "customer_note" for order #10935 not sent: email type is disabled CONTEXT: {"email_type":"customer_note","status":"disabled","recipient":"guest","order":10935}
2026-09-15T16:52:24+00:00 INFO Email "cancelled_order" for order #10742 sent CONTEXT: {"email_type":"cancelled_order","status":"sent","recipient":"guest","order":10742}
2026-09-15T16:56:43+00:00 NOTICE Email "customer_note" for order #10936 not sent: email type is disabled CONTEXT: {"email_type":"customer_note","status":"disabled","recipient":"guest","order":10936}
2026-09-15T16:57:40+00:00 NOTICE Email "customer_note" for order #10936 not sent: email type is disabled CONTEXT: {"email_type":"customer_note","status":"disabled","recipient":"guest","order":10936}
2026-09-15T16:58:21+00:00 NOTICE Email "customer_note" for order #10937 not sent: email type is disabled CONTEXT: {"email_type":"customer_note","status":"disabled","recipient":"guest","order":10937}
2026-09-15T17:00:57+00:00 NOTICE Email "customer_note" for order #10938 not sent: email type is disabled CONTEXT: {"email_type":"customer_note","status":"disabled","recipient":"guest","order":10938}
2026-09-15T17:01:02+00:00 INFO Email "cancelled_order" for order #10935 sent CONTEXT: {"email_type":"cancelled_order","status":"sent","recipient":"guest","order":10935}
2026-09-15T17:05:31+00:00 INFO Email "cancelled_order" for order #10920 sent CONTEXT: {"email_type":"cancelled_order","status":"sent","recipient":"guest","order":10920}
2026-09-15T17:05:36+00:00 INFO Email "cancelled_order" for order #10922 sent CONTEXT: {"email_type":"cancelled_order","status":"sent","recipient":"guest","order":10922}
2026-09-15T17:05:41+00:00 INFO Email "cancelled_order" for order #10925 sent CONTEXT: {"email_type":"cancelled_order","status":"sent","recipient":"guest","order":10925}
2026-09-15T17:05:46+00:00 INFO Email "cancelled_order" for order #10927 sent CONTEXT: {"email_type":"cancelled_order","status":"sent","recipient":"guest","order":10927}
2026-09-15T17:05:51+00:00 INFO Email "cancelled_order" for order #10929 sent CONTEXT: {"email_type":"cancelled_order","status":"sent","recipient":"guest","order":10929}
2026-09-15T17:06:09+00:00 INFO Email "cancelled_order" for order #10930 sent CONTEXT: {"email_type":"cancelled_order","status":"sent","recipient":"guest","order":10930}
2026-09-15T17:11:57+00:00 NOTICE Email "customer_note" for order #10939 not sent: email type is disabled CONTEXT: {"email_type":"customer_note","status":"disabled","recipient":"guest","order":10939}
2026-09-15T17:12:02+00:00 INFO Email "cancelled_order" for order #10932 sent CONTEXT: {"email_type":"cancelled_order","status":"sent","recipient":"guest","order":10932}
2026-09-15T17:14:01+00:00 INFO Email "new_order" for order #10939 sent CONTEXT: {"email_type":"new_order","status":"sent","recipient":"guest","order":10939}
2026-09-15T17:14:01+00:00 NOTICE Email "customer_processing_order" for order #10939 not sent: email type is disabled CONTEXT: {"email_type":"customer_processing_order","status":"disabled","recipient":"guest","order":10939}
2026-09-15T17:14:01+00:00 NOTICE Email "customer_note" for order #10939 not sent: email type is disabled CONTEXT: {"email_type":"customer_note","status":"disabled","recipient":"guest","order":10939}
2026-09-15T17:14:58+00:00 INFO Email "cancelled_order" for order #10940 sent CONTEXT: {"email_type":"cancelled_order","status":"sent","recipient":"guest","order":10940}
2026-09-15T17:15:34+00:00 NOTICE Email "customer_note" for order #10942 not sent: email type is disabled CONTEXT: {"email_type":"customer_note","status":"disabled","recipient":"guest","order":10942}
2026-09-15T17:15:39+00:00 NOTICE Email "customer_note" for order #10941 not sent: email type is disabled CONTEXT: {"email_type":"customer_note","status":"disabled","recipient":"guest","order":10941}
2026-09-15T17:16:29+00:00 NOTICE Email "customer_note" for order #10941 not sent: email type is disabled CONTEXT: {"email_type":"customer_note","status":"disabled","recipient":"guest","order":10941}
2026-09-15T17:17:47+00:00 INFO Email "new_order" for order #10942 sent CONTEXT: {"email_type":"new_order","status":"sent","recipient":"guest","order":10942}
2026-09-15T17:17:47+00:00 NOTICE Email "customer_processing_order" for order #10942 not sent: email type is disabled CONTEXT: {"email_type":"customer_processing_order","status":"disabled","recipient":"guest","order":10942}
2026-09-15T17:17:47+00:00 NOTICE Email "customer_note" for order #10942 not sent: email type is disabled CONTEXT: {"email_type":"customer_note","status":"disabled","recipient":"guest","order":10942}
2026-09-15T17:17:58+00:00 NOTICE Email "customer_note" for order #10944 not sent: email type is disabled CONTEXT: {"email_type":"customer_note","status":"disabled","recipient":"guest","order":10944}
2026-09-15T17:18:08+00:00 NOTICE Email "customer_note" for order #10945 not sent: email type is disabled CONTEXT: {"email_type":"customer_note","status":"disabled","recipient":"guest","order":10945}
2026-09-15T17:19:35+00:00 NOTICE Email "customer_note" for order #10946 not sent: email type is disabled CONTEXT: {"email_type":"customer_note","status":"disabled","recipient":"guest","order":10946}
2026-09-15T17:20:24+00:00 NOTICE Email "customer_note" for order #10946 not sent: email type is disabled CONTEXT: {"email_type":"customer_note","status":"disabled","recipient":"guest","order":10946}
2026-09-15T17:21:03+00:00 NOTICE Email "customer_note" for order #10946 not sent: email type is disabled CONTEXT: {"email_type":"customer_note","status":"disabled","recipient":"guest","order":10946}
2026-09-15T17:21:33+00:00 NOTICE Email "customer_note" for order #10947 not sent: email type is disabled CONTEXT: {"email_type":"customer_note","status":"disabled","recipient":"guest","order":10947}
2026-09-15T17:27:21+00:00 NOTICE Email "customer_note" for order #10948 not sent: email type is disabled CONTEXT: {"email_type":"customer_note","status":"disabled","recipient":"guest","order":10948}
2026-09-15T17:27:51+00:00 NOTICE Email "customer_note" for order #10948 not sent: email type is disabled CONTEXT: {"email_type":"customer_note","status":"disabled","recipient":"guest","order":10948}
2026-09-15T17:35:27+00:00 NOTICE Email "customer_failed_order" for order #10611 not sent: email type is disabled CONTEXT: {"email_type":"customer_failed_order","status":"disabled","recipient":"guest","order":10611}
2026-09-15T17:35:32+00:00 INFO Email "failed_order" for order #10611 sent CONTEXT: {"email_type":"failed_order","status":"sent","recipient":"guest","order":10611}
2026-09-15T17:35:37+00:00 INFO Email "cancelled_order" for order #10678 sent CONTEXT: {"email_type":"cancelled_order","status":"sent","recipient":"guest","order":10678}
2026-09-15T17:35:42+00:00 INFO Email "cancelled_order" for order #10936 sent CONTEXT: {"email_type":"cancelled_order","status":"sent","recipient":"guest","order":10936}
2026-09-15T17:36:30+00:00 NOTICE Email "customer_note" for order #10949 not sent: email type is disabled CONTEXT: {"email_type":"customer_note","status":"disabled","recipient":"guest","order":10949}
2026-09-15T17:36:55+00:00 NOTICE Email "customer_note" for order #10950 not sent: email type is disabled CONTEXT: {"email_type":"customer_note","status":"disabled","recipient":"guest","order":10950}
2026-09-15T17:48:40+00:00 NOTICE Email "customer_note" for order #10951 not sent: email type is disabled CONTEXT: {"email_type":"customer_note","status":"disabled","recipient":"guest","order":10951}
2026-09-15T17:49:48+00:00 NOTICE Email "customer_note" for order #10951 not sent: email type is disabled CONTEXT: {"email_type":"customer_note","status":"disabled","recipient":"guest","order":10951}
2026-09-15T17:51:36+00:00 NOTICE Email "customer_note" for order #10952 not sent: email type is disabled CONTEXT: {"email_type":"customer_note","status":"disabled","recipient":"guest","order":10952}
2026-09-15T17:52:02+00:00 NOTICE Email "customer_note" for order #10953 not sent: email type is disabled CONTEXT: {"email_type":"customer_note","status":"disabled","recipient":"guest","order":10953}
2026-09-15T17:59:32+00:00 INFO Email "new_order" for order #10954 sent CONTEXT: {"email_type":"new_order","status":"sent","recipient":"guest","order":10954}
2026-09-15T17:59:32+00:00 NOTICE Email "customer_processing_order" for order #10954 not sent: email type is disabled CONTEXT: {"email_type":"customer_processing_order","status":"disabled","recipient":"guest","order":10954}
2026-09-15T18:00:58+00:00 NOTICE Email "customer_note" for order #10945 not sent: email type is disabled CONTEXT: {"email_type":"customer_note","status":"disabled","recipient":"guest","order":10945}
2026-09-15T18:05:24+00:00 NOTICE Email "customer_failed_order" for order #10571 not sent: email type is disabled CONTEXT: {"email_type":"customer_failed_order","status":"disabled","recipient":"guest","order":10571}
2026-09-15T18:05:30+00:00 INFO Email "failed_order" for order #10571 sent CONTEXT: {"email_type":"failed_order","status":"sent","recipient":"guest","order":10571}
2026-09-15T18:05:35+00:00 INFO Email "cancelled_order" for order #10938 sent CONTEXT: {"email_type":"cancelled_order","status":"sent","recipient":"guest","order":10938}
2026-09-15T18:18:26+00:00 NOTICE Email "customer_note" for order #10955 not sent: email type is disabled CONTEXT: {"email_type":"customer_note","status":"disabled","recipient":"guest","order":10955}
2026-09-15T18:20:09+00:00 NOTICE Email "customer_note" for order #10956 not sent: email type is disabled CONTEXT: {"email_type":"customer_note","status":"disabled","recipient":"guest","order":10956}
2026-09-15T18:21:44+00:00 NOTICE Email "customer_note" for order #10957 not sent: email type is disabled CONTEXT: {"email_type":"customer_note","status":"disabled","recipient":"guest","order":10957}
2026-09-15T18:22:32+00:00 NOTICE Email "customer_note" for order #10958 not sent: email type is disabled CONTEXT: {"email_type":"customer_note","status":"disabled","recipient":"guest","order":10958}
2026-09-15T18:26:51+00:00 NOTICE Email "customer_note" for order #10959 not sent: email type is disabled CONTEXT: {"email_type":"customer_note","status":"disabled","recipient":"guest","order":10959}
2026-09-15T18:26:55+00:00 INFO Email "cancelled_order" for order #10956 sent CONTEXT: {"email_type":"cancelled_order","status":"sent","recipient":"guest","order":10956}
2026-09-15T18:30:29+00:00 INFO Email "new_order" for order #10959 sent CONTEXT: {"email_type":"new_order","status":"sent","recipient":"guest","order":10959}
2026-09-15T18:30:29+00:00 NOTICE Email "customer_processing_order" for order #10959 not sent: email type is disabled CONTEXT: {"email_type":"customer_processing_order","status":"disabled","recipient":"guest","order":10959}
2026-09-15T18:30:29+00:00 NOTICE Email "customer_note" for order #10959 not sent: email type is disabled CONTEXT: {"email_type":"customer_note","status":"disabled","recipient":"guest","order":10959}
2026-09-15T18:36:10+00:00 INFO Email "cancelled_order" for order #10961 sent CONTEXT: {"email_type":"cancelled_order","status":"sent","recipient":"guest","order":10961}
2026-09-15T18:36:38+00:00 INFO Email "cancelled_order" for order #10945 sent CONTEXT: {"email_type":"cancelled_order","status":"sent","recipient":"guest","order":10945}
2026-09-15T18:39:56+00:00 NOTICE Email "customer_note" for order #10964 not sent: email type is disabled CONTEXT: {"email_type":"customer_note","status":"disabled","recipient":"guest","order":10964}
2026-09-15T18:42:02+00:00 INFO Email "new_order" for order #10963 sent CONTEXT: {"email_type":"new_order","status":"sent","recipient":"guest","order":10963}
2026-09-15T18:42:02+00:00 NOTICE Email "customer_processing_order" for order #10963 not sent: email type is disabled CONTEXT: {"email_type":"customer_processing_order","status":"disabled","recipient":"guest","order":10963}
2026-09-15T18:42:02+00:00 NOTICE Email "customer_note" for order #10963 not sent: email type is disabled CONTEXT: {"email_type":"customer_note","status":"disabled","recipient":"guest","order":10963}
2026-09-15T18:47:15+00:00 NOTICE Email "customer_note" for order #10965 not sent: email type is disabled CONTEXT: {"email_type":"customer_note","status":"disabled","recipient":"guest","order":10965}
2026-09-15T18:47:20+00:00 INFO Email "cancelled_order" for order #10964 sent CONTEXT: {"email_type":"cancelled_order","status":"sent","recipient":"guest","order":10964}
2026-09-15T18:49:24+00:00 INFO Email "new_order" for order #10965 sent CONTEXT: {"email_type":"new_order","status":"sent","recipient":"guest","order":10965}
2026-09-15T18:49:24+00:00 NOTICE Email "customer_processing_order" for order #10965 not sent: email type is disabled CONTEXT: {"email_type":"customer_processing_order","status":"disabled","recipient":"guest","order":10965}
2026-09-15T18:49:24+00:00 NOTICE Email "customer_note" for order #10965 not sent: email type is disabled CONTEXT: {"email_type":"customer_note","status":"disabled","recipient":"guest","order":10965}
2026-09-15T18:51:45+00:00 NOTICE Email "customer_note" for order #10969 not sent: email type is disabled CONTEXT: {"email_type":"customer_note","status":"disabled","recipient":"guest","order":10969}
2026-09-15T18:52:41+00:00 INFO Email "new_order" for order #10969 sent CONTEXT: {"email_type":"new_order","status":"sent","recipient":"guest","order":10969}
2026-09-15T18:52:41+00:00 NOTICE Email "customer_processing_order" for order #10969 not sent: email type is disabled CONTEXT: {"email_type":"customer_processing_order","status":"disabled","recipient":"guest","order":10969}
2026-09-15T18:52:41+00:00 NOTICE Email "customer_note" for order #10969 not sent: email type is disabled CONTEXT: {"email_type":"customer_note","status":"disabled","recipient":"guest","order":10969}
2026-09-15T18:54:17+00:00 NOTICE Email "customer_note" for order #10970 not sent: email type is disabled CONTEXT: {"email_type":"customer_note","status":"disabled","recipient":"guest","order":10970}
2026-09-15T19:00:28+00:00 NOTICE Email "customer_note" for order #10971 not sent: email type is disabled CONTEXT: {"email_type":"customer_note","status":"disabled","recipient":"guest","order":10971}
2026-09-15T19:05:35+00:00 INFO Email "cancelled_order" for order #10962 sent CONTEXT: {"email_type":"cancelled_order","status":"sent","recipient":"guest","order":10962}
2026-09-15T19:05:39+00:00 INFO Email "cancelled_order" for order #10968 sent CONTEXT: {"email_type":"cancelled_order","status":"sent","recipient":"guest","order":10968}
2026-09-15T19:05:43+00:00 INFO Email "cancelled_order" for order #10957 sent CONTEXT: {"email_type":"cancelled_order","status":"sent","recipient":"guest","order":10957}
2026-09-15T19:05:48+00:00 INFO Email "cancelled_order" for order #10958 sent CONTEXT: {"email_type":"cancelled_order","status":"sent","recipient":"guest","order":10958}
2026-09-15T19:15:12+00:00 NOTICE Email "customer_note" for order #10972 not sent: email type is disabled CONTEXT: {"email_type":"customer_note","status":"disabled","recipient":"guest","order":10972}
2026-09-15T19:15:59+00:00 NOTICE Email "customer_note" for order #10972 not sent: email type is disabled CONTEXT: {"email_type":"customer_note","status":"disabled","recipient":"guest","order":10972}
2026-09-15T19:35:47+00:00 INFO Email "cancelled_order" for order #10644 sent CONTEXT: {"email_type":"cancelled_order","status":"sent","recipient":"guest","order":10644}
2026-09-15T19:35:52+00:00 INFO Email "cancelled_order" for order #10949 sent CONTEXT: {"email_type":"cancelled_order","status":"sent","recipient":"guest","order":10949}
2026-09-15T19:38:33+00:00 NOTICE Email "customer_note" for order #5536 not sent: email type is disabled CONTEXT: {"email_type":"customer_note","status":"disabled","recipient":"guest","order":5536}
2026-09-15T19:38:33+00:00 NOTICE Email "customer_note" for order #5536 not sent: email type is disabled CONTEXT: {"email_type":"customer_note","status":"disabled","recipient":"guest","order":5536}
2026-09-15T19:39:47+00:00 NOTICE Email "customer_note" for order #5536 not sent: email type is disabled CONTEXT: {"email_type":"customer_note","status":"disabled","recipient":"guest","order":5536}
2026-09-15T20:05:52+00:00 INFO Email "cancelled_order" for order #10972 sent CONTEXT: {"email_type":"cancelled_order","status":"sent","recipient":"guest","order":10972}
2026-09-15T20:06:10+00:00 INFO Email "new_order" for order #10975 sent CONTEXT: {"email_type":"new_order","status":"sent","recipient":"guest","order":10975}
2026-09-15T20:06:10+00:00 NOTICE Email "customer_processing_order" for order #10975 not sent: email type is disabled CONTEXT: {"email_type":"customer_processing_order","status":"disabled","recipient":"guest","order":10975}
2026-09-15T20:06:10+00:00 NOTICE Email "customer_note" for order #10975 not sent: email type is disabled CONTEXT: {"email_type":"customer_note","status":"disabled","recipient":"guest","order":10975}
2026-09-15T20:14:17+00:00 INFO Email "new_order" for order #10976 sent CONTEXT: {"email_type":"new_order","status":"sent","recipient":"guest","order":10976}
2026-09-15T20:14:18+00:00 NOTICE Email "customer_processing_order" for order #10976 not sent: email type is disabled CONTEXT: {"email_type":"customer_processing_order","status":"disabled","recipient":"guest","order":10976}
2026-09-15T20:21:09+00:00 INFO Email "cancelled_order" for order #10974 sent CONTEXT: {"email_type":"cancelled_order","status":"sent","recipient":"guest","order":10974}
2026-09-15T20:26:56+00:00 NOTICE Email "customer_note" for order #10979 not sent: email type is disabled CONTEXT: {"email_type":"customer_note","status":"disabled","recipient":"guest","order":10979}
2026-09-15T20:29:25+00:00 NOTICE Email "customer_note" for order #10980 not sent: email type is disabled CONTEXT: {"email_type":"customer_note","status":"disabled","recipient":"guest","order":10980}
2026-09-15T20:32:09+00:00 NOTICE Email "customer_note" for order #10980 not sent: email type is disabled CONTEXT: {"email_type":"customer_note","status":"disabled","recipient":"guest","order":10980}
2026-09-15T20:35:30+00:00 NOTICE Email "customer_note" for order #10981 not sent: email type is disabled CONTEXT: {"email_type":"customer_note","status":"disabled","recipient":"guest","order":10981}
2026-09-15T20:36:23+00:00 INFO Email "cancelled_order" for order #10852 sent CONTEXT: {"email_type":"cancelled_order","status":"sent","recipient":"guest","order":10852}
2026-09-15T20:36:28+00:00 INFO Email "cancelled_order" for order #10953 sent CONTEXT: {"email_type":"cancelled_order","status":"sent","recipient":"guest","order":10953}
2026-09-15T20:39:23+00:00 INFO Email "new_order" for order #10982 sent CONTEXT: {"email_type":"new_order","status":"sent","recipient":"guest","order":10982}
2026-09-15T20:39:23+00:00 NOTICE Email "customer_processing_order" for order #10982 not sent: email type is disabled CONTEXT: {"email_type":"customer_processing_order","status":"disabled","recipient":"guest","order":10982}
2026-09-15T20:39:23+00:00 NOTICE Email "customer_note" for order #10982 not sent: email type is disabled CONTEXT: {"email_type":"customer_note","status":"disabled","recipient":"guest","order":10982}
2026-09-15T20:59:20+00:00 NOTICE Email "customer_note" for order #10984 not sent: email type is disabled CONTEXT: {"email_type":"customer_note","status":"disabled","recipient":"guest","order":10984}
2026-09-15T21:07:53+00:00 INFO Email "cancelled_order" for order #10981 sent CONTEXT: {"email_type":"cancelled_order","status":"sent","recipient":"guest","order":10981}
2026-09-15T21:08:13+00:00 INFO Email "new_order" for order #10983 sent CONTEXT: {"email_type":"new_order","status":"sent","recipient":"guest","order":10983}
2026-09-15T21:08:13+00:00 NOTICE Email "customer_processing_order" for order #10983 not sent: email type is disabled CONTEXT: {"email_type":"customer_processing_order","status":"disabled","recipient":"guest","order":10983}
2026-09-15T21:33:53+00:00 INFO Email "cancelled_order" for order #10973 sent CONTEXT: {"email_type":"cancelled_order","status":"sent","recipient":"guest","order":10973}
2026-09-15T21:37:10+00:00 INFO Email "cancelled_order" for order #10985 sent CONTEXT: {"email_type":"cancelled_order","status":"sent","recipient":"guest","order":10985}
2026-09-15T21:39:47+00:00 INFO Email "new_order" for order #10986 sent CONTEXT: {"email_type":"new_order","status":"sent","recipient":"guest","order":10986}
2026-09-15T21:39:47+00:00 NOTICE Email "customer_processing_order" for order #10986 not sent: email type is disabled CONTEXT: {"email_type":"customer_processing_order","status":"disabled","recipient":"guest","order":10986}
2026-09-15T21:40:22+00:00 INFO Email "cancelled_order" for order #10600 sent CONTEXT: {"email_type":"cancelled_order","status":"sent","recipient":"guest","order":10600}
2026-09-15T21:40:22+00:00 NOTICE Email "customer_failed_order" for order #10772 not sent: email type is disabled CONTEXT: {"email_type":"customer_failed_order","status":"disabled","recipient":"guest","order":10772}
2026-09-15T21:40:27+00:00 INFO Email "failed_order" for order #10772 sent CONTEXT: {"email_type":"failed_order","status":"sent","recipient":"guest","order":10772}
2026-09-15T21:55:04+00:00 NOTICE Email "customer_note" for order #10988 not sent: email type is disabled CONTEXT: {"email_type":"customer_note","status":"disabled","recipient":"guest","order":10988}
2026-09-15T21:55:43+00:00 NOTICE Email "customer_note" for order #10988 not sent: email type is disabled CONTEXT: {"email_type":"customer_note","status":"disabled","recipient":"guest","order":10988}
2026-09-15T21:56:22+00:00 NOTICE Email "customer_note" for order #10988 not sent: email type is disabled CONTEXT: {"email_type":"customer_note","status":"disabled","recipient":"guest","order":10988}
2026-09-15T21:57:22+00:00 NOTICE Email "customer_note" for order #10988 not sent: email type is disabled CONTEXT: {"email_type":"customer_note","status":"disabled","recipient":"guest","order":10988}
2026-09-15T21:58:38+00:00 NOTICE Email "customer_note" for order #10988 not sent: email type is disabled CONTEXT: {"email_type":"customer_note","status":"disabled","recipient":"guest","order":10988}
2026-09-15T22:07:10+00:00 INFO Email "cancelled_order" for order #10987 sent CONTEXT: {"email_type":"cancelled_order","status":"sent","recipient":"guest","order":10987}
2026-09-15T22:10:41+00:00 INFO Email "cancelled_order" for order #10781 sent CONTEXT: {"email_type":"cancelled_order","status":"sent","recipient":"guest","order":10781}
2026-09-15T22:42:43+00:00 INFO Email "cancelled_order" for order #10988 sent CONTEXT: {"email_type":"cancelled_order","status":"sent","recipient":"guest","order":10988}
2026-09-15T23:12:42+00:00 INFO Email "cancelled_order" for order #10554 sent CONTEXT: {"email_type":"cancelled_order","status":"sent","recipient":"guest","order":10554}
2026-09-15T23:12:47+00:00 INFO Email "cancelled_order" for order #10841 sent CONTEXT: {"email_type":"cancelled_order","status":"sent","recipient":"guest","order":10841}
2026-09-15T23:12:52+00:00 INFO Email "cancelled_order" for order #10967 sent CONTEXT: {"email_type":"cancelled_order","status":"sent","recipient":"guest","order":10967}
2026-09-15T23:13:31+00:00 NOTICE Email "customer_note" for order #10989 not sent: email type is disabled CONTEXT: {"email_type":"customer_note","status":"disabled","recipient":"guest","order":10989}
2026-09-15T23:16:30+00:00 INFO Email "new_order" for order #10989 sent CONTEXT: {"email_type":"new_order","status":"sent","recipient":"guest","order":10989}
2026-09-15T23:16:30+00:00 NOTICE Email "customer_processing_order" for order #10989 not sent: email type is disabled CONTEXT: {"email_type":"customer_processing_order","status":"disabled","recipient":"guest","order":10989}
2026-09-15T23:16:30+00:00 NOTICE Email "customer_note" for order #10989 not sent: email type is disabled CONTEXT: {"email_type":"customer_note","status":"disabled","recipient":"guest","order":10989}
2026-09-15T23:35:57+00:00 INFO Email "cancelled_order" for order #10991 sent CONTEXT: {"email_type":"cancelled_order","status":"sent","recipient":"guest","order":10991}
2026-09-15T23:37:05+00:00 NOTICE Email "customer_failed_order" for order #10990 not sent: email type is disabled CONTEXT: {"email_type":"customer_failed_order","status":"disabled","recipient":"guest","order":10990}
2026-09-15T23:37:10+00:00 INFO Email "failed_order" for order #10990 sent CONTEXT: {"email_type":"failed_order","status":"sent","recipient":"guest","order":10990}
2026-09-15T23:40:33+00:00 INFO Email "new_order" for order #10993 sent CONTEXT: {"email_type":"new_order","status":"sent","recipient":"guest","order":10993}
2026-09-15T23:40:33+00:00 NOTICE Email "customer_processing_order" for order #10993 not sent: email type is disabled CONTEXT: {"email_type":"customer_processing_order","status":"disabled","recipient":"guest","order":10993}
2026-09-15T23:42:45+00:00 INFO Email "cancelled_order" for order #10615 sent CONTEXT: {"email_type":"cancelled_order","status":"sent","recipient":"guest","order":10615}
2026-09-15T23:42:45+00:00 NOTICE Email "customer_failed_order" for order #10793 not sent: email type is disabled CONTEXT: {"email_type":"customer_failed_order","status":"disabled","recipient":"guest","order":10793}
2026-09-15T23:42:50+00:00 INFO Email "failed_order" for order #10793 sent CONTEXT: {"email_type":"failed_order","status":"sent","recipient":"guest","order":10793}
