2026-09-14T00:01:27+00:00 INFO Email "cancelled_order" for order #10313 sent CONTEXT: {"email_type":"cancelled_order","status":"sent","recipient":"guest","order":10313}
2026-09-14T00:02:38+00:00 INFO Email "cancelled_order" for order #10328 sent CONTEXT: {"email_type":"cancelled_order","status":"sent","recipient":"guest","order":10328}
2026-09-14T00:02:42+00:00 INFO Email "cancelled_order" for order #10326 sent CONTEXT: {"email_type":"cancelled_order","status":"sent","recipient":"guest","order":10326}
2026-09-14T00:02:43+00:00 NOTICE Email "customer_failed_order" for order #10320 not sent: email type is disabled CONTEXT: {"email_type":"customer_failed_order","status":"disabled","recipient":"guest","order":10320}
2026-09-14T00:02:48+00:00 INFO Email "failed_order" for order #10320 sent CONTEXT: {"email_type":"failed_order","status":"sent","recipient":"guest","order":10320}
2026-09-14T00:02:52+00:00 INFO Email "cancelled_order" for order #10317 sent CONTEXT: {"email_type":"cancelled_order","status":"sent","recipient":"guest","order":10317}
2026-09-14T00:02:57+00:00 INFO Email "cancelled_order" for order #10316 sent CONTEXT: {"email_type":"cancelled_order","status":"sent","recipient":"guest","order":10316}
2026-09-14T00:03:01+00:00 INFO Email "cancelled_order" for order #10305 sent CONTEXT: {"email_type":"cancelled_order","status":"sent","recipient":"guest","order":10305}
2026-09-14T00:03:01+00:00 NOTICE Email "customer_failed_order" for order #10304 not sent: email type is disabled CONTEXT: {"email_type":"customer_failed_order","status":"disabled","recipient":"guest","order":10304}
2026-09-14T00:03:03+00:00 NOTICE Email "customer_failed_order" for order #10146 not sent: email type is disabled CONTEXT: {"email_type":"customer_failed_order","status":"disabled","recipient":"guest","order":10146}
2026-09-14T00:03:06+00:00 INFO Email "failed_order" for order #10304 sent CONTEXT: {"email_type":"failed_order","status":"sent","recipient":"guest","order":10304}
2026-09-14T00:03:09+00:00 INFO Email "failed_order" for order #10146 sent CONTEXT: {"email_type":"failed_order","status":"sent","recipient":"guest","order":10146}
2026-09-14T00:03:11+00:00 INFO Email "cancelled_order" for order #10303 sent CONTEXT: {"email_type":"cancelled_order","status":"sent","recipient":"guest","order":10303}
2026-09-14T00:03:15+00:00 INFO Email "cancelled_order" for order #10294 sent CONTEXT: {"email_type":"cancelled_order","status":"sent","recipient":"guest","order":10294}
2026-09-14T00:03:16+00:00 INFO Email "cancelled_order" for order #10274 sent CONTEXT: {"email_type":"cancelled_order","status":"sent","recipient":"guest","order":10274}
2026-09-14T00:03:19+00:00 INFO Email "cancelled_order" for order #10290 sent CONTEXT: {"email_type":"cancelled_order","status":"sent","recipient":"guest","order":10290}
2026-09-14T00:03:20+00:00 NOTICE Email "customer_failed_order" for order #10283 not sent: email type is disabled CONTEXT: {"email_type":"customer_failed_order","status":"disabled","recipient":"guest","order":10283}
2026-09-14T00:03:21+00:00 INFO Email "cancelled_order" for order #10270 sent CONTEXT: {"email_type":"cancelled_order","status":"sent","recipient":"guest","order":10270}
2026-09-14T00:03:25+00:00 INFO Email "failed_order" for order #10283 sent CONTEXT: {"email_type":"failed_order","status":"sent","recipient":"guest","order":10283}
2026-09-14T00:03:26+00:00 INFO Email "cancelled_order" for order #10269 sent CONTEXT: {"email_type":"cancelled_order","status":"sent","recipient":"guest","order":10269}
2026-09-14T00:03:27+00:00 INFO Email "cancelled_order" for order #10214 sent CONTEXT: {"email_type":"cancelled_order","status":"sent","recipient":"guest","order":10214}
2026-09-14T00:03:30+00:00 INFO Email "cancelled_order" for order #10279 sent CONTEXT: {"email_type":"cancelled_order","status":"sent","recipient":"guest","order":10279}
2026-09-14T00:03:32+00:00 INFO Email "cancelled_order" for order #10265 sent CONTEXT: {"email_type":"cancelled_order","status":"sent","recipient":"guest","order":10265}
2026-09-14T00:03:33+00:00 INFO Email "cancelled_order" for order #10192 sent CONTEXT: {"email_type":"cancelled_order","status":"sent","recipient":"guest","order":10192}
2026-09-14T00:03:35+00:00 INFO Email "cancelled_order" for order #10275 sent CONTEXT: {"email_type":"cancelled_order","status":"sent","recipient":"guest","order":10275}
2026-09-14T00:03:36+00:00 INFO Email "cancelled_order" for order #10264 sent CONTEXT: {"email_type":"cancelled_order","status":"sent","recipient":"guest","order":10264}
2026-09-14T00:03:41+00:00 INFO Email "cancelled_order" for order #10252 sent CONTEXT: {"email_type":"cancelled_order","status":"sent","recipient":"guest","order":10252}
2026-09-14T00:03:46+00:00 INFO Email "cancelled_order" for order #10238 sent CONTEXT: {"email_type":"cancelled_order","status":"sent","recipient":"guest","order":10238}
2026-09-14T00:03:46+00:00 NOTICE Email "customer_failed_order" for order #10236 not sent: email type is disabled CONTEXT: {"email_type":"customer_failed_order","status":"disabled","recipient":"guest","order":10236}
2026-09-14T00:03:52+00:00 INFO Email "failed_order" for order #10236 sent CONTEXT: {"email_type":"failed_order","status":"sent","recipient":"guest","order":10236}
2026-09-14T00:03:52+00:00 NOTICE Email "customer_failed_order" for order #10208 not sent: email type is disabled CONTEXT: {"email_type":"customer_failed_order","status":"disabled","recipient":"guest","order":10208}
2026-09-14T00:03:56+00:00 INFO Email "cancelled_order" for order #10151 sent CONTEXT: {"email_type":"cancelled_order","status":"sent","recipient":"guest","order":10151}
2026-09-14T00:03:57+00:00 INFO Email "cancelled_order" for order #10230 sent CONTEXT: {"email_type":"cancelled_order","status":"sent","recipient":"guest","order":10230}
2026-09-14T00:03:57+00:00 INFO Email "failed_order" for order #10208 sent CONTEXT: {"email_type":"failed_order","status":"sent","recipient":"guest","order":10208}
2026-09-14T00:03:57+00:00 NOTICE Email "customer_failed_order" for order #10207 not sent: email type is disabled CONTEXT: {"email_type":"customer_failed_order","status":"disabled","recipient":"guest","order":10207}
2026-09-14T00:04:02+00:00 INFO Email "cancelled_order" for order #10229 sent CONTEXT: {"email_type":"cancelled_order","status":"sent","recipient":"guest","order":10229}
2026-09-14T00:04:02+00:00 INFO Email "failed_order" for order #10207 sent CONTEXT: {"email_type":"failed_order","status":"sent","recipient":"guest","order":10207}
2026-09-14T00:04:06+00:00 INFO Email "cancelled_order" for order #10201 sent CONTEXT: {"email_type":"cancelled_order","status":"sent","recipient":"guest","order":10201}
2026-09-14T00:04:07+00:00 INFO Email "cancelled_order" for order #10226 sent CONTEXT: {"email_type":"cancelled_order","status":"sent","recipient":"guest","order":10226}
2026-09-14T00:04:11+00:00 INFO Email "cancelled_order" for order #10224 sent CONTEXT: {"email_type":"cancelled_order","status":"sent","recipient":"guest","order":10224}
2026-09-14T00:04:11+00:00 INFO Email "cancelled_order" for order #10191 sent CONTEXT: {"email_type":"cancelled_order","status":"sent","recipient":"guest","order":10191}
2026-09-14T00:04:16+00:00 INFO Email "cancelled_order" for order #10220 sent CONTEXT: {"email_type":"cancelled_order","status":"sent","recipient":"guest","order":10220}
2026-09-14T00:04:17+00:00 INFO Email "cancelled_order" for order #10184 sent CONTEXT: {"email_type":"cancelled_order","status":"sent","recipient":"guest","order":10184}
2026-09-14T00:04:21+00:00 INFO Email "cancelled_order" for order #10218 sent CONTEXT: {"email_type":"cancelled_order","status":"sent","recipient":"guest","order":10218}
2026-09-14T00:04:21+00:00 NOTICE Email "customer_failed_order" for order #10213 not sent: email type is disabled CONTEXT: {"email_type":"customer_failed_order","status":"disabled","recipient":"guest","order":10213}
2026-09-14T00:04:22+00:00 INFO Email "cancelled_order" for order #10183 sent CONTEXT: {"email_type":"cancelled_order","status":"sent","recipient":"guest","order":10183}
2026-09-14T00:04:22+00:00 NOTICE Email "customer_failed_order" for order #10181 not sent: email type is disabled CONTEXT: {"email_type":"customer_failed_order","status":"disabled","recipient":"guest","order":10181}
2026-09-14T00:04:25+00:00 INFO Email "failed_order" for order #10213 sent CONTEXT: {"email_type":"failed_order","status":"sent","recipient":"guest","order":10213}
2026-09-14T00:04:27+00:00 INFO Email "failed_order" for order #10181 sent CONTEXT: {"email_type":"failed_order","status":"sent","recipient":"guest","order":10181}
2026-09-14T00:04:30+00:00 INFO Email "cancelled_order" for order #10209 sent CONTEXT: {"email_type":"cancelled_order","status":"sent","recipient":"guest","order":10209}
2026-09-14T00:04:32+00:00 INFO Email "cancelled_order" for order #10179 sent CONTEXT: {"email_type":"cancelled_order","status":"sent","recipient":"guest","order":10179}
2026-09-14T00:04:32+00:00 NOTICE Email "customer_failed_order" for order #10174 not sent: email type is disabled CONTEXT: {"email_type":"customer_failed_order","status":"disabled","recipient":"guest","order":10174}
2026-09-14T00:04:34+00:00 INFO Email "cancelled_order" for order #10154 sent CONTEXT: {"email_type":"cancelled_order","status":"sent","recipient":"guest","order":10154}
2026-09-14T00:04:34+00:00 NOTICE Email "customer_failed_order" for order #10136 not sent: email type is disabled CONTEXT: {"email_type":"customer_failed_order","status":"disabled","recipient":"guest","order":10136}
2026-09-14T00:04:36+00:00 INFO Email "failed_order" for order #10174 sent CONTEXT: {"email_type":"failed_order","status":"sent","recipient":"guest","order":10174}
2026-09-14T00:04:39+00:00 INFO Email "failed_order" for order #10136 sent CONTEXT: {"email_type":"failed_order","status":"sent","recipient":"guest","order":10136}
2026-09-14T00:04:41+00:00 INFO Email "cancelled_order" for order #10172 sent CONTEXT: {"email_type":"cancelled_order","status":"sent","recipient":"guest","order":10172}
2026-09-14T00:04:46+00:00 INFO Email "cancelled_order" for order #10171 sent CONTEXT: {"email_type":"cancelled_order","status":"sent","recipient":"guest","order":10171}
2026-09-14T00:04:46+00:00 NOTICE Email "customer_failed_order" for order #10169 not sent: email type is disabled CONTEXT: {"email_type":"customer_failed_order","status":"disabled","recipient":"guest","order":10169}
2026-09-14T00:04:51+00:00 INFO Email "failed_order" for order #10169 sent CONTEXT: {"email_type":"failed_order","status":"sent","recipient":"guest","order":10169}
2026-09-14T00:04:51+00:00 NOTICE Email "customer_failed_order" for order #10166 not sent: email type is disabled CONTEXT: {"email_type":"customer_failed_order","status":"disabled","recipient":"guest","order":10166}
2026-09-14T00:04:55+00:00 INFO Email "failed_order" for order #10166 sent CONTEXT: {"email_type":"failed_order","status":"sent","recipient":"guest","order":10166}
2026-09-14T00:04:55+00:00 NOTICE Email "customer_failed_order" for order #10163 not sent: email type is disabled CONTEXT: {"email_type":"customer_failed_order","status":"disabled","recipient":"guest","order":10163}
2026-09-14T00:05:01+00:00 INFO Email "failed_order" for order #10163 sent CONTEXT: {"email_type":"failed_order","status":"sent","recipient":"guest","order":10163}
2026-09-14T00:05:05+00:00 INFO Email "cancelled_order" for order #10161 sent CONTEXT: {"email_type":"cancelled_order","status":"sent","recipient":"guest","order":10161}
2026-09-14T00:05:05+00:00 NOTICE Email "customer_failed_order" for order #10160 not sent: email type is disabled CONTEXT: {"email_type":"customer_failed_order","status":"disabled","recipient":"guest","order":10160}
2026-09-14T00:05:10+00:00 INFO Email "failed_order" for order #10160 sent CONTEXT: {"email_type":"failed_order","status":"sent","recipient":"guest","order":10160}
2026-09-14T00:05:10+00:00 NOTICE Email "customer_failed_order" for order #10157 not sent: email type is disabled CONTEXT: {"email_type":"customer_failed_order","status":"disabled","recipient":"guest","order":10157}
2026-09-14T00:05:14+00:00 INFO Email "failed_order" for order #10157 sent CONTEXT: {"email_type":"failed_order","status":"sent","recipient":"guest","order":10157}
2026-09-14T00:06:25+00:00 NOTICE Email "customer_failed_order" for order #10329 not sent: email type is disabled CONTEXT: {"email_type":"customer_failed_order","status":"disabled","recipient":"guest","order":10329}
2026-09-14T00:06:30+00:00 INFO Email "failed_order" for order #10329 sent CONTEXT: {"email_type":"failed_order","status":"sent","recipient":"guest","order":10329}
2026-09-14T00:06:30+00:00 NOTICE Email "customer_failed_order" for order #10323 not sent: email type is disabled CONTEXT: {"email_type":"customer_failed_order","status":"disabled","recipient":"guest","order":10323}
2026-09-14T00:06:35+00:00 INFO Email "failed_order" for order #10323 sent CONTEXT: {"email_type":"failed_order","status":"sent","recipient":"guest","order":10323}
2026-09-14T00:06:35+00:00 NOTICE Email "customer_failed_order" for order #10322 not sent: email type is disabled CONTEXT: {"email_type":"customer_failed_order","status":"disabled","recipient":"guest","order":10322}
2026-09-14T00:06:40+00:00 INFO Email "failed_order" for order #10322 sent CONTEXT: {"email_type":"failed_order","status":"sent","recipient":"guest","order":10322}
2026-09-14T00:06:40+00:00 NOTICE Email "customer_failed_order" for order #10318 not sent: email type is disabled CONTEXT: {"email_type":"customer_failed_order","status":"disabled","recipient":"guest","order":10318}
2026-09-14T00:06:46+00:00 INFO Email "failed_order" for order #10318 sent CONTEXT: {"email_type":"failed_order","status":"sent","recipient":"guest","order":10318}
2026-09-14T00:06:46+00:00 NOTICE Email "customer_failed_order" for order #10302 not sent: email type is disabled CONTEXT: {"email_type":"customer_failed_order","status":"disabled","recipient":"guest","order":10302}
2026-09-14T00:06:51+00:00 INFO Email "failed_order" for order #10302 sent CONTEXT: {"email_type":"failed_order","status":"sent","recipient":"guest","order":10302}
2026-09-14T00:06:51+00:00 NOTICE Email "customer_failed_order" for order #10297 not sent: email type is disabled CONTEXT: {"email_type":"customer_failed_order","status":"disabled","recipient":"guest","order":10297}
2026-09-14T00:06:56+00:00 INFO Email "failed_order" for order #10297 sent CONTEXT: {"email_type":"failed_order","status":"sent","recipient":"guest","order":10297}
2026-09-14T00:06:56+00:00 NOTICE Email "customer_failed_order" for order #10263 not sent: email type is disabled CONTEXT: {"email_type":"customer_failed_order","status":"disabled","recipient":"guest","order":10263}
2026-09-14T00:07:01+00:00 INFO Email "failed_order" for order #10263 sent CONTEXT: {"email_type":"failed_order","status":"sent","recipient":"guest","order":10263}
2026-09-14T00:07:01+00:00 NOTICE Email "customer_failed_order" for order #10237 not sent: email type is disabled CONTEXT: {"email_type":"customer_failed_order","status":"disabled","recipient":"guest","order":10237}
2026-09-14T00:07:06+00:00 INFO Email "failed_order" for order #10237 sent CONTEXT: {"email_type":"failed_order","status":"sent","recipient":"guest","order":10237}
2026-09-14T00:07:06+00:00 NOTICE Email "customer_failed_order" for order #10231 not sent: email type is disabled CONTEXT: {"email_type":"customer_failed_order","status":"disabled","recipient":"guest","order":10231}
2026-09-14T00:07:11+00:00 INFO Email "failed_order" for order #10231 sent CONTEXT: {"email_type":"failed_order","status":"sent","recipient":"guest","order":10231}
2026-09-14T00:07:12+00:00 NOTICE Email "customer_failed_order" for order #10206 not sent: email type is disabled CONTEXT: {"email_type":"customer_failed_order","status":"disabled","recipient":"guest","order":10206}
2026-09-14T00:07:17+00:00 INFO Email "failed_order" for order #10206 sent CONTEXT: {"email_type":"failed_order","status":"sent","recipient":"guest","order":10206}
2026-09-14T00:07:17+00:00 NOTICE Email "customer_failed_order" for order #10165 not sent: email type is disabled CONTEXT: {"email_type":"customer_failed_order","status":"disabled","recipient":"guest","order":10165}
2026-09-14T00:07:22+00:00 INFO Email "failed_order" for order #10165 sent CONTEXT: {"email_type":"failed_order","status":"sent","recipient":"guest","order":10165}
2026-09-14T00:07:22+00:00 NOTICE Email "customer_failed_order" for order #10155 not sent: email type is disabled CONTEXT: {"email_type":"customer_failed_order","status":"disabled","recipient":"guest","order":10155}
2026-09-14T00:07:27+00:00 INFO Email "failed_order" for order #10155 sent CONTEXT: {"email_type":"failed_order","status":"sent","recipient":"guest","order":10155}
2026-09-14T00:07:27+00:00 NOTICE Email "customer_failed_order" for order #10145 not sent: email type is disabled CONTEXT: {"email_type":"customer_failed_order","status":"disabled","recipient":"guest","order":10145}
2026-09-14T00:07:32+00:00 INFO Email "failed_order" for order #10145 sent CONTEXT: {"email_type":"failed_order","status":"sent","recipient":"guest","order":10145}
2026-09-14T00:07:32+00:00 NOTICE Email "customer_failed_order" for order #10144 not sent: email type is disabled CONTEXT: {"email_type":"customer_failed_order","status":"disabled","recipient":"guest","order":10144}
2026-09-14T00:07:37+00:00 INFO Email "failed_order" for order #10144 sent CONTEXT: {"email_type":"failed_order","status":"sent","recipient":"guest","order":10144}
2026-09-14T00:36:03+00:00 NOTICE Email "customer_note" for order #10554 not sent: email type is disabled CONTEXT: {"email_type":"customer_note","status":"disabled","recipient":"guest","order":10554}
2026-09-14T01:15:23+00:00 INFO Email "cancelled_order" for order #10432 sent CONTEXT: {"email_type":"cancelled_order","status":"sent","recipient":"guest","order":10432}
2026-09-14T01:15:24+00:00 INFO Email "cancelled_order" for order #10544 sent CONTEXT: {"email_type":"cancelled_order","status":"sent","recipient":"guest","order":10544}
2026-09-14T01:45:03+00:00 NOTICE Email "customer_failed_order" for order #10529 not sent: email type is disabled CONTEXT: {"email_type":"customer_failed_order","status":"disabled","recipient":"guest","order":10529}
2026-09-14T01:45:09+00:00 INFO Email "failed_order" for order #10529 sent CONTEXT: {"email_type":"failed_order","status":"sent","recipient":"guest","order":10529}
2026-09-14T03:12:35+00:00 NOTICE Email "customer_note" for order #10556 not sent: email type is disabled CONTEXT: {"email_type":"customer_note","status":"disabled","recipient":"guest","order":10556}
2026-09-14T03:18:09+00:00 INFO Email "cancelled_order" for order #10555 sent CONTEXT: {"email_type":"cancelled_order","status":"sent","recipient":"guest","order":10555}
2026-09-14T04:27:05+00:00 INFO Email "new_order" for order #10557 sent CONTEXT: {"email_type":"new_order","status":"sent","recipient":"guest","order":10557}
2026-09-14T04:27:05+00:00 NOTICE Email "customer_processing_order" for order #10557 not sent: email type is disabled CONTEXT: {"email_type":"customer_processing_order","status":"disabled","recipient":"guest","order":10557}
2026-09-14T04:34:23+00:00 NOTICE Email "customer_note" for order #10558 not sent: email type is disabled CONTEXT: {"email_type":"customer_note","status":"disabled","recipient":"guest","order":10558}
2026-09-14T04:38:01+00:00 INFO Email "new_order" for order #10558 sent CONTEXT: {"email_type":"new_order","status":"sent","recipient":"guest","order":10558}
2026-09-14T04:38:01+00:00 NOTICE Email "customer_processing_order" for order #10558 not sent: email type is disabled CONTEXT: {"email_type":"customer_processing_order","status":"disabled","recipient":"guest","order":10558}
2026-09-14T04:38:01+00:00 NOTICE Email "customer_note" for order #10558 not sent: email type is disabled CONTEXT: {"email_type":"customer_note","status":"disabled","recipient":"guest","order":10558}
2026-09-14T04:40:57+00:00 NOTICE Email "customer_note" for order #10559 not sent: email type is disabled CONTEXT: {"email_type":"customer_note","status":"disabled","recipient":"guest","order":10559}
2026-09-14T04:47:05+00:00 NOTICE Email "customer_completed_order" for order #10338 not sent: email type is disabled CONTEXT: {"email_type":"customer_completed_order","status":"disabled","recipient":"guest","order":10338}
2026-09-14T04:47:08+00:00 NOTICE Email "customer_completed_order" for order #10333 not sent: email type is disabled CONTEXT: {"email_type":"customer_completed_order","status":"disabled","recipient":"guest","order":10333}
2026-09-14T04:47:10+00:00 NOTICE Email "customer_completed_order" for order #10327 not sent: email type is disabled CONTEXT: {"email_type":"customer_completed_order","status":"disabled","recipient":"guest","order":10327}
2026-09-14T04:47:12+00:00 NOTICE Email "customer_completed_order" for order #10289 not sent: email type is disabled CONTEXT: {"email_type":"customer_completed_order","status":"disabled","recipient":"guest","order":10289}
2026-09-14T04:47:14+00:00 NOTICE Email "customer_completed_order" for order #10287 not sent: email type is disabled CONTEXT: {"email_type":"customer_completed_order","status":"disabled","recipient":"guest","order":10287}
2026-09-14T04:47:16+00:00 NOTICE Email "customer_completed_order" for order #10249 not sent: email type is disabled CONTEXT: {"email_type":"customer_completed_order","status":"disabled","recipient":"guest","order":10249}
2026-09-14T04:47:19+00:00 NOTICE Email "customer_completed_order" for order #10239 not sent: email type is disabled CONTEXT: {"email_type":"customer_completed_order","status":"disabled","recipient":"guest","order":10239}
2026-09-14T04:47:21+00:00 NOTICE Email "customer_completed_order" for order #10200 not sent: email type is disabled CONTEXT: {"email_type":"customer_completed_order","status":"disabled","recipient":"guest","order":10200}
2026-09-14T04:47:23+00:00 NOTICE Email "customer_completed_order" for order #10197 not sent: email type is disabled CONTEXT: {"email_type":"customer_completed_order","status":"disabled","recipient":"guest","order":10197}
2026-09-14T04:47:50+00:00 NOTICE Email "customer_completed_order" for order #9943 not sent: email type is disabled CONTEXT: {"email_type":"customer_completed_order","status":"disabled","recipient":"guest","order":9943}
2026-09-14T05:16:30+00:00 INFO Email "cancelled_order" for order #10331 sent CONTEXT: {"email_type":"cancelled_order","status":"sent","recipient":"guest","order":10331}
2026-09-14T05:16:35+00:00 NOTICE Email "customer_failed_order" for order #10304 not sent: email type is disabled CONTEXT: {"email_type":"customer_failed_order","status":"disabled","recipient":"guest","order":10304}
2026-09-14T05:16:36+00:00 INFO Email "cancelled_order" for order #10332 sent CONTEXT: {"email_type":"cancelled_order","status":"sent","recipient":"guest","order":10332}
2026-09-14T05:16:41+00:00 INFO Email "cancelled_order" for order #10337 sent CONTEXT: {"email_type":"cancelled_order","status":"sent","recipient":"guest","order":10337}
2026-09-14T05:16:45+00:00 INFO Email "cancelled_order" for order #10339 sent CONTEXT: {"email_type":"cancelled_order","status":"sent","recipient":"guest","order":10339}
2026-09-14T05:16:45+00:00 NOTICE Email "customer_failed_order" for order #10358 not sent: email type is disabled CONTEXT: {"email_type":"customer_failed_order","status":"disabled","recipient":"guest","order":10358}
2026-09-14T05:16:50+00:00 INFO Email "failed_order" for order #10358 sent CONTEXT: {"email_type":"failed_order","status":"sent","recipient":"guest","order":10358}
2026-09-14T05:16:50+00:00 NOTICE Email "customer_failed_order" for order #10362 not sent: email type is disabled CONTEXT: {"email_type":"customer_failed_order","status":"disabled","recipient":"guest","order":10362}
2026-09-14T05:16:56+00:00 INFO Email "failed_order" for order #10362 sent CONTEXT: {"email_type":"failed_order","status":"sent","recipient":"guest","order":10362}
2026-09-14T05:17:08+00:00 INFO Email "cancelled_order" for order #10366 sent CONTEXT: {"email_type":"cancelled_order","status":"sent","recipient":"guest","order":10366}
2026-09-14T05:17:13+00:00 INFO Email "cancelled_order" for order #10369 sent CONTEXT: {"email_type":"cancelled_order","status":"sent","recipient":"guest","order":10369}
2026-09-14T05:17:18+00:00 INFO Email "cancelled_order" for order #10370 sent CONTEXT: {"email_type":"cancelled_order","status":"sent","recipient":"guest","order":10370}
2026-09-14T05:17:23+00:00 INFO Email "cancelled_order" for order #10371 sent CONTEXT: {"email_type":"cancelled_order","status":"sent","recipient":"guest","order":10371}
2026-09-14T05:17:28+00:00 INFO Email "cancelled_order" for order #10372 sent CONTEXT: {"email_type":"cancelled_order","status":"sent","recipient":"guest","order":10372}
2026-09-14T05:17:34+00:00 INFO Email "cancelled_order" for order #10373 sent CONTEXT: {"email_type":"cancelled_order","status":"sent","recipient":"guest","order":10373}
2026-09-14T05:17:38+00:00 INFO Email "cancelled_order" for order #10374 sent CONTEXT: {"email_type":"cancelled_order","status":"sent","recipient":"guest","order":10374}
2026-09-14T05:17:38+00:00 NOTICE Email "customer_failed_order" for order #10388 not sent: email type is disabled CONTEXT: {"email_type":"customer_failed_order","status":"disabled","recipient":"guest","order":10388}
2026-09-14T05:17:43+00:00 INFO Email "failed_order" for order #10388 sent CONTEXT: {"email_type":"failed_order","status":"sent","recipient":"guest","order":10388}
2026-09-14T05:17:47+00:00 INFO Email "cancelled_order" for order #10389 sent CONTEXT: {"email_type":"cancelled_order","status":"sent","recipient":"guest","order":10389}
2026-09-14T05:17:47+00:00 NOTICE Email "customer_failed_order" for order #10390 not sent: email type is disabled CONTEXT: {"email_type":"customer_failed_order","status":"disabled","recipient":"guest","order":10390}
2026-09-14T05:17:53+00:00 INFO Email "failed_order" for order #10390 sent CONTEXT: {"email_type":"failed_order","status":"sent","recipient":"guest","order":10390}
2026-09-14T05:17:58+00:00 INFO Email "cancelled_order" for order #10391 sent CONTEXT: {"email_type":"cancelled_order","status":"sent","recipient":"guest","order":10391}
2026-09-14T05:18:03+00:00 INFO Email "cancelled_order" for order #10397 sent CONTEXT: {"email_type":"cancelled_order","status":"sent","recipient":"guest","order":10397}
2026-09-14T05:18:08+00:00 INFO Email "cancelled_order" for order #10465 sent CONTEXT: {"email_type":"cancelled_order","status":"sent","recipient":"guest","order":10465}
2026-09-14T05:18:09+00:00 INFO Email "cancelled_order" for order #10350 sent CONTEXT: {"email_type":"cancelled_order","status":"sent","recipient":"guest","order":10350}
2026-09-14T05:18:14+00:00 NOTICE Email "customer_failed_order" for order #10320 not sent: email type is disabled CONTEXT: {"email_type":"customer_failed_order","status":"disabled","recipient":"guest","order":10320}
2026-09-14T05:19:16+00:00 INFO Email "cancelled_order" for order #10332 sent CONTEXT: {"email_type":"cancelled_order","status":"sent","recipient":"guest","order":10332}
2026-09-14T05:19:17+00:00 NOTICE Email "customer_failed_order" for order #10358 not sent: email type is disabled CONTEXT: {"email_type":"customer_failed_order","status":"disabled","recipient":"guest","order":10358}
2026-09-14T05:19:21+00:00 INFO Email "failed_order" for order #10358 sent CONTEXT: {"email_type":"failed_order","status":"sent","recipient":"guest","order":10358}
2026-09-14T05:19:23+00:00 NOTICE Email "customer_completed_order" for order #10128 not sent: email type is disabled CONTEXT: {"email_type":"customer_completed_order","status":"disabled","recipient":"guest","order":10128}
2026-09-14T05:19:23+00:00 NOTICE Email "customer_completed_order" for order #10164 not sent: email type is disabled CONTEXT: {"email_type":"customer_completed_order","status":"disabled","recipient":"guest","order":10164}
2026-09-14T05:19:30+00:00 INFO Email "cancelled_order" for order #10356 sent CONTEXT: {"email_type":"cancelled_order","status":"sent","recipient":"guest","order":10356}
2026-09-14T05:19:50+00:00 NOTICE Email "customer_failed_order" for order #10390 not sent: email type is disabled CONTEXT: {"email_type":"customer_failed_order","status":"disabled","recipient":"guest","order":10390}
2026-09-14T05:19:55+00:00 INFO Email "failed_order" for order #10390 sent CONTEXT: {"email_type":"failed_order","status":"sent","recipient":"guest","order":10390}
2026-09-14T05:20:41+00:00 INFO Email "cancelled_order" for order #10360 sent CONTEXT: {"email_type":"cancelled_order","status":"sent","recipient":"guest","order":10360}
2026-09-14T05:20:52+00:00 NOTICE Email "customer_completed_order" for order #9867 not sent: email type is disabled CONTEXT: {"email_type":"customer_completed_order","status":"disabled","recipient":"guest","order":9867}
2026-09-14T05:20:57+00:00 NOTICE Email "customer_failed_order" for order #10302 not sent: email type is disabled CONTEXT: {"email_type":"customer_failed_order","status":"disabled","recipient":"guest","order":10302}
2026-09-14T05:21:26+00:00 NOTICE Email "customer_completed_order" for order #9833 not sent: email type is disabled CONTEXT: {"email_type":"customer_completed_order","status":"disabled","recipient":"guest","order":9833}
2026-09-14T05:22:32+00:00 NOTICE Email "customer_completed_order" for order #9865 not sent: email type is disabled CONTEXT: {"email_type":"customer_completed_order","status":"disabled","recipient":"guest","order":9865}
2026-09-14T05:22:33+00:00 NOTICE Email "customer_completed_order" for order #9907 not sent: email type is disabled CONTEXT: {"email_type":"customer_completed_order","status":"disabled","recipient":"guest","order":9907}
2026-09-14T05:22:33+00:00 NOTICE Email "customer_completed_order" for order #10046 not sent: email type is disabled CONTEXT: {"email_type":"customer_completed_order","status":"disabled","recipient":"guest","order":10046}
2026-09-14T05:22:33+00:00 NOTICE Email "customer_completed_order" for order #9757 not sent: email type is disabled CONTEXT: {"email_type":"customer_completed_order","status":"disabled","recipient":"guest","order":9757}
2026-09-14T05:22:33+00:00 NOTICE Email "customer_completed_order" for order #10086 not sent: email type is disabled CONTEXT: {"email_type":"customer_completed_order","status":"disabled","recipient":"guest","order":10086}
2026-09-14T05:22:50+00:00 NOTICE Email "customer_completed_order" for order #9784 not sent: email type is disabled CONTEXT: {"email_type":"customer_completed_order","status":"disabled","recipient":"guest","order":9784}
2026-09-14T05:22:50+00:00 NOTICE Email "customer_completed_order" for order #10168 not sent: email type is disabled CONTEXT: {"email_type":"customer_completed_order","status":"disabled","recipient":"guest","order":10168}
2026-09-14T05:22:51+00:00 NOTICE Email "customer_completed_order" for order #10197 not sent: email type is disabled CONTEXT: {"email_type":"customer_completed_order","status":"disabled","recipient":"guest","order":10197}
2026-09-14T05:23:08+00:00 NOTICE Email "customer_completed_order" for order #9950 not sent: email type is disabled CONTEXT: {"email_type":"customer_completed_order","status":"disabled","recipient":"guest","order":9950}
2026-09-14T05:23:08+00:00 NOTICE Email "customer_completed_order" for order #9798 not sent: email type is disabled CONTEXT: {"email_type":"customer_completed_order","status":"disabled","recipient":"guest","order":9798}
2026-09-14T05:23:25+00:00 NOTICE Email "customer_completed_order" for order #9892 not sent: email type is disabled CONTEXT: {"email_type":"customer_completed_order","status":"disabled","recipient":"guest","order":9892}
2026-09-14T05:23:49+00:00 INFO Email "cancelled_order" for order #10374 sent CONTEXT: {"email_type":"cancelled_order","status":"sent","recipient":"guest","order":10374}
2026-09-14T05:23:54+00:00 INFO Email "cancelled_order" for order #10373 sent CONTEXT: {"email_type":"cancelled_order","status":"sent","recipient":"guest","order":10373}
2026-09-14T05:23:59+00:00 INFO Email "cancelled_order" for order #10372 sent CONTEXT: {"email_type":"cancelled_order","status":"sent","recipient":"guest","order":10372}
2026-09-14T05:24:04+00:00 INFO Email "cancelled_order" for order #10371 sent CONTEXT: {"email_type":"cancelled_order","status":"sent","recipient":"guest","order":10371}
2026-09-14T05:24:09+00:00 INFO Email "cancelled_order" for order #10370 sent CONTEXT: {"email_type":"cancelled_order","status":"sent","recipient":"guest","order":10370}
2026-09-14T05:24:14+00:00 INFO Email "cancelled_order" for order #10369 sent CONTEXT: {"email_type":"cancelled_order","status":"sent","recipient":"guest","order":10369}
2026-09-14T05:24:28+00:00 INFO Email "cancelled_order" for order #10366 sent CONTEXT: {"email_type":"cancelled_order","status":"sent","recipient":"guest","order":10366}
2026-09-14T05:24:34+00:00 INFO Email "cancelled_order" for order #10397 sent CONTEXT: {"email_type":"cancelled_order","status":"sent","recipient":"guest","order":10397}
2026-09-14T05:24:39+00:00 INFO Email "cancelled_order" for order #10391 sent CONTEXT: {"email_type":"cancelled_order","status":"sent","recipient":"guest","order":10391}
2026-09-14T05:24:46+00:00 NOTICE Email "customer_completed_order" for order #10249 not sent: email type is disabled CONTEXT: {"email_type":"customer_completed_order","status":"disabled","recipient":"guest","order":10249}
2026-09-14T05:25:04+00:00 NOTICE Email "customer_completed_order" for order #10327 not sent: email type is disabled CONTEXT: {"email_type":"customer_completed_order","status":"disabled","recipient":"guest","order":10327}
2026-09-14T05:25:06+00:00 INFO Email "cancelled_order" for order #10389 sent CONTEXT: {"email_type":"cancelled_order","status":"sent","recipient":"guest","order":10389}
2026-09-14T05:25:06+00:00 NOTICE Email "customer_failed_order" for order #10388 not sent: email type is disabled CONTEXT: {"email_type":"customer_failed_order","status":"disabled","recipient":"guest","order":10388}
2026-09-14T05:25:11+00:00 INFO Email "failed_order" for order #10388 sent CONTEXT: {"email_type":"failed_order","status":"sent","recipient":"guest","order":10388}
2026-09-14T05:25:21+00:00 NOTICE Email "customer_completed_order" for order #10033 not sent: email type is disabled CONTEXT: {"email_type":"customer_completed_order","status":"disabled","recipient":"guest","order":10033}
2026-09-14T05:25:21+00:00 NOTICE Email "customer_failed_order" for order #10320 not sent: email type is disabled CONTEXT: {"email_type":"customer_failed_order","status":"disabled","recipient":"guest","order":10320}
2026-09-14T05:25:21+00:00 NOTICE Email "customer_completed_order" for order #7526 not sent: email type is disabled CONTEXT: {"email_type":"customer_completed_order","status":"disabled","recipient":"guest","order":7526}
2026-09-14T05:25:21+00:00 NOTICE Email "customer_completed_order" for order #10287 not sent: email type is disabled CONTEXT: {"email_type":"customer_completed_order","status":"disabled","recipient":"guest","order":10287}
2026-09-14T05:25:38+00:00 NOTICE Email "customer_completed_order" for order #10112 not sent: email type is disabled CONTEXT: {"email_type":"customer_completed_order","status":"disabled","recipient":"guest","order":10112}
2026-09-14T05:26:26+00:00 NOTICE Email "customer_failed_order" for order #10362 not sent: email type is disabled CONTEXT: {"email_type":"customer_failed_order","status":"disabled","recipient":"guest","order":10362}
2026-09-14T05:26:31+00:00 INFO Email "failed_order" for order #10362 sent CONTEXT: {"email_type":"failed_order","status":"sent","recipient":"guest","order":10362}
2026-09-14T05:26:31+00:00 NOTICE Email "customer_failed_order" for order #10358 not sent: email type is disabled CONTEXT: {"email_type":"customer_failed_order","status":"disabled","recipient":"guest","order":10358}
2026-09-14T05:26:36+00:00 INFO Email "failed_order" for order #10358 sent CONTEXT: {"email_type":"failed_order","status":"sent","recipient":"guest","order":10358}
2026-09-14T05:26:42+00:00 INFO Email "cancelled_order" for order #10350 sent CONTEXT: {"email_type":"cancelled_order","status":"sent","recipient":"guest","order":10350}
2026-09-14T05:26:47+00:00 INFO Email "cancelled_order" for order #10339 sent CONTEXT: {"email_type":"cancelled_order","status":"sent","recipient":"guest","order":10339}
2026-09-14T05:26:51+00:00 INFO Email "cancelled_order" for order #10332 sent CONTEXT: {"email_type":"cancelled_order","status":"sent","recipient":"guest","order":10332}
2026-09-14T05:26:53+00:00 NOTICE Email "customer_completed_order" for order #10197 not sent: email type is disabled CONTEXT: {"email_type":"customer_completed_order","status":"disabled","recipient":"guest","order":10197}
2026-09-14T05:26:53+00:00 NOTICE Email "customer_completed_order" for order #10168 not sent: email type is disabled CONTEXT: {"email_type":"customer_completed_order","status":"disabled","recipient":"guest","order":10168}
2026-09-14T05:26:57+00:00 INFO Email "cancelled_order" for order #10331 sent CONTEXT: {"email_type":"cancelled_order","status":"sent","recipient":"guest","order":10331}
2026-09-14T05:27:12+00:00 NOTICE Email "customer_failed_order" for order #10390 not sent: email type is disabled CONTEXT: {"email_type":"customer_failed_order","status":"disabled","recipient":"guest","order":10390}
2026-09-14T05:27:17+00:00 INFO Email "failed_order" for order #10390 sent CONTEXT: {"email_type":"failed_order","status":"sent","recipient":"guest","order":10390}
2026-09-14T05:28:38+00:00 NOTICE Email "customer_completed_order" for order #10200 not sent: email type is disabled CONTEXT: {"email_type":"customer_completed_order","status":"disabled","recipient":"guest","order":10200}
2026-09-14T05:28:57+00:00 NOTICE Email "customer_completed_order" for order #9867 not sent: email type is disabled CONTEXT: {"email_type":"customer_completed_order","status":"disabled","recipient":"guest","order":9867}
2026-09-14T05:28:57+00:00 NOTICE Email "customer_completed_order" for order #9923 not sent: email type is disabled CONTEXT: {"email_type":"customer_completed_order","status":"disabled","recipient":"guest","order":9923}
2026-09-14T05:29:33+00:00 NOTICE Email "customer_completed_order" for order #10162 not sent: email type is disabled CONTEXT: {"email_type":"customer_completed_order","status":"disabled","recipient":"guest","order":10162}
2026-09-14T05:29:33+00:00 NOTICE Email "customer_completed_order" for order #7976 not sent: email type is disabled CONTEXT: {"email_type":"customer_completed_order","status":"disabled","recipient":"guest","order":7976}
2026-09-14T05:29:42+00:00 NOTICE Email "customer_completed_order" for order #10148 not sent: email type is disabled CONTEXT: {"email_type":"customer_completed_order","status":"disabled","recipient":"guest","order":10148}
2026-09-14T05:30:10+00:00 NOTICE Email "customer_completed_order" for order #10061 not sent: email type is disabled CONTEXT: {"email_type":"customer_completed_order","status":"disabled","recipient":"guest","order":10061}
2026-09-14T05:30:22+00:00 NOTICE Email "customer_completed_order" for order #10003 not sent: email type is disabled CONTEXT: {"email_type":"customer_completed_order","status":"disabled","recipient":"guest","order":10003}
2026-09-14T05:30:46+00:00 NOTICE Email "customer_completed_order" for order #10249 not sent: email type is disabled CONTEXT: {"email_type":"customer_completed_order","status":"disabled","recipient":"guest","order":10249}
2026-09-14T05:31:11+00:00 NOTICE Email "customer_completed_order" for order #10034 not sent: email type is disabled CONTEXT: {"email_type":"customer_completed_order","status":"disabled","recipient":"guest","order":10034}
2026-09-14T05:31:11+00:00 NOTICE Email "customer_completed_order" for order #9832 not sent: email type is disabled CONTEXT: {"email_type":"customer_completed_order","status":"disabled","recipient":"guest","order":9832}
2026-09-14T05:31:14+00:00 NOTICE Email "customer_failed_order" for order #10302 not sent: email type is disabled CONTEXT: {"email_type":"customer_failed_order","status":"disabled","recipient":"guest","order":10302}
2026-09-14T05:31:23+00:00 NOTICE Email "customer_completed_order" for order #9900 not sent: email type is disabled CONTEXT: {"email_type":"customer_completed_order","status":"disabled","recipient":"guest","order":9900}
2026-09-14T05:31:23+00:00 NOTICE Email "customer_completed_order" for order #9907 not sent: email type is disabled CONTEXT: {"email_type":"customer_completed_order","status":"disabled","recipient":"guest","order":9907}
2026-09-14T05:31:23+00:00 NOTICE Email "customer_completed_order" for order #10333 not sent: email type is disabled CONTEXT: {"email_type":"customer_completed_order","status":"disabled","recipient":"guest","order":10333}
2026-09-14T05:31:27+00:00 NOTICE Email "customer_completed_order" for order #9786 not sent: email type is disabled CONTEXT: {"email_type":"customer_completed_order","status":"disabled","recipient":"guest","order":9786}
2026-09-14T05:31:41+00:00 NOTICE Email "customer_completed_order" for order #9943 not sent: email type is disabled CONTEXT: {"email_type":"customer_completed_order","status":"disabled","recipient":"guest","order":9943}
2026-09-14T05:31:41+00:00 NOTICE Email "customer_completed_order" for order #9963 not sent: email type is disabled CONTEXT: {"email_type":"customer_completed_order","status":"disabled","recipient":"guest","order":9963}
2026-09-14T05:31:41+00:00 NOTICE Email "customer_completed_order" for order #9785 not sent: email type is disabled CONTEXT: {"email_type":"customer_completed_order","status":"disabled","recipient":"guest","order":9785}
2026-09-14T05:31:45+00:00 NOTICE Email "customer_completed_order" for order #10086 not sent: email type is disabled CONTEXT: {"email_type":"customer_completed_order","status":"disabled","recipient":"guest","order":10086}
2026-09-14T05:31:45+00:00 NOTICE Email "customer_completed_order" for order #10112 not sent: email type is disabled CONTEXT: {"email_type":"customer_completed_order","status":"disabled","recipient":"guest","order":10112}
2026-09-14T05:31:50+00:00 INFO Email "cancelled_order" for order #10360 sent CONTEXT: {"email_type":"cancelled_order","status":"sent","recipient":"guest","order":10360}
2026-09-14T05:32:00+00:00 NOTICE Email "customer_completed_order" for order #10126 not sent: email type is disabled CONTEXT: {"email_type":"customer_completed_order","status":"disabled","recipient":"guest","order":10126}
2026-09-14T05:32:17+00:00 NOTICE Email "customer_completed_order" for order #10140 not sent: email type is disabled CONTEXT: {"email_type":"customer_completed_order","status":"disabled","recipient":"guest","order":10140}
2026-09-14T05:32:17+00:00 NOTICE Email "customer_completed_order" for order #9952 not sent: email type is disabled CONTEXT: {"email_type":"customer_completed_order","status":"disabled","recipient":"guest","order":9952}
2026-09-14T05:32:35+00:00 NOTICE Email "customer_completed_order" for order #10141 not sent: email type is disabled CONTEXT: {"email_type":"customer_completed_order","status":"disabled","recipient":"guest","order":10141}
2026-09-14T05:32:35+00:00 NOTICE Email "customer_completed_order" for order #9974 not sent: email type is disabled CONTEXT: {"email_type":"customer_completed_order","status":"disabled","recipient":"guest","order":9974}
2026-09-14T05:32:35+00:00 NOTICE Email "customer_completed_order" for order #9809 not sent: email type is disabled CONTEXT: {"email_type":"customer_completed_order","status":"disabled","recipient":"guest","order":9809}
2026-09-14T05:32:35+00:00 NOTICE Email "customer_completed_order" for order #10018 not sent: email type is disabled CONTEXT: {"email_type":"customer_completed_order","status":"disabled","recipient":"guest","order":10018}
2026-09-14T05:32:35+00:00 NOTICE Email "customer_completed_order" for order #10327 not sent: email type is disabled CONTEXT: {"email_type":"customer_completed_order","status":"disabled","recipient":"guest","order":10327}
2026-09-14T05:32:50+00:00 NOTICE Email "customer_failed_order" for order #10362 not sent: email type is disabled CONTEXT: {"email_type":"customer_failed_order","status":"disabled","recipient":"guest","order":10362}
2026-09-14T05:32:52+00:00 NOTICE Email "customer_completed_order" for order #10168 not sent: email type is disabled CONTEXT: {"email_type":"customer_completed_order","status":"disabled","recipient":"guest","order":10168}
2026-09-14T05:32:52+00:00 NOTICE Email "customer_completed_order" for order #9852 not sent: email type is disabled CONTEXT: {"email_type":"customer_completed_order","status":"disabled","recipient":"guest","order":9852}
2026-09-14T05:32:52+00:00 NOTICE Email "customer_completed_order" for order #9810 not sent: email type is disabled CONTEXT: {"email_type":"customer_completed_order","status":"disabled","recipient":"guest","order":9810}
2026-09-14T05:32:55+00:00 INFO Email "cancelled_order" for order #10337 sent CONTEXT: {"email_type":"cancelled_order","status":"sent","recipient":"guest","order":10337}
2026-09-14T05:32:56+00:00 INFO Email "failed_order" for order #10362 sent CONTEXT: {"email_type":"failed_order","status":"sent","recipient":"guest","order":10362}
2026-09-14T05:33:32+00:00 NOTICE Email "customer_failed_order" for order #10390 not sent: email type is disabled CONTEXT: {"email_type":"customer_failed_order","status":"disabled","recipient":"guest","order":10390}
2026-09-14T05:33:37+00:00 INFO Email "failed_order" for order #10390 sent CONTEXT: {"email_type":"failed_order","status":"sent","recipient":"guest","order":10390}
2026-09-14T05:33:46+00:00 NOTICE Email "customer_failed_order" for order #10320 not sent: email type is disabled CONTEXT: {"email_type":"customer_failed_order","status":"disabled","recipient":"guest","order":10320}
2026-09-14T05:33:46+00:00 NOTICE Email "customer_completed_order" for order #7526 not sent: email type is disabled CONTEXT: {"email_type":"customer_completed_order","status":"disabled","recipient":"guest","order":7526}
2026-09-14T05:34:03+00:00 NOTICE Email "customer_completed_order" for order #10287 not sent: email type is disabled CONTEXT: {"email_type":"customer_completed_order","status":"disabled","recipient":"guest","order":10287}
2026-09-14T05:34:03+00:00 NOTICE Email "customer_completed_order" for order #10046 not sent: email type is disabled CONTEXT: {"email_type":"customer_completed_order","status":"disabled","recipient":"guest","order":10046}
2026-09-14T05:34:14+00:00 NOTICE Email "customer_completed_order" for order #10156 not sent: email type is disabled CONTEXT: {"email_type":"customer_completed_order","status":"disabled","recipient":"guest","order":10156}
2026-09-14T05:34:20+00:00 NOTICE Email "customer_completed_order" for order #9865 not sent: email type is disabled CONTEXT: {"email_type":"customer_completed_order","status":"disabled","recipient":"guest","order":9865}
2026-09-14T05:34:20+00:00 NOTICE Email "customer_completed_order" for order #10338 not sent: email type is disabled CONTEXT: {"email_type":"customer_completed_order","status":"disabled","recipient":"guest","order":10338}
2026-09-14T05:34:25+00:00 NOTICE Email "customer_completed_order" for order #9936 not sent: email type is disabled CONTEXT: {"email_type":"customer_completed_order","status":"disabled","recipient":"guest","order":9936}
2026-09-14T05:34:25+00:00 NOTICE Email "customer_completed_order" for order #9950 not sent: email type is disabled CONTEXT: {"email_type":"customer_completed_order","status":"disabled","recipient":"guest","order":9950}
2026-09-14T05:34:26+00:00 NOTICE Email "customer_completed_order" for order #10128 not sent: email type is disabled CONTEXT: {"email_type":"customer_completed_order","status":"disabled","recipient":"guest","order":10128}
2026-09-14T05:34:26+00:00 NOTICE Email "customer_failed_order" for order #10304 not sent: email type is disabled CONTEXT: {"email_type":"customer_failed_order","status":"disabled","recipient":"guest","order":10304}
2026-09-14T05:34:32+00:00 NOTICE Email "customer_completed_order" for order #8085 not sent: email type is disabled CONTEXT: {"email_type":"customer_completed_order","status":"disabled","recipient":"guest","order":8085}
2026-09-14T05:34:33+00:00 NOTICE Email "customer_completed_order" for order #9757 not sent: email type is disabled CONTEXT: {"email_type":"customer_completed_order","status":"disabled","recipient":"guest","order":9757}
2026-09-14T05:34:33+00:00 NOTICE Email "customer_completed_order" for order #9773 not sent: email type is disabled CONTEXT: {"email_type":"customer_completed_order","status":"disabled","recipient":"guest","order":9773}
2026-09-14T05:34:33+00:00 NOTICE Email "customer_completed_order" for order #9784 not sent: email type is disabled CONTEXT: {"email_type":"customer_completed_order","status":"disabled","recipient":"guest","order":9784}
2026-09-14T05:34:33+00:00 NOTICE Email "customer_completed_order" for order #9786 not sent: email type is disabled CONTEXT: {"email_type":"customer_completed_order","status":"disabled","recipient":"guest","order":9786}
2026-09-14T05:34:33+00:00 NOTICE Email "customer_completed_order" for order #9798 not sent: email type is disabled CONTEXT: {"email_type":"customer_completed_order","status":"disabled","recipient":"guest","order":9798}
2026-09-14T05:34:33+00:00 NOTICE Email "customer_completed_order" for order #9851 not sent: email type is disabled CONTEXT: {"email_type":"customer_completed_order","status":"disabled","recipient":"guest","order":9851}
2026-09-14T05:34:33+00:00 NOTICE Email "customer_completed_order" for order #9865 not sent: email type is disabled CONTEXT: {"email_type":"customer_completed_order","status":"disabled","recipient":"guest","order":9865}
2026-09-14T05:34:33+00:00 NOTICE Email "customer_completed_order" for order #9892 not sent: email type is disabled CONTEXT: {"email_type":"customer_completed_order","status":"disabled","recipient":"guest","order":9892}
2026-09-14T05:34:34+00:00 NOTICE Email "customer_completed_order" for order #9900 not sent: email type is disabled CONTEXT: {"email_type":"customer_completed_order","status":"disabled","recipient":"guest","order":9900}
2026-09-14T05:34:34+00:00 NOTICE Email "customer_completed_order" for order #9936 not sent: email type is disabled CONTEXT: {"email_type":"customer_completed_order","status":"disabled","recipient":"guest","order":9936}
2026-09-14T05:34:34+00:00 NOTICE Email "customer_completed_order" for order #9938 not sent: email type is disabled CONTEXT: {"email_type":"customer_completed_order","status":"disabled","recipient":"guest","order":9938}
2026-09-14T05:34:34+00:00 NOTICE Email "customer_completed_order" for order #9950 not sent: email type is disabled CONTEXT: {"email_type":"customer_completed_order","status":"disabled","recipient":"guest","order":9950}
2026-09-14T05:34:34+00:00 NOTICE Email "customer_completed_order" for order #9974 not sent: email type is disabled CONTEXT: {"email_type":"customer_completed_order","status":"disabled","recipient":"guest","order":9974}
2026-09-14T05:34:35+00:00 NOTICE Email "customer_completed_order" for order #10027 not sent: email type is disabled CONTEXT: {"email_type":"customer_completed_order","status":"disabled","recipient":"guest","order":10027}
2026-09-14T05:34:35+00:00 NOTICE Email "customer_completed_order" for order #10086 not sent: email type is disabled CONTEXT: {"email_type":"customer_completed_order","status":"disabled","recipient":"guest","order":10086}
2026-09-14T05:34:36+00:00 NOTICE Email "customer_completed_order" for order #10126 not sent: email type is disabled CONTEXT: {"email_type":"customer_completed_order","status":"disabled","recipient":"guest","order":10126}
2026-09-14T05:34:36+00:00 NOTICE Email "customer_completed_order" for order #10128 not sent: email type is disabled CONTEXT: {"email_type":"customer_completed_order","status":"disabled","recipient":"guest","order":10128}
2026-09-14T05:34:36+00:00 NOTICE Email "customer_completed_order" for order #10156 not sent: email type is disabled CONTEXT: {"email_type":"customer_completed_order","status":"disabled","recipient":"guest","order":10156}
2026-09-14T05:34:36+00:00 NOTICE Email "customer_completed_order" for order #10164 not sent: email type is disabled CONTEXT: {"email_type":"customer_completed_order","status":"disabled","recipient":"guest","order":10164}
2026-09-14T05:34:36+00:00 NOTICE Email "customer_completed_order" for order #10197 not sent: email type is disabled CONTEXT: {"email_type":"customer_completed_order","status":"disabled","recipient":"guest","order":10197}
2026-09-14T05:34:36+00:00 NOTICE Email "customer_completed_order" for order #10200 not sent: email type is disabled CONTEXT: {"email_type":"customer_completed_order","status":"disabled","recipient":"guest","order":10200}
2026-09-14T05:34:37+00:00 NOTICE Email "customer_completed_order" for order #10239 not sent: email type is disabled CONTEXT: {"email_type":"customer_completed_order","status":"disabled","recipient":"guest","order":10239}
2026-09-14T05:34:37+00:00 NOTICE Email "customer_failed_order" for order #10304 not sent: email type is disabled CONTEXT: {"email_type":"customer_failed_order","status":"disabled","recipient":"guest","order":10304}
2026-09-14T05:34:37+00:00 NOTICE Email "customer_completed_order" for order #10338 not sent: email type is disabled CONTEXT: {"email_type":"customer_completed_order","status":"disabled","recipient":"guest","order":10338}
2026-09-14T05:34:43+00:00 INFO Email "cancelled_order" for order #10360 sent CONTEXT: {"email_type":"cancelled_order","status":"sent","recipient":"guest","order":10360}
2026-09-14T05:35:10+00:00 INFO Email "cancelled_order" for order #10560 sent CONTEXT: {"email_type":"cancelled_order","status":"sent","recipient":"guest","order":10560}
2026-09-14T05:35:29+00:00 INFO Email "cancelled_order" for order #10397 sent CONTEXT: {"email_type":"cancelled_order","status":"sent","recipient":"guest","order":10397}
2026-09-14T05:35:42+00:00 INFO Email "cancelled_order" for order #10369 sent CONTEXT: {"email_type":"cancelled_order","status":"sent","recipient":"guest","order":10369}
2026-09-14T05:35:51+00:00 INFO Email "cancelled_order" for order #10391 sent CONTEXT: {"email_type":"cancelled_order","status":"sent","recipient":"guest","order":10391}
2026-09-14T05:35:52+00:00 NOTICE Email "customer_completed_order" for order #10112 not sent: email type is disabled CONTEXT: {"email_type":"customer_completed_order","status":"disabled","recipient":"guest","order":10112}
2026-09-14T05:35:56+00:00 INFO Email "cancelled_order" for order #10374 sent CONTEXT: {"email_type":"cancelled_order","status":"sent","recipient":"guest","order":10374}
2026-09-14T05:36:02+00:00 INFO Email "cancelled_order" for order #10373 sent CONTEXT: {"email_type":"cancelled_order","status":"sent","recipient":"guest","order":10373}
2026-09-14T05:36:04+00:00 INFO Email "cancelled_order" for order #10370 sent CONTEXT: {"email_type":"cancelled_order","status":"sent","recipient":"guest","order":10370}
2026-09-14T05:36:07+00:00 INFO Email "cancelled_order" for order #10372 sent CONTEXT: {"email_type":"cancelled_order","status":"sent","recipient":"guest","order":10372}
2026-09-14T05:36:08+00:00 NOTICE Email "customer_completed_order" for order #9785 not sent: email type is disabled CONTEXT: {"email_type":"customer_completed_order","status":"disabled","recipient":"guest","order":9785}
2026-09-14T05:36:09+00:00 NOTICE Email "customer_completed_order" for order #10164 not sent: email type is disabled CONTEXT: {"email_type":"customer_completed_order","status":"disabled","recipient":"guest","order":10164}
2026-09-14T05:36:09+00:00 NOTICE Email "customer_completed_order" for order #10289 not sent: email type is disabled CONTEXT: {"email_type":"customer_completed_order","status":"disabled","recipient":"guest","order":10289}
2026-09-14T05:36:11+00:00 NOTICE Email "customer_completed_order" for order #9997 not sent: email type is disabled CONTEXT: {"email_type":"customer_completed_order","status":"disabled","recipient":"guest","order":9997}
2026-09-14T05:36:12+00:00 NOTICE Email "customer_completed_order" for order #9833 not sent: email type is disabled CONTEXT: {"email_type":"customer_completed_order","status":"disabled","recipient":"guest","order":9833}
2026-09-14T05:36:28+00:00 INFO Email "cancelled_order" for order #10370 sent CONTEXT: {"email_type":"cancelled_order","status":"sent","recipient":"guest","order":10370}
2026-09-14T05:36:29+00:00 INFO Email "cancelled_order" for order #10356 sent CONTEXT: {"email_type":"cancelled_order","status":"sent","recipient":"guest","order":10356}
2026-09-14T05:36:33+00:00 INFO Email "cancelled_order" for order #10369 sent CONTEXT: {"email_type":"cancelled_order","status":"sent","recipient":"guest","order":10369}
2026-09-14T05:36:43+00:00 INFO Email "cancelled_order" for order #10389 sent CONTEXT: {"email_type":"cancelled_order","status":"sent","recipient":"guest","order":10389}
2026-09-14T05:36:49+00:00 NOTICE Email "customer_completed_order" for order #10046 not sent: email type is disabled CONTEXT: {"email_type":"customer_completed_order","status":"disabled","recipient":"guest","order":10046}
2026-09-14T05:37:02+00:00 NOTICE Email "customer_failed_order" for order #10302 not sent: email type is disabled CONTEXT: {"email_type":"customer_failed_order","status":"disabled","recipient":"guest","order":10302}
2026-09-14T05:37:02+00:00 NOTICE Email "customer_completed_order" for order #10034 not sent: email type is disabled CONTEXT: {"email_type":"customer_completed_order","status":"disabled","recipient":"guest","order":10034}
2026-09-14T05:37:06+00:00 INFO Email "cancelled_order" for order #10339 sent CONTEXT: {"email_type":"cancelled_order","status":"sent","recipient":"guest","order":10339}
2026-09-14T05:37:06+00:00 NOTICE Email "customer_completed_order" for order #9865 not sent: email type is disabled CONTEXT: {"email_type":"customer_completed_order","status":"disabled","recipient":"guest","order":9865}
2026-09-14T05:37:15+00:00 INFO Email "cancelled_order" for order #10331 sent CONTEXT: {"email_type":"cancelled_order","status":"sent","recipient":"guest","order":10331}
2026-09-14T05:37:15+00:00 NOTICE Email "customer_failed_order" for order #10207 not sent: email type is disabled CONTEXT: {"email_type":"customer_failed_order","status":"disabled","recipient":"guest","order":10207}
2026-09-14T05:37:18+00:00 INFO Email "cancelled_order" for order #10350 sent CONTEXT: {"email_type":"cancelled_order","status":"sent","recipient":"guest","order":10350}
2026-09-14T05:37:21+00:00 NOTICE Email "customer_completed_order" for order #9938 not sent: email type is disabled CONTEXT: {"email_type":"customer_completed_order","status":"disabled","recipient":"guest","order":9938}
2026-09-14T05:37:21+00:00 NOTICE Email "customer_completed_order" for order #9900 not sent: email type is disabled CONTEXT: {"email_type":"customer_completed_order","status":"disabled","recipient":"guest","order":9900}
2026-09-14T05:37:21+00:00 NOTICE Email "customer_completed_order" for order #9907 not sent: email type is disabled CONTEXT: {"email_type":"customer_completed_order","status":"disabled","recipient":"guest","order":9907}
2026-09-14T05:37:30+00:00 NOTICE Email "customer_failed_order" for order #10358 not sent: email type is disabled CONTEXT: {"email_type":"customer_failed_order","status":"disabled","recipient":"guest","order":10358}
2026-09-14T05:37:35+00:00 INFO Email "failed_order" for order #10358 sent CONTEXT: {"email_type":"failed_order","status":"sent","recipient":"guest","order":10358}
2026-09-14T05:37:36+00:00 NOTICE Email "customer_failed_order" for order #10388 not sent: email type is disabled CONTEXT: {"email_type":"customer_failed_order","status":"disabled","recipient":"guest","order":10388}
2026-09-14T05:37:36+00:00 NOTICE Email "customer_completed_order" for order #10141 not sent: email type is disabled CONTEXT: {"email_type":"customer_completed_order","status":"disabled","recipient":"guest","order":10141}
2026-09-14T05:37:36+00:00 NOTICE Email "customer_completed_order" for order #10327 not sent: email type is disabled CONTEXT: {"email_type":"customer_completed_order","status":"disabled","recipient":"guest","order":10327}
2026-09-14T05:37:36+00:00 NOTICE Email "customer_completed_order" for order #10018 not sent: email type is disabled CONTEXT: {"email_type":"customer_completed_order","status":"disabled","recipient":"guest","order":10018}
2026-09-14T05:37:37+00:00 NOTICE Email "customer_completed_order" for order #9809 not sent: email type is disabled CONTEXT: {"email_type":"customer_completed_order","status":"disabled","recipient":"guest","order":9809}
2026-09-14T05:37:40+00:00 NOTICE Email "customer_completed_order" for order #10333 not sent: email type is disabled CONTEXT: {"email_type":"customer_completed_order","status":"disabled","recipient":"guest","order":10333}
2026-09-14T05:37:41+00:00 INFO Email "failed_order" for order #10388 sent CONTEXT: {"email_type":"failed_order","status":"sent","recipient":"guest","order":10388}
2026-09-14T05:37:54+00:00 NOTICE Email "customer_completed_order" for order #10140 not sent: email type is disabled CONTEXT: {"email_type":"customer_completed_order","status":"disabled","recipient":"guest","order":10140}
2026-09-14T05:37:56+00:00 NOTICE Email "customer_completed_order" for order #10158 not sent: email type is disabled CONTEXT: {"email_type":"customer_completed_order","status":"disabled","recipient":"guest","order":10158}
2026-09-14T05:37:58+00:00 NOTICE Email "customer_completed_order" for order #9810 not sent: email type is disabled CONTEXT: {"email_type":"customer_completed_order","status":"disabled","recipient":"guest","order":9810}
2026-09-14T05:38:06+00:00 INFO Email "cancelled_order" for order #10374 sent CONTEXT: {"email_type":"cancelled_order","status":"sent","recipient":"guest","order":10374}
2026-09-14T05:38:28+00:00 NOTICE Email "customer_completed_order" for order #10003 not sent: email type is disabled CONTEXT: {"email_type":"customer_completed_order","status":"disabled","recipient":"guest","order":10003}
2026-09-14T05:38:28+00:00 INFO Email "cancelled_order" for order #10366 sent CONTEXT: {"email_type":"cancelled_order","status":"sent","recipient":"guest","order":10366}
2026-09-14T05:38:44+00:00 NOTICE Email "customer_completed_order" for order #9943 not sent: email type is disabled CONTEXT: {"email_type":"customer_completed_order","status":"disabled","recipient":"guest","order":9943}
2026-09-14T05:39:25+00:00 INFO Email "cancelled_order" for order #10360 sent CONTEXT: {"email_type":"cancelled_order","status":"sent","recipient":"guest","order":10360}
2026-09-14T05:39:34+00:00 NOTICE Email "customer_completed_order" for order #9766 not sent: email type is disabled CONTEXT: {"email_type":"customer_completed_order","status":"disabled","recipient":"guest","order":9766}
2026-09-14T05:39:44+00:00 NOTICE Email "customer_completed_order" for order #10112 not sent: email type is disabled CONTEXT: {"email_type":"customer_completed_order","status":"disabled","recipient":"guest","order":10112}
2026-09-14T05:39:44+00:00 NOTICE Email "customer_completed_order" for order #10033 not sent: email type is disabled CONTEXT: {"email_type":"customer_completed_order","status":"disabled","recipient":"guest","order":10033}
2026-09-14T05:39:44+00:00 NOTICE Email "customer_completed_order" for order #10197 not sent: email type is disabled CONTEXT: {"email_type":"customer_completed_order","status":"disabled","recipient":"guest","order":10197}
2026-09-14T05:39:53+00:00 NOTICE Email "customer_completed_order" for order #10164 not sent: email type is disabled CONTEXT: {"email_type":"customer_completed_order","status":"disabled","recipient":"guest","order":10164}
2026-09-14T05:39:53+00:00 NOTICE Email "customer_completed_order" for order #10126 not sent: email type is disabled CONTEXT: {"email_type":"customer_completed_order","status":"disabled","recipient":"guest","order":10126}
2026-09-14T05:39:53+00:00 NOTICE Email "customer_completed_order" for order #9952 not sent: email type is disabled CONTEXT: {"email_type":"customer_completed_order","status":"disabled","recipient":"guest","order":9952}
2026-09-14T05:39:53+00:00 NOTICE Email "customer_completed_order" for order #9773 not sent: email type is disabled CONTEXT: {"email_type":"customer_completed_order","status":"disabled","recipient":"guest","order":9773}
2026-09-14T05:40:10+00:00 NOTICE Email "customer_completed_order" for order #9851 not sent: email type is disabled CONTEXT: {"email_type":"customer_completed_order","status":"disabled","recipient":"guest","order":9851}
2026-09-14T05:40:10+00:00 NOTICE Email "customer_completed_order" for order #9997 not sent: email type is disabled CONTEXT: {"email_type":"customer_completed_order","status":"disabled","recipient":"guest","order":9997}
2026-09-14T05:40:42+00:00 NOTICE Email "customer_completed_order" for order #8085 not sent: email type is disabled CONTEXT: {"email_type":"customer_completed_order","status":"disabled","recipient":"guest","order":8085}
2026-09-14T05:40:42+00:00 NOTICE Email "customer_completed_order" for order #9798 not sent: email type is disabled CONTEXT: {"email_type":"customer_completed_order","status":"disabled","recipient":"guest","order":9798}
2026-09-14T05:40:59+00:00 NOTICE Email "customer_completed_order" for order #9757 not sent: email type is disabled CONTEXT: {"email_type":"customer_completed_order","status":"disabled","recipient":"guest","order":9757}
2026-09-14T05:40:59+00:00 NOTICE Email "customer_completed_order" for order #9892 not sent: email type is disabled CONTEXT: {"email_type":"customer_completed_order","status":"disabled","recipient":"guest","order":9892}
2026-09-14T05:41:04+00:00 NOTICE Email "customer_completed_order" for order #10156 not sent: email type is disabled CONTEXT: {"email_type":"customer_completed_order","status":"disabled","recipient":"guest","order":10156}
2026-09-14T05:41:20+00:00 NOTICE Email "customer_completed_order" for order #10239 not sent: email type is disabled CONTEXT: {"email_type":"customer_completed_order","status":"disabled","recipient":"guest","order":10239}
2026-09-14T05:41:31+00:00 NOTICE Email "customer_failed_order" for order #10362 not sent: email type is disabled CONTEXT: {"email_type":"customer_failed_order","status":"disabled","recipient":"guest","order":10362}
2026-09-14T05:41:33+00:00 INFO Email "cancelled_order" for order #10371 sent CONTEXT: {"email_type":"cancelled_order","status":"sent","recipient":"guest","order":10371}
2026-09-14T05:41:36+00:00 INFO Email "failed_order" for order #10362 sent CONTEXT: {"email_type":"failed_order","status":"sent","recipient":"guest","order":10362}
2026-09-14T05:42:00+00:00 NOTICE Email "customer_completed_order" for order #10086 not sent: email type is disabled CONTEXT: {"email_type":"customer_completed_order","status":"disabled","recipient":"guest","order":10086}
2026-09-14T05:42:00+00:00 NOTICE Email "customer_completed_order" for order #10162 not sent: email type is disabled CONTEXT: {"email_type":"customer_completed_order","status":"disabled","recipient":"guest","order":10162}
2026-09-14T05:42:09+00:00 NOTICE Email "customer_completed_order" for order #7976 not sent: email type is disabled CONTEXT: {"email_type":"customer_completed_order","status":"disabled","recipient":"guest","order":7976}
2026-09-14T05:42:10+00:00 NOTICE Email "customer_completed_order" for order #9943 not sent: email type is disabled CONTEXT: {"email_type":"customer_completed_order","status":"disabled","recipient":"guest","order":9943}
2026-09-14T05:42:19+00:00 NOTICE Email "customer_completed_order" for order #10003 not sent: email type is disabled CONTEXT: {"email_type":"customer_completed_order","status":"disabled","recipient":"guest","order":10003}
2026-09-14T05:42:28+00:00 NOTICE Email "customer_completed_order" for order #10034 not sent: email type is disabled CONTEXT: {"email_type":"customer_completed_order","status":"disabled","recipient":"guest","order":10034}
2026-09-14T05:42:29+00:00 NOTICE Email "customer_completed_order" for order #9810 not sent: email type is disabled CONTEXT: {"email_type":"customer_completed_order","status":"disabled","recipient":"guest","order":9810}
2026-09-14T05:42:36+00:00 NOTICE Email "customer_completed_order" for order #10200 not sent: email type is disabled CONTEXT: {"email_type":"customer_completed_order","status":"disabled","recipient":"guest","order":10200}
2026-09-14T05:42:46+00:00 NOTICE Email "customer_completed_order" for order #9867 not sent: email type is disabled CONTEXT: {"email_type":"customer_completed_order","status":"disabled","recipient":"guest","order":9867}
2026-09-14T05:42:48+00:00 NOTICE Email "customer_completed_order" for order #10327 not sent: email type is disabled CONTEXT: {"email_type":"customer_completed_order","status":"disabled","recipient":"guest","order":10327}
2026-09-14T05:42:52+00:00 NOTICE Email "customer_completed_order" for order #10249 not sent: email type is disabled CONTEXT: {"email_type":"customer_completed_order","status":"disabled","recipient":"guest","order":10249}
2026-09-14T05:43:04+00:00 NOTICE Email "customer_completed_order" for order #10141 not sent: email type is disabled CONTEXT: {"email_type":"customer_completed_order","status":"disabled","recipient":"guest","order":10141}
2026-09-14T05:43:04+00:00 NOTICE Email "customer_completed_order" for order #10140 not sent: email type is disabled CONTEXT: {"email_type":"customer_completed_order","status":"disabled","recipient":"guest","order":10140}
2026-09-14T05:43:04+00:00 NOTICE Email "customer_completed_order" for order #10046 not sent: email type is disabled CONTEXT: {"email_type":"customer_completed_order","status":"disabled","recipient":"guest","order":10046}
2026-09-14T05:43:05+00:00 NOTICE Email "customer_completed_order" for order #9963 not sent: email type is disabled CONTEXT: {"email_type":"customer_completed_order","status":"disabled","recipient":"guest","order":9963}
2026-09-14T05:43:05+00:00 INFO Email "new_order" for order #10534 sent CONTEXT: {"email_type":"new_order","status":"sent","recipient":"guest","order":10534}
2026-09-14T05:43:05+00:00 NOTICE Email "customer_processing_order" for order #10534 not sent: email type is disabled CONTEXT: {"email_type":"customer_processing_order","status":"disabled","recipient":"guest","order":10534}
2026-09-14T05:43:09+00:00 NOTICE Email "customer_completed_order" for order #10289 not sent: email type is disabled CONTEXT: {"email_type":"customer_completed_order","status":"disabled","recipient":"guest","order":10289}
2026-09-14T05:43:09+00:00 NOTICE Email "customer_completed_order" for order #9923 not sent: email type is disabled CONTEXT: {"email_type":"customer_completed_order","status":"disabled","recipient":"guest","order":9923}
2026-09-14T05:43:09+00:00 NOTICE Email "customer_completed_order" for order #9833 not sent: email type is disabled CONTEXT: {"email_type":"customer_completed_order","status":"disabled","recipient":"guest","order":9833}
2026-09-14T05:43:19+00:00 NOTICE Email "customer_completed_order" for order #9938 not sent: email type is disabled CONTEXT: {"email_type":"customer_completed_order","status":"disabled","recipient":"guest","order":9938}
2026-09-14T05:43:20+00:00 NOTICE Email "customer_completed_order" for order #9809 not sent: email type is disabled CONTEXT: {"email_type":"customer_completed_order","status":"disabled","recipient":"guest","order":9809}
2026-09-14T05:43:20+00:00 NOTICE Email "customer_completed_order" for order #9786 not sent: email type is disabled CONTEXT: {"email_type":"customer_completed_order","status":"disabled","recipient":"guest","order":9786}
2026-09-14T05:43:20+00:00 NOTICE Email "customer_completed_order" for order #10027 not sent: email type is disabled CONTEXT: {"email_type":"customer_completed_order","status":"disabled","recipient":"guest","order":10027}
2026-09-14T05:43:26+00:00 NOTICE Email "customer_completed_order" for order #10061 not sent: email type is disabled CONTEXT: {"email_type":"customer_completed_order","status":"disabled","recipient":"guest","order":10061}
2026-09-14T05:43:37+00:00 NOTICE Email "customer_failed_order" for order #10320 not sent: email type is disabled CONTEXT: {"email_type":"customer_failed_order","status":"disabled","recipient":"guest","order":10320}
2026-09-14T05:43:37+00:00 NOTICE Email "customer_completed_order" for order #7526 not sent: email type is disabled CONTEXT: {"email_type":"customer_completed_order","status":"disabled","recipient":"guest","order":7526}
2026-09-14T05:43:42+00:00 INFO Email "cancelled_order" for order #10356 sent CONTEXT: {"email_type":"cancelled_order","status":"sent","recipient":"guest","order":10356}
2026-09-14T05:44:23+00:00 NOTICE Email "customer_failed_order" for order #10388 not sent: email type is disabled CONTEXT: {"email_type":"customer_failed_order","status":"disabled","recipient":"guest","order":10388}
2026-09-14T05:44:28+00:00 INFO Email "failed_order" for order #10388 sent CONTEXT: {"email_type":"failed_order","status":"sent","recipient":"guest","order":10388}
2026-09-14T05:44:28+00:00 NOTICE Email "customer_failed_order" for order #10358 not sent: email type is disabled CONTEXT: {"email_type":"customer_failed_order","status":"disabled","recipient":"guest","order":10358}
2026-09-14T05:44:30+00:00 NOTICE Email "customer_completed_order" for order #9936 not sent: email type is disabled CONTEXT: {"email_type":"customer_completed_order","status":"disabled","recipient":"guest","order":9936}
2026-09-14T05:44:33+00:00 INFO Email "failed_order" for order #10358 sent CONTEXT: {"email_type":"failed_order","status":"sent","recipient":"guest","order":10358}
2026-09-14T05:44:42+00:00 NOTICE Email "customer_completed_order" for order #9798 not sent: email type is disabled CONTEXT: {"email_type":"customer_completed_order","status":"disabled","recipient":"guest","order":9798}
2026-09-14T05:44:43+00:00 NOTICE Email "customer_failed_order" for order #10304 not sent: email type is disabled CONTEXT: {"email_type":"customer_failed_order","status":"disabled","recipient":"guest","order":10304}
2026-09-14T05:44:48+00:00 INFO Email "cancelled_order" for order #10374 sent CONTEXT: {"email_type":"cancelled_order","status":"sent","recipient":"guest","order":10374}
2026-09-14T05:44:58+00:00 NOTICE Email "customer_completed_order" for order #9997 not sent: email type is disabled CONTEXT: {"email_type":"customer_completed_order","status":"disabled","recipient":"guest","order":9997}
2026-09-14T05:45:00+00:00 NOTICE Email "customer_completed_order" for order #9773 not sent: email type is disabled CONTEXT: {"email_type":"customer_completed_order","status":"disabled","recipient":"guest","order":9773}
2026-09-14T05:45:15+00:00 NOTICE Email "customer_completed_order" for order #9832 not sent: email type is disabled CONTEXT: {"email_type":"customer_completed_order","status":"disabled","recipient":"guest","order":9832}
2026-09-14T05:45:17+00:00 NOTICE Email "customer_failed_order" for order #10390 not sent: email type is disabled CONTEXT: {"email_type":"customer_failed_order","status":"disabled","recipient":"guest","order":10390}
2026-09-14T05:45:19+00:00 NOTICE Email "customer_completed_order" for order #10287 not sent: email type is disabled CONTEXT: {"email_type":"customer_completed_order","status":"disabled","recipient":"guest","order":10287}
2026-09-14T05:45:22+00:00 INFO Email "failed_order" for order #10390 sent CONTEXT: {"email_type":"failed_order","status":"sent","recipient":"guest","order":10390}
2026-09-14T05:45:26+00:00 INFO Email "cancelled_order" for order #10370 sent CONTEXT: {"email_type":"cancelled_order","status":"sent","recipient":"guest","order":10370}
2026-09-14T05:45:48+00:00 INFO Email "cancelled_order" for order #10337 sent CONTEXT: {"email_type":"cancelled_order","status":"sent","recipient":"guest","order":10337}
2026-09-14T05:45:57+00:00 NOTICE Email "customer_failed_order" for order #10208 not sent: email type is disabled CONTEXT: {"email_type":"customer_failed_order","status":"disabled","recipient":"guest","order":10208}
2026-09-14T05:46:09+00:00 INFO Email "cancelled_order" for order #10350 sent CONTEXT: {"email_type":"cancelled_order","status":"sent","recipient":"guest","order":10350}
2026-09-14T05:46:14+00:00 INFO Email "cancelled_order" for order #10332 sent CONTEXT: {"email_type":"cancelled_order","status":"sent","recipient":"guest","order":10332}
2026-09-14T05:46:32+00:00 NOTICE Email "customer_completed_order" for order #9974 not sent: email type is disabled CONTEXT: {"email_type":"customer_completed_order","status":"disabled","recipient":"guest","order":9974}
2026-09-14T05:46:32+00:00 NOTICE Email "customer_completed_order" for order #9867 not sent: email type is disabled CONTEXT: {"email_type":"customer_completed_order","status":"disabled","recipient":"guest","order":9867}
2026-09-14T05:46:37+00:00 INFO Email "cancelled_order" for order #10373 sent CONTEXT: {"email_type":"cancelled_order","status":"sent","recipient":"guest","order":10373}
2026-09-14T05:46:51+00:00 NOTICE Email "customer_completed_order" for order #10168 not sent: email type is disabled CONTEXT: {"email_type":"customer_completed_order","status":"disabled","recipient":"guest","order":10168}
2026-09-14T05:46:53+00:00 NOTICE Email "customer_failed_order" for order #10455 not sent: email type is disabled CONTEXT: {"email_type":"customer_failed_order","status":"disabled","recipient":"guest","order":10455}
2026-09-14T05:46:58+00:00 INFO Email "failed_order" for order #10455 sent CONTEXT: {"email_type":"failed_order","status":"sent","recipient":"guest","order":10455}
2026-09-14T05:46:59+00:00 INFO Email "cancelled_order" for order #10389 sent CONTEXT: {"email_type":"cancelled_order","status":"sent","recipient":"guest","order":10389}
2026-09-14T05:47:00+00:00 NOTICE Email "customer_completed_order" for order #10034 not sent: email type is disabled CONTEXT: {"email_type":"customer_completed_order","status":"disabled","recipient":"guest","order":10034}
2026-09-14T05:47:01+00:00 NOTICE Email "customer_completed_order" for order #10112 not sent: email type is disabled CONTEXT: {"email_type":"customer_completed_order","status":"disabled","recipient":"guest","order":10112}
2026-09-14T05:47:03+00:00 INFO Email "cancelled_order" for order #10397 sent CONTEXT: {"email_type":"cancelled_order","status":"sent","recipient":"guest","order":10397}
2026-09-14T05:47:12+00:00 NOTICE Email "customer_completed_order" for order #9952 not sent: email type is disabled CONTEXT: {"email_type":"customer_completed_order","status":"disabled","recipient":"guest","order":9952}
2026-09-14T05:47:12+00:00 NOTICE Email "customer_completed_order" for order #9865 not sent: email type is disabled CONTEXT: {"email_type":"customer_completed_order","status":"disabled","recipient":"guest","order":9865}
2026-09-14T05:47:12+00:00 NOTICE Email "customer_completed_order" for order #10018 not sent: email type is disabled CONTEXT: {"email_type":"customer_completed_order","status":"disabled","recipient":"guest","order":10018}
2026-09-14T05:47:12+00:00 NOTICE Email "customer_completed_order" for order #9852 not sent: email type is disabled CONTEXT: {"email_type":"customer_completed_order","status":"disabled","recipient":"guest","order":9852}
2026-09-14T05:47:17+00:00 NOTICE Email "customer_completed_order" for order #10200 not sent: email type is disabled CONTEXT: {"email_type":"customer_completed_order","status":"disabled","recipient":"guest","order":10200}
2026-09-14T05:47:31+00:00 NOTICE Email "customer_completed_order" for order #10333 not sent: email type is disabled CONTEXT: {"email_type":"customer_completed_order","status":"disabled","recipient":"guest","order":10333}
2026-09-14T05:47:52+00:00 NOTICE Email "customer_completed_order" for order #10033 not sent: email type is disabled CONTEXT: {"email_type":"customer_completed_order","status":"disabled","recipient":"guest","order":10033}
2026-09-14T05:47:56+00:00 INFO Email "cancelled_order" for order #10360 sent CONTEXT: {"email_type":"cancelled_order","status":"sent","recipient":"guest","order":10360}
2026-09-14T05:48:13+00:00 NOTICE Email "customer_completed_order" for order #9766 not sent: email type is disabled CONTEXT: {"email_type":"customer_completed_order","status":"disabled","recipient":"guest","order":9766}
2026-09-14T05:48:50+00:00 NOTICE Email "customer_completed_order" for order #9757 not sent: email type is disabled CONTEXT: {"email_type":"customer_completed_order","status":"disabled","recipient":"guest","order":9757}
2026-09-14T05:48:50+00:00 NOTICE Email "customer_completed_order" for order #9833 not sent: email type is disabled CONTEXT: {"email_type":"customer_completed_order","status":"disabled","recipient":"guest","order":9833}
2026-09-14T05:48:51+00:00 NOTICE Email "customer_completed_order" for order #9963 not sent: email type is disabled CONTEXT: {"email_type":"customer_completed_order","status":"disabled","recipient":"guest","order":9963}
2026-09-14T05:48:52+00:00 NOTICE Email "customer_completed_order" for order #10027 not sent: email type is disabled CONTEXT: {"email_type":"customer_completed_order","status":"disabled","recipient":"guest","order":10027}
2026-09-14T05:48:53+00:00 NOTICE Email "customer_completed_order" for order #10126 not sent: email type is disabled CONTEXT: {"email_type":"customer_completed_order","status":"disabled","recipient":"guest","order":10126}
2026-09-14T05:48:53+00:00 NOTICE Email "customer_completed_order" for order #10164 not sent: email type is disabled CONTEXT: {"email_type":"customer_completed_order","status":"disabled","recipient":"guest","order":10164}
2026-09-14T05:48:54+00:00 NOTICE Email "customer_failed_order" for order #10302 not sent: email type is disabled CONTEXT: {"email_type":"customer_failed_order","status":"disabled","recipient":"guest","order":10302}
2026-09-14T05:48:55+00:00 NOTICE Email "customer_completed_order" for order #10338 not sent: email type is disabled CONTEXT: {"email_type":"customer_completed_order","status":"disabled","recipient":"guest","order":10338}
2026-09-14T05:49:39+00:00 NOTICE Email "customer_failed_order" for order #10362 not sent: email type is disabled CONTEXT: {"email_type":"customer_failed_order","status":"disabled","recipient":"guest","order":10362}
2026-09-14T05:49:44+00:00 INFO Email "failed_order" for order #10362 sent CONTEXT: {"email_type":"failed_order","status":"sent","recipient":"guest","order":10362}
2026-09-14T05:50:07+00:00 INFO Email "cancelled_order" for order #10371 sent CONTEXT: {"email_type":"cancelled_order","status":"sent","recipient":"guest","order":10371}
2026-09-14T05:50:36+00:00 NOTICE Email "customer_note" for order #10563 not sent: email type is disabled CONTEXT: {"email_type":"customer_note","status":"disabled","recipient":"guest","order":10563}
2026-09-14T05:50:46+00:00 INFO Email "cancelled_order" for order #10370 sent CONTEXT: {"email_type":"cancelled_order","status":"sent","recipient":"guest","order":10370}
2026-09-14T05:51:02+00:00 NOTICE Email "customer_completed_order" for order #7526 not sent: email type is disabled CONTEXT: {"email_type":"customer_completed_order","status":"disabled","recipient":"guest","order":7526}
2026-09-14T05:51:05+00:00 NOTICE Email "customer_completed_order" for order #9892 not sent: email type is disabled CONTEXT: {"email_type":"customer_completed_order","status":"disabled","recipient":"guest","order":9892}
2026-09-14T05:51:42+00:00 NOTICE Email "customer_completed_order" for order #10086 not sent: email type is disabled CONTEXT: {"email_type":"customer_completed_order","status":"disabled","recipient":"guest","order":10086}
2026-09-14T05:51:42+00:00 NOTICE Email "customer_completed_order" for order #9785 not sent: email type is disabled CONTEXT: {"email_type":"customer_completed_order","status":"disabled","recipient":"guest","order":9785}
2026-09-14T05:51:42+00:00 NOTICE Email "customer_completed_order" for order #10162 not sent: email type is disabled CONTEXT: {"email_type":"customer_completed_order","status":"disabled","recipient":"guest","order":10162}
2026-09-14T05:51:52+00:00 NOTICE Email "customer_completed_order" for order #10003 not sent: email type is disabled CONTEXT: {"email_type":"customer_completed_order","status":"disabled","recipient":"guest","order":10003}
2026-09-14T05:51:52+00:00 NOTICE Email "customer_completed_order" for order #9784 not sent: email type is disabled CONTEXT: {"email_type":"customer_completed_order","status":"disabled","recipient":"guest","order":9784}
2026-09-14T05:52:00+00:00 INFO Email "cancelled_order" for order #10372 sent CONTEXT: {"email_type":"cancelled_order","status":"sent","recipient":"guest","order":10372}
2026-09-14T05:52:22+00:00 INFO Email "cancelled_order" for order #10391 sent CONTEXT: {"email_type":"cancelled_order","status":"sent","recipient":"guest","order":10391}
2026-09-14T05:53:04+00:00 INFO Email "cancelled_order" for order #10350 sent CONTEXT: {"email_type":"cancelled_order","status":"sent","recipient":"guest","order":10350}
2026-09-14T05:53:09+00:00 INFO Email "cancelled_order" for order #10332 sent CONTEXT: {"email_type":"cancelled_order","status":"sent","recipient":"guest","order":10332}
2026-09-14T05:53:36+00:00 INFO Email "cancelled_order" for order #10373 sent CONTEXT: {"email_type":"cancelled_order","status":"sent","recipient":"guest","order":10373}
2026-09-14T05:53:41+00:00 INFO Email "cancelled_order" for order #10389 sent CONTEXT: {"email_type":"cancelled_order","status":"sent","recipient":"guest","order":10389}
2026-09-14T05:53:46+00:00 INFO Email "cancelled_order" for order #10397 sent CONTEXT: {"email_type":"cancelled_order","status":"sent","recipient":"guest","order":10397}
2026-09-14T05:53:56+00:00 NOTICE Email "customer_completed_order" for order #9907 not sent: email type is disabled CONTEXT: {"email_type":"customer_completed_order","status":"disabled","recipient":"guest","order":9907}
2026-09-14T05:54:14+00:00 NOTICE Email "customer_completed_order" for order #10287 not sent: email type is disabled CONTEXT: {"email_type":"customer_completed_order","status":"disabled","recipient":"guest","order":10287}
2026-09-14T05:54:20+00:00 NOTICE Email "customer_failed_order" for order #10388 not sent: email type is disabled CONTEXT: {"email_type":"customer_failed_order","status":"disabled","recipient":"guest","order":10388}
2026-09-14T05:54:25+00:00 INFO Email "failed_order" for order #10388 sent CONTEXT: {"email_type":"failed_order","status":"sent","recipient":"guest","order":10388}
2026-09-14T05:54:45+00:00 INFO Email "cancelled_order" for order #10337 sent CONTEXT: {"email_type":"cancelled_order","status":"sent","recipient":"guest","order":10337}
2026-09-14T05:54:45+00:00 NOTICE Email "customer_failed_order" for order #10208 not sent: email type is disabled CONTEXT: {"email_type":"customer_failed_order","status":"disabled","recipient":"guest","order":10208}
2026-09-14T05:54:46+00:00 NOTICE Email "customer_failed_order" for order #10358 not sent: email type is disabled CONTEXT: {"email_type":"customer_failed_order","status":"disabled","recipient":"guest","order":10358}
2026-09-14T05:54:50+00:00 INFO Email "cancelled_order" for order #10339 sent CONTEXT: {"email_type":"cancelled_order","status":"sent","recipient":"guest","order":10339}
2026-09-14T05:54:50+00:00 NOTICE Email "customer_completed_order" for order #9852 not sent: email type is disabled CONTEXT: {"email_type":"customer_completed_order","status":"disabled","recipient":"guest","order":9852}
2026-09-14T05:54:50+00:00 NOTICE Email "customer_completed_order" for order #9809 not sent: email type is disabled CONTEXT: {"email_type":"customer_completed_order","status":"disabled","recipient":"guest","order":9809}
2026-09-14T05:54:50+00:00 NOTICE Email "customer_completed_order" for order #9786 not sent: email type is disabled CONTEXT: {"email_type":"customer_completed_order","status":"disabled","recipient":"guest","order":9786}
2026-09-14T05:54:51+00:00 INFO Email "failed_order" for order #10358 sent CONTEXT: {"email_type":"failed_order","status":"sent","recipient":"guest","order":10358}
2026-09-14T05:55:44+00:00 NOTICE Email "customer_completed_order" for order #10164 not sent: email type is disabled CONTEXT: {"email_type":"customer_completed_order","status":"disabled","recipient":"guest","order":10164}
2026-09-14T05:55:59+00:00 INFO Email "cancelled_order" for order #10366 sent CONTEXT: {"email_type":"cancelled_order","status":"sent","recipient":"guest","order":10366}
2026-09-14T05:56:16+00:00 NOTICE Email "customer_completed_order" for order #10061 not sent: email type is disabled CONTEXT: {"email_type":"customer_completed_order","status":"disabled","recipient":"guest","order":10061}
2026-09-14T05:56:24+00:00 INFO Email "cancelled_order" for order #10374 sent CONTEXT: {"email_type":"cancelled_order","status":"sent","recipient":"guest","order":10374}
2026-09-14T05:56:33+00:00 NOTICE Email "customer_completed_order" for order #10338 not sent: email type is disabled CONTEXT: {"email_type":"customer_completed_order","status":"disabled","recipient":"guest","order":10338}
2026-09-14T05:56:50+00:00 NOTICE Email "customer_completed_order" for order #10046 not sent: email type is disabled CONTEXT: {"email_type":"customer_completed_order","status":"disabled","recipient":"guest","order":10046}
2026-09-14T05:56:54+00:00 INFO Email "cancelled_order" for order #10369 sent CONTEXT: {"email_type":"cancelled_order","status":"sent","recipient":"guest","order":10369}
2026-09-14T05:57:01+00:00 NOTICE Email "customer_failed_order" for order #10390 not sent: email type is disabled CONTEXT: {"email_type":"customer_failed_order","status":"disabled","recipient":"guest","order":10390}
2026-09-14T05:57:02+00:00 INFO Email "cancelled_order" for order #10331 sent CONTEXT: {"email_type":"cancelled_order","status":"sent","recipient":"guest","order":10331}
2026-09-14T05:57:07+00:00 INFO Email "failed_order" for order #10390 sent CONTEXT: {"email_type":"failed_order","status":"sent","recipient":"guest","order":10390}
2026-09-14T05:57:07+00:00 NOTICE Email "customer_completed_order" for order #9974 not sent: email type is disabled CONTEXT: {"email_type":"customer_completed_order","status":"disabled","recipient":"guest","order":9974}
2026-09-14T05:57:25+00:00 INFO Email "cancelled_order" for order #10370 sent CONTEXT: {"email_type":"cancelled_order","status":"sent","recipient":"guest","order":10370}
2026-09-14T05:57:25+00:00 NOTICE Email "customer_completed_order" for order #10158 not sent: email type is disabled CONTEXT: {"email_type":"customer_completed_order","status":"disabled","recipient":"guest","order":10158}
2026-09-14T05:58:31+00:00 INFO Email "cancelled_order" for order #10337 sent CONTEXT: {"email_type":"cancelled_order","status":"sent","recipient":"guest","order":10337}
2026-09-14T05:59:17+00:00 NOTICE Email "customer_note" for order #10564 not sent: email type is disabled CONTEXT: {"email_type":"customer_note","status":"disabled","recipient":"guest","order":10564}
2026-09-14T05:59:40+00:00 NOTICE Email "customer_completed_order" for order #9936 not sent: email type is disabled CONTEXT: {"email_type":"customer_completed_order","status":"disabled","recipient":"guest","order":9936}
2026-09-14T05:59:46+00:00 INFO Email "cancelled_order" for order #10360 sent CONTEXT: {"email_type":"cancelled_order","status":"sent","recipient":"guest","order":10360}
2026-09-14T05:59:46+00:00 NOTICE Email "customer_completed_order" for order #9833 not sent: email type is disabled CONTEXT: {"email_type":"customer_completed_order","status":"disabled","recipient":"guest","order":9833}
2026-09-14T05:59:58+00:00 NOTICE Email "customer_completed_order" for order #10141 not sent: email type is disabled CONTEXT: {"email_type":"customer_completed_order","status":"disabled","recipient":"guest","order":10141}
2026-09-14T05:59:59+00:00 NOTICE Email "customer_completed_order" for order #10033 not sent: email type is disabled CONTEXT: {"email_type":"customer_completed_order","status":"disabled","recipient":"guest","order":10033}
2026-09-14T06:00:27+00:00 NOTICE Email "customer_completed_order" for order #10156 not sent: email type is disabled CONTEXT: {"email_type":"customer_completed_order","status":"disabled","recipient":"guest","order":10156}
2026-09-14T06:00:33+00:00 NOTICE Email "customer_completed_order" for order #10128 not sent: email type is disabled CONTEXT: {"email_type":"customer_completed_order","status":"disabled","recipient":"guest","order":10128}
2026-09-14T06:00:33+00:00 NOTICE Email "customer_completed_order" for order #9950 not sent: email type is disabled CONTEXT: {"email_type":"customer_completed_order","status":"disabled","recipient":"guest","order":9950}
2026-09-14T06:00:44+00:00 NOTICE Email "customer_completed_order" for order #9833 not sent: email type is disabled CONTEXT: {"email_type":"customer_completed_order","status":"disabled","recipient":"guest","order":9833}
2026-09-14T06:00:44+00:00 NOTICE Email "customer_completed_order" for order #9773 not sent: email type is disabled CONTEXT: {"email_type":"customer_completed_order","status":"disabled","recipient":"guest","order":9773}
2026-09-14T06:00:46+00:00 NOTICE Email "customer_completed_order" for order #9943 not sent: email type is disabled CONTEXT: {"email_type":"customer_completed_order","status":"disabled","recipient":"guest","order":9943}
2026-09-14T06:00:54+00:00 NOTICE Email "customer_completed_order" for order #9938 not sent: email type is disabled CONTEXT: {"email_type":"customer_completed_order","status":"disabled","recipient":"guest","order":9938}
2026-09-14T06:01:08+00:00 NOTICE Email "customer_completed_order" for order #9832 not sent: email type is disabled CONTEXT: {"email_type":"customer_completed_order","status":"disabled","recipient":"guest","order":9832}
2026-09-14T06:01:09+00:00 NOTICE Email "customer_completed_order" for order #10168 not sent: email type is disabled CONTEXT: {"email_type":"customer_completed_order","status":"disabled","recipient":"guest","order":10168}
2026-09-14T06:01:18+00:00 NOTICE Email "customer_completed_order" for order #10086 not sent: email type is disabled CONTEXT: {"email_type":"customer_completed_order","status":"disabled","recipient":"guest","order":10086}
2026-09-14T06:01:33+00:00 NOTICE Email "customer_completed_order" for order #9852 not sent: email type is disabled CONTEXT: {"email_type":"customer_completed_order","status":"disabled","recipient":"guest","order":9852}
2026-09-14T06:01:33+00:00 NOTICE Email "customer_completed_order" for order #10018 not sent: email type is disabled CONTEXT: {"email_type":"customer_completed_order","status":"disabled","recipient":"guest","order":10018}
2026-09-14T06:01:33+00:00 NOTICE Email "customer_completed_order" for order #9785 not sent: email type is disabled CONTEXT: {"email_type":"customer_completed_order","status":"disabled","recipient":"guest","order":9785}
2026-09-14T06:01:34+00:00 NOTICE Email "customer_completed_order" for order #10162 not sent: email type is disabled CONTEXT: {"email_type":"customer_completed_order","status":"disabled","recipient":"guest","order":10162}
2026-09-14T06:01:35+00:00 INFO Email "cancelled_order" for order #10356 sent CONTEXT: {"email_type":"cancelled_order","status":"sent","recipient":"guest","order":10356}
2026-09-14T06:01:42+00:00 NOTICE Email "customer_failed_order" for order #10304 not sent: email type is disabled CONTEXT: {"email_type":"customer_failed_order","status":"disabled","recipient":"guest","order":10304}
2026-09-14T06:01:58+00:00 NOTICE Email "customer_completed_order" for order #9766 not sent: email type is disabled CONTEXT: {"email_type":"customer_completed_order","status":"disabled","recipient":"guest","order":9766}
2026-09-14T06:02:04+00:00 INFO Email "cancelled_order" for order #10391 sent CONTEXT: {"email_type":"cancelled_order","status":"sent","recipient":"guest","order":10391}
2026-09-14T06:02:19+00:00 NOTICE Email "customer_completed_order" for order #8085 not sent: email type is disabled CONTEXT: {"email_type":"customer_completed_order","status":"disabled","recipient":"guest","order":8085}
2026-09-14T06:02:23+00:00 INFO Email "cancelled_order" for order #10339 sent CONTEXT: {"email_type":"cancelled_order","status":"sent","recipient":"guest","order":10339}
2026-09-14T06:02:25+00:00 NOTICE Email "customer_note" for order #10566 not sent: email type is disabled CONTEXT: {"email_type":"customer_note","status":"disabled","recipient":"guest","order":10566}
2026-09-14T06:02:30+00:00 INFO Email "cancelled_order" for order #10424 sent CONTEXT: {"email_type":"cancelled_order","status":"sent","recipient":"guest","order":10424}
2026-09-14T06:02:38+00:00 NOTICE Email "customer_completed_order" for order #9974 not sent: email type is disabled CONTEXT: {"email_type":"customer_completed_order","status":"disabled","recipient":"guest","order":9974}
2026-09-14T06:02:43+00:00 NOTICE Email "customer_completed_order" for order #10338 not sent: email type is disabled CONTEXT: {"email_type":"customer_completed_order","status":"disabled","recipient":"guest","order":10338}
2026-09-14T06:02:43+00:00 NOTICE Email "customer_failed_order" for order #10320 not sent: email type is disabled CONTEXT: {"email_type":"customer_failed_order","status":"disabled","recipient":"guest","order":10320}
2026-09-14T06:02:58+00:00 NOTICE Email "customer_completed_order" for order #10333 not sent: email type is disabled CONTEXT: {"email_type":"customer_completed_order","status":"disabled","recipient":"guest","order":10333}
2026-09-14T06:02:59+00:00 NOTICE Email "customer_completed_order" for order #9784 not sent: email type is disabled CONTEXT: {"email_type":"customer_completed_order","status":"disabled","recipient":"guest","order":9784}
2026-09-14T06:03:02+00:00 NOTICE Email "customer_completed_order" for order #10061 not sent: email type is disabled CONTEXT: {"email_type":"customer_completed_order","status":"disabled","recipient":"guest","order":10061}
2026-09-14T06:03:02+00:00 NOTICE Email "customer_completed_order" for order #10027 not sent: email type is disabled CONTEXT: {"email_type":"customer_completed_order","status":"disabled","recipient":"guest","order":10027}
2026-09-14T06:03:02+00:00 NOTICE Email "customer_failed_order" for order #10304 not sent: email type is disabled CONTEXT: {"email_type":"customer_failed_order","status":"disabled","recipient":"guest","order":10304}
2026-09-14T06:03:02+00:00 NOTICE Email "customer_completed_order" for order #9786 not sent: email type is disabled CONTEXT: {"email_type":"customer_completed_order","status":"disabled","recipient":"guest","order":9786}
2026-09-14T06:03:16+00:00 NOTICE Email "customer_failed_order" for order #10302 not sent: email type is disabled CONTEXT: {"email_type":"customer_failed_order","status":"disabled","recipient":"guest","order":10302}
2026-09-14T06:03:19+00:00 NOTICE Email "customer_completed_order" for order #10003 not sent: email type is disabled CONTEXT: {"email_type":"customer_completed_order","status":"disabled","recipient":"guest","order":10003}
2026-09-14T06:03:27+00:00 NOTICE Email "customer_completed_order" for order #9798 not sent: email type is disabled CONTEXT: {"email_type":"customer_completed_order","status":"disabled","recipient":"guest","order":9798}
2026-09-14T06:03:38+00:00 NOTICE Email "customer_completed_order" for order #10112 not sent: email type is disabled CONTEXT: {"email_type":"customer_completed_order","status":"disabled","recipient":"guest","order":10112}
2026-09-14T06:03:38+00:00 NOTICE Email "customer_completed_order" for order #10126 not sent: email type is disabled CONTEXT: {"email_type":"customer_completed_order","status":"disabled","recipient":"guest","order":10126}
2026-09-14T06:03:38+00:00 NOTICE Email "customer_completed_order" for order #10164 not sent: email type is disabled CONTEXT: {"email_type":"customer_completed_order","status":"disabled","recipient":"guest","order":10164}
2026-09-14T06:03:38+00:00 NOTICE Email "customer_completed_order" for order #9785 not sent: email type is disabled CONTEXT: {"email_type":"customer_completed_order","status":"disabled","recipient":"guest","order":9785}
2026-09-14T06:03:38+00:00 NOTICE Email "customer_completed_order" for order #10086 not sent: email type is disabled CONTEXT: {"email_type":"customer_completed_order","status":"disabled","recipient":"guest","order":10086}
2026-09-14T06:03:39+00:00 NOTICE Email "customer_completed_order" for order #10197 not sent: email type is disabled CONTEXT: {"email_type":"customer_completed_order","status":"disabled","recipient":"guest","order":10197}
2026-09-14T06:03:42+00:00 INFO Email "cancelled_order" for order #10389 sent CONTEXT: {"email_type":"cancelled_order","status":"sent","recipient":"guest","order":10389}
2026-09-14T06:03:44+00:00 NOTICE Email "customer_completed_order" for order #9900 not sent: email type is disabled CONTEXT: {"email_type":"customer_completed_order","status":"disabled","recipient":"guest","order":9900}
2026-09-14T06:03:45+00:00 NOTICE Email "customer_completed_order" for order #9923 not sent: email type is disabled CONTEXT: {"email_type":"customer_completed_order","status":"disabled","recipient":"guest","order":9923}
2026-09-14T06:03:48+00:00 INFO Email "cancelled_order" for order #10397 sent CONTEXT: {"email_type":"cancelled_order","status":"sent","recipient":"guest","order":10397}
2026-09-14T06:03:50+00:00 INFO Email "new_order" for order #10566 sent CONTEXT: {"email_type":"new_order","status":"sent","recipient":"guest","order":10566}
2026-09-14T06:03:50+00:00 NOTICE Email "customer_processing_order" for order #10566 not sent: email type is disabled CONTEXT: {"email_type":"customer_processing_order","status":"disabled","recipient":"guest","order":10566}
2026-09-14T06:03:50+00:00 NOTICE Email "customer_note" for order #10566 not sent: email type is disabled CONTEXT: {"email_type":"customer_note","status":"disabled","recipient":"guest","order":10566}
2026-09-14T06:03:54+00:00 NOTICE Email "customer_completed_order" for order #9867 not sent: email type is disabled CONTEXT: {"email_type":"customer_completed_order","status":"disabled","recipient":"guest","order":9867}
2026-09-14T06:03:54+00:00 NOTICE Email "customer_completed_order" for order #7976 not sent: email type is disabled CONTEXT: {"email_type":"customer_completed_order","status":"disabled","recipient":"guest","order":7976}
2026-09-14T06:03:54+00:00 NOTICE Email "customer_completed_order" for order #10148 not sent: email type is disabled CONTEXT: {"email_type":"customer_completed_order","status":"disabled","recipient":"guest","order":10148}
2026-09-14T06:04:01+00:00 INFO Email "cancelled_order" for order #10373 sent CONTEXT: {"email_type":"cancelled_order","status":"sent","recipient":"guest","order":10373}
2026-09-14T06:04:10+00:00 NOTICE Email "customer_completed_order" for order #10239 not sent: email type is disabled CONTEXT: {"email_type":"customer_completed_order","status":"disabled","recipient":"guest","order":10239}
2026-09-14T06:04:10+00:00 NOTICE Email "customer_completed_order" for order #9851 not sent: email type is disabled CONTEXT: {"email_type":"customer_completed_order","status":"disabled","recipient":"guest","order":9851}
2026-09-14T06:04:16+00:00 INFO Email "cancelled_order" for order #10370 sent CONTEXT: {"email_type":"cancelled_order","status":"sent","recipient":"guest","order":10370}
2026-09-14T06:04:18+00:00 NOTICE Email "customer_completed_order" for order #10156 not sent: email type is disabled CONTEXT: {"email_type":"customer_completed_order","status":"disabled","recipient":"guest","order":10156}
2026-09-14T06:04:26+00:00 NOTICE Email "customer_completed_order" for order #10046 not sent: email type is disabled CONTEXT: {"email_type":"customer_completed_order","status":"disabled","recipient":"guest","order":10046}
2026-09-14T06:04:26+00:00 NOTICE Email "customer_completed_order" for order #9809 not sent: email type is disabled CONTEXT: {"email_type":"customer_completed_order","status":"disabled","recipient":"guest","order":9809}
2026-09-14T06:04:26+00:00 NOTICE Email "customer_completed_order" for order #10327 not sent: email type is disabled CONTEXT: {"email_type":"customer_completed_order","status":"disabled","recipient":"guest","order":10327}
2026-09-14T06:04:26+00:00 NOTICE Email "customer_completed_order" for order #9907 not sent: email type is disabled CONTEXT: {"email_type":"customer_completed_order","status":"disabled","recipient":"guest","order":9907}
2026-09-14T06:04:30+00:00 INFO Email "cancelled_order" for order #10350 sent CONTEXT: {"email_type":"cancelled_order","status":"sent","recipient":"guest","order":10350}
2026-09-14T06:04:30+00:00 INFO Email "cancelled_order" for order #10366 sent CONTEXT: {"email_type":"cancelled_order","status":"sent","recipient":"guest","order":10366}
2026-09-14T06:04:43+00:00 NOTICE Email "customer_completed_order" for order #10249 not sent: email type is disabled CONTEXT: {"email_type":"customer_completed_order","status":"disabled","recipient":"guest","order":10249}
2026-09-14T06:04:51+00:00 NOTICE Email "customer_completed_order" for order #7526 not sent: email type is disabled CONTEXT: {"email_type":"customer_completed_order","status":"disabled","recipient":"guest","order":7526}
2026-09-14T06:04:52+00:00 NOTICE Email "customer_completed_order" for order #9809 not sent: email type is disabled CONTEXT: {"email_type":"customer_completed_order","status":"disabled","recipient":"guest","order":9809}
2026-09-14T06:04:53+00:00 NOTICE Email "customer_completed_order" for order #9810 not sent: email type is disabled CONTEXT: {"email_type":"customer_completed_order","status":"disabled","recipient":"guest","order":9810}
2026-09-14T06:04:53+00:00 NOTICE Email "customer_completed_order" for order #9865 not sent: email type is disabled CONTEXT: {"email_type":"customer_completed_order","status":"disabled","recipient":"guest","order":9865}
2026-09-14T06:04:53+00:00 NOTICE Email "customer_completed_order" for order #9892 not sent: email type is disabled CONTEXT: {"email_type":"customer_completed_order","status":"disabled","recipient":"guest","order":9892}
2026-09-14T06:04:53+00:00 NOTICE Email "customer_completed_order" for order #9936 not sent: email type is disabled CONTEXT: {"email_type":"customer_completed_order","status":"disabled","recipient":"guest","order":9936}
2026-09-14T06:04:53+00:00 NOTICE Email "customer_completed_order" for order #9938 not sent: email type is disabled CONTEXT: {"email_type":"customer_completed_order","status":"disabled","recipient":"guest","order":9938}
2026-09-14T06:04:53+00:00 NOTICE Email "customer_completed_order" for order #9952 not sent: email type is disabled CONTEXT: {"email_type":"customer_completed_order","status":"disabled","recipient":"guest","order":9952}
2026-09-14T06:04:54+00:00 NOTICE Email "customer_completed_order" for order #10033 not sent: email type is disabled CONTEXT: {"email_type":"customer_completed_order","status":"disabled","recipient":"guest","order":10033}
2026-09-14T06:04:54+00:00 NOTICE Email "customer_completed_order" for order #10034 not sent: email type is disabled CONTEXT: {"email_type":"customer_completed_order","status":"disabled","recipient":"guest","order":10034}
2026-09-14T06:04:54+00:00 NOTICE Email "customer_completed_order" for order #10140 not sent: email type is disabled CONTEXT: {"email_type":"customer_completed_order","status":"disabled","recipient":"guest","order":10140}
2026-09-14T06:04:55+00:00 NOTICE Email "customer_completed_order" for order #10289 not sent: email type is disabled CONTEXT: {"email_type":"customer_completed_order","status":"disabled","recipient":"guest","order":10289}
2026-09-14T06:04:59+00:00 NOTICE Email "customer_completed_order" for order #7976 not sent: email type is disabled CONTEXT: {"email_type":"customer_completed_order","status":"disabled","recipient":"guest","order":7976}
2026-09-14T06:04:59+00:00 NOTICE Email "customer_completed_order" for order #10239 not sent: email type is disabled CONTEXT: {"email_type":"customer_completed_order","status":"disabled","recipient":"guest","order":10239}
2026-09-14T06:05:01+00:00 INFO Email "cancelled_order" for order #10360 sent CONTEXT: {"email_type":"cancelled_order","status":"sent","recipient":"guest","order":10360}
2026-09-14T06:05:09+00:00 NOTICE Email "customer_completed_order" for order #10200 not sent: email type is disabled CONTEXT: {"email_type":"customer_completed_order","status":"disabled","recipient":"guest","order":10200}
2026-09-14T06:05:19+00:00 NOTICE Email "customer_completed_order" for order #9757 not sent: email type is disabled CONTEXT: {"email_type":"customer_completed_order","status":"disabled","recipient":"guest","order":9757}
2026-09-14T06:05:26+00:00 NOTICE Email "customer_completed_order" for order #10158 not sent: email type is disabled CONTEXT: {"email_type":"customer_completed_order","status":"disabled","recipient":"guest","order":10158}
2026-09-14T06:05:32+00:00 NOTICE Email "customer_note" for order #10568 not sent: email type is disabled CONTEXT: {"email_type":"customer_note","status":"disabled","recipient":"guest","order":10568}
2026-09-14T06:06:12+00:00 NOTICE Email "customer_completed_order" for order #9997 not sent: email type is disabled CONTEXT: {"email_type":"customer_completed_order","status":"disabled","recipient":"guest","order":9997}
2026-09-14T06:06:12+00:00 NOTICE Email "customer_completed_order" for order #9943 not sent: email type is disabled CONTEXT: {"email_type":"customer_completed_order","status":"disabled","recipient":"guest","order":9943}
2026-09-14T06:06:18+00:00 INFO Email "cancelled_order" for order #10369 sent CONTEXT: {"email_type":"cancelled_order","status":"sent","recipient":"guest","order":10369}
2026-09-14T06:06:20+00:00 NOTICE Email "customer_completed_order" for order #9786 not sent: email type is disabled CONTEXT: {"email_type":"customer_completed_order","status":"disabled","recipient":"guest","order":9786}
2026-09-14T06:06:21+00:00 INFO Email "cancelled_order" for order #10371 sent CONTEXT: {"email_type":"cancelled_order","status":"sent","recipient":"guest","order":10371}
2026-09-14T06:06:29+00:00 NOTICE Email "customer_completed_order" for order #9832 not sent: email type is disabled CONTEXT: {"email_type":"customer_completed_order","status":"disabled","recipient":"guest","order":9832}
2026-09-14T06:06:33+00:00 INFO Email "cancelled_order" for order #10339 sent CONTEXT: {"email_type":"cancelled_order","status":"sent","recipient":"guest","order":10339}
2026-09-14T06:06:40+00:00 NOTICE Email "customer_failed_order" for order #10208 not sent: email type is disabled CONTEXT: {"email_type":"customer_failed_order","status":"disabled","recipient":"guest","order":10208}
2026-09-14T06:06:41+00:00 NOTICE Email "customer_completed_order" for order #10027 not sent: email type is disabled CONTEXT: {"email_type":"customer_completed_order","status":"disabled","recipient":"guest","order":10027}
2026-09-14T06:06:41+00:00 NOTICE Email "customer_completed_order" for order #10061 not sent: email type is disabled CONTEXT: {"email_type":"customer_completed_order","status":"disabled","recipient":"guest","order":10061}
2026-09-14T06:06:53+00:00 NOTICE Email "customer_failed_order" for order #10304 not sent: email type is disabled CONTEXT: {"email_type":"customer_failed_order","status":"disabled","recipient":"guest","order":10304}
2026-09-14T06:06:57+00:00 NOTICE Email "customer_failed_order" for order #10358 not sent: email type is disabled CONTEXT: {"email_type":"customer_failed_order","status":"disabled","recipient":"guest","order":10358}
2026-09-14T06:06:58+00:00 INFO Email "cancelled_order" for order #10372 sent CONTEXT: {"email_type":"cancelled_order","status":"sent","recipient":"guest","order":10372}
2026-09-14T06:07:02+00:00 NOTICE Email "customer_completed_order" for order #10287 not sent: email type is disabled CONTEXT: {"email_type":"customer_completed_order","status":"disabled","recipient":"guest","order":10287}
2026-09-14T06:07:03+00:00 INFO Email "failed_order" for order #10358 sent CONTEXT: {"email_type":"failed_order","status":"sent","recipient":"guest","order":10358}
2026-09-14T06:07:03+00:00 NOTICE Email "customer_completed_order" for order #10338 not sent: email type is disabled CONTEXT: {"email_type":"customer_completed_order","status":"disabled","recipient":"guest","order":10338}
2026-09-14T06:07:03+00:00 NOTICE Email "customer_completed_order" for order #9785 not sent: email type is disabled CONTEXT: {"email_type":"customer_completed_order","status":"disabled","recipient":"guest","order":9785}
2026-09-14T06:07:03+00:00 NOTICE Email "customer_completed_order" for order #10162 not sent: email type is disabled CONTEXT: {"email_type":"customer_completed_order","status":"disabled","recipient":"guest","order":10162}
2026-09-14T06:07:11+00:00 NOTICE Email "customer_completed_order" for order #10333 not sent: email type is disabled CONTEXT: {"email_type":"customer_completed_order","status":"disabled","recipient":"guest","order":10333}
2026-09-14T06:07:11+00:00 NOTICE Email "customer_completed_order" for order #10197 not sent: email type is disabled CONTEXT: {"email_type":"customer_completed_order","status":"disabled","recipient":"guest","order":10197}
2026-09-14T06:07:12+00:00 INFO Email "cancelled_order" for order #10374 sent CONTEXT: {"email_type":"cancelled_order","status":"sent","recipient":"guest","order":10374}
2026-09-14T06:07:14+00:00 NOTICE Email "customer_failed_order" for order #10362 not sent: email type is disabled CONTEXT: {"email_type":"customer_failed_order","status":"disabled","recipient":"guest","order":10362}
2026-09-14T06:07:19+00:00 INFO Email "failed_order" for order #10362 sent CONTEXT: {"email_type":"failed_order","status":"sent","recipient":"guest","order":10362}
2026-09-14T06:07:21+00:00 INFO Email "new_order" for order #10568 sent CONTEXT: {"email_type":"new_order","status":"sent","recipient":"guest","order":10568}
2026-09-14T06:07:21+00:00 NOTICE Email "customer_processing_order" for order #10568 not sent: email type is disabled CONTEXT: {"email_type":"customer_processing_order","status":"disabled","recipient":"guest","order":10568}
2026-09-14T06:07:21+00:00 NOTICE Email "customer_note" for order #10568 not sent: email type is disabled CONTEXT: {"email_type":"customer_note","status":"disabled","recipient":"guest","order":10568}
2026-09-14T06:07:27+00:00 NOTICE Email "customer_completed_order" for order #10140 not sent: email type is disabled CONTEXT: {"email_type":"customer_completed_order","status":"disabled","recipient":"guest","order":10140}
2026-09-14T06:07:28+00:00 NOTICE Email "customer_completed_order" for order #10086 not sent: email type is disabled CONTEXT: {"email_type":"customer_completed_order","status":"disabled","recipient":"guest","order":10086}
2026-09-14T06:07:28+00:00 NOTICE Email "customer_completed_order" for order #9900 not sent: email type is disabled CONTEXT: {"email_type":"customer_completed_order","status":"disabled","recipient":"guest","order":9900}
2026-09-14T06:07:28+00:00 NOTICE Email "customer_completed_order" for order #10168 not sent: email type is disabled CONTEXT: {"email_type":"customer_completed_order","status":"disabled","recipient":"guest","order":10168}
2026-09-14T06:07:32+00:00 INFO Email "cancelled_order" for order #10360 sent CONTEXT: {"email_type":"cancelled_order","status":"sent","recipient":"guest","order":10360}
2026-09-14T06:07:37+00:00 NOTICE Email "customer_completed_order" for order #9773 not sent: email type is disabled CONTEXT: {"email_type":"customer_completed_order","status":"disabled","recipient":"guest","order":9773}
2026-09-14T06:07:41+00:00 NOTICE Email "customer_completed_order" for order #9833 not sent: email type is disabled CONTEXT: {"email_type":"customer_completed_order","status":"disabled","recipient":"guest","order":9833}
2026-09-14T06:07:41+00:00 NOTICE Email "customer_completed_order" for order #9950 not sent: email type is disabled CONTEXT: {"email_type":"customer_completed_order","status":"disabled","recipient":"guest","order":9950}
2026-09-14T06:07:45+00:00 NOTICE Email "customer_completed_order" for order #10249 not sent: email type is disabled CONTEXT: {"email_type":"customer_completed_order","status":"disabled","recipient":"guest","order":10249}
2026-09-14T06:07:54+00:00 INFO Email "cancelled_order" for order #10356 sent CONTEXT: {"email_type":"cancelled_order","status":"sent","recipient":"guest","order":10356}
2026-09-14T06:07:59+00:00 NOTICE Email "customer_completed_order" for order #8085 not sent: email type is disabled CONTEXT: {"email_type":"customer_completed_order","status":"disabled","recipient":"guest","order":8085}
2026-09-14T06:08:15+00:00 NOTICE Email "customer_completed_order" for order #9974 not sent: email type is disabled CONTEXT: {"email_type":"customer_completed_order","status":"disabled","recipient":"guest","order":9974}
2026-09-14T06:08:15+00:00 NOTICE Email "customer_completed_order" for order #10141 not sent: email type is disabled CONTEXT: {"email_type":"customer_completed_order","status":"disabled","recipient":"guest","order":10141}
2026-09-14T06:08:45+00:00 INFO Email "cancelled_order" for order #10389 sent CONTEXT: {"email_type":"cancelled_order","status":"sent","recipient":"guest","order":10389}
2026-09-14T06:08:46+00:00 NOTICE Email "customer_failed_order" for order #10388 not sent: email type is disabled CONTEXT: {"email_type":"customer_failed_order","status":"disabled","recipient":"guest","order":10388}
2026-09-14T06:08:46+00:00 NOTICE Email "customer_completed_order" for order #9798 not sent: email type is disabled CONTEXT: {"email_type":"customer_completed_order","status":"disabled","recipient":"guest","order":9798}
2026-09-14T06:08:49+00:00 NOTICE Email "customer_note" for order #10569 not sent: email type is disabled CONTEXT: {"email_type":"customer_note","status":"disabled","recipient":"guest","order":10569}
2026-09-14T06:08:51+00:00 INFO Email "failed_order" for order #10388 sent CONTEXT: {"email_type":"failed_order","status":"sent","recipient":"guest","order":10388}
2026-09-14T06:08:53+00:00 NOTICE Email "customer_completed_order" for order #10158 not sent: email type is disabled CONTEXT: {"email_type":"customer_completed_order","status":"disabled","recipient":"guest","order":10158}
2026-09-14T06:08:53+00:00 NOTICE Email "customer_completed_order" for order #9867 not sent: email type is disabled CONTEXT: {"email_type":"customer_completed_order","status":"disabled","recipient":"guest","order":9867}
2026-09-14T06:09:00+00:00 NOTICE Email "customer_completed_order" for order #10200 not sent: email type is disabled CONTEXT: {"email_type":"customer_completed_order","status":"disabled","recipient":"guest","order":10200}
2026-09-14T06:09:02+00:00 NOTICE Email "customer_completed_order" for order #9810 not sent: email type is disabled CONTEXT: {"email_type":"customer_completed_order","status":"disabled","recipient":"guest","order":9810}
2026-09-14T06:09:02+00:00 NOTICE Email "customer_completed_order" for order #7526 not sent: email type is disabled CONTEXT: {"email_type":"customer_completed_order","status":"disabled","recipient":"guest","order":7526}
2026-09-14T06:09:11+00:00 NOTICE Email "customer_completed_order" for order #9852 not sent: email type is disabled CONTEXT: {"email_type":"customer_completed_order","status":"disabled","recipient":"guest","order":9852}
2026-09-14T06:09:19+00:00 INFO Email "cancelled_order" for order #10331 sent CONTEXT: {"email_type":"cancelled_order","status":"sent","recipient":"guest","order":10331}
2026-09-14T06:09:30+00:00 INFO Email "cancelled_order" for order #10332 sent CONTEXT: {"email_type":"cancelled_order","status":"sent","recipient":"guest","order":10332}
2026-09-14T06:11:29+00:00 NOTICE Email "customer_note" for order #10570 not sent: email type is disabled CONTEXT: {"email_type":"customer_note","status":"disabled","recipient":"guest","order":10570}
2026-09-14T06:11:32+00:00 INFO Email "cancelled_order" for order #10373 sent CONTEXT: {"email_type":"cancelled_order","status":"sent","recipient":"guest","order":10373}
2026-09-14T06:12:32+00:00 INFO Email "cancelled_order" for order #10372 sent CONTEXT: {"email_type":"cancelled_order","status":"sent","recipient":"guest","order":10372}
2026-09-14T06:12:53+00:00 INFO Email "cancelled_order" for order #10397 sent CONTEXT: {"email_type":"cancelled_order","status":"sent","recipient":"guest","order":10397}
2026-09-14T06:12:58+00:00 INFO Email "cancelled_order" for order #10366 sent CONTEXT: {"email_type":"cancelled_order","status":"sent","recipient":"guest","order":10366}
2026-09-14T06:13:25+00:00 INFO Email "cancelled_order" for order #10370 sent CONTEXT: {"email_type":"cancelled_order","status":"sent","recipient":"guest","order":10370}
2026-09-14T06:13:32+00:00 INFO Email "cancelled_order" for order #10337 sent CONTEXT: {"email_type":"cancelled_order","status":"sent","recipient":"guest","order":10337}
2026-09-14T06:13:37+00:00 INFO Email "cancelled_order" for order #10350 sent CONTEXT: {"email_type":"cancelled_order","status":"sent","recipient":"guest","order":10350}
2026-09-14T06:13:38+00:00 INFO Email "new_order" for order #10564 sent CONTEXT: {"email_type":"new_order","status":"sent","recipient":"guest","order":10564}
2026-09-14T06:13:38+00:00 NOTICE Email "customer_processing_order" for order #10564 not sent: email type is disabled CONTEXT: {"email_type":"customer_processing_order","status":"disabled","recipient":"guest","order":10564}
2026-09-14T06:13:38+00:00 NOTICE Email "customer_note" for order #10564 not sent: email type is disabled CONTEXT: {"email_type":"customer_note","status":"disabled","recipient":"guest","order":10564}
2026-09-14T06:13:42+00:00 INFO Email "cancelled_order" for order #10339 sent CONTEXT: {"email_type":"cancelled_order","status":"sent","recipient":"guest","order":10339}
2026-09-14T06:15:06+00:00 NOTICE Email "customer_completed_order" for order #10333 not sent: email type is disabled CONTEXT: {"email_type":"customer_completed_order","status":"disabled","recipient":"guest","order":10333}
2026-09-14T06:15:09+00:00 INFO Email "cancelled_order" for order #10391 sent CONTEXT: {"email_type":"cancelled_order","status":"sent","recipient":"guest","order":10391}
2026-09-14T06:15:22+00:00 NOTICE Email "customer_completed_order" for order #10338 not sent: email type is disabled CONTEXT: {"email_type":"customer_completed_order","status":"disabled","recipient":"guest","order":10338}
2026-09-14T06:15:38+00:00 NOTICE Email "customer_failed_order" for order #10320 not sent: email type is disabled CONTEXT: {"email_type":"customer_failed_order","status":"disabled","recipient":"guest","order":10320}
2026-09-14T06:15:38+00:00 NOTICE Email "customer_completed_order" for order #9785 not sent: email type is disabled CONTEXT: {"email_type":"customer_completed_order","status":"disabled","recipient":"guest","order":9785}
2026-09-14T06:15:54+00:00 NOTICE Email "customer_completed_order" for order #10287 not sent: email type is disabled CONTEXT: {"email_type":"customer_completed_order","status":"disabled","recipient":"guest","order":10287}
2026-09-14T06:15:54+00:00 NOTICE Email "customer_completed_order" for order #10027 not sent: email type is disabled CONTEXT: {"email_type":"customer_completed_order","status":"disabled","recipient":"guest","order":10027}
2026-09-14T06:16:19+00:00 NOTICE Email "customer_failed_order" for order #10390 not sent: email type is disabled CONTEXT: {"email_type":"customer_failed_order","status":"disabled","recipient":"guest","order":10390}
2026-09-14T06:16:24+00:00 INFO Email "failed_order" for order #10390 sent CONTEXT: {"email_type":"failed_order","status":"sent","recipient":"guest","order":10390}
2026-09-14T06:16:28+00:00 NOTICE Email "customer_completed_order" for order #10156 not sent: email type is disabled CONTEXT: {"email_type":"customer_completed_order","status":"disabled","recipient":"guest","order":10156}
2026-09-14T06:16:28+00:00 NOTICE Email "customer_completed_order" for order #10046 not sent: email type is disabled CONTEXT: {"email_type":"customer_completed_order","status":"disabled","recipient":"guest","order":10046}
2026-09-14T06:16:28+00:00 NOTICE Email "customer_completed_order" for order #10112 not sent: email type is disabled CONTEXT: {"email_type":"customer_completed_order","status":"disabled","recipient":"guest","order":10112}
2026-09-14T06:16:44+00:00 NOTICE Email "customer_completed_order" for order #9952 not sent: email type is disabled CONTEXT: {"email_type":"customer_completed_order","status":"disabled","recipient":"guest","order":9952}
2026-09-14T06:16:44+00:00 NOTICE Email "customer_failed_order" for order #10302 not sent: email type is disabled CONTEXT: {"email_type":"customer_failed_order","status":"disabled","recipient":"guest","order":10302}
2026-09-14T06:16:58+00:00 NOTICE Email "customer_completed_order" for order #10126 not sent: email type is disabled CONTEXT: {"email_type":"customer_completed_order","status":"disabled","recipient":"guest","order":10126}
2026-09-14T06:17:17+00:00 NOTICE Email "customer_failed_order" for order #10320 not sent: email type is disabled CONTEXT: {"email_type":"customer_failed_order","status":"disabled","recipient":"guest","order":10320}
2026-09-14T06:17:31+00:00 NOTICE Email "customer_completed_order" for order #10112 not sent: email type is disabled CONTEXT: {"email_type":"customer_completed_order","status":"disabled","recipient":"guest","order":10112}
2026-09-14T06:17:47+00:00 NOTICE Email "customer_completed_order" for order #10046 not sent: email type is disabled CONTEXT: {"email_type":"customer_completed_order","status":"disabled","recipient":"guest","order":10046}
2026-09-14T06:18:05+00:00 NOTICE Email "customer_completed_order" for order #9943 not sent: email type is disabled CONTEXT: {"email_type":"customer_completed_order","status":"disabled","recipient":"guest","order":9943}
2026-09-14T06:18:05+00:00 NOTICE Email "customer_completed_order" for order #10289 not sent: email type is disabled CONTEXT: {"email_type":"customer_completed_order","status":"disabled","recipient":"guest","order":10289}
2026-09-14T06:18:05+00:00 NOTICE Email "customer_completed_order" for order #9809 not sent: email type is disabled CONTEXT: {"email_type":"customer_completed_order","status":"disabled","recipient":"guest","order":9809}
2026-09-14T06:18:23+00:00 NOTICE Email "customer_completed_order" for order #9786 not sent: email type is disabled CONTEXT: {"email_type":"customer_completed_order","status":"disabled","recipient":"guest","order":9786}
2026-09-14T06:18:29+00:00 NOTICE Email "customer_completed_order" for order #9757 not sent: email type is disabled CONTEXT: {"email_type":"customer_completed_order","status":"disabled","recipient":"guest","order":9757}
2026-09-14T06:18:29+00:00 NOTICE Email "customer_completed_order" for order #9786 not sent: email type is disabled CONTEXT: {"email_type":"customer_completed_order","status":"disabled","recipient":"guest","order":9786}
2026-09-14T06:18:29+00:00 NOTICE Email "customer_completed_order" for order #9851 not sent: email type is disabled CONTEXT: {"email_type":"customer_completed_order","status":"disabled","recipient":"guest","order":9851}
2026-09-14T06:18:29+00:00 NOTICE Email "customer_completed_order" for order #9865 not sent: email type is disabled CONTEXT: {"email_type":"customer_completed_order","status":"disabled","recipient":"guest","order":9865}
2026-09-14T06:18:30+00:00 NOTICE Email "customer_completed_order" for order #10003 not sent: email type is disabled CONTEXT: {"email_type":"customer_completed_order","status":"disabled","recipient":"guest","order":10003}
2026-09-14T06:18:31+00:00 NOTICE Email "customer_completed_order" for order #10162 not sent: email type is disabled CONTEXT: {"email_type":"customer_completed_order","status":"disabled","recipient":"guest","order":10162}
2026-09-14T06:18:31+00:00 NOTICE Email "customer_completed_order" for order #10197 not sent: email type is disabled CONTEXT: {"email_type":"customer_completed_order","status":"disabled","recipient":"guest","order":10197}
2026-09-14T06:19:20+00:00 INFO Email "cancelled_order" for order #10389 sent CONTEXT: {"email_type":"cancelled_order","status":"sent","recipient":"guest","order":10389}
2026-09-14T06:19:37+00:00 INFO Email "cancelled_order" for order #10391 sent CONTEXT: {"email_type":"cancelled_order","status":"sent","recipient":"guest","order":10391}
2026-09-14T06:20:17+00:00 NOTICE Email "customer_note" for order #10570 not sent: email type is disabled CONTEXT: {"email_type":"customer_note","status":"disabled","recipient":"guest","order":10570}
2026-09-14T06:20:41+00:00 NOTICE Email "customer_note" for order #10564 not sent: email type is disabled CONTEXT: {"email_type":"customer_note","status":"disabled","recipient":"guest","order":10564}
2026-09-14T06:21:46+00:00 NOTICE Email "customer_failed_order" for order #10358 not sent: email type is disabled CONTEXT: {"email_type":"customer_failed_order","status":"disabled","recipient":"guest","order":10358}
2026-09-14T06:21:52+00:00 INFO Email "failed_order" for order #10358 sent CONTEXT: {"email_type":"failed_order","status":"sent","recipient":"guest","order":10358}
2026-09-14T06:22:59+00:00 NOTICE Email "customer_completed_order" for order #9900 not sent: email type is disabled CONTEXT: {"email_type":"customer_completed_order","status":"disabled","recipient":"guest","order":9900}
2026-09-14T06:22:59+00:00 NOTICE Email "customer_completed_order" for order #10086 not sent: email type is disabled CONTEXT: {"email_type":"customer_completed_order","status":"disabled","recipient":"guest","order":10086}
2026-09-14T06:23:00+00:00 NOTICE Email "customer_completed_order" for order #9997 not sent: email type is disabled CONTEXT: {"email_type":"customer_completed_order","status":"disabled","recipient":"guest","order":9997}
2026-09-14T06:23:00+00:00 NOTICE Email "customer_completed_order" for order #9851 not sent: email type is disabled CONTEXT: {"email_type":"customer_completed_order","status":"disabled","recipient":"guest","order":9851}
2026-09-14T06:23:03+00:00 NOTICE Email "customer_completed_order" for order #9785 not sent: email type is disabled CONTEXT: {"email_type":"customer_completed_order","status":"disabled","recipient":"guest","order":9785}
2026-09-14T06:23:19+00:00 NOTICE Email "customer_completed_order" for order #9892 not sent: email type is disabled CONTEXT: {"email_type":"customer_completed_order","status":"disabled","recipient":"guest","order":9892}
2026-09-14T06:23:28+00:00 NOTICE Email "customer_completed_order" for order #9786 not sent: email type is disabled CONTEXT: {"email_type":"customer_completed_order","status":"disabled","recipient":"guest","order":9786}
2026-09-14T06:23:38+00:00 NOTICE Email "customer_completed_order" for order #9809 not sent: email type is disabled CONTEXT: {"email_type":"customer_completed_order","status":"disabled","recipient":"guest","order":9809}
2026-09-14T06:23:38+00:00 NOTICE Email "customer_completed_order" for order #10289 not sent: email type is disabled CONTEXT: {"email_type":"customer_completed_order","status":"disabled","recipient":"guest","order":10289}
2026-09-14T06:23:39+00:00 NOTICE Email "customer_completed_order" for order #9865 not sent: email type is disabled CONTEXT: {"email_type":"customer_completed_order","status":"disabled","recipient":"guest","order":9865}
2026-09-14T06:23:39+00:00 NOTICE Email "customer_completed_order" for order #10027 not sent: email type is disabled CONTEXT: {"email_type":"customer_completed_order","status":"disabled","recipient":"guest","order":10027}
2026-09-14T06:23:47+00:00 NOTICE Email "customer_completed_order" for order #9943 not sent: email type is disabled CONTEXT: {"email_type":"customer_completed_order","status":"disabled","recipient":"guest","order":9943}
2026-09-14T06:23:55+00:00 NOTICE Email "customer_completed_order" for order #10126 not sent: email type is disabled CONTEXT: {"email_type":"customer_completed_order","status":"disabled","recipient":"guest","order":10126}
2026-09-14T06:24:00+00:00 INFO Email "cancelled_order" for order #10360 sent CONTEXT: {"email_type":"cancelled_order","status":"sent","recipient":"guest","order":10360}
2026-09-14T06:24:12+00:00 NOTICE Email "customer_completed_order" for order #9832 not sent: email type is disabled CONTEXT: {"email_type":"customer_completed_order","status":"disabled","recipient":"guest","order":9832}
2026-09-14T06:24:30+00:00 NOTICE Email "customer_failed_order" for order #10304 not sent: email type is disabled CONTEXT: {"email_type":"customer_failed_order","status":"disabled","recipient":"guest","order":10304}
2026-09-14T06:25:00+00:00 NOTICE Email "customer_note" for order #10571 not sent: email type is disabled CONTEXT: {"email_type":"customer_note","status":"disabled","recipient":"guest","order":10571}
2026-09-14T06:25:05+00:00 NOTICE Email "customer_completed_order" for order #10140 not sent: email type is disabled CONTEXT: {"email_type":"customer_completed_order","status":"disabled","recipient":"guest","order":10140}
2026-09-14T06:25:05+00:00 NOTICE Email "customer_completed_order" for order #9773 not sent: email type is disabled CONTEXT: {"email_type":"customer_completed_order","status":"disabled","recipient":"guest","order":9773}
2026-09-14T06:25:05+00:00 NOTICE Email "customer_completed_order" for order #10034 not sent: email type is disabled CONTEXT: {"email_type":"customer_completed_order","status":"disabled","recipient":"guest","order":10034}
2026-09-14T06:25:39+00:00 NOTICE Email "customer_note" for order #10572 not sent: email type is disabled CONTEXT: {"email_type":"customer_note","status":"disabled","recipient":"guest","order":10572}
2026-09-14T06:25:41+00:00 NOTICE Email "customer_completed_order" for order #9833 not sent: email type is disabled CONTEXT: {"email_type":"customer_completed_order","status":"disabled","recipient":"guest","order":9833}
2026-09-14T06:25:58+00:00 NOTICE Email "customer_completed_order" for order #10327 not sent: email type is disabled CONTEXT: {"email_type":"customer_completed_order","status":"disabled","recipient":"guest","order":10327}
2026-09-14T06:25:58+00:00 NOTICE Email "customer_completed_order" for order #10128 not sent: email type is disabled CONTEXT: {"email_type":"customer_completed_order","status":"disabled","recipient":"guest","order":10128}
2026-09-14T06:25:58+00:00 NOTICE Email "customer_completed_order" for order #9938 not sent: email type is disabled CONTEXT: {"email_type":"customer_completed_order","status":"disabled","recipient":"guest","order":9938}
2026-09-14T06:25:58+00:00 NOTICE Email "customer_completed_order" for order #10249 not sent: email type is disabled CONTEXT: {"email_type":"customer_completed_order","status":"disabled","recipient":"guest","order":10249}
2026-09-14T06:26:03+00:00 INFO Email "cancelled_order" for order #10356 sent CONTEXT: {"email_type":"cancelled_order","status":"sent","recipient":"guest","order":10356}
2026-09-14T06:26:03+00:00 NOTICE Email "customer_completed_order" for order #9936 not sent: email type is disabled CONTEXT: {"email_type":"customer_completed_order","status":"disabled","recipient":"guest","order":9936}
2026-09-14T06:26:04+00:00 NOTICE Email "customer_completed_order" for order #10033 not sent: email type is disabled CONTEXT: {"email_type":"customer_completed_order","status":"disabled","recipient":"guest","order":10033}
2026-09-14T06:26:15+00:00 NOTICE Email "customer_completed_order" for order #7976 not sent: email type is disabled CONTEXT: {"email_type":"customer_completed_order","status":"disabled","recipient":"guest","order":7976}
2026-09-14T06:26:16+00:00 NOTICE Email "customer_completed_order" for order #9950 not sent: email type is disabled CONTEXT: {"email_type":"customer_completed_order","status":"disabled","recipient":"guest","order":9950}
2026-09-14T06:26:22+00:00 NOTICE Email "customer_completed_order" for order #9766 not sent: email type is disabled CONTEXT: {"email_type":"customer_completed_order","status":"disabled","recipient":"guest","order":9766}
2026-09-14T06:26:23+00:00 NOTICE Email "customer_completed_order" for order #8085 not sent: email type is disabled CONTEXT: {"email_type":"customer_completed_order","status":"disabled","recipient":"guest","order":8085}
2026-09-14T06:26:23+00:00 NOTICE Email "customer_completed_order" for order #9784 not sent: email type is disabled CONTEXT: {"email_type":"customer_completed_order","status":"disabled","recipient":"guest","order":9784}
2026-09-14T06:26:28+00:00 INFO Email "cancelled_order" for order #10371 sent CONTEXT: {"email_type":"cancelled_order","status":"sent","recipient":"guest","order":10371}
2026-09-14T06:27:20+00:00 INFO Email "new_order" for order #10572 sent CONTEXT: {"email_type":"new_order","status":"sent","recipient":"guest","order":10572}
2026-09-14T06:27:20+00:00 NOTICE Email "customer_processing_order" for order #10572 not sent: email type is disabled CONTEXT: {"email_type":"customer_processing_order","status":"disabled","recipient":"guest","order":10572}
2026-09-14T06:27:20+00:00 NOTICE Email "customer_note" for order #10572 not sent: email type is disabled CONTEXT: {"email_type":"customer_note","status":"disabled","recipient":"guest","order":10572}
2026-09-14T06:27:44+00:00 INFO Email "cancelled_order" for order #10369 sent CONTEXT: {"email_type":"cancelled_order","status":"sent","recipient":"guest","order":10369}
2026-09-14T06:27:49+00:00 INFO Email "cancelled_order" for order #10389 sent CONTEXT: {"email_type":"cancelled_order","status":"sent","recipient":"guest","order":10389}
2026-09-14T06:28:29+00:00 INFO Email "cancelled_order" for order #10339 sent CONTEXT: {"email_type":"cancelled_order","status":"sent","recipient":"guest","order":10339}
2026-09-14T06:28:51+00:00 INFO Email "cancelled_order" for order #10350 sent CONTEXT: {"email_type":"cancelled_order","status":"sent","recipient":"guest","order":10350}
2026-09-14T06:29:14+00:00 INFO Email "cancelled_order" for order #10373 sent CONTEXT: {"email_type":"cancelled_order","status":"sent","recipient":"guest","order":10373}
2026-09-14T06:29:49+00:00 NOTICE Email "customer_failed_order" for order #10362 not sent: email type is disabled CONTEXT: {"email_type":"customer_failed_order","status":"disabled","recipient":"guest","order":10362}
2026-09-14T06:29:55+00:00 INFO Email "failed_order" for order #10362 sent CONTEXT: {"email_type":"failed_order","status":"sent","recipient":"guest","order":10362}
2026-09-14T06:30:56+00:00 NOTICE Email "customer_failed_order" for order #10208 not sent: email type is disabled CONTEXT: {"email_type":"customer_failed_order","status":"disabled","recipient":"guest","order":10208}
2026-09-14T06:30:58+00:00 INFO Email "cancelled_order" for order #10331 sent CONTEXT: {"email_type":"cancelled_order","status":"sent","recipient":"guest","order":10331}
2026-09-14T06:31:18+00:00 INFO Email "cancelled_order" for order #10332 sent CONTEXT: {"email_type":"cancelled_order","status":"sent","recipient":"guest","order":10332}
2026-09-14T06:32:36+00:00 NOTICE Email "customer_note" for order #10571 not sent: email type is disabled CONTEXT: {"email_type":"customer_note","status":"disabled","recipient":"guest","order":10571}
2026-09-14T06:32:48+00:00 NOTICE Email "customer_note" for order #10573 not sent: email type is disabled CONTEXT: {"email_type":"customer_note","status":"disabled","recipient":"guest","order":10573}
2026-09-14T06:33:45+00:00 NOTICE Email "customer_completed_order" for order #9851 not sent: email type is disabled CONTEXT: {"email_type":"customer_completed_order","status":"disabled","recipient":"guest","order":9851}
2026-09-14T06:34:02+00:00 NOTICE Email "customer_completed_order" for order #8085 not sent: email type is disabled CONTEXT: {"email_type":"customer_completed_order","status":"disabled","recipient":"guest","order":8085}
2026-09-14T06:34:02+00:00 NOTICE Email "customer_completed_order" for order #9766 not sent: email type is disabled CONTEXT: {"email_type":"customer_completed_order","status":"disabled","recipient":"guest","order":9766}
2026-09-14T06:34:02+00:00 NOTICE Email "customer_completed_order" for order #9784 not sent: email type is disabled CONTEXT: {"email_type":"customer_completed_order","status":"disabled","recipient":"guest","order":9784}
2026-09-14T06:34:02+00:00 NOTICE Email "customer_completed_order" for order #9786 not sent: email type is disabled CONTEXT: {"email_type":"customer_completed_order","status":"disabled","recipient":"guest","order":9786}
2026-09-14T06:34:03+00:00 NOTICE Email "customer_completed_order" for order #9809 not sent: email type is disabled CONTEXT: {"email_type":"customer_completed_order","status":"disabled","recipient":"guest","order":9809}
2026-09-14T06:34:03+00:00 NOTICE Email "customer_completed_order" for order #9810 not sent: email type is disabled CONTEXT: {"email_type":"customer_completed_order","status":"disabled","recipient":"guest","order":9810}
2026-09-14T06:34:03+00:00 NOTICE Email "customer_completed_order" for order #9833 not sent: email type is disabled CONTEXT: {"email_type":"customer_completed_order","status":"disabled","recipient":"guest","order":9833}
2026-09-14T06:34:03+00:00 NOTICE Email "customer_completed_order" for order #9867 not sent: email type is disabled CONTEXT: {"email_type":"customer_completed_order","status":"disabled","recipient":"guest","order":9867}
2026-09-14T06:34:03+00:00 NOTICE Email "customer_completed_order" for order #9892 not sent: email type is disabled CONTEXT: {"email_type":"customer_completed_order","status":"disabled","recipient":"guest","order":9892}
2026-09-14T06:34:03+00:00 NOTICE Email "customer_completed_order" for order #9900 not sent: email type is disabled CONTEXT: {"email_type":"customer_completed_order","status":"disabled","recipient":"guest","order":9900}
2026-09-14T06:34:03+00:00 NOTICE Email "customer_completed_order" for order #9907 not sent: email type is disabled CONTEXT: {"email_type":"customer_completed_order","status":"disabled","recipient":"guest","order":9907}
2026-09-14T06:34:03+00:00 NOTICE Email "customer_completed_order" for order #9923 not sent: email type is disabled CONTEXT: {"email_type":"customer_completed_order","status":"disabled","recipient":"guest","order":9923}
2026-09-14T06:34:03+00:00 NOTICE Email "customer_completed_order" for order #9950 not sent: email type is disabled CONTEXT: {"email_type":"customer_completed_order","status":"disabled","recipient":"guest","order":9950}
2026-09-14T06:34:03+00:00 NOTICE Email "customer_completed_order" for order #9974 not sent: email type is disabled CONTEXT: {"email_type":"customer_completed_order","status":"disabled","recipient":"guest","order":9974}
2026-09-14T06:34:04+00:00 NOTICE Email "customer_completed_order" for order #9997 not sent: email type is disabled CONTEXT: {"email_type":"customer_completed_order","status":"disabled","recipient":"guest","order":9997}
2026-09-14T06:34:04+00:00 NOTICE Email "customer_completed_order" for order #10086 not sent: email type is disabled CONTEXT: {"email_type":"customer_completed_order","status":"disabled","recipient":"guest","order":10086}
2026-09-14T06:34:04+00:00 NOTICE Email "customer_completed_order" for order #10164 not sent: email type is disabled CONTEXT: {"email_type":"customer_completed_order","status":"disabled","recipient":"guest","order":10164}
2026-09-14T06:34:05+00:00 NOTICE Email "customer_completed_order" for order #10197 not sent: email type is disabled CONTEXT: {"email_type":"customer_completed_order","status":"disabled","recipient":"guest","order":10197}
2026-09-14T06:34:05+00:00 NOTICE Email "customer_completed_order" for order #10200 not sent: email type is disabled CONTEXT: {"email_type":"customer_completed_order","status":"disabled","recipient":"guest","order":10200}
2026-09-14T06:34:05+00:00 NOTICE Email "customer_completed_order" for order #10249 not sent: email type is disabled CONTEXT: {"email_type":"customer_completed_order","status":"disabled","recipient":"guest","order":10249}
2026-09-14T06:34:05+00:00 NOTICE Email "customer_completed_order" for order #10287 not sent: email type is disabled CONTEXT: {"email_type":"customer_completed_order","status":"disabled","recipient":"guest","order":10287}
2026-09-14T06:34:11+00:00 INFO Email "cancelled_order" for order #10356 sent CONTEXT: {"email_type":"cancelled_order","status":"sent","recipient":"guest","order":10356}
2026-09-14T06:34:23+00:00 NOTICE Email "customer_failed_order" for order #10362 not sent: email type is disabled CONTEXT: {"email_type":"customer_failed_order","status":"disabled","recipient":"guest","order":10362}
2026-09-14T06:34:28+00:00 INFO Email "failed_order" for order #10362 sent CONTEXT: {"email_type":"failed_order","status":"sent","recipient":"guest","order":10362}
2026-09-14T06:34:33+00:00 INFO Email "cancelled_order" for order #10337 sent CONTEXT: {"email_type":"cancelled_order","status":"sent","recipient":"guest","order":10337}
2026-09-14T06:34:35+00:00 INFO Email "new_order" for order #10574 sent CONTEXT: {"email_type":"new_order","status":"sent","recipient":"guest","order":10574}
2026-09-14T06:34:35+00:00 NOTICE Email "customer_processing_order" for order #10574 not sent: email type is disabled CONTEXT: {"email_type":"customer_processing_order","status":"disabled","recipient":"guest","order":10574}
2026-09-14T06:34:48+00:00 NOTICE Email "customer_completed_order" for order #10141 not sent: email type is disabled CONTEXT: {"email_type":"customer_completed_order","status":"disabled","recipient":"guest","order":10141}
2026-09-14T06:35:08+00:00 NOTICE Email "customer_failed_order" for order #10208 not sent: email type is disabled CONTEXT: {"email_type":"customer_failed_order","status":"disabled","recipient":"guest","order":10208}
2026-09-14T06:35:09+00:00 NOTICE Email "customer_completed_order" for order #9798 not sent: email type is disabled CONTEXT: {"email_type":"customer_completed_order","status":"disabled","recipient":"guest","order":9798}
2026-09-14T06:35:09+00:00 NOTICE Email "customer_completed_order" for order #10158 not sent: email type is disabled CONTEXT: {"email_type":"customer_completed_order","status":"disabled","recipient":"guest","order":10158}
2026-09-14T06:35:28+00:00 NOTICE Email "customer_completed_order" for order #10148 not sent: email type is disabled CONTEXT: {"email_type":"customer_completed_order","status":"disabled","recipient":"guest","order":10148}
2026-09-14T06:35:50+00:00 INFO Email "new_order" for order #10573 sent CONTEXT: {"email_type":"new_order","status":"sent","recipient":"guest","order":10573}
2026-09-14T06:35:50+00:00 NOTICE Email "customer_processing_order" for order #10573 not sent: email type is disabled CONTEXT: {"email_type":"customer_processing_order","status":"disabled","recipient":"guest","order":10573}
2026-09-14T06:35:50+00:00 NOTICE Email "customer_note" for order #10573 not sent: email type is disabled CONTEXT: {"email_type":"customer_note","status":"disabled","recipient":"guest","order":10573}
2026-09-14T06:35:55+00:00 INFO Email "cancelled_order" for order #10397 sent CONTEXT: {"email_type":"cancelled_order","status":"sent","recipient":"guest","order":10397}
2026-09-14T06:35:55+00:00 NOTICE Email "customer_failed_order" for order #10358 not sent: email type is disabled CONTEXT: {"email_type":"customer_failed_order","status":"disabled","recipient":"guest","order":10358}
2026-09-14T06:36:00+00:00 INFO Email "failed_order" for order #10358 sent CONTEXT: {"email_type":"failed_order","status":"sent","recipient":"guest","order":10358}
2026-09-14T06:36:10+00:00 NOTICE Email "customer_completed_order" for order #9943 not sent: email type is disabled CONTEXT: {"email_type":"customer_completed_order","status":"disabled","recipient":"guest","order":9943}
2026-09-14T06:36:27+00:00 NOTICE Email "customer_completed_order" for order #7526 not sent: email type is disabled CONTEXT: {"email_type":"customer_completed_order","status":"disabled","recipient":"guest","order":7526}
2026-09-14T06:36:43+00:00 NOTICE Email "customer_completed_order" for order #10018 not sent: email type is disabled CONTEXT: {"email_type":"customer_completed_order","status":"disabled","recipient":"guest","order":10018}
2026-09-14T06:36:51+00:00 INFO Email "cancelled_order" for order #10374 sent CONTEXT: {"email_type":"cancelled_order","status":"sent","recipient":"guest","order":10374}
2026-09-14T06:36:58+00:00 NOTICE Email "customer_completed_order" for order #9852 not sent: email type is disabled CONTEXT: {"email_type":"customer_completed_order","status":"disabled","recipient":"guest","order":9852}
2026-09-14T06:37:01+00:00 NOTICE Email "customer_completed_order" for order #9974 not sent: email type is disabled CONTEXT: {"email_type":"customer_completed_order","status":"disabled","recipient":"guest","order":9974}
2026-09-14T06:37:12+00:00 INFO Email "cancelled_order" for order #10331 sent CONTEXT: {"email_type":"cancelled_order","status":"sent","recipient":"guest","order":10331}
2026-09-14T06:37:13+00:00 NOTICE Email "customer_failed_order" for order #10358 not sent: email type is disabled CONTEXT: {"email_type":"customer_failed_order","status":"disabled","recipient":"guest","order":10358}
2026-09-14T06:37:15+00:00 NOTICE Email "customer_completed_order" for order #10239 not sent: email type is disabled CONTEXT: {"email_type":"customer_completed_order","status":"disabled","recipient":"guest","order":10239}
2026-09-14T06:37:18+00:00 INFO Email "failed_order" for order #10358 sent CONTEXT: {"email_type":"failed_order","status":"sent","recipient":"guest","order":10358}
2026-09-14T06:37:49+00:00 NOTICE Email "customer_completed_order" for order #10168 not sent: email type is disabled CONTEXT: {"email_type":"customer_completed_order","status":"disabled","recipient":"guest","order":10168}
2026-09-14T06:37:53+00:00 NOTICE Email "customer_completed_order" for order #10148 not sent: email type is disabled CONTEXT: {"email_type":"customer_completed_order","status":"disabled","recipient":"guest","order":10148}
2026-09-14T06:38:05+00:00 NOTICE Email "customer_completed_order" for order #10327 not sent: email type is disabled CONTEXT: {"email_type":"customer_completed_order","status":"disabled","recipient":"guest","order":10327}
2026-09-14T06:38:05+00:00 NOTICE Email "customer_completed_order" for order #9938 not sent: email type is disabled CONTEXT: {"email_type":"customer_completed_order","status":"disabled","recipient":"guest","order":9938}
2026-09-14T06:38:13+00:00 INFO Email "cancelled_order" for order #10350 sent CONTEXT: {"email_type":"cancelled_order","status":"sent","recipient":"guest","order":10350}
2026-09-14T06:38:26+00:00 NOTICE Email "customer_completed_order" for order #9936 not sent: email type is disabled CONTEXT: {"email_type":"customer_completed_order","status":"disabled","recipient":"guest","order":9936}
2026-09-14T06:38:26+00:00 NOTICE Email "customer_completed_order" for order #7976 not sent: email type is disabled CONTEXT: {"email_type":"customer_completed_order","status":"disabled","recipient":"guest","order":7976}
2026-09-14T06:38:26+00:00 NOTICE Email "customer_completed_order" for order #10033 not sent: email type is disabled CONTEXT: {"email_type":"customer_completed_order","status":"disabled","recipient":"guest","order":10033}
2026-09-14T06:38:27+00:00 NOTICE Email "customer_failed_order" for order #10320 not sent: email type is disabled CONTEXT: {"email_type":"customer_failed_order","status":"disabled","recipient":"guest","order":10320}
2026-09-14T06:38:28+00:00 NOTICE Email "customer_completed_order" for order #9757 not sent: email type is disabled CONTEXT: {"email_type":"customer_completed_order","status":"disabled","recipient":"guest","order":9757}
2026-09-14T06:38:28+00:00 NOTICE Email "customer_completed_order" for order #10003 not sent: email type is disabled CONTEXT: {"email_type":"customer_completed_order","status":"disabled","recipient":"guest","order":10003}
2026-09-14T06:38:39+00:00 NOTICE Email "customer_failed_order" for order #10302 not sent: email type is disabled CONTEXT: {"email_type":"customer_failed_order","status":"disabled","recipient":"guest","order":10302}
2026-09-14T06:38:43+00:00 NOTICE Email "customer_completed_order" for order #9952 not sent: email type is disabled CONTEXT: {"email_type":"customer_completed_order","status":"disabled","recipient":"guest","order":9952}
2026-09-14T06:38:55+00:00 NOTICE Email "customer_completed_order" for order #10046 not sent: email type is disabled CONTEXT: {"email_type":"customer_completed_order","status":"disabled","recipient":"guest","order":10046}
2026-09-14T06:38:59+00:00 NOTICE Email "customer_completed_order" for order #10112 not sent: email type is disabled CONTEXT: {"email_type":"customer_completed_order","status":"disabled","recipient":"guest","order":10112}
2026-09-14T06:38:59+00:00 NOTICE Email "customer_completed_order" for order #10333 not sent: email type is disabled CONTEXT: {"email_type":"customer_completed_order","status":"disabled","recipient":"guest","order":10333}
2026-09-14T06:38:59+00:00 NOTICE Email "customer_completed_order" for order #10156 not sent: email type is disabled CONTEXT: {"email_type":"customer_completed_order","status":"disabled","recipient":"guest","order":10156}
2026-09-14T06:38:59+00:00 NOTICE Email "customer_completed_order" for order #10061 not sent: email type is disabled CONTEXT: {"email_type":"customer_completed_order","status":"disabled","recipient":"guest","order":10061}
2026-09-14T06:39:11+00:00 INFO Email "cancelled_order" for order #10337 sent CONTEXT: {"email_type":"cancelled_order","status":"sent","recipient":"guest","order":10337}
2026-09-14T06:39:59+00:00 INFO Email "cancelled_order" for order #10350 sent CONTEXT: {"email_type":"cancelled_order","status":"sent","recipient":"guest","order":10350}
2026-09-14T06:40:15+00:00 INFO Email "cancelled_order" for order #10366 sent CONTEXT: {"email_type":"cancelled_order","status":"sent","recipient":"guest","order":10366}
2026-09-14T06:40:20+00:00 INFO Email "cancelled_order" for order #10389 sent CONTEXT: {"email_type":"cancelled_order","status":"sent","recipient":"guest","order":10389}
2026-09-14T06:40:41+00:00 NOTICE Email "customer_completed_order" for order #10164 not sent: email type is disabled CONTEXT: {"email_type":"customer_completed_order","status":"disabled","recipient":"guest","order":10164}
2026-09-14T06:40:41+00:00 NOTICE Email "customer_completed_order" for order #10018 not sent: email type is disabled CONTEXT: {"email_type":"customer_completed_order","status":"disabled","recipient":"guest","order":10018}
2026-09-14T06:40:41+00:00 NOTICE Email "customer_completed_order" for order #9810 not sent: email type is disabled CONTEXT: {"email_type":"customer_completed_order","status":"disabled","recipient":"guest","order":9810}
2026-09-14T06:40:45+00:00 INFO Email "cancelled_order" for order #10371 sent CONTEXT: {"email_type":"cancelled_order","status":"sent","recipient":"guest","order":10371}
2026-09-14T06:40:54+00:00 NOTICE Email "customer_failed_order" for order #10388 not sent: email type is disabled CONTEXT: {"email_type":"customer_failed_order","status":"disabled","recipient":"guest","order":10388}
2026-09-14T06:40:58+00:00 NOTICE Email "customer_completed_order" for order #9900 not sent: email type is disabled CONTEXT: {"email_type":"customer_completed_order","status":"disabled","recipient":"guest","order":9900}
2026-09-14T06:40:58+00:00 NOTICE Email "customer_completed_order" for order #10086 not sent: email type is disabled CONTEXT: {"email_type":"customer_completed_order","status":"disabled","recipient":"guest","order":10086}
2026-09-14T06:40:58+00:00 NOTICE Email "customer_completed_order" for order #9997 not sent: email type is disabled CONTEXT: {"email_type":"customer_completed_order","status":"disabled","recipient":"guest","order":9997}
2026-09-14T06:40:58+00:00 NOTICE Email "customer_completed_order" for order #9833 not sent: email type is disabled CONTEXT: {"email_type":"customer_completed_order","status":"disabled","recipient":"guest","order":9833}
2026-09-14T06:41:00+00:00 INFO Email "failed_order" for order #10388 sent CONTEXT: {"email_type":"failed_order","status":"sent","recipient":"guest","order":10388}
2026-09-14T06:41:00+00:00 NOTICE Email "customer_completed_order" for order #9943 not sent: email type is disabled CONTEXT: {"email_type":"customer_completed_order","status":"disabled","recipient":"guest","order":9943}
2026-09-14T06:41:00+00:00 NOTICE Email "customer_completed_order" for order #10128 not sent: email type is disabled CONTEXT: {"email_type":"customer_completed_order","status":"disabled","recipient":"guest","order":10128}
2026-09-14T06:41:08+00:00 NOTICE Email "customer_completed_order" for order #10027 not sent: email type is disabled CONTEXT: {"email_type":"customer_completed_order","status":"disabled","recipient":"guest","order":10027}
2026-09-14T06:41:08+00:00 NOTICE Email "customer_completed_order" for order #10287 not sent: email type is disabled CONTEXT: {"email_type":"customer_completed_order","status":"disabled","recipient":"guest","order":10287}
2026-09-14T06:41:08+00:00 NOTICE Email "customer_completed_order" for order #9865 not sent: email type is disabled CONTEXT: {"email_type":"customer_completed_order","status":"disabled","recipient":"guest","order":9865}
2026-09-14T06:41:16+00:00 INFO Email "cancelled_order" for order #10391 sent CONTEXT: {"email_type":"cancelled_order","status":"sent","recipient":"guest","order":10391}
2026-09-14T06:41:17+00:00 NOTICE Email "customer_completed_order" for order #9851 not sent: email type is disabled CONTEXT: {"email_type":"customer_completed_order","status":"disabled","recipient":"guest","order":9851}
2026-09-14T06:41:26+00:00 NOTICE Email "customer_completed_order" for order #9832 not sent: email type is disabled CONTEXT: {"email_type":"customer_completed_order","status":"disabled","recipient":"guest","order":9832}
2026-09-14T06:41:34+00:00 NOTICE Email "customer_completed_order" for order #10162 not sent: email type is disabled CONTEXT: {"email_type":"customer_completed_order","status":"disabled","recipient":"guest","order":10162}
2026-09-14T06:41:40+00:00 INFO Email "cancelled_order" for order #10331 sent CONTEXT: {"email_type":"cancelled_order","status":"sent","recipient":"guest","order":10331}
2026-09-14T06:41:55+00:00 INFO Email "cancelled_order" for order #10360 sent CONTEXT: {"email_type":"cancelled_order","status":"sent","recipient":"guest","order":10360}
2026-09-14T06:42:01+00:00 INFO Email "cancelled_order" for order #10372 sent CONTEXT: {"email_type":"cancelled_order","status":"sent","recipient":"guest","order":10372}
2026-09-14T06:42:04+00:00 INFO Email "cancelled_order" for order #10374 sent CONTEXT: {"email_type":"cancelled_order","status":"sent","recipient":"guest","order":10374}
2026-09-14T06:42:04+00:00 NOTICE Email "customer_failed_order" for order #10390 not sent: email type is disabled CONTEXT: {"email_type":"customer_failed_order","status":"disabled","recipient":"guest","order":10390}
2026-09-14T06:42:09+00:00 INFO Email "failed_order" for order #10390 sent CONTEXT: {"email_type":"failed_order","status":"sent","recipient":"guest","order":10390}
2026-09-14T06:42:20+00:00 NOTICE Email "customer_failed_order" for order #10208 not sent: email type is disabled CONTEXT: {"email_type":"customer_failed_order","status":"disabled","recipient":"guest","order":10208}
2026-09-14T06:42:20+00:00 INFO Email "cancelled_order" for order #10370 sent CONTEXT: {"email_type":"cancelled_order","status":"sent","recipient":"guest","order":10370}
2026-09-14T06:42:30+00:00 NOTICE Email "customer_completed_order" for order #9773 not sent: email type is disabled CONTEXT: {"email_type":"customer_completed_order","status":"disabled","recipient":"guest","order":9773}
2026-09-14T06:42:30+00:00 NOTICE Email "customer_completed_order" for order #10034 not sent: email type is disabled CONTEXT: {"email_type":"customer_completed_order","status":"disabled","recipient":"guest","order":10034}
2026-09-14T06:42:42+00:00 INFO Email "cancelled_order" for order #10332 sent CONTEXT: {"email_type":"cancelled_order","status":"sent","recipient":"guest","order":10332}
2026-09-14T06:44:41+00:00 NOTICE Email "customer_completed_order" for order #10156 not sent: email type is disabled CONTEXT: {"email_type":"customer_completed_order","status":"disabled","recipient":"guest","order":10156}
2026-09-14T06:44:41+00:00 NOTICE Email "customer_completed_order" for order #10333 not sent: email type is disabled CONTEXT: {"email_type":"customer_completed_order","status":"disabled","recipient":"guest","order":10333}
2026-09-14T06:44:42+00:00 NOTICE Email "customer_completed_order" for order #10112 not sent: email type is disabled CONTEXT: {"email_type":"customer_completed_order","status":"disabled","recipient":"guest","order":10112}
2026-09-14T06:44:42+00:00 NOTICE Email "customer_completed_order" for order #10046 not sent: email type is disabled CONTEXT: {"email_type":"customer_completed_order","status":"disabled","recipient":"guest","order":10046}
2026-09-14T06:44:58+00:00 NOTICE Email "customer_completed_order" for order #10338 not sent: email type is disabled CONTEXT: {"email_type":"customer_completed_order","status":"disabled","recipient":"guest","order":10338}
2026-09-14T06:44:58+00:00 NOTICE Email "customer_completed_order" for order #9952 not sent: email type is disabled CONTEXT: {"email_type":"customer_completed_order","status":"disabled","recipient":"guest","order":9952}
2026-09-14T06:45:06+00:00 INFO Email "cancelled_order" for order #10391 sent CONTEXT: {"email_type":"cancelled_order","status":"sent","recipient":"guest","order":10391}
2026-09-14T06:45:14+00:00 NOTICE Email "customer_failed_order" for order #10302 not sent: email type is disabled CONTEXT: {"email_type":"customer_failed_order","status":"disabled","recipient":"guest","order":10302}
2026-09-14T06:45:14+00:00 NOTICE Email "customer_completed_order" for order #10033 not sent: email type is disabled CONTEXT: {"email_type":"customer_completed_order","status":"disabled","recipient":"guest","order":10033}
2026-09-14T06:45:14+00:00 NOTICE Email "customer_completed_order" for order #7976 not sent: email type is disabled CONTEXT: {"email_type":"customer_completed_order","status":"disabled","recipient":"guest","order":7976}
2026-09-14T06:45:22+00:00 NOTICE Email "customer_completed_order" for order #10003 not sent: email type is disabled CONTEXT: {"email_type":"customer_completed_order","status":"disabled","recipient":"guest","order":10003}
2026-09-14T06:45:22+00:00 NOTICE Email "customer_completed_order" for order #9936 not sent: email type is disabled CONTEXT: {"email_type":"customer_completed_order","status":"disabled","recipient":"guest","order":9936}
2026-09-14T06:45:22+00:00 NOTICE Email "customer_completed_order" for order #9757 not sent: email type is disabled CONTEXT: {"email_type":"customer_completed_order","status":"disabled","recipient":"guest","order":9757}
2026-09-14T06:45:31+00:00 NOTICE Email "customer_failed_order" for order #10320 not sent: email type is disabled CONTEXT: {"email_type":"customer_failed_order","status":"disabled","recipient":"guest","order":10320}
2026-09-14T06:45:31+00:00 NOTICE Email "customer_completed_order" for order #10249 not sent: email type is disabled CONTEXT: {"email_type":"customer_completed_order","status":"disabled","recipient":"guest","order":10249}
2026-09-14T06:45:40+00:00 NOTICE Email "customer_failed_order" for order #10304 not sent: email type is disabled CONTEXT: {"email_type":"customer_failed_order","status":"disabled","recipient":"guest","order":10304}
2026-09-14T06:45:48+00:00 NOTICE Email "customer_completed_order" for order #10126 not sent: email type is disabled CONTEXT: {"email_type":"customer_completed_order","status":"disabled","recipient":"guest","order":10126}
2026-09-14T06:45:58+00:00 NOTICE Email "customer_failed_order" for order #10388 not sent: email type is disabled CONTEXT: {"email_type":"customer_failed_order","status":"disabled","recipient":"guest","order":10388}
2026-09-14T06:46:03+00:00 INFO Email "failed_order" for order #10388 sent CONTEXT: {"email_type":"failed_order","status":"sent","recipient":"guest","order":10388}
2026-09-14T06:46:05+00:00 NOTICE Email "customer_completed_order" for order #10289 not sent: email type is disabled CONTEXT: {"email_type":"customer_completed_order","status":"disabled","recipient":"guest","order":10289}
2026-09-14T06:46:05+00:00 NOTICE Email "customer_completed_order" for order #9809 not sent: email type is disabled CONTEXT: {"email_type":"customer_completed_order","status":"disabled","recipient":"guest","order":9809}
2026-09-14T06:46:57+00:00 NOTICE Email "customer_completed_order" for order #7934 not sent: email type is disabled CONTEXT: {"email_type":"customer_completed_order","status":"disabled","recipient":"guest","order":7934}
2026-09-14T06:46:59+00:00 NOTICE Email "customer_completed_order" for order #9851 not sent: email type is disabled CONTEXT: {"email_type":"customer_completed_order","status":"disabled","recipient":"guest","order":9851}
2026-09-14T06:46:59+00:00 NOTICE Email "customer_completed_order" for order #10128 not sent: email type is disabled CONTEXT: {"email_type":"customer_completed_order","status":"disabled","recipient":"guest","order":10128}
2026-09-14T06:46:59+00:00 NOTICE Email "customer_completed_order" for order #9943 not sent: email type is disabled CONTEXT: {"email_type":"customer_completed_order","status":"disabled","recipient":"guest","order":9943}
2026-09-14T06:46:59+00:00 NOTICE Email "customer_completed_order" for order #9865 not sent: email type is disabled CONTEXT: {"email_type":"customer_completed_order","status":"disabled","recipient":"guest","order":9865}
2026-09-14T06:47:05+00:00 NOTICE Email "customer_completed_order" for order #10034 not sent: email type is disabled CONTEXT: {"email_type":"customer_completed_order","status":"disabled","recipient":"guest","order":10034}
2026-09-14T06:47:06+00:00 NOTICE Email "customer_completed_order" for order #9773 not sent: email type is disabled CONTEXT: {"email_type":"customer_completed_order","status":"disabled","recipient":"guest","order":9773}
2026-09-14T06:47:06+00:00 NOTICE Email "customer_completed_order" for order #10140 not sent: email type is disabled CONTEXT: {"email_type":"customer_completed_order","status":"disabled","recipient":"guest","order":10140}
2026-09-14T06:47:16+00:00 NOTICE Email "customer_completed_order" for order #10027 not sent: email type is disabled CONTEXT: {"email_type":"customer_completed_order","status":"disabled","recipient":"guest","order":10027}
2026-09-14T06:47:24+00:00 NOTICE Email "customer_completed_order" for order #9766 not sent: email type is disabled CONTEXT: {"email_type":"customer_completed_order","status":"disabled","recipient":"guest","order":9766}
2026-09-14T06:47:24+00:00 NOTICE Email "customer_completed_order" for order #8085 not sent: email type is disabled CONTEXT: {"email_type":"customer_completed_order","status":"disabled","recipient":"guest","order":8085}
2026-09-14T06:47:35+00:00 NOTICE Email "customer_completed_order" for order #9833 not sent: email type is disabled CONTEXT: {"email_type":"customer_completed_order","status":"disabled","recipient":"guest","order":9833}
2026-09-14T06:47:43+00:00 NOTICE Email "customer_completed_order" for order #9892 not sent: email type is disabled CONTEXT: {"email_type":"customer_completed_order","status":"disabled","recipient":"guest","order":9892}
2026-09-14T06:47:54+00:00 NOTICE Email "customer_completed_order" for order #10086 not sent: email type is disabled CONTEXT: {"email_type":"customer_completed_order","status":"disabled","recipient":"guest","order":10086}
2026-09-14T06:47:54+00:00 NOTICE Email "customer_completed_order" for order #7526 not sent: email type is disabled CONTEXT: {"email_type":"customer_completed_order","status":"disabled","recipient":"guest","order":7526}
2026-09-14T06:48:06+00:00 INFO Email "cancelled_order" for order #10339 sent CONTEXT: {"email_type":"cancelled_order","status":"sent","recipient":"guest","order":10339}
2026-09-14T06:48:09+00:00 NOTICE Email "customer_completed_order" for order #9786 not sent: email type is disabled CONTEXT: {"email_type":"customer_completed_order","status":"disabled","recipient":"guest","order":9786}
2026-09-14T06:48:09+00:00 NOTICE Email "customer_completed_order" for order #9784 not sent: email type is disabled CONTEXT: {"email_type":"customer_completed_order","status":"disabled","recipient":"guest","order":9784}
2026-09-14T06:48:10+00:00 NOTICE Email "customer_completed_order" for order #9810 not sent: email type is disabled CONTEXT: {"email_type":"customer_completed_order","status":"disabled","recipient":"guest","order":9810}
2026-09-14T06:48:10+00:00 NOTICE Email "customer_completed_order" for order #10018 not sent: email type is disabled CONTEXT: {"email_type":"customer_completed_order","status":"disabled","recipient":"guest","order":10018}
2026-09-14T06:48:17+00:00 NOTICE Email "customer_failed_order" for order #10358 not sent: email type is disabled CONTEXT: {"email_type":"customer_failed_order","status":"disabled","recipient":"guest","order":10358}
2026-09-14T06:48:22+00:00 INFO Email "failed_order" for order #10358 sent CONTEXT: {"email_type":"failed_order","status":"sent","recipient":"guest","order":10358}
2026-09-14T06:48:25+00:00 NOTICE Email "customer_completed_order" for order #9907 not sent: email type is disabled CONTEXT: {"email_type":"customer_completed_order","status":"disabled","recipient":"guest","order":9907}
2026-09-14T06:48:27+00:00 NOTICE Email "customer_completed_order" for order #10164 not sent: email type is disabled CONTEXT: {"email_type":"customer_completed_order","status":"disabled","recipient":"guest","order":10164}
2026-09-14T06:48:27+00:00 NOTICE Email "customer_completed_order" for order #9974 not sent: email type is disabled CONTEXT: {"email_type":"customer_completed_order","status":"disabled","recipient":"guest","order":9974}
2026-09-14T06:48:28+00:00 NOTICE Email "customer_completed_order" for order #9923 not sent: email type is disabled CONTEXT: {"email_type":"customer_completed_order","status":"disabled","recipient":"guest","order":9923}
2026-09-14T06:48:40+00:00 NOTICE Email "customer_note" for order #10575 not sent: email type is disabled CONTEXT: {"email_type":"customer_note","status":"disabled","recipient":"guest","order":10575}
2026-09-14T06:48:41+00:00 NOTICE Email "customer_completed_order" for order #9785 not sent: email type is disabled CONTEXT: {"email_type":"customer_completed_order","status":"disabled","recipient":"guest","order":9785}
2026-09-14T06:49:16+00:00 NOTICE Email "customer_completed_order" for order #7976 not sent: email type is disabled CONTEXT: {"email_type":"customer_completed_order","status":"disabled","recipient":"guest","order":7976}
2026-09-14T06:49:17+00:00 NOTICE Email "customer_completed_order" for order #9757 not sent: email type is disabled CONTEXT: {"email_type":"customer_completed_order","status":"disabled","recipient":"guest","order":9757}
2026-09-14T06:49:17+00:00 NOTICE Email "customer_completed_order" for order #9851 not sent: email type is disabled CONTEXT: {"email_type":"customer_completed_order","status":"disabled","recipient":"guest","order":9851}
2026-09-14T06:49:18+00:00 NOTICE Email "customer_completed_order" for order #9892 not sent: email type is disabled CONTEXT: {"email_type":"customer_completed_order","status":"disabled","recipient":"guest","order":9892}
2026-09-14T06:49:18+00:00 NOTICE Email "customer_completed_order" for order #9900 not sent: email type is disabled CONTEXT: {"email_type":"customer_completed_order","status":"disabled","recipient":"guest","order":9900}
2026-09-14T06:49:18+00:00 NOTICE Email "customer_completed_order" for order #9950 not sent: email type is disabled CONTEXT: {"email_type":"customer_completed_order","status":"disabled","recipient":"guest","order":9950}
2026-09-14T06:49:18+00:00 NOTICE Email "customer_completed_order" for order #9997 not sent: email type is disabled CONTEXT: {"email_type":"customer_completed_order","status":"disabled","recipient":"guest","order":9997}
2026-09-14T06:49:19+00:00 NOTICE Email "customer_completed_order" for order #10003 not sent: email type is disabled CONTEXT: {"email_type":"customer_completed_order","status":"disabled","recipient":"guest","order":10003}
2026-09-14T06:49:19+00:00 NOTICE Email "customer_completed_order" for order #10027 not sent: email type is disabled CONTEXT: {"email_type":"customer_completed_order","status":"disabled","recipient":"guest","order":10027}
2026-09-14T06:49:19+00:00 NOTICE Email "customer_completed_order" for order #10033 not sent: email type is disabled CONTEXT: {"email_type":"customer_completed_order","status":"disabled","recipient":"guest","order":10033}
2026-09-14T06:49:19+00:00 NOTICE Email "customer_completed_order" for order #10061 not sent: email type is disabled CONTEXT: {"email_type":"customer_completed_order","status":"disabled","recipient":"guest","order":10061}
2026-09-14T06:49:19+00:00 NOTICE Email "customer_completed_order" for order #10128 not sent: email type is disabled CONTEXT: {"email_type":"customer_completed_order","status":"disabled","recipient":"guest","order":10128}
2026-09-14T06:49:20+00:00 NOTICE Email "customer_completed_order" for order #10156 not sent: email type is disabled CONTEXT: {"email_type":"customer_completed_order","status":"disabled","recipient":"guest","order":10156}
2026-09-14T06:49:20+00:00 NOTICE Email "customer_completed_order" for order #10158 not sent: email type is disabled CONTEXT: {"email_type":"customer_completed_order","status":"disabled","recipient":"guest","order":10158}
2026-09-14T06:49:20+00:00 NOTICE Email "customer_completed_order" for order #10197 not sent: email type is disabled CONTEXT: {"email_type":"customer_completed_order","status":"disabled","recipient":"guest","order":10197}
2026-09-14T06:49:20+00:00 NOTICE Email "customer_completed_order" for order #10200 not sent: email type is disabled CONTEXT: {"email_type":"customer_completed_order","status":"disabled","recipient":"guest","order":10200}
2026-09-14T06:49:20+00:00 NOTICE Email "customer_completed_order" for order #10249 not sent: email type is disabled CONTEXT: {"email_type":"customer_completed_order","status":"disabled","recipient":"guest","order":10249}
2026-09-14T06:49:20+00:00 NOTICE Email "customer_completed_order" for order #10287 not sent: email type is disabled CONTEXT: {"email_type":"customer_completed_order","status":"disabled","recipient":"guest","order":10287}
2026-09-14T06:49:21+00:00 NOTICE Email "customer_failed_order" for order #10320 not sent: email type is disabled CONTEXT: {"email_type":"customer_failed_order","status":"disabled","recipient":"guest","order":10320}
2026-09-14T06:49:26+00:00 INFO Email "cancelled_order" for order #10356 sent CONTEXT: {"email_type":"cancelled_order","status":"sent","recipient":"guest","order":10356}
2026-09-14T06:49:36+00:00 NOTICE Email "customer_note" for order #10576 not sent: email type is disabled CONTEXT: {"email_type":"customer_note","status":"disabled","recipient":"guest","order":10576}
2026-09-14T06:50:01+00:00 NOTICE Email "customer_failed_order" for order #10302 not sent: email type is disabled CONTEXT: {"email_type":"customer_failed_order","status":"disabled","recipient":"guest","order":10302}
2026-09-14T06:50:02+00:00 NOTICE Email "customer_completed_order" for order #9952 not sent: email type is disabled CONTEXT: {"email_type":"customer_completed_order","status":"disabled","recipient":"guest","order":9952}
2026-09-14T06:50:08+00:00 NOTICE Email "customer_failed_order" for order #10388 not sent: email type is disabled CONTEXT: {"email_type":"customer_failed_order","status":"disabled","recipient":"guest","order":10388}
2026-09-14T06:50:14+00:00 INFO Email "failed_order" for order #10388 sent CONTEXT: {"email_type":"failed_order","status":"sent","recipient":"guest","order":10388}
2026-09-14T06:50:20+00:00 NOTICE Email "customer_completed_order" for order #10046 not sent: email type is disabled CONTEXT: {"email_type":"customer_completed_order","status":"disabled","recipient":"guest","order":10046}
2026-09-14T06:50:37+00:00 INFO Email "cancelled_order" for order #10371 sent CONTEXT: {"email_type":"cancelled_order","status":"sent","recipient":"guest","order":10371}
2026-09-14T06:50:38+00:00 NOTICE Email "customer_completed_order" for order #10239 not sent: email type is disabled CONTEXT: {"email_type":"customer_completed_order","status":"disabled","recipient":"guest","order":10239}
2026-09-14T06:50:46+00:00 INFO Email "cancelled_order" for order #10360 sent CONTEXT: {"email_type":"cancelled_order","status":"sent","recipient":"guest","order":10360}
2026-09-14T06:51:02+00:00 INFO Email "cancelled_order" for order #10389 sent CONTEXT: {"email_type":"cancelled_order","status":"sent","recipient":"guest","order":10389}
2026-09-14T06:51:03+00:00 NOTICE Email "customer_completed_order" for order #10141 not sent: email type is disabled CONTEXT: {"email_type":"customer_completed_order","status":"disabled","recipient":"guest","order":10141}
2026-09-14T06:51:51+00:00 NOTICE Email "customer_completed_order" for order #10168 not sent: email type is disabled CONTEXT: {"email_type":"customer_completed_order","status":"disabled","recipient":"guest","order":10168}
2026-09-14T06:52:06+00:00 NOTICE Email "customer_completed_order" for order #10148 not sent: email type is disabled CONTEXT: {"email_type":"customer_completed_order","status":"disabled","recipient":"guest","order":10148}
2026-09-14T06:52:07+00:00 NOTICE Email "customer_completed_order" for order #9867 not sent: email type is disabled CONTEXT: {"email_type":"customer_completed_order","status":"disabled","recipient":"guest","order":9867}
2026-09-14T06:52:23+00:00 NOTICE Email "customer_completed_order" for order #9852 not sent: email type is disabled CONTEXT: {"email_type":"customer_completed_order","status":"disabled","recipient":"guest","order":9852}
2026-09-14T06:52:23+00:00 NOTICE Email "customer_completed_order" for order #10327 not sent: email type is disabled CONTEXT: {"email_type":"customer_completed_order","status":"disabled","recipient":"guest","order":10327}
2026-09-14T06:52:23+00:00 NOTICE Email "customer_completed_order" for order #9938 not sent: email type is disabled CONTEXT: {"email_type":"customer_completed_order","status":"disabled","recipient":"guest","order":9938}
2026-09-14T06:52:46+00:00 INFO Email "cancelled_order" for order #10397 sent CONTEXT: {"email_type":"cancelled_order","status":"sent","recipient":"guest","order":10397}
2026-09-14T06:52:51+00:00 INFO Email "cancelled_order" for order #10372 sent CONTEXT: {"email_type":"cancelled_order","status":"sent","recipient":"guest","order":10372}
2026-09-14T06:52:53+00:00 INFO Email "cancelled_order" for order #10369 sent CONTEXT: {"email_type":"cancelled_order","status":"sent","recipient":"guest","order":10369}
2026-09-14T06:53:07+00:00 NOTICE Email "customer_completed_order" for order #9997 not sent: email type is disabled CONTEXT: {"email_type":"customer_completed_order","status":"disabled","recipient":"guest","order":9997}
2026-09-14T06:53:25+00:00 NOTICE Email "customer_completed_order" for order #9832 not sent: email type is disabled CONTEXT: {"email_type":"customer_completed_order","status":"disabled","recipient":"guest","order":9832}
2026-09-14T06:53:36+00:00 NOTICE Email "customer_completed_order" for order #10162 not sent: email type is disabled CONTEXT: {"email_type":"customer_completed_order","status":"disabled","recipient":"guest","order":10162}
2026-09-14T06:53:49+00:00 INFO Email "cancelled_order" for order #10391 sent CONTEXT: {"email_type":"cancelled_order","status":"sent","recipient":"guest","order":10391}
2026-09-14T06:54:28+00:00 NOTICE Email "customer_failed_order" for order #10302 not sent: email type is disabled CONTEXT: {"email_type":"customer_failed_order","status":"disabled","recipient":"guest","order":10302}
2026-09-14T06:54:28+00:00 NOTICE Email "customer_completed_order" for order #10156 not sent: email type is disabled CONTEXT: {"email_type":"customer_completed_order","status":"disabled","recipient":"guest","order":10156}
2026-09-14T06:54:28+00:00 NOTICE Email "customer_completed_order" for order #10333 not sent: email type is disabled CONTEXT: {"email_type":"customer_completed_order","status":"disabled","recipient":"guest","order":10333}
2026-09-14T06:54:52+00:00 NOTICE Email "customer_completed_order" for order #10033 not sent: email type is disabled CONTEXT: {"email_type":"customer_completed_order","status":"disabled","recipient":"guest","order":10033}
2026-09-14T06:54:59+00:00 INFO Email "cancelled_order" for order #10370 sent CONTEXT: {"email_type":"cancelled_order","status":"sent","recipient":"guest","order":10370}
2026-09-14T06:54:59+00:00 NOTICE Email "customer_failed_order" for order #10358 not sent: email type is disabled CONTEXT: {"email_type":"customer_failed_order","status":"disabled","recipient":"guest","order":10358}
2026-09-14T06:55:04+00:00 INFO Email "failed_order" for order #10358 sent CONTEXT: {"email_type":"failed_order","status":"sent","recipient":"guest","order":10358}
2026-09-14T06:55:10+00:00 NOTICE Email "customer_completed_order" for order #10239 not sent: email type is disabled CONTEXT: {"email_type":"customer_completed_order","status":"disabled","recipient":"guest","order":10239}
2026-09-14T06:55:26+00:00 INFO Email "cancelled_order" for order #10350 sent CONTEXT: {"email_type":"cancelled_order","status":"sent","recipient":"guest","order":10350}
2026-09-14T06:55:26+00:00 NOTICE Email "customer_completed_order" for order #10046 not sent: email type is disabled CONTEXT: {"email_type":"customer_completed_order","status":"disabled","recipient":"guest","order":10046}
2026-09-14T06:55:33+00:00 NOTICE Email "customer_completed_order" for order #9950 not sent: email type is disabled CONTEXT: {"email_type":"customer_completed_order","status":"disabled","recipient":"guest","order":9950}
2026-09-14T06:55:33+00:00 NOTICE Email "customer_failed_order" for order #10320 not sent: email type is disabled CONTEXT: {"email_type":"customer_failed_order","status":"disabled","recipient":"guest","order":10320}
2026-09-14T06:55:34+00:00 NOTICE Email "customer_completed_order" for order #10128 not sent: email type is disabled CONTEXT: {"email_type":"customer_completed_order","status":"disabled","recipient":"guest","order":10128}
2026-09-14T06:55:34+00:00 NOTICE Email "customer_completed_order" for order #9936 not sent: email type is disabled CONTEXT: {"email_type":"customer_completed_order","status":"disabled","recipient":"guest","order":9936}
2026-09-14T06:55:35+00:00 INFO Email "cancelled_order" for order #10366 sent CONTEXT: {"email_type":"cancelled_order","status":"sent","recipient":"guest","order":10366}
2026-09-14T06:55:36+00:00 INFO Email "cancelled_order" for order #10332 sent CONTEXT: {"email_type":"cancelled_order","status":"sent","recipient":"guest","order":10332}
2026-09-14T06:55:43+00:00 INFO Email "cancelled_order" for order #10331 sent CONTEXT: {"email_type":"cancelled_order","status":"sent","recipient":"guest","order":10331}
2026-09-14T06:56:47+00:00 NOTICE Email "customer_failed_order" for order #10388 not sent: email type is disabled CONTEXT: {"email_type":"customer_failed_order","status":"disabled","recipient":"guest","order":10388}
2026-09-14T06:56:52+00:00 INFO Email "failed_order" for order #10388 sent CONTEXT: {"email_type":"failed_order","status":"sent","recipient":"guest","order":10388}
2026-09-14T06:56:58+00:00 INFO Email "cancelled_order" for order #10339 sent CONTEXT: {"email_type":"cancelled_order","status":"sent","recipient":"guest","order":10339}
2026-09-14T06:57:16+00:00 NOTICE Email "customer_failed_order" for order #10390 not sent: email type is disabled CONTEXT: {"email_type":"customer_failed_order","status":"disabled","recipient":"guest","order":10390}
2026-09-14T06:57:16+00:00 NOTICE Email "customer_completed_order" for order #10249 not sent: email type is disabled CONTEXT: {"email_type":"customer_completed_order","status":"disabled","recipient":"guest","order":10249}
2026-09-14T06:57:17+00:00 INFO Email "cancelled_order" for order #10337 sent CONTEXT: {"email_type":"cancelled_order","status":"sent","recipient":"guest","order":10337}
2026-09-14T06:57:21+00:00 INFO Email "failed_order" for order #10390 sent CONTEXT: {"email_type":"failed_order","status":"sent","recipient":"guest","order":10390}
2026-09-14T06:57:25+00:00 INFO Email "cancelled_order" for order #10373 sent CONTEXT: {"email_type":"cancelled_order","status":"sent","recipient":"guest","order":10373}
2026-09-14T06:57:25+00:00 NOTICE Email "customer_note" for order #10579 not sent: email type is disabled CONTEXT: {"email_type":"customer_note","status":"disabled","recipient":"guest","order":10579}
2026-09-14T06:57:35+00:00 NOTICE Email "customer_completed_order" for order #10027 not sent: email type is disabled CONTEXT: {"email_type":"customer_completed_order","status":"disabled","recipient":"guest","order":10027}
2026-09-14T06:57:53+00:00 NOTICE Email "customer_completed_order" for order #9766 not sent: email type is disabled CONTEXT: {"email_type":"customer_completed_order","status":"disabled","recipient":"guest","order":9766}
2026-09-14T06:57:53+00:00 NOTICE Email "customer_completed_order" for order #8085 not sent: email type is disabled CONTEXT: {"email_type":"customer_completed_order","status":"disabled","recipient":"guest","order":8085}
2026-09-14T06:58:07+00:00 NOTICE Email "customer_completed_order" for order #10140 not sent: email type is disabled CONTEXT: {"email_type":"customer_completed_order","status":"disabled","recipient":"guest","order":10140}
2026-09-14T06:58:13+00:00 NOTICE Email "customer_note" for order #10580 not sent: email type is disabled CONTEXT: {"email_type":"customer_note","status":"disabled","recipient":"guest","order":10580}
2026-09-14T06:58:24+00:00 NOTICE Email "customer_completed_order" for order #10197 not sent: email type is disabled CONTEXT: {"email_type":"customer_completed_order","status":"disabled","recipient":"guest","order":10197}
2026-09-14T06:58:27+00:00 NOTICE Email "customer_completed_order" for order #10018 not sent: email type is disabled CONTEXT: {"email_type":"customer_completed_order","status":"disabled","recipient":"guest","order":10018}
2026-09-14T06:58:27+00:00 NOTICE Email "customer_completed_order" for order #9907 not sent: email type is disabled CONTEXT: {"email_type":"customer_completed_order","status":"disabled","recipient":"guest","order":9907}
2026-09-14T06:58:42+00:00 NOTICE Email "customer_completed_order" for order #9997 not sent: email type is disabled CONTEXT: {"email_type":"customer_completed_order","status":"disabled","recipient":"guest","order":9997}
2026-09-14T06:58:42+00:00 NOTICE Email "customer_completed_order" for order #7526 not sent: email type is disabled CONTEXT: {"email_type":"customer_completed_order","status":"disabled","recipient":"guest","order":7526}
2026-09-14T06:58:44+00:00 NOTICE Email "customer_completed_order" for order #10338 not sent: email type is disabled CONTEXT: {"email_type":"customer_completed_order","status":"disabled","recipient":"guest","order":10338}
2026-09-14T06:58:44+00:00 NOTICE Email "customer_completed_order" for order #9974 not sent: email type is disabled CONTEXT: {"email_type":"customer_completed_order","status":"disabled","recipient":"guest","order":9974}
2026-09-14T06:58:54+00:00 INFO Email "new_order" for order #10578 sent CONTEXT: {"email_type":"new_order","status":"sent","recipient":"guest","order":10578}
2026-09-14T06:58:54+00:00 NOTICE Email "customer_processing_order" for order #10578 not sent: email type is disabled CONTEXT: {"email_type":"customer_processing_order","status":"disabled","recipient":"guest","order":10578}
2026-09-14T06:59:05+00:00 INFO Email "cancelled_order" for order #10356 sent CONTEXT: {"email_type":"cancelled_order","status":"sent","recipient":"guest","order":10356}
2026-09-14T06:59:18+00:00 NOTICE Email "customer_completed_order" for order #10289 not sent: email type is disabled CONTEXT: {"email_type":"customer_completed_order","status":"disabled","recipient":"guest","order":10289}
2026-09-14T06:59:18+00:00 NOTICE Email "customer_completed_order" for order #7976 not sent: email type is disabled CONTEXT: {"email_type":"customer_completed_order","status":"disabled","recipient":"guest","order":7976}
2026-09-14T06:59:23+00:00 NOTICE Email "customer_completed_order" for order #9785 not sent: email type is disabled CONTEXT: {"email_type":"customer_completed_order","status":"disabled","recipient":"guest","order":9785}
2026-09-14T06:59:36+00:00 NOTICE Email "customer_completed_order" for order #9900 not sent: email type is disabled CONTEXT: {"email_type":"customer_completed_order","status":"disabled","recipient":"guest","order":9900}
2026-09-14T06:59:36+00:00 NOTICE Email "customer_completed_order" for order #9923 not sent: email type is disabled CONTEXT: {"email_type":"customer_completed_order","status":"disabled","recipient":"guest","order":9923}
2026-09-14T06:59:40+00:00 NOTICE Email "customer_completed_order" for order #9798 not sent: email type is disabled CONTEXT: {"email_type":"customer_completed_order","status":"disabled","recipient":"guest","order":9798}
2026-09-14T06:59:53+00:00 NOTICE Email "customer_completed_order" for order #9892 not sent: email type is disabled CONTEXT: {"email_type":"customer_completed_order","status":"disabled","recipient":"guest","order":9892}
2026-09-14T06:59:54+00:00 NOTICE Email "customer_note" for order #10579 not sent: email type is disabled CONTEXT: {"email_type":"customer_note","status":"disabled","recipient":"guest","order":10579}
2026-09-14T07:00:11+00:00 NOTICE Email "customer_completed_order" for order #10061 not sent: email type is disabled CONTEXT: {"email_type":"customer_completed_order","status":"disabled","recipient":"guest","order":10061}
2026-09-14T07:00:11+00:00 NOTICE Email "customer_completed_order" for order #9952 not sent: email type is disabled CONTEXT: {"email_type":"customer_completed_order","status":"disabled","recipient":"guest","order":9952}
2026-09-14T07:00:34+00:00 INFO Email "cancelled_order" for order #10360 sent CONTEXT: {"email_type":"cancelled_order","status":"sent","recipient":"guest","order":10360}
2026-09-14T07:00:43+00:00 INFO Email "cancelled_order" for order #10391 sent CONTEXT: {"email_type":"cancelled_order","status":"sent","recipient":"guest","order":10391}
2026-09-14T07:01:02+00:00 NOTICE Email "customer_failed_order" for order #10358 not sent: email type is disabled CONTEXT: {"email_type":"customer_failed_order","status":"disabled","recipient":"guest","order":10358}
2026-09-14T07:01:07+00:00 INFO Email "failed_order" for order #10358 sent CONTEXT: {"email_type":"failed_order","status":"sent","recipient":"guest","order":10358}
2026-09-14T07:01:10+00:00 NOTICE Email "customer_completed_order" for order #9766 not sent: email type is disabled CONTEXT: {"email_type":"customer_completed_order","status":"disabled","recipient":"guest","order":9766}
2026-09-14T07:01:24+00:00 NOTICE Email "customer_failed_order" for order #10208 not sent: email type is disabled CONTEXT: {"email_type":"customer_failed_order","status":"disabled","recipient":"guest","order":10208}
2026-09-14T07:01:29+00:00 INFO Email "cancelled_order" for order #10371 sent CONTEXT: {"email_type":"cancelled_order","status":"sent","recipient":"guest","order":10371}
2026-09-14T07:02:04+00:00 NOTICE Email "customer_completed_order" for order #10141 not sent: email type is disabled CONTEXT: {"email_type":"customer_completed_order","status":"disabled","recipient":"guest","order":10141}
2026-09-14T07:02:06+00:00 NOTICE Email "customer_completed_order" for order #10046 not sent: email type is disabled CONTEXT: {"email_type":"customer_completed_order","status":"disabled","recipient":"guest","order":10046}
2026-09-14T07:02:08+00:00 NOTICE Email "customer_completed_order" for order #10126 not sent: email type is disabled CONTEXT: {"email_type":"customer_completed_order","status":"disabled","recipient":"guest","order":10126}
2026-09-14T07:02:23+00:00 NOTICE Email "customer_completed_order" for order #9950 not sent: email type is disabled CONTEXT: {"email_type":"customer_completed_order","status":"disabled","recipient":"guest","order":9950}
2026-09-14T07:02:23+00:00 NOTICE Email "customer_completed_order" for order #10287 not sent: email type is disabled CONTEXT: {"email_type":"customer_completed_order","status":"disabled","recipient":"guest","order":10287}
2026-09-14T07:02:44+00:00 INFO Email "new_order" for order #10579 sent CONTEXT: {"email_type":"new_order","status":"sent","recipient":"guest","order":10579}
2026-09-14T07:02:44+00:00 NOTICE Email "customer_processing_order" for order #10579 not sent: email type is disabled CONTEXT: {"email_type":"customer_processing_order","status":"disabled","recipient":"guest","order":10579}
2026-09-14T07:02:44+00:00 NOTICE Email "customer_note" for order #10579 not sent: email type is disabled CONTEXT: {"email_type":"customer_note","status":"disabled","recipient":"guest","order":10579}
2026-09-14T07:02:55+00:00 NOTICE Email "customer_completed_order" for order #10158 not sent: email type is disabled CONTEXT: {"email_type":"customer_completed_order","status":"disabled","recipient":"guest","order":10158}
2026-09-14T07:02:58+00:00 NOTICE Email "customer_completed_order" for order #9900 not sent: email type is disabled CONTEXT: {"email_type":"customer_completed_order","status":"disabled","recipient":"guest","order":9900}
2026-09-14T07:02:58+00:00 NOTICE Email "customer_completed_order" for order #10128 not sent: email type is disabled CONTEXT: {"email_type":"customer_completed_order","status":"disabled","recipient":"guest","order":10128}
2026-09-14T07:02:58+00:00 NOTICE Email "customer_completed_order" for order #9923 not sent: email type is disabled CONTEXT: {"email_type":"customer_completed_order","status":"disabled","recipient":"guest","order":9923}
2026-09-14T07:02:58+00:00 NOTICE Email "customer_completed_order" for order #9936 not sent: email type is disabled CONTEXT: {"email_type":"customer_completed_order","status":"disabled","recipient":"guest","order":9936}
2026-09-14T07:03:15+00:00 NOTICE Email "customer_completed_order" for order #9865 not sent: email type is disabled CONTEXT: {"email_type":"customer_completed_order","status":"disabled","recipient":"guest","order":9865}
2026-09-14T07:03:27+00:00 NOTICE Email "customer_completed_order" for order #9784 not sent: email type is disabled CONTEXT: {"email_type":"customer_completed_order","status":"disabled","recipient":"guest","order":9784}
2026-09-14T07:03:34+00:00 NOTICE Email "customer_completed_order" for order #10249 not sent: email type is disabled CONTEXT: {"email_type":"customer_completed_order","status":"disabled","recipient":"guest","order":10249}
2026-09-14T07:03:35+00:00 NOTICE Email "customer_completed_order" for order #10239 not sent: email type is disabled CONTEXT: {"email_type":"customer_completed_order","status":"disabled","recipient":"guest","order":10239}
2026-09-14T07:03:44+00:00 NOTICE Email "customer_completed_order" for order #9785 not sent: email type is disabled CONTEXT: {"email_type":"customer_completed_order","status":"disabled","recipient":"guest","order":9785}
2026-09-14T07:03:48+00:00 NOTICE Email "customer_completed_order" for order #7526 not sent: email type is disabled CONTEXT: {"email_type":"customer_completed_order","status":"disabled","recipient":"guest","order":7526}
2026-09-14T07:03:48+00:00 NOTICE Email "customer_completed_order" for order #10164 not sent: email type is disabled CONTEXT: {"email_type":"customer_completed_order","status":"disabled","recipient":"guest","order":10164}
2026-09-14T07:03:50+00:00 NOTICE Email "customer_completed_order" for order #9784 not sent: email type is disabled CONTEXT: {"email_type":"customer_completed_order","status":"disabled","recipient":"guest","order":9784}
2026-09-14T07:03:50+00:00 NOTICE Email "customer_completed_order" for order #9785 not sent: email type is disabled CONTEXT: {"email_type":"customer_completed_order","status":"disabled","recipient":"guest","order":9785}
2026-09-14T07:03:50+00:00 NOTICE Email "customer_completed_order" for order #9786 not sent: email type is disabled CONTEXT: {"email_type":"customer_completed_order","status":"disabled","recipient":"guest","order":9786}
2026-09-14T07:03:51+00:00 NOTICE Email "customer_completed_order" for order #9809 not sent: email type is disabled CONTEXT: {"email_type":"customer_completed_order","status":"disabled","recipient":"guest","order":9809}
2026-09-14T07:03:51+00:00 NOTICE Email "customer_completed_order" for order #9810 not sent: email type is disabled CONTEXT: {"email_type":"customer_completed_order","status":"disabled","recipient":"guest","order":9810}
2026-09-14T07:03:51+00:00 NOTICE Email "customer_completed_order" for order #9832 not sent: email type is disabled CONTEXT: {"email_type":"customer_completed_order","status":"disabled","recipient":"guest","order":9832}
2026-09-14T07:03:51+00:00 NOTICE Email "customer_completed_order" for order #9833 not sent: email type is disabled CONTEXT: {"email_type":"customer_completed_order","status":"disabled","recipient":"guest","order":9833}
2026-09-14T07:03:51+00:00 NOTICE Email "customer_completed_order" for order #9867 not sent: email type is disabled CONTEXT: {"email_type":"customer_completed_order","status":"disabled","recipient":"guest","order":9867}
2026-09-14T07:03:52+00:00 NOTICE Email "customer_completed_order" for order #9938 not sent: email type is disabled CONTEXT: {"email_type":"customer_completed_order","status":"disabled","recipient":"guest","order":9938}
2026-09-14T07:03:52+00:00 NOTICE Email "customer_completed_order" for order #9997 not sent: email type is disabled CONTEXT: {"email_type":"customer_completed_order","status":"disabled","recipient":"guest","order":9997}
2026-09-14T07:03:52+00:00 NOTICE Email "customer_completed_order" for order #10003 not sent: email type is disabled CONTEXT: {"email_type":"customer_completed_order","status":"disabled","recipient":"guest","order":10003}
2026-09-14T07:03:52+00:00 NOTICE Email "customer_completed_order" for order #10027 not sent: email type is disabled CONTEXT: {"email_type":"customer_completed_order","status":"disabled","recipient":"guest","order":10027}
2026-09-14T07:03:52+00:00 NOTICE Email "customer_completed_order" for order #10033 not sent: email type is disabled CONTEXT: {"email_type":"customer_completed_order","status":"disabled","recipient":"guest","order":10033}
2026-09-14T07:03:53+00:00 NOTICE Email "customer_completed_order" for order #10086 not sent: email type is disabled CONTEXT: {"email_type":"customer_completed_order","status":"disabled","recipient":"guest","order":10086}
2026-09-14T07:03:53+00:00 NOTICE Email "customer_completed_order" for order #10112 not sent: email type is disabled CONTEXT: {"email_type":"customer_completed_order","status":"disabled","recipient":"guest","order":10112}
2026-09-14T07:03:53+00:00 NOTICE Email "customer_completed_order" for order #10140 not sent: email type is disabled CONTEXT: {"email_type":"customer_completed_order","status":"disabled","recipient":"guest","order":10140}
2026-09-14T07:03:54+00:00 NOTICE Email "customer_completed_order" for order #10148 not sent: email type is disabled CONTEXT: {"email_type":"customer_completed_order","status":"disabled","recipient":"guest","order":10148}
2026-09-14T07:03:54+00:00 NOTICE Email "customer_completed_order" for order #10164 not sent: email type is disabled CONTEXT: {"email_type":"customer_completed_order","status":"disabled","recipient":"guest","order":10164}
2026-09-14T07:03:54+00:00 NOTICE Email "customer_completed_order" for order #10168 not sent: email type is disabled CONTEXT: {"email_type":"customer_completed_order","status":"disabled","recipient":"guest","order":10168}
2026-09-14T07:03:54+00:00 NOTICE Email "customer_completed_order" for order #10200 not sent: email type is disabled CONTEXT: {"email_type":"customer_completed_order","status":"disabled","recipient":"guest","order":10200}
2026-09-14T07:03:54+00:00 NOTICE Email "customer_completed_order" for order #10239 not sent: email type is disabled CONTEXT: {"email_type":"customer_completed_order","status":"disabled","recipient":"guest","order":10239}
2026-09-14T07:03:54+00:00 NOTICE Email "customer_completed_order" for order #10249 not sent: email type is disabled CONTEXT: {"email_type":"customer_completed_order","status":"disabled","recipient":"guest","order":10249}
2026-09-14T07:03:55+00:00 NOTICE Email "customer_failed_order" for order #10320 not sent: email type is disabled CONTEXT: {"email_type":"customer_failed_order","status":"disabled","recipient":"guest","order":10320}
2026-09-14T07:03:55+00:00 NOTICE Email "customer_completed_order" for order #10327 not sent: email type is disabled CONTEXT: {"email_type":"customer_completed_order","status":"disabled","recipient":"guest","order":10327}
2026-09-14T07:03:55+00:00 NOTICE Email "customer_completed_order" for order #10333 not sent: email type is disabled CONTEXT: {"email_type":"customer_completed_order","status":"disabled","recipient":"guest","order":10333}
2026-09-14T07:04:20+00:00 NOTICE Email "customer_completed_order" for order #9851 not sent: email type is disabled CONTEXT: {"email_type":"customer_completed_order","status":"disabled","recipient":"guest","order":9851}
2026-09-14T07:04:41+00:00 NOTICE Email "customer_completed_order" for order #9943 not sent: email type is disabled CONTEXT: {"email_type":"customer_completed_order","status":"disabled","recipient":"guest","order":9943}
2026-09-14T07:05:23+00:00 NOTICE Email "customer_failed_order" for order #10302 not sent: email type is disabled CONTEXT: {"email_type":"customer_failed_order","status":"disabled","recipient":"guest","order":10302}
2026-09-14T07:05:31+00:00 NOTICE Email "customer_failed_order" for order #10304 not sent: email type is disabled CONTEXT: {"email_type":"customer_failed_order","status":"disabled","recipient":"guest","order":10304}
2026-09-14T07:05:44+00:00 NOTICE Email "customer_completed_order" for order #10156 not sent: email type is disabled CONTEXT: {"email_type":"customer_completed_order","status":"disabled","recipient":"guest","order":10156}
2026-09-14T07:05:45+00:00 NOTICE Email "customer_completed_order" for order #9773 not sent: email type is disabled CONTEXT: {"email_type":"customer_completed_order","status":"disabled","recipient":"guest","order":9773}
2026-09-14T07:05:47+00:00 NOTICE Email "customer_completed_order" for order #9852 not sent: email type is disabled CONTEXT: {"email_type":"customer_completed_order","status":"disabled","recipient":"guest","order":9852}
2026-09-14T07:09:26+00:00 NOTICE Email "customer_completed_order" for order #10162 not sent: email type is disabled CONTEXT: {"email_type":"customer_completed_order","status":"disabled","recipient":"guest","order":10162}
2026-09-14T07:10:31+00:00 NOTICE Email "customer_completed_order" for order #10034 not sent: email type is disabled CONTEXT: {"email_type":"customer_completed_order","status":"disabled","recipient":"guest","order":10034}
2026-09-14T07:11:22+00:00 INFO Email "cancelled_order" for order #10331 sent CONTEXT: {"email_type":"cancelled_order","status":"sent","recipient":"guest","order":10331}
2026-09-14T07:11:40+00:00 NOTICE Email "customer_completed_order" for order #10287 not sent: email type is disabled CONTEXT: {"email_type":"customer_completed_order","status":"disabled","recipient":"guest","order":10287}
2026-09-14T07:11:46+00:00 INFO Email "cancelled_order" for order #10337 sent CONTEXT: {"email_type":"cancelled_order","status":"sent","recipient":"guest","order":10337}
2026-09-14T07:11:47+00:00 NOTICE Email "customer_completed_order" for order #9936 not sent: email type is disabled CONTEXT: {"email_type":"customer_completed_order","status":"disabled","recipient":"guest","order":9936}
2026-09-14T07:11:50+00:00 NOTICE Email "customer_completed_order" for order #10158 not sent: email type is disabled CONTEXT: {"email_type":"customer_completed_order","status":"disabled","recipient":"guest","order":10158}
2026-09-14T07:12:56+00:00 NOTICE Email "customer_completed_order" for order #7526 not sent: email type is disabled CONTEXT: {"email_type":"customer_completed_order","status":"disabled","recipient":"guest","order":7526}
2026-09-14T07:12:58+00:00 INFO Email "cancelled_order" for order #10391 sent CONTEXT: {"email_type":"cancelled_order","status":"sent","recipient":"guest","order":10391}
2026-09-14T07:12:59+00:00 NOTICE Email "customer_completed_order" for order #10168 not sent: email type is disabled CONTEXT: {"email_type":"customer_completed_order","status":"disabled","recipient":"guest","order":10168}
2026-09-14T07:13:12+00:00 NOTICE Email "customer_completed_order" for order #10327 not sent: email type is disabled CONTEXT: {"email_type":"customer_completed_order","status":"disabled","recipient":"guest","order":10327}
2026-09-14T07:13:43+00:00 INFO Email "cancelled_order" for order #10350 sent CONTEXT: {"email_type":"cancelled_order","status":"sent","recipient":"guest","order":10350}
2026-09-14T07:13:44+00:00 NOTICE Email "customer_completed_order" for order #10338 not sent: email type is disabled CONTEXT: {"email_type":"customer_completed_order","status":"disabled","recipient":"guest","order":10338}
2026-09-14T07:13:44+00:00 NOTICE Email "customer_completed_order" for order #10140 not sent: email type is disabled CONTEXT: {"email_type":"customer_completed_order","status":"disabled","recipient":"guest","order":10140}
2026-09-14T07:14:05+00:00 NOTICE Email "customer_failed_order" for order #10358 not sent: email type is disabled CONTEXT: {"email_type":"customer_failed_order","status":"disabled","recipient":"guest","order":10358}
2026-09-14T07:14:10+00:00 INFO Email "failed_order" for order #10358 sent CONTEXT: {"email_type":"failed_order","status":"sent","recipient":"guest","order":10358}
2026-09-14T07:14:15+00:00 INFO Email "cancelled_order" for order #10371 sent CONTEXT: {"email_type":"cancelled_order","status":"sent","recipient":"guest","order":10371}
2026-09-14T07:14:15+00:00 NOTICE Email "customer_failed_order" for order #10208 not sent: email type is disabled CONTEXT: {"email_type":"customer_failed_order","status":"disabled","recipient":"guest","order":10208}
2026-09-14T07:14:22+00:00 NOTICE Email "customer_completed_order" for order #10197 not sent: email type is disabled CONTEXT: {"email_type":"customer_completed_order","status":"disabled","recipient":"guest","order":10197}
2026-09-14T07:14:40+00:00 NOTICE Email "customer_completed_order" for order #9950 not sent: email type is disabled CONTEXT: {"email_type":"customer_completed_order","status":"disabled","recipient":"guest","order":9950}
2026-09-14T07:14:41+00:00 NOTICE Email "customer_completed_order" for order #10162 not sent: email type is disabled CONTEXT: {"email_type":"customer_completed_order","status":"disabled","recipient":"guest","order":10162}
2026-09-14T07:14:42+00:00 NOTICE Email "customer_completed_order" for order #9867 not sent: email type is disabled CONTEXT: {"email_type":"customer_completed_order","status":"disabled","recipient":"guest","order":9867}
2026-09-14T07:14:42+00:00 NOTICE Email "customer_completed_order" for order #10200 not sent: email type is disabled CONTEXT: {"email_type":"customer_completed_order","status":"disabled","recipient":"guest","order":10200}
2026-09-14T07:14:42+00:00 NOTICE Email "customer_completed_order" for order #9785 not sent: email type is disabled CONTEXT: {"email_type":"customer_completed_order","status":"disabled","recipient":"guest","order":9785}
2026-09-14T07:15:01+00:00 NOTICE Email "customer_completed_order" for order #10287 not sent: email type is disabled CONTEXT: {"email_type":"customer_completed_order","status":"disabled","recipient":"guest","order":10287}
2026-09-14T07:15:14+00:00 NOTICE Email "customer_completed_order" for order #9810 not sent: email type is disabled CONTEXT: {"email_type":"customer_completed_order","status":"disabled","recipient":"guest","order":9810}
2026-09-14T07:15:15+00:00 NOTICE Email "customer_failed_order" for order #10388 not sent: email type is disabled CONTEXT: {"email_type":"customer_failed_order","status":"disabled","recipient":"guest","order":10388}
2026-09-14T07:15:19+00:00 NOTICE Email "customer_completed_order" for order #9892 not sent: email type is disabled CONTEXT: {"email_type":"customer_completed_order","status":"disabled","recipient":"guest","order":9892}
2026-09-14T07:15:19+00:00 NOTICE Email "customer_completed_order" for order #9784 not sent: email type is disabled CONTEXT: {"email_type":"customer_completed_order","status":"disabled","recipient":"guest","order":9784}
2026-09-14T07:15:19+00:00 NOTICE Email "customer_completed_order" for order #9766 not sent: email type is disabled CONTEXT: {"email_type":"customer_completed_order","status":"disabled","recipient":"guest","order":9766}
2026-09-14T07:15:21+00:00 INFO Email "failed_order" for order #10388 sent CONTEXT: {"email_type":"failed_order","status":"sent","recipient":"guest","order":10388}
2026-09-14T07:15:21+00:00 INFO Email "cancelled_order" for order #10332 sent CONTEXT: {"email_type":"cancelled_order","status":"sent","recipient":"guest","order":10332}
2026-09-14T07:15:36+00:00 NOTICE Email "customer_completed_order" for order #10239 not sent: email type is disabled CONTEXT: {"email_type":"customer_completed_order","status":"disabled","recipient":"guest","order":10239}
2026-09-14T07:15:41+00:00 NOTICE Email "customer_failed_order" for order #10390 not sent: email type is disabled CONTEXT: {"email_type":"customer_failed_order","status":"disabled","recipient":"guest","order":10390}
2026-09-14T07:15:46+00:00 INFO Email "failed_order" for order #10390 sent CONTEXT: {"email_type":"failed_order","status":"sent","recipient":"guest","order":10390}
2026-09-14T07:15:52+00:00 NOTICE Email "customer_completed_order" for order #9786 not sent: email type is disabled CONTEXT: {"email_type":"customer_completed_order","status":"disabled","recipient":"guest","order":9786}
2026-09-14T07:15:54+00:00 INFO Email "cancelled_order" for order #10391 sent CONTEXT: {"email_type":"cancelled_order","status":"sent","recipient":"guest","order":10391}
2026-09-14T07:16:00+00:00 INFO Email "cancelled_order" for order #10373 sent CONTEXT: {"email_type":"cancelled_order","status":"sent","recipient":"guest","order":10373}
2026-09-14T07:16:11+00:00 INFO Email "cancelled_order" for order #10397 sent CONTEXT: {"email_type":"cancelled_order","status":"sent","recipient":"guest","order":10397}
2026-09-14T07:16:19+00:00 INFO Email "cancelled_order" for order #10366 sent CONTEXT: {"email_type":"cancelled_order","status":"sent","recipient":"guest","order":10366}
2026-09-14T07:16:24+00:00 INFO Email "cancelled_order" for order #10370 sent CONTEXT: {"email_type":"cancelled_order","status":"sent","recipient":"guest","order":10370}
2026-09-14T07:17:13+00:00 INFO Email "cancelled_order" for order #10360 sent CONTEXT: {"email_type":"cancelled_order","status":"sent","recipient":"guest","order":10360}
2026-09-14T07:17:15+00:00 INFO Email "cancelled_order" for order #10372 sent CONTEXT: {"email_type":"cancelled_order","status":"sent","recipient":"guest","order":10372}
2026-09-14T07:17:30+00:00 NOTICE Email "customer_completed_order" for order #9952 not sent: email type is disabled CONTEXT: {"email_type":"customer_completed_order","status":"disabled","recipient":"guest","order":9952}
2026-09-14T07:17:37+00:00 INFO Email "cancelled_order" for order #10369 sent CONTEXT: {"email_type":"cancelled_order","status":"sent","recipient":"guest","order":10369}
2026-09-14T07:17:47+00:00 NOTICE Email "customer_completed_order" for order #10086 not sent: email type is disabled CONTEXT: {"email_type":"customer_completed_order","status":"disabled","recipient":"guest","order":10086}
2026-09-14T07:17:47+00:00 NOTICE Email "customer_completed_order" for order #10034 not sent: email type is disabled CONTEXT: {"email_type":"customer_completed_order","status":"disabled","recipient":"guest","order":10034}
2026-09-14T07:17:59+00:00 NOTICE Email "customer_completed_order" for order #10338 not sent: email type is disabled CONTEXT: {"email_type":"customer_completed_order","status":"disabled","recipient":"guest","order":10338}
2026-09-14T07:17:59+00:00 NOTICE Email "customer_completed_order" for order #9907 not sent: email type is disabled CONTEXT: {"email_type":"customer_completed_order","status":"disabled","recipient":"guest","order":9907}
2026-09-14T07:18:04+00:00 NOTICE Email "customer_completed_order" for order #9798 not sent: email type is disabled CONTEXT: {"email_type":"customer_completed_order","status":"disabled","recipient":"guest","order":9798}
2026-09-14T07:18:05+00:00 NOTICE Email "customer_completed_order" for order #9936 not sent: email type is disabled CONTEXT: {"email_type":"customer_completed_order","status":"disabled","recipient":"guest","order":9936}
2026-09-14T07:18:16+00:00 NOTICE Email "customer_completed_order" for order #7976 not sent: email type is disabled CONTEXT: {"email_type":"customer_completed_order","status":"disabled","recipient":"guest","order":7976}
2026-09-14T07:18:33+00:00 NOTICE Email "customer_completed_order" for order #7976 not sent: email type is disabled CONTEXT: {"email_type":"customer_completed_order","status":"disabled","recipient":"guest","order":7976}
2026-09-14T07:18:34+00:00 NOTICE Email "customer_completed_order" for order #10243 not sent: email type is disabled CONTEXT: {"email_type":"customer_completed_order","status":"disabled","recipient":"guest","order":10243}
2026-09-14T07:18:34+00:00 NOTICE Email "customer_completed_order" for order #9757 not sent: email type is disabled CONTEXT: {"email_type":"customer_completed_order","status":"disabled","recipient":"guest","order":9757}
2026-09-14T07:18:34+00:00 NOTICE Email "customer_completed_order" for order #9773 not sent: email type is disabled CONTEXT: {"email_type":"customer_completed_order","status":"disabled","recipient":"guest","order":9773}
2026-09-14T07:18:35+00:00 NOTICE Email "customer_completed_order" for order #9809 not sent: email type is disabled CONTEXT: {"email_type":"customer_completed_order","status":"disabled","recipient":"guest","order":9809}
2026-09-14T07:18:35+00:00 NOTICE Email "customer_completed_order" for order #9810 not sent: email type is disabled CONTEXT: {"email_type":"customer_completed_order","status":"disabled","recipient":"guest","order":9810}
2026-09-14T07:18:36+00:00 NOTICE Email "customer_completed_order" for order #9938 not sent: email type is disabled CONTEXT: {"email_type":"customer_completed_order","status":"disabled","recipient":"guest","order":9938}
2026-09-14T07:18:36+00:00 NOTICE Email "customer_completed_order" for order #9997 not sent: email type is disabled CONTEXT: {"email_type":"customer_completed_order","status":"disabled","recipient":"guest","order":9997}
2026-09-14T07:18:37+00:00 NOTICE Email "customer_completed_order" for order #10027 not sent: email type is disabled CONTEXT: {"email_type":"customer_completed_order","status":"disabled","recipient":"guest","order":10027}
2026-09-14T07:18:37+00:00 NOTICE Email "customer_completed_order" for order #10061 not sent: email type is disabled CONTEXT: {"email_type":"customer_completed_order","status":"disabled","recipient":"guest","order":10061}
2026-09-14T07:18:38+00:00 NOTICE Email "customer_completed_order" for order #10126 not sent: email type is disabled CONTEXT: {"email_type":"customer_completed_order","status":"disabled","recipient":"guest","order":10126}
2026-09-14T07:18:38+00:00 NOTICE Email "customer_completed_order" for order #10141 not sent: email type is disabled CONTEXT: {"email_type":"customer_completed_order","status":"disabled","recipient":"guest","order":10141}
2026-09-14T07:18:38+00:00 NOTICE Email "customer_completed_order" for order #10162 not sent: email type is disabled CONTEXT: {"email_type":"customer_completed_order","status":"disabled","recipient":"guest","order":10162}
2026-09-14T07:18:38+00:00 NOTICE Email "customer_completed_order" for order #10164 not sent: email type is disabled CONTEXT: {"email_type":"customer_completed_order","status":"disabled","recipient":"guest","order":10164}
2026-09-14T07:18:40+00:00 NOTICE Email "customer_failed_order" for order #10304 not sent: email type is disabled CONTEXT: {"email_type":"customer_failed_order","status":"disabled","recipient":"guest","order":10304}
2026-09-14T07:18:40+00:00 NOTICE Email "customer_completed_order" for order #10333 not sent: email type is disabled CONTEXT: {"email_type":"customer_completed_order","status":"disabled","recipient":"guest","order":10333}
2026-09-14T07:18:44+00:00 INFO Email "cancelled_order" for order #10337 sent CONTEXT: {"email_type":"cancelled_order","status":"sent","recipient":"guest","order":10337}
2026-09-14T07:18:52+00:00 NOTICE Email "customer_failed_order" for order #10320 not sent: email type is disabled CONTEXT: {"email_type":"customer_failed_order","status":"disabled","recipient":"guest","order":10320}
2026-09-14T07:19:01+00:00 INFO Email "cancelled_order" for order #10576 sent CONTEXT: {"email_type":"cancelled_order","status":"sent","recipient":"guest","order":10576}
2026-09-14T07:19:06+00:00 INFO Email "cancelled_order" for order #10577 sent CONTEXT: {"email_type":"cancelled_order","status":"sent","recipient":"guest","order":10577}
2026-09-14T07:19:32+00:00 INFO Email "cancelled_order" for order #10331 sent CONTEXT: {"email_type":"cancelled_order","status":"sent","recipient":"guest","order":10331}
2026-09-14T07:20:03+00:00 NOTICE Email "customer_completed_order" for order #9786 not sent: email type is disabled CONTEXT: {"email_type":"customer_completed_order","status":"disabled","recipient":"guest","order":9786}
2026-09-14T07:20:08+00:00 NOTICE Email "customer_completed_order" for order #9809 not sent: email type is disabled CONTEXT: {"email_type":"customer_completed_order","status":"disabled","recipient":"guest","order":9809}
2026-09-14T07:20:09+00:00 NOTICE Email "customer_completed_order" for order #10148 not sent: email type is disabled CONTEXT: {"email_type":"customer_completed_order","status":"disabled","recipient":"guest","order":10148}
2026-09-14T07:20:17+00:00 INFO Email "cancelled_order" for order #10372 sent CONTEXT: {"email_type":"cancelled_order","status":"sent","recipient":"guest","order":10372}
2026-09-14T07:20:27+00:00 NOTICE Email "customer_completed_order" for order #9865 not sent: email type is disabled CONTEXT: {"email_type":"customer_completed_order","status":"disabled","recipient":"guest","order":9865}
2026-09-14T07:20:35+00:00 INFO Email "cancelled_order" for order #10356 sent CONTEXT: {"email_type":"cancelled_order","status":"sent","recipient":"guest","order":10356}
2026-09-14T07:20:35+00:00 NOTICE Email "customer_completed_order" for order #9974 not sent: email type is disabled CONTEXT: {"email_type":"customer_completed_order","status":"disabled","recipient":"guest","order":9974}
2026-09-14T07:20:35+00:00 NOTICE Email "customer_completed_order" for order #10327 not sent: email type is disabled CONTEXT: {"email_type":"customer_completed_order","status":"disabled","recipient":"guest","order":10327}
2026-09-14T07:20:36+00:00 INFO Email "cancelled_order" for order #10389 sent CONTEXT: {"email_type":"cancelled_order","status":"sent","recipient":"guest","order":10389}
2026-09-14T07:20:39+00:00 NOTICE Email "customer_completed_order" for order #9852 not sent: email type is disabled CONTEXT: {"email_type":"customer_completed_order","status":"disabled","recipient":"guest","order":9852}
2026-09-14T07:20:40+00:00 NOTICE Email "customer_completed_order" for order #10018 not sent: email type is disabled CONTEXT: {"email_type":"customer_completed_order","status":"disabled","recipient":"guest","order":10018}
2026-09-14T07:20:40+00:00 NOTICE Email "customer_completed_order" for order #7526 not sent: email type is disabled CONTEXT: {"email_type":"customer_completed_order","status":"disabled","recipient":"guest","order":7526}
2026-09-14T07:20:42+00:00 NOTICE Email "customer_completed_order" for order #9851 not sent: email type is disabled CONTEXT: {"email_type":"customer_completed_order","status":"disabled","recipient":"guest","order":9851}
2026-09-14T07:20:47+00:00 NOTICE Email "customer_completed_order" for order #10289 not sent: email type is disabled CONTEXT: {"email_type":"customer_completed_order","status":"disabled","recipient":"guest","order":10289}
2026-09-14T07:20:55+00:00 INFO Email "cancelled_order" for order #10350 sent CONTEXT: {"email_type":"cancelled_order","status":"sent","recipient":"guest","order":10350}
2026-09-14T07:20:56+00:00 NOTICE Email "customer_completed_order" for order #10168 not sent: email type is disabled CONTEXT: {"email_type":"customer_completed_order","status":"disabled","recipient":"guest","order":10168}
2026-09-14T07:20:59+00:00 NOTICE Email "customer_failed_order" for order #10358 not sent: email type is disabled CONTEXT: {"email_type":"customer_failed_order","status":"disabled","recipient":"guest","order":10358}
2026-09-14T07:21:05+00:00 INFO Email "failed_order" for order #10358 sent CONTEXT: {"email_type":"failed_order","status":"sent","recipient":"guest","order":10358}
2026-09-14T07:21:14+00:00 INFO Email "cancelled_order" for order #10366 sent CONTEXT: {"email_type":"cancelled_order","status":"sent","recipient":"guest","order":10366}
2026-09-14T07:21:19+00:00 NOTICE Email "customer_completed_order" for order #10249 not sent: email type is disabled CONTEXT: {"email_type":"customer_completed_order","status":"disabled","recipient":"guest","order":10249}
2026-09-14T07:21:19+00:00 NOTICE Email "customer_completed_order" for order #10046 not sent: email type is disabled CONTEXT: {"email_type":"customer_completed_order","status":"disabled","recipient":"guest","order":10046}
2026-09-14T07:21:19+00:00 NOTICE Email "customer_completed_order" for order #10197 not sent: email type is disabled CONTEXT: {"email_type":"customer_completed_order","status":"disabled","recipient":"guest","order":10197}
2026-09-14T07:21:34+00:00 INFO Email "cancelled_order" for order #10371 sent CONTEXT: {"email_type":"cancelled_order","status":"sent","recipient":"guest","order":10371}
2026-09-14T07:21:42+00:00 NOTICE Email "customer_completed_order" for order #10033 not sent: email type is disabled CONTEXT: {"email_type":"customer_completed_order","status":"disabled","recipient":"guest","order":10033}
2026-09-14T07:21:54+00:00 NOTICE Email "customer_completed_order" for order #10027 not sent: email type is disabled CONTEXT: {"email_type":"customer_completed_order","status":"disabled","recipient":"guest","order":10027}
2026-09-14T07:21:59+00:00 NOTICE Email "customer_failed_order" for order #10208 not sent: email type is disabled CONTEXT: {"email_type":"customer_failed_order","status":"disabled","recipient":"guest","order":10208}
2026-09-14T07:22:22+00:00 NOTICE Email "customer_completed_order" for order #10086 not sent: email type is disabled CONTEXT: {"email_type":"customer_completed_order","status":"disabled","recipient":"guest","order":10086}
2026-09-14T07:22:22+00:00 NOTICE Email "customer_completed_order" for order #10034 not sent: email type is disabled CONTEXT: {"email_type":"customer_completed_order","status":"disabled","recipient":"guest","order":10034}
2026-09-14T07:22:23+00:00 NOTICE Email "customer_completed_order" for order #10003 not sent: email type is disabled CONTEXT: {"email_type":"customer_completed_order","status":"disabled","recipient":"guest","order":10003}
2026-09-14T07:22:35+00:00 NOTICE Email "customer_completed_order" for order #9832 not sent: email type is disabled CONTEXT: {"email_type":"customer_completed_order","status":"disabled","recipient":"guest","order":9832}
2026-09-14T07:22:42+00:00 NOTICE Email "customer_completed_order" for order #10140 not sent: email type is disabled CONTEXT: {"email_type":"customer_completed_order","status":"disabled","recipient":"guest","order":10140}
2026-09-14T07:22:43+00:00 NOTICE Email "customer_completed_order" for order #10338 not sent: email type is disabled CONTEXT: {"email_type":"customer_completed_order","status":"disabled","recipient":"guest","order":10338}
2026-09-14T07:22:55+00:00 NOTICE Email "customer_completed_order" for order #7976 not sent: email type is disabled CONTEXT: {"email_type":"customer_completed_order","status":"disabled","recipient":"guest","order":7976}
2026-09-14T07:22:56+00:00 NOTICE Email "customer_completed_order" for order #8085 not sent: email type is disabled CONTEXT: {"email_type":"customer_completed_order","status":"disabled","recipient":"guest","order":8085}
2026-09-14T07:22:58+00:00 NOTICE Email "customer_completed_order" for order #9923 not sent: email type is disabled CONTEXT: {"email_type":"customer_completed_order","status":"disabled","recipient":"guest","order":9923}
2026-09-14T07:22:58+00:00 NOTICE Email "customer_completed_order" for order #10158 not sent: email type is disabled CONTEXT: {"email_type":"customer_completed_order","status":"disabled","recipient":"guest","order":10158}
2026-09-14T07:23:16+00:00 NOTICE Email "customer_completed_order" for order #10112 not sent: email type is disabled CONTEXT: {"email_type":"customer_completed_order","status":"disabled","recipient":"guest","order":10112}
2026-09-14T07:23:51+00:00 INFO Email "cancelled_order" for order #10397 sent CONTEXT: {"email_type":"cancelled_order","status":"sent","recipient":"guest","order":10397}
2026-09-14T07:23:52+00:00 INFO Email "cancelled_order" for order #10370 sent CONTEXT: {"email_type":"cancelled_order","status":"sent","recipient":"guest","order":10370}
2026-09-14T07:24:13+00:00 INFO Email "cancelled_order" for order #10337 sent CONTEXT: {"email_type":"cancelled_order","status":"sent","recipient":"guest","order":10337}
2026-09-14T07:24:34+00:00 NOTICE Email "customer_completed_order" for order #10197 not sent: email type is disabled CONTEXT: {"email_type":"customer_completed_order","status":"disabled","recipient":"guest","order":10197}
2026-09-14T07:24:42+00:00 NOTICE Email "customer_completed_order" for order #9900 not sent: email type is disabled CONTEXT: {"email_type":"customer_completed_order","status":"disabled","recipient":"guest","order":9900}
2026-09-14T07:24:43+00:00 INFO Email "cancelled_order" for order #10391 sent CONTEXT: {"email_type":"cancelled_order","status":"sent","recipient":"guest","order":10391}
2026-09-14T07:24:45+00:00 NOTICE Email "customer_completed_order" for order #10046 not sent: email type is disabled CONTEXT: {"email_type":"customer_completed_order","status":"disabled","recipient":"guest","order":10046}
2026-09-14T07:24:45+00:00 NOTICE Email "customer_completed_order" for order #9852 not sent: email type is disabled CONTEXT: {"email_type":"customer_completed_order","status":"disabled","recipient":"guest","order":9852}
2026-09-14T07:24:46+00:00 NOTICE Email "customer_completed_order" for order #9851 not sent: email type is disabled CONTEXT: {"email_type":"customer_completed_order","status":"disabled","recipient":"guest","order":9851}
2026-09-14T07:24:48+00:00 INFO Email "cancelled_order" for order #10331 sent CONTEXT: {"email_type":"cancelled_order","status":"sent","recipient":"guest","order":10331}
2026-09-14T07:25:06+00:00 NOTICE Email "customer_completed_order" for order #9938 not sent: email type is disabled CONTEXT: {"email_type":"customer_completed_order","status":"disabled","recipient":"guest","order":9938}
2026-09-14T07:25:08+00:00 NOTICE Email "customer_completed_order" for order #10141 not sent: email type is disabled CONTEXT: {"email_type":"customer_completed_order","status":"disabled","recipient":"guest","order":10141}
2026-09-14T07:25:08+00:00 NOTICE Email "customer_completed_order" for order #10168 not sent: email type is disabled CONTEXT: {"email_type":"customer_completed_order","status":"disabled","recipient":"guest","order":10168}
2026-09-14T07:25:18+00:00 INFO Email "cancelled_order" for order #10373 sent CONTEXT: {"email_type":"cancelled_order","status":"sent","recipient":"guest","order":10373}
2026-09-14T07:25:23+00:00 NOTICE Email "customer_completed_order" for order #10162 not sent: email type is disabled CONTEXT: {"email_type":"customer_completed_order","status":"disabled","recipient":"guest","order":10162}
2026-09-14T07:25:24+00:00 NOTICE Email "customer_completed_order" for order #9785 not sent: email type is disabled CONTEXT: {"email_type":"customer_completed_order","status":"disabled","recipient":"guest","order":9785}
2026-09-14T07:25:24+00:00 NOTICE Email "customer_completed_order" for order #10126 not sent: email type is disabled CONTEXT: {"email_type":"customer_completed_order","status":"disabled","recipient":"guest","order":10126}
2026-09-14T07:25:24+00:00 NOTICE Email "customer_completed_order" for order #9943 not sent: email type is disabled CONTEXT: {"email_type":"customer_completed_order","status":"disabled","recipient":"guest","order":9943}
2026-09-14T07:25:25+00:00 NOTICE Email "customer_completed_order" for order #10333 not sent: email type is disabled CONTEXT: {"email_type":"customer_completed_order","status":"disabled","recipient":"guest","order":10333}
2026-09-14T07:25:25+00:00 NOTICE Email "customer_completed_order" for order #10156 not sent: email type is disabled CONTEXT: {"email_type":"customer_completed_order","status":"disabled","recipient":"guest","order":10156}
2026-09-14T07:25:40+00:00 NOTICE Email "customer_completed_order" for order #9757 not sent: email type is disabled CONTEXT: {"email_type":"customer_completed_order","status":"disabled","recipient":"guest","order":9757}
2026-09-14T07:25:40+00:00 NOTICE Email "customer_completed_order" for order #10164 not sent: email type is disabled CONTEXT: {"email_type":"customer_completed_order","status":"disabled","recipient":"guest","order":10164}
2026-09-14T07:25:43+00:00 NOTICE Email "customer_completed_order" for order #10018 not sent: email type is disabled CONTEXT: {"email_type":"customer_completed_order","status":"disabled","recipient":"guest","order":10018}
2026-09-14T07:25:44+00:00 NOTICE Email "customer_completed_order" for order #10289 not sent: email type is disabled CONTEXT: {"email_type":"customer_completed_order","status":"disabled","recipient":"guest","order":10289}
2026-09-14T07:25:44+00:00 NOTICE Email "customer_completed_order" for order #9974 not sent: email type is disabled CONTEXT: {"email_type":"customer_completed_order","status":"disabled","recipient":"guest","order":9974}
2026-09-14T07:25:45+00:00 NOTICE Email "customer_completed_order" for order #10327 not sent: email type is disabled CONTEXT: {"email_type":"customer_completed_order","status":"disabled","recipient":"guest","order":10327}
2026-09-14T07:25:45+00:00 NOTICE Email "customer_completed_order" for order #10200 not sent: email type is disabled CONTEXT: {"email_type":"customer_completed_order","status":"disabled","recipient":"guest","order":10200}
2026-09-14T07:26:01+00:00 NOTICE Email "customer_completed_order" for order #9773 not sent: email type is disabled CONTEXT: {"email_type":"customer_completed_order","status":"disabled","recipient":"guest","order":9773}
2026-09-14T07:26:07+00:00 INFO Email "cancelled_order" for order #10356 sent CONTEXT: {"email_type":"cancelled_order","status":"sent","recipient":"guest","order":10356}
2026-09-14T07:26:07+00:00 NOTICE Email "customer_completed_order" for order #10287 not sent: email type is disabled CONTEXT: {"email_type":"customer_completed_order","status":"disabled","recipient":"guest","order":10287}
2026-09-14T07:26:24+00:00 NOTICE Email "customer_completed_order" for order #9833 not sent: email type is disabled CONTEXT: {"email_type":"customer_completed_order","status":"disabled","recipient":"guest","order":9833}
2026-09-14T07:26:51+00:00 NOTICE Email "customer_completed_order" for order #9997 not sent: email type is disabled CONTEXT: {"email_type":"customer_completed_order","status":"disabled","recipient":"guest","order":9997}
2026-09-14T07:26:59+00:00 INFO Email "cancelled_order" for order #10332 sent CONTEXT: {"email_type":"cancelled_order","status":"sent","recipient":"guest","order":10332}
2026-09-14T07:27:16+00:00 NOTICE Email "customer_completed_order" for order #10239 not sent: email type is disabled CONTEXT: {"email_type":"customer_completed_order","status":"disabled","recipient":"guest","order":10239}
2026-09-14T07:27:16+00:00 NOTICE Email "customer_completed_order" for order #9786 not sent: email type is disabled CONTEXT: {"email_type":"customer_completed_order","status":"disabled","recipient":"guest","order":9786}
2026-09-14T07:27:16+00:00 NOTICE Email "customer_completed_order" for order #9766 not sent: email type is disabled CONTEXT: {"email_type":"customer_completed_order","status":"disabled","recipient":"guest","order":9766}
2026-09-14T07:27:19+00:00 NOTICE Email "customer_completed_order" for order #10158 not sent: email type is disabled CONTEXT: {"email_type":"customer_completed_order","status":"disabled","recipient":"guest","order":10158}
2026-09-14T07:27:19+00:00 NOTICE Email "customer_completed_order" for order #9892 not sent: email type is disabled CONTEXT: {"email_type":"customer_completed_order","status":"disabled","recipient":"guest","order":9892}
2026-09-14T07:27:19+00:00 NOTICE Email "customer_failed_order" for order #10388 not sent: email type is disabled CONTEXT: {"email_type":"customer_failed_order","status":"disabled","recipient":"guest","order":10388}
2026-09-14T07:27:25+00:00 INFO Email "failed_order" for order #10388 sent CONTEXT: {"email_type":"failed_order","status":"sent","recipient":"guest","order":10388}
2026-09-14T07:27:28+00:00 NOTICE Email "customer_completed_order" for order #9809 not sent: email type is disabled CONTEXT: {"email_type":"customer_completed_order","status":"disabled","recipient":"guest","order":9809}
2026-09-14T07:27:33+00:00 NOTICE Email "customer_failed_order" for order #10304 not sent: email type is disabled CONTEXT: {"email_type":"customer_failed_order","status":"disabled","recipient":"guest","order":10304}
2026-09-14T07:27:37+00:00 NOTICE Email "customer_completed_order" for order #9865 not sent: email type is disabled CONTEXT: {"email_type":"customer_completed_order","status":"disabled","recipient":"guest","order":9865}
2026-09-14T07:27:37+00:00 NOTICE Email "customer_completed_order" for order #9810 not sent: email type is disabled CONTEXT: {"email_type":"customer_completed_order","status":"disabled","recipient":"guest","order":9810}
2026-09-14T07:27:50+00:00 NOTICE Email "customer_completed_order" for order #9784 not sent: email type is disabled CONTEXT: {"email_type":"customer_completed_order","status":"disabled","recipient":"guest","order":9784}
2026-09-14T07:27:51+00:00 INFO Email "cancelled_order" for order #10371 sent CONTEXT: {"email_type":"cancelled_order","status":"sent","recipient":"guest","order":10371}
2026-09-14T07:28:05+00:00 INFO Email "cancelled_order" for order #10389 sent CONTEXT: {"email_type":"cancelled_order","status":"sent","recipient":"guest","order":10389}
2026-09-14T07:28:08+00:00 INFO Email "cancelled_order" for order #10366 sent CONTEXT: {"email_type":"cancelled_order","status":"sent","recipient":"guest","order":10366}
2026-09-14T07:28:29+00:00 INFO Email "cancelled_order" for order #10372 sent CONTEXT: {"email_type":"cancelled_order","status":"sent","recipient":"guest","order":10372}
2026-09-14T07:29:10+00:00 NOTICE Email "customer_completed_order" for order #7526 not sent: email type is disabled CONTEXT: {"email_type":"customer_completed_order","status":"disabled","recipient":"guest","order":7526}
2026-09-14T07:29:14+00:00 NOTICE Email "customer_completed_order" for order #9938 not sent: email type is disabled CONTEXT: {"email_type":"customer_completed_order","status":"disabled","recipient":"guest","order":9938}
2026-09-14T07:29:30+00:00 NOTICE Email "customer_completed_order" for order #10338 not sent: email type is disabled CONTEXT: {"email_type":"customer_completed_order","status":"disabled","recipient":"guest","order":10338}
2026-09-14T07:29:34+00:00 NOTICE Email "customer_completed_order" for order #9936 not sent: email type is disabled CONTEXT: {"email_type":"customer_completed_order","status":"disabled","recipient":"guest","order":9936}
2026-09-14T07:29:34+00:00 NOTICE Email "customer_completed_order" for order #9943 not sent: email type is disabled CONTEXT: {"email_type":"customer_completed_order","status":"disabled","recipient":"guest","order":9943}
2026-09-14T07:29:34+00:00 NOTICE Email "customer_completed_order" for order #9950 not sent: email type is disabled CONTEXT: {"email_type":"customer_completed_order","status":"disabled","recipient":"guest","order":9950}
2026-09-14T07:29:34+00:00 NOTICE Email "customer_completed_order" for order #9952 not sent: email type is disabled CONTEXT: {"email_type":"customer_completed_order","status":"disabled","recipient":"guest","order":9952}
2026-09-14T07:29:45+00:00 NOTICE Email "customer_completed_order" for order #10033 not sent: email type is disabled CONTEXT: {"email_type":"customer_completed_order","status":"disabled","recipient":"guest","order":10033}
2026-09-14T07:29:45+00:00 NOTICE Email "customer_completed_order" for order #10034 not sent: email type is disabled CONTEXT: {"email_type":"customer_completed_order","status":"disabled","recipient":"guest","order":10034}
2026-09-14T07:29:45+00:00 NOTICE Email "customer_completed_order" for order #10086 not sent: email type is disabled CONTEXT: {"email_type":"customer_completed_order","status":"disabled","recipient":"guest","order":10086}
2026-09-14T07:29:45+00:00 NOTICE Email "customer_completed_order" for order #10126 not sent: email type is disabled CONTEXT: {"email_type":"customer_completed_order","status":"disabled","recipient":"guest","order":10126}
2026-09-14T07:29:45+00:00 NOTICE Email "customer_completed_order" for order #10128 not sent: email type is disabled CONTEXT: {"email_type":"customer_completed_order","status":"disabled","recipient":"guest","order":10128}
2026-09-14T07:29:46+00:00 NOTICE Email "customer_completed_order" for order #10148 not sent: email type is disabled CONTEXT: {"email_type":"customer_completed_order","status":"disabled","recipient":"guest","order":10148}
2026-09-14T07:29:46+00:00 NOTICE Email "customer_completed_order" for order #10156 not sent: email type is disabled CONTEXT: {"email_type":"customer_completed_order","status":"disabled","recipient":"guest","order":10156}
2026-09-14T07:29:47+00:00 NOTICE Email "customer_failed_order" for order #10302 not sent: email type is disabled CONTEXT: {"email_type":"customer_failed_order","status":"disabled","recipient":"guest","order":10302}
2026-09-14T07:29:47+00:00 NOTICE Email "customer_completed_order" for order #10327 not sent: email type is disabled CONTEXT: {"email_type":"customer_completed_order","status":"disabled","recipient":"guest","order":10327}
2026-09-14T07:29:50+00:00 INFO Email "cancelled_order" for order #10337 sent CONTEXT: {"email_type":"cancelled_order","status":"sent","recipient":"guest","order":10337}
2026-09-14T07:29:52+00:00 INFO Email "cancelled_order" for order #10360 sent CONTEXT: {"email_type":"cancelled_order","status":"sent","recipient":"guest","order":10360}
2026-09-14T07:31:02+00:00 INFO Email "cancelled_order" for order #10350 sent CONTEXT: {"email_type":"cancelled_order","status":"sent","recipient":"guest","order":10350}
2026-09-14T07:31:30+00:00 NOTICE Email "customer_completed_order" for order #10200 not sent: email type is disabled CONTEXT: {"email_type":"customer_completed_order","status":"disabled","recipient":"guest","order":10200}
2026-09-14T07:31:31+00:00 INFO Email "cancelled_order" for order #10397 sent CONTEXT: {"email_type":"cancelled_order","status":"sent","recipient":"guest","order":10397}
2026-09-14T07:32:57+00:00 NOTICE Email "customer_completed_order" for order #7976 not sent: email type is disabled CONTEXT: {"email_type":"customer_completed_order","status":"disabled","recipient":"guest","order":7976}
2026-09-14T07:32:57+00:00 NOTICE Email "customer_completed_order" for order #9786 not sent: email type is disabled CONTEXT: {"email_type":"customer_completed_order","status":"disabled","recipient":"guest","order":9786}
2026-09-14T07:33:15+00:00 NOTICE Email "customer_completed_order" for order #10003 not sent: email type is disabled CONTEXT: {"email_type":"customer_completed_order","status":"disabled","recipient":"guest","order":10003}
2026-09-14T07:33:16+00:00 NOTICE Email "customer_completed_order" for order #9798 not sent: email type is disabled CONTEXT: {"email_type":"customer_completed_order","status":"disabled","recipient":"guest","order":9798}
2026-09-14T07:33:26+00:00 INFO Email "cancelled_order" for order #10331 sent CONTEXT: {"email_type":"cancelled_order","status":"sent","recipient":"guest","order":10331}
2026-09-14T07:33:31+00:00 NOTICE Email "customer_completed_order" for order #9907 not sent: email type is disabled CONTEXT: {"email_type":"customer_completed_order","status":"disabled","recipient":"guest","order":9907}
2026-09-14T07:33:32+00:00 NOTICE Email "customer_completed_order" for order #10140 not sent: email type is disabled CONTEXT: {"email_type":"customer_completed_order","status":"disabled","recipient":"guest","order":10140}
2026-09-14T07:33:32+00:00 NOTICE Email "customer_completed_order" for order #9832 not sent: email type is disabled CONTEXT: {"email_type":"customer_completed_order","status":"disabled","recipient":"guest","order":9832}
2026-09-14T07:33:32+00:00 INFO Email "cancelled_order" for order #10391 sent CONTEXT: {"email_type":"cancelled_order","status":"sent","recipient":"guest","order":10391}
2026-09-14T07:33:47+00:00 NOTICE Email "customer_completed_order" for order #10061 not sent: email type is disabled CONTEXT: {"email_type":"customer_completed_order","status":"disabled","recipient":"guest","order":10061}
2026-09-14T07:33:47+00:00 NOTICE Email "customer_completed_order" for order #9923 not sent: email type is disabled CONTEXT: {"email_type":"customer_completed_order","status":"disabled","recipient":"guest","order":9923}
2026-09-14T07:34:03+00:00 NOTICE Email "customer_completed_order" for order #9900 not sent: email type is disabled CONTEXT: {"email_type":"customer_completed_order","status":"disabled","recipient":"guest","order":9900}
2026-09-14T07:34:23+00:00 NOTICE Email "customer_completed_order" for order #9785 not sent: email type is disabled CONTEXT: {"email_type":"customer_completed_order","status":"disabled","recipient":"guest","order":9785}
2026-09-14T07:34:23+00:00 NOTICE Email "customer_completed_order" for order #9852 not sent: email type is disabled CONTEXT: {"email_type":"customer_completed_order","status":"disabled","recipient":"guest","order":9852}
2026-09-14T07:34:24+00:00 NOTICE Email "customer_completed_order" for order #10148 not sent: email type is disabled CONTEXT: {"email_type":"customer_completed_order","status":"disabled","recipient":"guest","order":10148}
2026-09-14T07:34:25+00:00 NOTICE Email "customer_failed_order" for order #10390 not sent: email type is disabled CONTEXT: {"email_type":"customer_failed_order","status":"disabled","recipient":"guest","order":10390}
2026-09-14T07:34:25+00:00 NOTICE Email "customer_completed_order" for order #10333 not sent: email type is disabled CONTEXT: {"email_type":"customer_completed_order","status":"disabled","recipient":"guest","order":10333}
2026-09-14T07:34:30+00:00 INFO Email "failed_order" for order #10390 sent CONTEXT: {"email_type":"failed_order","status":"sent","recipient":"guest","order":10390}
2026-09-14T07:34:38+00:00 NOTICE Email "customer_note" for order #10584 not sent: email type is disabled CONTEXT: {"email_type":"customer_note","status":"disabled","recipient":"guest","order":10584}
2026-09-14T07:34:44+00:00 INFO Email "new_order" for order #10585 sent CONTEXT: {"email_type":"new_order","status":"sent","recipient":"guest","order":10585}
2026-09-14T07:34:44+00:00 NOTICE Email "customer_processing_order" for order #10585 not sent: email type is disabled CONTEXT: {"email_type":"customer_processing_order","status":"disabled","recipient":"guest","order":10585}
2026-09-14T07:34:44+00:00 NOTICE Email "customer_note" for order #10585 not sent: email type is disabled CONTEXT: {"email_type":"customer_note","status":"disabled","recipient":"guest","order":10585}
2026-09-14T07:34:44+00:00 NOTICE Email "customer_note" for order #10585 not sent: email type is disabled CONTEXT: {"email_type":"customer_note","status":"disabled","recipient":"guest","order":10585}
2026-09-14T07:35:40+00:00 INFO Email "cancelled_order" for order #10350 sent CONTEXT: {"email_type":"cancelled_order","status":"sent","recipient":"guest","order":10350}
2026-09-14T07:37:18+00:00 NOTICE Email "customer_completed_order" for order #10168 not sent: email type is disabled CONTEXT: {"email_type":"customer_completed_order","status":"disabled","recipient":"guest","order":10168}
2026-09-14T07:37:32+00:00 INFO Email "cancelled_order" for order #10369 sent CONTEXT: {"email_type":"cancelled_order","status":"sent","recipient":"guest","order":10369}
2026-09-14T07:37:35+00:00 NOTICE Email "customer_completed_order" for order #10239 not sent: email type is disabled CONTEXT: {"email_type":"customer_completed_order","status":"disabled","recipient":"guest","order":10239}
2026-09-14T07:37:47+00:00 NOTICE Email "customer_failed_order" for order #10208 not sent: email type is disabled CONTEXT: {"email_type":"customer_failed_order","status":"disabled","recipient":"guest","order":10208}
2026-09-14T07:37:54+00:00 NOTICE Email "customer_completed_order" for order #9851 not sent: email type is disabled CONTEXT: {"email_type":"customer_completed_order","status":"disabled","recipient":"guest","order":9851}
2026-09-14T07:38:10+00:00 NOTICE Email "customer_note" for order #10586 not sent: email type is disabled CONTEXT: {"email_type":"customer_note","status":"disabled","recipient":"guest","order":10586}
2026-09-14T07:38:22+00:00 NOTICE Email "customer_failed_order" for order #10388 not sent: email type is disabled CONTEXT: {"email_type":"customer_failed_order","status":"disabled","recipient":"guest","order":10388}
2026-09-14T07:38:27+00:00 INFO Email "failed_order" for order #10388 sent CONTEXT: {"email_type":"failed_order","status":"sent","recipient":"guest","order":10388}
2026-09-14T07:38:28+00:00 NOTICE Email "customer_completed_order" for order #10128 not sent: email type is disabled CONTEXT: {"email_type":"customer_completed_order","status":"disabled","recipient":"guest","order":10128}
2026-09-14T07:38:44+00:00 NOTICE Email "customer_completed_order" for order #10162 not sent: email type is disabled CONTEXT: {"email_type":"customer_completed_order","status":"disabled","recipient":"guest","order":10162}
2026-09-14T07:39:30+00:00 NOTICE Email "customer_failed_order" for order #10390 not sent: email type is disabled CONTEXT: {"email_type":"customer_failed_order","status":"disabled","recipient":"guest","order":10390}
2026-09-14T07:39:35+00:00 INFO Email "failed_order" for order #10390 sent CONTEXT: {"email_type":"failed_order","status":"sent","recipient":"guest","order":10390}
2026-09-14T07:39:37+00:00 INFO Email "new_order" for order #10586 sent CONTEXT: {"email_type":"new_order","status":"sent","recipient":"guest","order":10586}
2026-09-14T07:39:37+00:00 NOTICE Email "customer_processing_order" for order #10586 not sent: email type is disabled CONTEXT: {"email_type":"customer_processing_order","status":"disabled","recipient":"guest","order":10586}
2026-09-14T07:39:37+00:00 NOTICE Email "customer_note" for order #10586 not sent: email type is disabled CONTEXT: {"email_type":"customer_note","status":"disabled","recipient":"guest","order":10586}
2026-09-14T07:40:18+00:00 INFO Email "cancelled_order" for order #10389 sent CONTEXT: {"email_type":"cancelled_order","status":"sent","recipient":"guest","order":10389}
2026-09-14T07:40:26+00:00 INFO Email "cancelled_order" for order #10370 sent CONTEXT: {"email_type":"cancelled_order","status":"sent","recipient":"guest","order":10370}
2026-09-14T07:40:44+00:00 INFO Email "cancelled_order" for order #10366 sent CONTEXT: {"email_type":"cancelled_order","status":"sent","recipient":"guest","order":10366}
2026-09-14T07:40:45+00:00 INFO Email "cancelled_order" for order #10332 sent CONTEXT: {"email_type":"cancelled_order","status":"sent","recipient":"guest","order":10332}
2026-09-14T07:40:53+00:00 INFO Email "cancelled_order" for order #10337 sent CONTEXT: {"email_type":"cancelled_order","status":"sent","recipient":"guest","order":10337}
2026-09-14T07:41:40+00:00 NOTICE Email "customer_failed_order" for order #10358 not sent: email type is disabled CONTEXT: {"email_type":"customer_failed_order","status":"disabled","recipient":"guest","order":10358}
2026-09-14T07:41:45+00:00 INFO Email "failed_order" for order #10358 sent CONTEXT: {"email_type":"failed_order","status":"sent","recipient":"guest","order":10358}
2026-09-14T07:43:43+00:00 INFO Email "cancelled_order" for order #10373 sent CONTEXT: {"email_type":"cancelled_order","status":"sent","recipient":"guest","order":10373}
2026-09-14T07:44:16+00:00 NOTICE Email "customer_completed_order" for order #9809 not sent: email type is disabled CONTEXT: {"email_type":"customer_completed_order","status":"disabled","recipient":"guest","order":9809}
2026-09-14T07:44:17+00:00 NOTICE Email "customer_completed_order" for order #9786 not sent: email type is disabled CONTEXT: {"email_type":"customer_completed_order","status":"disabled","recipient":"guest","order":9786}
2026-09-14T07:44:34+00:00 NOTICE Email "customer_completed_order" for order #9892 not sent: email type is disabled CONTEXT: {"email_type":"customer_completed_order","status":"disabled","recipient":"guest","order":9892}
2026-09-14T07:44:47+00:00 NOTICE Email "customer_completed_order" for order #10112 not sent: email type is disabled CONTEXT: {"email_type":"customer_completed_order","status":"disabled","recipient":"guest","order":10112}
2026-09-14T07:44:47+00:00 NOTICE Email "customer_completed_order" for order #9766 not sent: email type is disabled CONTEXT: {"email_type":"customer_completed_order","status":"disabled","recipient":"guest","order":9766}
2026-09-14T07:44:51+00:00 NOTICE Email "customer_completed_order" for order #10158 not sent: email type is disabled CONTEXT: {"email_type":"customer_completed_order","status":"disabled","recipient":"guest","order":10158}
2026-09-14T07:45:09+00:00 NOTICE Email "customer_completed_order" for order #10338 not sent: email type is disabled CONTEXT: {"email_type":"customer_completed_order","status":"disabled","recipient":"guest","order":10338}
2026-09-14T07:45:09+00:00 NOTICE Email "customer_completed_order" for order #9938 not sent: email type is disabled CONTEXT: {"email_type":"customer_completed_order","status":"disabled","recipient":"guest","order":9938}
2026-09-14T07:45:09+00:00 NOTICE Email "customer_completed_order" for order #9809 not sent: email type is disabled CONTEXT: {"email_type":"customer_completed_order","status":"disabled","recipient":"guest","order":9809}
2026-09-14T07:45:09+00:00 NOTICE Email "customer_completed_order" for order #10168 not sent: email type is disabled CONTEXT: {"email_type":"customer_completed_order","status":"disabled","recipient":"guest","order":10168}
2026-09-14T07:45:09+00:00 NOTICE Email "customer_completed_order" for order #9786 not sent: email type is disabled CONTEXT: {"email_type":"customer_completed_order","status":"disabled","recipient":"guest","order":9786}
2026-09-14T07:45:30+00:00 NOTICE Email "customer_completed_order" for order #7526 not sent: email type is disabled CONTEXT: {"email_type":"customer_completed_order","status":"disabled","recipient":"guest","order":7526}
2026-09-14T07:45:30+00:00 NOTICE Email "customer_completed_order" for order #7976 not sent: email type is disabled CONTEXT: {"email_type":"customer_completed_order","status":"disabled","recipient":"guest","order":7976}
2026-09-14T07:46:11+00:00 NOTICE Email "customer_completed_order" for order #8085 not sent: email type is disabled CONTEXT: {"email_type":"customer_completed_order","status":"disabled","recipient":"guest","order":8085}
2026-09-14T07:46:15+00:00 NOTICE Email "customer_completed_order" for order #10061 not sent: email type is disabled CONTEXT: {"email_type":"customer_completed_order","status":"disabled","recipient":"guest","order":10061}
2026-09-14T07:46:15+00:00 NOTICE Email "customer_completed_order" for order #9923 not sent: email type is disabled CONTEXT: {"email_type":"customer_completed_order","status":"disabled","recipient":"guest","order":9923}
2026-09-14T07:46:20+00:00 INFO Email "cancelled_order" for order #10371 sent CONTEXT: {"email_type":"cancelled_order","status":"sent","recipient":"guest","order":10371}
2026-09-14T07:46:31+00:00 NOTICE Email "customer_completed_order" for order #9867 not sent: email type is disabled CONTEXT: {"email_type":"customer_completed_order","status":"disabled","recipient":"guest","order":9867}
2026-09-14T07:46:31+00:00 NOTICE Email "customer_completed_order" for order #10003 not sent: email type is disabled CONTEXT: {"email_type":"customer_completed_order","status":"disabled","recipient":"guest","order":10003}
2026-09-14T07:46:31+00:00 NOTICE Email "customer_completed_order" for order #9952 not sent: email type is disabled CONTEXT: {"email_type":"customer_completed_order","status":"disabled","recipient":"guest","order":9952}
2026-09-14T07:46:52+00:00 NOTICE Email "customer_completed_order" for order #9798 not sent: email type is disabled CONTEXT: {"email_type":"customer_completed_order","status":"disabled","recipient":"guest","order":9798}
2026-09-14T07:46:52+00:00 NOTICE Email "customer_completed_order" for order #9936 not sent: email type is disabled CONTEXT: {"email_type":"customer_completed_order","status":"disabled","recipient":"guest","order":9936}
2026-09-14T07:46:52+00:00 NOTICE Email "customer_completed_order" for order #9832 not sent: email type is disabled CONTEXT: {"email_type":"customer_completed_order","status":"disabled","recipient":"guest","order":9832}
2026-09-14T07:46:52+00:00 NOTICE Email "customer_completed_order" for order #10140 not sent: email type is disabled CONTEXT: {"email_type":"customer_completed_order","status":"disabled","recipient":"guest","order":10140}
2026-09-14T07:46:53+00:00 NOTICE Email "customer_completed_order" for order #9997 not sent: email type is disabled CONTEXT: {"email_type":"customer_completed_order","status":"disabled","recipient":"guest","order":9997}
2026-09-14T07:46:54+00:00 NOTICE Email "customer_completed_order" for order #10141 not sent: email type is disabled CONTEXT: {"email_type":"customer_completed_order","status":"disabled","recipient":"guest","order":10141}
2026-09-14T07:46:54+00:00 NOTICE Email "customer_completed_order" for order #9766 not sent: email type is disabled CONTEXT: {"email_type":"customer_completed_order","status":"disabled","recipient":"guest","order":9766}
2026-09-14T07:47:14+00:00 INFO Email "cancelled_order" for order #10370 sent CONTEXT: {"email_type":"cancelled_order","status":"sent","recipient":"guest","order":10370}
2026-09-14T07:47:16+00:00 INFO Email "cancelled_order" for order #10545 sent CONTEXT: {"email_type":"cancelled_order","status":"sent","recipient":"guest","order":10545}
2026-09-14T07:47:19+00:00 NOTICE Email "customer_failed_order" for order #10304 not sent: email type is disabled CONTEXT: {"email_type":"customer_failed_order","status":"disabled","recipient":"guest","order":10304}
2026-09-14T07:47:29+00:00 NOTICE Email "customer_failed_order" for order #10302 not sent: email type is disabled CONTEXT: {"email_type":"customer_failed_order","status":"disabled","recipient":"guest","order":10302}
2026-09-14T07:47:35+00:00 NOTICE Email "customer_completed_order" for order #9907 not sent: email type is disabled CONTEXT: {"email_type":"customer_completed_order","status":"disabled","recipient":"guest","order":9907}
2026-09-14T07:47:40+00:00 NOTICE Email "customer_completed_order" for order #10249 not sent: email type is disabled CONTEXT: {"email_type":"customer_completed_order","status":"disabled","recipient":"guest","order":10249}
2026-09-14T07:47:40+00:00 NOTICE Email "customer_completed_order" for order #10128 not sent: email type is disabled CONTEXT: {"email_type":"customer_completed_order","status":"disabled","recipient":"guest","order":10128}
2026-09-14T07:47:41+00:00 INFO Email "cancelled_order" for order #10360 sent CONTEXT: {"email_type":"cancelled_order","status":"sent","recipient":"guest","order":10360}
2026-09-14T07:47:46+00:00 NOTICE Email "customer_completed_order" for order #9784 not sent: email type is disabled CONTEXT: {"email_type":"customer_completed_order","status":"disabled","recipient":"guest","order":9784}
2026-09-14T07:48:08+00:00 NOTICE Email "customer_completed_order" for order #9943 not sent: email type is disabled CONTEXT: {"email_type":"customer_completed_order","status":"disabled","recipient":"guest","order":9943}
2026-09-14T07:48:16+00:00 NOTICE Email "customer_completed_order" for order #10239 not sent: email type is disabled CONTEXT: {"email_type":"customer_completed_order","status":"disabled","recipient":"guest","order":10239}
2026-09-14T07:48:20+00:00 NOTICE Email "customer_completed_order" for order #10162 not sent: email type is disabled CONTEXT: {"email_type":"customer_completed_order","status":"disabled","recipient":"guest","order":10162}
2026-09-14T07:48:20+00:00 NOTICE Email "customer_completed_order" for order #10034 not sent: email type is disabled CONTEXT: {"email_type":"customer_completed_order","status":"disabled","recipient":"guest","order":10034}
2026-09-14T07:48:28+00:00 NOTICE Email "customer_completed_order" for order #9810 not sent: email type is disabled CONTEXT: {"email_type":"customer_completed_order","status":"disabled","recipient":"guest","order":9810}
2026-09-14T07:48:28+00:00 NOTICE Email "customer_completed_order" for order #10126 not sent: email type is disabled CONTEXT: {"email_type":"customer_completed_order","status":"disabled","recipient":"guest","order":10126}
2026-09-14T07:48:29+00:00 NOTICE Email "customer_completed_order" for order #9865 not sent: email type is disabled CONTEXT: {"email_type":"customer_completed_order","status":"disabled","recipient":"guest","order":9865}
2026-09-14T07:48:35+00:00 NOTICE Email "customer_completed_order" for order #9851 not sent: email type is disabled CONTEXT: {"email_type":"customer_completed_order","status":"disabled","recipient":"guest","order":9851}
2026-09-14T07:48:37+00:00 NOTICE Email "customer_completed_order" for order #10148 not sent: email type is disabled CONTEXT: {"email_type":"customer_completed_order","status":"disabled","recipient":"guest","order":10148}
2026-09-14T07:48:39+00:00 NOTICE Email "customer_completed_order" for order #9785 not sent: email type is disabled CONTEXT: {"email_type":"customer_completed_order","status":"disabled","recipient":"guest","order":9785}
2026-09-14T07:48:41+00:00 NOTICE Email "customer_completed_order" for order #10140 not sent: email type is disabled CONTEXT: {"email_type":"customer_completed_order","status":"disabled","recipient":"guest","order":10140}
2026-09-14T07:48:42+00:00 NOTICE Email "customer_completed_order" for order #9773 not sent: email type is disabled CONTEXT: {"email_type":"customer_completed_order","status":"disabled","recipient":"guest","order":9773}
2026-09-14T07:48:53+00:00 INFO Email "cancelled_order" for order #10332 sent CONTEXT: {"email_type":"cancelled_order","status":"sent","recipient":"guest","order":10332}
2026-09-14T07:49:04+00:00 NOTICE Email "customer_completed_order" for order #9974 not sent: email type is disabled CONTEXT: {"email_type":"customer_completed_order","status":"disabled","recipient":"guest","order":9974}
2026-09-14T07:49:04+00:00 NOTICE Email "customer_completed_order" for order #10200 not sent: email type is disabled CONTEXT: {"email_type":"customer_completed_order","status":"disabled","recipient":"guest","order":10200}
2026-09-14T07:49:04+00:00 NOTICE Email "customer_completed_order" for order #10289 not sent: email type is disabled CONTEXT: {"email_type":"customer_completed_order","status":"disabled","recipient":"guest","order":10289}
2026-09-14T07:49:05+00:00 NOTICE Email "customer_completed_order" for order #9757 not sent: email type is disabled CONTEXT: {"email_type":"customer_completed_order","status":"disabled","recipient":"guest","order":9757}
2026-09-14T07:49:06+00:00 NOTICE Email "customer_completed_order" for order #9809 not sent: email type is disabled CONTEXT: {"email_type":"customer_completed_order","status":"disabled","recipient":"guest","order":9809}
2026-09-14T07:49:06+00:00 NOTICE Email "customer_completed_order" for order #9833 not sent: email type is disabled CONTEXT: {"email_type":"customer_completed_order","status":"disabled","recipient":"guest","order":9833}
2026-09-14T07:49:06+00:00 NOTICE Email "customer_completed_order" for order #9852 not sent: email type is disabled CONTEXT: {"email_type":"customer_completed_order","status":"disabled","recipient":"guest","order":9852}
2026-09-14T07:49:07+00:00 NOTICE Email "customer_completed_order" for order #9900 not sent: email type is disabled CONTEXT: {"email_type":"customer_completed_order","status":"disabled","recipient":"guest","order":9900}
2026-09-14T07:49:07+00:00 NOTICE Email "customer_completed_order" for order #9938 not sent: email type is disabled CONTEXT: {"email_type":"customer_completed_order","status":"disabled","recipient":"guest","order":9938}
2026-09-14T07:49:07+00:00 NOTICE Email "customer_completed_order" for order #9950 not sent: email type is disabled CONTEXT: {"email_type":"customer_completed_order","status":"disabled","recipient":"guest","order":9950}
2026-09-14T07:49:07+00:00 NOTICE Email "customer_completed_order" for order #9974 not sent: email type is disabled CONTEXT: {"email_type":"customer_completed_order","status":"disabled","recipient":"guest","order":9974}
2026-09-14T07:49:07+00:00 NOTICE Email "customer_completed_order" for order #10018 not sent: email type is disabled CONTEXT: {"email_type":"customer_completed_order","status":"disabled","recipient":"guest","order":10018}
2026-09-14T07:49:08+00:00 NOTICE Email "customer_completed_order" for order #10027 not sent: email type is disabled CONTEXT: {"email_type":"customer_completed_order","status":"disabled","recipient":"guest","order":10027}
2026-09-14T07:49:08+00:00 NOTICE Email "customer_completed_order" for order #10033 not sent: email type is disabled CONTEXT: {"email_type":"customer_completed_order","status":"disabled","recipient":"guest","order":10033}
2026-09-14T07:49:09+00:00 NOTICE Email "customer_completed_order" for order #10086 not sent: email type is disabled CONTEXT: {"email_type":"customer_completed_order","status":"disabled","recipient":"guest","order":10086}
2026-09-14T07:49:09+00:00 NOTICE Email "customer_completed_order" for order #10112 not sent: email type is disabled CONTEXT: {"email_type":"customer_completed_order","status":"disabled","recipient":"guest","order":10112}
2026-09-14T07:49:09+00:00 NOTICE Email "customer_completed_order" for order #10156 not sent: email type is disabled CONTEXT: {"email_type":"customer_completed_order","status":"disabled","recipient":"guest","order":10156}
2026-09-14T07:49:09+00:00 NOTICE Email "customer_completed_order" for order #10158 not sent: email type is disabled CONTEXT: {"email_type":"customer_completed_order","status":"disabled","recipient":"guest","order":10158}
2026-09-14T07:49:09+00:00 NOTICE Email "customer_completed_order" for order #10164 not sent: email type is disabled CONTEXT: {"email_type":"customer_completed_order","status":"disabled","recipient":"guest","order":10164}
2026-09-14T07:49:10+00:00 NOTICE Email "customer_completed_order" for order #10200 not sent: email type is disabled CONTEXT: {"email_type":"customer_completed_order","status":"disabled","recipient":"guest","order":10200}
2026-09-14T07:49:10+00:00 NOTICE Email "customer_completed_order" for order #10289 not sent: email type is disabled CONTEXT: {"email_type":"customer_completed_order","status":"disabled","recipient":"guest","order":10289}
2026-09-14T07:49:10+00:00 NOTICE Email "customer_failed_order" for order #10320 not sent: email type is disabled CONTEXT: {"email_type":"customer_failed_order","status":"disabled","recipient":"guest","order":10320}
2026-09-14T07:49:11+00:00 NOTICE Email "customer_completed_order" for order #10327 not sent: email type is disabled CONTEXT: {"email_type":"customer_completed_order","status":"disabled","recipient":"guest","order":10327}
2026-09-14T07:49:11+00:00 NOTICE Email "customer_completed_order" for order #10333 not sent: email type is disabled CONTEXT: {"email_type":"customer_completed_order","status":"disabled","recipient":"guest","order":10333}
2026-09-14T07:49:16+00:00 INFO Email "cancelled_order" for order #10356 sent CONTEXT: {"email_type":"cancelled_order","status":"sent","recipient":"guest","order":10356}
2026-09-14T07:49:21+00:00 NOTICE Email "customer_completed_order" for order #10033 not sent: email type is disabled CONTEXT: {"email_type":"customer_completed_order","status":"disabled","recipient":"guest","order":10033}
2026-09-14T07:49:28+00:00 NOTICE Email "customer_failed_order" for order #10358 not sent: email type is disabled CONTEXT: {"email_type":"customer_failed_order","status":"disabled","recipient":"guest","order":10358}
2026-09-14T07:49:34+00:00 INFO Email "failed_order" for order #10358 sent CONTEXT: {"email_type":"failed_order","status":"sent","recipient":"guest","order":10358}
2026-09-14T07:49:34+00:00 NOTICE Email "customer_completed_order" for order #10046 not sent: email type is disabled CONTEXT: {"email_type":"customer_completed_order","status":"disabled","recipient":"guest","order":10046}
2026-09-14T07:49:39+00:00 INFO Email "cancelled_order" for order #10331 sent CONTEXT: {"email_type":"cancelled_order","status":"sent","recipient":"guest","order":10331}
2026-09-14T07:50:02+00:00 NOTICE Email "customer_completed_order" for order #10197 not sent: email type is disabled CONTEXT: {"email_type":"customer_completed_order","status":"disabled","recipient":"guest","order":10197}
2026-09-14T07:50:02+00:00 NOTICE Email "customer_completed_order" for order #9798 not sent: email type is disabled CONTEXT: {"email_type":"customer_completed_order","status":"disabled","recipient":"guest","order":9798}
2026-09-14T07:50:19+00:00 NOTICE Email "customer_completed_order" for order #10287 not sent: email type is disabled CONTEXT: {"email_type":"customer_completed_order","status":"disabled","recipient":"guest","order":10287}
2026-09-14T07:50:28+00:00 NOTICE Email "customer_failed_order" for order #10388 not sent: email type is disabled CONTEXT: {"email_type":"customer_failed_order","status":"disabled","recipient":"guest","order":10388}
2026-09-14T07:50:33+00:00 INFO Email "failed_order" for order #10388 sent CONTEXT: {"email_type":"failed_order","status":"sent","recipient":"guest","order":10388}
2026-09-14T07:50:38+00:00 INFO Email "cancelled_order" for order #10373 sent CONTEXT: {"email_type":"cancelled_order","status":"sent","recipient":"guest","order":10373}
2026-09-14T07:51:15+00:00 NOTICE Email "customer_failed_order" for order #10304 not sent: email type is disabled CONTEXT: {"email_type":"customer_failed_order","status":"disabled","recipient":"guest","order":10304}
2026-09-14T07:51:43+00:00 NOTICE Email "customer_completed_order" for order #10061 not sent: email type is disabled CONTEXT: {"email_type":"customer_completed_order","status":"disabled","recipient":"guest","order":10061}
2026-09-14T07:51:57+00:00 INFO Email "cancelled_order" for order #10360 sent CONTEXT: {"email_type":"cancelled_order","status":"sent","recipient":"guest","order":10360}
2026-09-14T07:52:09+00:00 NOTICE Email "customer_completed_order" for order #10112 not sent: email type is disabled CONTEXT: {"email_type":"customer_completed_order","status":"disabled","recipient":"guest","order":10112}
2026-09-14T07:52:14+00:00 NOTICE Email "customer_completed_order" for order #10239 not sent: email type is disabled CONTEXT: {"email_type":"customer_completed_order","status":"disabled","recipient":"guest","order":10239}
2026-09-14T07:52:31+00:00 NOTICE Email "customer_completed_order" for order #9892 not sent: email type is disabled CONTEXT: {"email_type":"customer_completed_order","status":"disabled","recipient":"guest","order":9892}
2026-09-14T07:52:49+00:00 NOTICE Email "customer_completed_order" for order #9786 not sent: email type is disabled CONTEXT: {"email_type":"customer_completed_order","status":"disabled","recipient":"guest","order":9786}
2026-09-14T07:52:49+00:00 NOTICE Email "customer_completed_order" for order #9809 not sent: email type is disabled CONTEXT: {"email_type":"customer_completed_order","status":"disabled","recipient":"guest","order":9809}
2026-09-14T07:53:03+00:00 NOTICE Email "customer_failed_order" for order #10390 not sent: email type is disabled CONTEXT: {"email_type":"customer_failed_order","status":"disabled","recipient":"guest","order":10390}
2026-09-14T07:53:08+00:00 INFO Email "failed_order" for order #10390 sent CONTEXT: {"email_type":"failed_order","status":"sent","recipient":"guest","order":10390}
2026-09-14T07:53:14+00:00 INFO Email "cancelled_order" for order #10332 sent CONTEXT: {"email_type":"cancelled_order","status":"sent","recipient":"guest","order":10332}
2026-09-14T07:53:19+00:00 NOTICE Email "customer_completed_order" for order #7976 not sent: email type is disabled CONTEXT: {"email_type":"customer_completed_order","status":"disabled","recipient":"guest","order":7976}
2026-09-14T07:53:31+00:00 INFO Email "cancelled_order" for order #10372 sent CONTEXT: {"email_type":"cancelled_order","status":"sent","recipient":"guest","order":10372}
2026-09-14T07:53:36+00:00 NOTICE Email "customer_completed_order" for order #10338 not sent: email type is disabled CONTEXT: {"email_type":"customer_completed_order","status":"disabled","recipient":"guest","order":10338}
2026-09-14T07:53:37+00:00 INFO Email "cancelled_order" for order #10389 sent CONTEXT: {"email_type":"cancelled_order","status":"sent","recipient":"guest","order":10389}
2026-09-14T07:53:49+00:00 INFO Email "cancelled_order" for order #10391 sent CONTEXT: {"email_type":"cancelled_order","status":"sent","recipient":"guest","order":10391}
2026-09-14T07:53:52+00:00 NOTICE Email "customer_completed_order" for order #9938 not sent: email type is disabled CONTEXT: {"email_type":"customer_completed_order","status":"disabled","recipient":"guest","order":9938}
2026-09-14T07:53:55+00:00 NOTICE Email "customer_completed_order" for order #10034 not sent: email type is disabled CONTEXT: {"email_type":"customer_completed_order","status":"disabled","recipient":"guest","order":10034}
2026-09-14T07:53:57+00:00 INFO Email "cancelled_order" for order #10331 sent CONTEXT: {"email_type":"cancelled_order","status":"sent","recipient":"guest","order":10331}
2026-09-14T07:54:00+00:00 NOTICE Email "customer_completed_order" for order #9974 not sent: email type is disabled CONTEXT: {"email_type":"customer_completed_order","status":"disabled","recipient":"guest","order":9974}
2026-09-14T07:54:01+00:00 NOTICE Email "customer_completed_order" for order #9907 not sent: email type is disabled CONTEXT: {"email_type":"customer_completed_order","status":"disabled","recipient":"guest","order":9907}
2026-09-14T07:54:02+00:00 INFO Email "cancelled_order" for order #10366 sent CONTEXT: {"email_type":"cancelled_order","status":"sent","recipient":"guest","order":10366}
2026-09-14T07:54:05+00:00 NOTICE Email "customer_completed_order" for order #9832 not sent: email type is disabled CONTEXT: {"email_type":"customer_completed_order","status":"disabled","recipient":"guest","order":9832}
2026-09-14T07:54:07+00:00 NOTICE Email "customer_failed_order" for order #10208 not sent: email type is disabled CONTEXT: {"email_type":"customer_failed_order","status":"disabled","recipient":"guest","order":10208}
2026-09-14T07:54:17+00:00 NOTICE Email "customer_completed_order" for order #10018 not sent: email type is disabled CONTEXT: {"email_type":"customer_completed_order","status":"disabled","recipient":"guest","order":10018}
2026-09-14T07:54:18+00:00 NOTICE Email "customer_completed_order" for order #10333 not sent: email type is disabled CONTEXT: {"email_type":"customer_completed_order","status":"disabled","recipient":"guest","order":10333}
2026-09-14T07:54:19+00:00 NOTICE Email "customer_completed_order" for order #9936 not sent: email type is disabled CONTEXT: {"email_type":"customer_completed_order","status":"disabled","recipient":"guest","order":9936}
2026-09-14T07:54:22+00:00 NOTICE Email "customer_completed_order" for order #9923 not sent: email type is disabled CONTEXT: {"email_type":"customer_completed_order","status":"disabled","recipient":"guest","order":9923}
2026-09-14T07:54:28+00:00 NOTICE Email "customer_completed_order" for order #9943 not sent: email type is disabled CONTEXT: {"email_type":"customer_completed_order","status":"disabled","recipient":"guest","order":9943}
2026-09-14T07:54:29+00:00 NOTICE Email "customer_completed_order" for order #10126 not sent: email type is disabled CONTEXT: {"email_type":"customer_completed_order","status":"disabled","recipient":"guest","order":10126}
2026-09-14T07:54:31+00:00 INFO Email "cancelled_order" for order #10371 sent CONTEXT: {"email_type":"cancelled_order","status":"sent","recipient":"guest","order":10371}
2026-09-14T07:54:39+00:00 NOTICE Email "customer_completed_order" for order #9785 not sent: email type is disabled CONTEXT: {"email_type":"customer_completed_order","status":"disabled","recipient":"guest","order":9785}
2026-09-14T07:54:46+00:00 NOTICE Email "customer_completed_order" for order #10148 not sent: email type is disabled CONTEXT: {"email_type":"customer_completed_order","status":"disabled","recipient":"guest","order":10148}
2026-09-14T07:55:17+00:00 NOTICE Email "customer_completed_order" for order #10128 not sent: email type is disabled CONTEXT: {"email_type":"customer_completed_order","status":"disabled","recipient":"guest","order":10128}
2026-09-14T07:55:17+00:00 NOTICE Email "customer_completed_order" for order #9952 not sent: email type is disabled CONTEXT: {"email_type":"customer_completed_order","status":"disabled","recipient":"guest","order":9952}
2026-09-14T07:55:36+00:00 NOTICE Email "customer_completed_order" for order #10200 not sent: email type is disabled CONTEXT: {"email_type":"customer_completed_order","status":"disabled","recipient":"guest","order":10200}
2026-09-14T07:55:36+00:00 NOTICE Email "customer_completed_order" for order #10289 not sent: email type is disabled CONTEXT: {"email_type":"customer_completed_order","status":"disabled","recipient":"guest","order":10289}
2026-09-14T07:55:36+00:00 INFO Email "cancelled_order" for order #10391 sent CONTEXT: {"email_type":"cancelled_order","status":"sent","recipient":"guest","order":10391}
2026-09-14T07:55:52+00:00 NOTICE Email "customer_completed_order" for order #10327 not sent: email type is disabled CONTEXT: {"email_type":"customer_completed_order","status":"disabled","recipient":"guest","order":10327}
2026-09-14T07:56:10+00:00 NOTICE Email "customer_completed_order" for order #10249 not sent: email type is disabled CONTEXT: {"email_type":"customer_completed_order","status":"disabled","recipient":"guest","order":10249}
2026-09-14T07:56:27+00:00 NOTICE Email "customer_completed_order" for order #10112 not sent: email type is disabled CONTEXT: {"email_type":"customer_completed_order","status":"disabled","recipient":"guest","order":10112}
2026-09-14T07:56:30+00:00 INFO Email "cancelled_order" for order #10350 sent CONTEXT: {"email_type":"cancelled_order","status":"sent","recipient":"guest","order":10350}
2026-09-14T07:56:31+00:00 INFO Email "cancelled_order" for order #10370 sent CONTEXT: {"email_type":"cancelled_order","status":"sent","recipient":"guest","order":10370}
2026-09-14T07:56:39+00:00 NOTICE Email "customer_failed_order" for order #10320 not sent: email type is disabled CONTEXT: {"email_type":"customer_failed_order","status":"disabled","recipient":"guest","order":10320}
2026-09-14T07:56:40+00:00 NOTICE Email "customer_completed_order" for order #10140 not sent: email type is disabled CONTEXT: {"email_type":"customer_completed_order","status":"disabled","recipient":"guest","order":10140}
2026-09-14T07:56:56+00:00 NOTICE Email "customer_completed_order" for order #9773 not sent: email type is disabled CONTEXT: {"email_type":"customer_completed_order","status":"disabled","recipient":"guest","order":9773}
2026-09-14T07:56:56+00:00 NOTICE Email "customer_completed_order" for order #9766 not sent: email type is disabled CONTEXT: {"email_type":"customer_completed_order","status":"disabled","recipient":"guest","order":9766}
2026-09-14T07:56:56+00:00 NOTICE Email "customer_completed_order" for order #10003 not sent: email type is disabled CONTEXT: {"email_type":"customer_completed_order","status":"disabled","recipient":"guest","order":10003}
2026-09-14T07:57:00+00:00 NOTICE Email "customer_failed_order" for order #10388 not sent: email type is disabled CONTEXT: {"email_type":"customer_failed_order","status":"disabled","recipient":"guest","order":10388}
2026-09-14T07:57:05+00:00 INFO Email "failed_order" for order #10388 sent CONTEXT: {"email_type":"failed_order","status":"sent","recipient":"guest","order":10388}
2026-09-14T07:57:08+00:00 NOTICE Email "customer_failed_order" for order #10302 not sent: email type is disabled CONTEXT: {"email_type":"customer_failed_order","status":"disabled","recipient":"guest","order":10302}
2026-09-14T07:57:08+00:00 NOTICE Email "customer_completed_order" for order #9997 not sent: email type is disabled CONTEXT: {"email_type":"customer_completed_order","status":"disabled","recipient":"guest","order":9997}
2026-09-14T07:57:09+00:00 INFO Email "cancelled_order" for order #10373 sent CONTEXT: {"email_type":"cancelled_order","status":"sent","recipient":"guest","order":10373}
2026-09-14T07:57:13+00:00 NOTICE Email "customer_completed_order" for order #9810 not sent: email type is disabled CONTEXT: {"email_type":"customer_completed_order","status":"disabled","recipient":"guest","order":9810}
2026-09-14T07:57:25+00:00 NOTICE Email "customer_completed_order" for order #10046 not sent: email type is disabled CONTEXT: {"email_type":"customer_completed_order","status":"disabled","recipient":"guest","order":10046}
2026-09-14T07:58:53+00:00 NOTICE Email "customer_completed_order" for order #9785 not sent: email type is disabled CONTEXT: {"email_type":"customer_completed_order","status":"disabled","recipient":"guest","order":9785}
2026-09-14T07:58:56+00:00 INFO Email "cancelled_order" for order #10369 sent CONTEXT: {"email_type":"cancelled_order","status":"sent","recipient":"guest","order":10369}
2026-09-14T07:58:56+00:00 NOTICE Email "customer_failed_order" for order #10390 not sent: email type is disabled CONTEXT: {"email_type":"customer_failed_order","status":"disabled","recipient":"guest","order":10390}
2026-09-14T07:59:02+00:00 INFO Email "failed_order" for order #10390 sent CONTEXT: {"email_type":"failed_order","status":"sent","recipient":"guest","order":10390}
2026-09-14T07:59:07+00:00 NOTICE Email "customer_completed_order" for order #10128 not sent: email type is disabled CONTEXT: {"email_type":"customer_completed_order","status":"disabled","recipient":"guest","order":10128}
2026-09-14T07:59:08+00:00 NOTICE Email "customer_failed_order" for order #10304 not sent: email type is disabled CONTEXT: {"email_type":"customer_failed_order","status":"disabled","recipient":"guest","order":10304}
2026-09-14T07:59:08+00:00 NOTICE Email "customer_completed_order" for order #10141 not sent: email type is disabled CONTEXT: {"email_type":"customer_completed_order","status":"disabled","recipient":"guest","order":10141}
2026-09-14T07:59:12+00:00 NOTICE Email "customer_completed_order" for order #10034 not sent: email type is disabled CONTEXT: {"email_type":"customer_completed_order","status":"disabled","recipient":"guest","order":10034}
2026-09-14T07:59:12+00:00 NOTICE Email "customer_completed_order" for order #9943 not sent: email type is disabled CONTEXT: {"email_type":"customer_completed_order","status":"disabled","recipient":"guest","order":9943}
2026-09-14T07:59:19+00:00 NOTICE Email "customer_completed_order" for order #9865 not sent: email type is disabled CONTEXT: {"email_type":"customer_completed_order","status":"disabled","recipient":"guest","order":9865}
2026-09-14T07:59:24+00:00 INFO Email "cancelled_order" for order #10332 sent CONTEXT: {"email_type":"cancelled_order","status":"sent","recipient":"guest","order":10332}
2026-09-14T07:59:28+00:00 INFO Email "cancelled_order" for order #10371 sent CONTEXT: {"email_type":"cancelled_order","status":"sent","recipient":"guest","order":10371}
2026-09-14T07:59:29+00:00 INFO Email "cancelled_order" for order #10360 sent CONTEXT: {"email_type":"cancelled_order","status":"sent","recipient":"guest","order":10360}
2026-09-14T07:59:29+00:00 INFO Email "cancelled_order" for order #10356 sent CONTEXT: {"email_type":"cancelled_order","status":"sent","recipient":"guest","order":10356}
2026-09-14T07:59:29+00:00 NOTICE Email "customer_completed_order" for order #9892 not sent: email type is disabled CONTEXT: {"email_type":"customer_completed_order","status":"disabled","recipient":"guest","order":9892}
2026-09-14T07:59:29+00:00 NOTICE Email "customer_completed_order" for order #9851 not sent: email type is disabled CONTEXT: {"email_type":"customer_completed_order","status":"disabled","recipient":"guest","order":9851}
2026-09-14T07:59:29+00:00 NOTICE Email "customer_completed_order" for order #9950 not sent: email type is disabled CONTEXT: {"email_type":"customer_completed_order","status":"disabled","recipient":"guest","order":9950}
2026-09-14T07:59:29+00:00 NOTICE Email "customer_completed_order" for order #10287 not sent: email type is disabled CONTEXT: {"email_type":"customer_completed_order","status":"disabled","recipient":"guest","order":10287}
2026-09-14T07:59:35+00:00 NOTICE Email "customer_completed_order" for order #10126 not sent: email type is disabled CONTEXT: {"email_type":"customer_completed_order","status":"disabled","recipient":"guest","order":10126}
2026-09-14T07:59:45+00:00 NOTICE Email "customer_completed_order" for order #9900 not sent: email type is disabled CONTEXT: {"email_type":"customer_completed_order","status":"disabled","recipient":"guest","order":9900}
2026-09-14T07:59:46+00:00 NOTICE Email "customer_completed_order" for order #9784 not sent: email type is disabled CONTEXT: {"email_type":"customer_completed_order","status":"disabled","recipient":"guest","order":9784}
2026-09-14T07:59:51+00:00 NOTICE Email "customer_completed_order" for order #9923 not sent: email type is disabled CONTEXT: {"email_type":"customer_completed_order","status":"disabled","recipient":"guest","order":9923}
2026-09-14T07:59:51+00:00 NOTICE Email "customer_completed_order" for order #10018 not sent: email type is disabled CONTEXT: {"email_type":"customer_completed_order","status":"disabled","recipient":"guest","order":10018}
2026-09-14T07:59:51+00:00 NOTICE Email "customer_completed_order" for order #9786 not sent: email type is disabled CONTEXT: {"email_type":"customer_completed_order","status":"disabled","recipient":"guest","order":9786}
2026-09-14T07:59:51+00:00 NOTICE Email "customer_completed_order" for order #9757 not sent: email type is disabled CONTEXT: {"email_type":"customer_completed_order","status":"disabled","recipient":"guest","order":9757}
2026-09-14T08:00:01+00:00 NOTICE Email "customer_completed_order" for order #10033 not sent: email type is disabled CONTEXT: {"email_type":"customer_completed_order","status":"disabled","recipient":"guest","order":10033}
2026-09-14T08:00:02+00:00 NOTICE Email "customer_completed_order" for order #10239 not sent: email type is disabled CONTEXT: {"email_type":"customer_completed_order","status":"disabled","recipient":"guest","order":10239}
2026-09-14T08:00:33+00:00 INFO Email "cancelled_order" for order #10397 sent CONTEXT: {"email_type":"cancelled_order","status":"sent","recipient":"guest","order":10397}
2026-09-14T08:00:36+00:00 INFO Email "cancelled_order" for order #10372 sent CONTEXT: {"email_type":"cancelled_order","status":"sent","recipient":"guest","order":10372}
2026-09-14T08:00:41+00:00 INFO Email "cancelled_order" for order #10389 sent CONTEXT: {"email_type":"cancelled_order","status":"sent","recipient":"guest","order":10389}
2026-09-14T08:01:21+00:00 INFO Email "cancelled_order" for order #10331 sent CONTEXT: {"email_type":"cancelled_order","status":"sent","recipient":"guest","order":10331}
2026-09-14T08:01:21+00:00 NOTICE Email "customer_failed_order" for order #10358 not sent: email type is disabled CONTEXT: {"email_type":"customer_failed_order","status":"disabled","recipient":"guest","order":10358}
2026-09-14T08:01:26+00:00 INFO Email "failed_order" for order #10358 sent CONTEXT: {"email_type":"failed_order","status":"sent","recipient":"guest","order":10358}
2026-09-14T08:01:27+00:00 INFO Email "cancelled_order" for order #10391 sent CONTEXT: {"email_type":"cancelled_order","status":"sent","recipient":"guest","order":10391}
2026-09-14T08:01:44+00:00 NOTICE Email "customer_failed_order" for order #10208 not sent: email type is disabled CONTEXT: {"email_type":"customer_failed_order","status":"disabled","recipient":"guest","order":10208}
2026-09-14T08:01:47+00:00 NOTICE Email "customer_note" for order #10587 not sent: email type is disabled CONTEXT: {"email_type":"customer_note","status":"disabled","recipient":"guest","order":10587}
2026-09-14T08:01:49+00:00 INFO Email "cancelled_order" for order #10337 sent CONTEXT: {"email_type":"cancelled_order","status":"sent","recipient":"guest","order":10337}
2026-09-14T08:02:09+00:00 INFO Email "cancelled_order" for order #10373 sent CONTEXT: {"email_type":"cancelled_order","status":"sent","recipient":"guest","order":10373}
2026-09-14T08:02:28+00:00 INFO Email "cancelled_order" for order #10370 sent CONTEXT: {"email_type":"cancelled_order","status":"sent","recipient":"guest","order":10370}
2026-09-14T08:02:50+00:00 INFO Email "cancelled_order" for order #10350 sent CONTEXT: {"email_type":"cancelled_order","status":"sent","recipient":"guest","order":10350}
2026-09-14T08:03:55+00:00 NOTICE Email "customer_completed_order" for order #9757 not sent: email type is disabled CONTEXT: {"email_type":"customer_completed_order","status":"disabled","recipient":"guest","order":9757}
2026-09-14T08:03:55+00:00 NOTICE Email "customer_completed_order" for order #9766 not sent: email type is disabled CONTEXT: {"email_type":"customer_completed_order","status":"disabled","recipient":"guest","order":9766}
2026-09-14T08:03:55+00:00 NOTICE Email "customer_completed_order" for order #9773 not sent: email type is disabled CONTEXT: {"email_type":"customer_completed_order","status":"disabled","recipient":"guest","order":9773}
2026-09-14T08:03:55+00:00 NOTICE Email "customer_completed_order" for order #9786 not sent: email type is disabled CONTEXT: {"email_type":"customer_completed_order","status":"disabled","recipient":"guest","order":9786}
2026-09-14T08:03:55+00:00 NOTICE Email "customer_completed_order" for order #9865 not sent: email type is disabled CONTEXT: {"email_type":"customer_completed_order","status":"disabled","recipient":"guest","order":9865}
2026-09-14T08:03:55+00:00 NOTICE Email "customer_completed_order" for order #9892 not sent: email type is disabled CONTEXT: {"email_type":"customer_completed_order","status":"disabled","recipient":"guest","order":9892}
2026-09-14T08:03:55+00:00 NOTICE Email "customer_completed_order" for order #9936 not sent: email type is disabled CONTEXT: {"email_type":"customer_completed_order","status":"disabled","recipient":"guest","order":9936}
2026-09-14T08:03:55+00:00 NOTICE Email "customer_completed_order" for order #9950 not sent: email type is disabled CONTEXT: {"email_type":"customer_completed_order","status":"disabled","recipient":"guest","order":9950}
2026-09-14T08:03:56+00:00 NOTICE Email "customer_completed_order" for order #10003 not sent: email type is disabled CONTEXT: {"email_type":"customer_completed_order","status":"disabled","recipient":"guest","order":10003}
2026-09-14T08:03:56+00:00 NOTICE Email "customer_completed_order" for order #10033 not sent: email type is disabled CONTEXT: {"email_type":"customer_completed_order","status":"disabled","recipient":"guest","order":10033}
2026-09-14T08:03:56+00:00 NOTICE Email "customer_completed_order" for order #10061 not sent: email type is disabled CONTEXT: {"email_type":"customer_completed_order","status":"disabled","recipient":"guest","order":10061}
2026-09-14T08:03:57+00:00 NOTICE Email "customer_completed_order" for order #10126 not sent: email type is disabled CONTEXT: {"email_type":"customer_completed_order","status":"disabled","recipient":"guest","order":10126}
2026-09-14T08:03:57+00:00 NOTICE Email "customer_completed_order" for order #10140 not sent: email type is disabled CONTEXT: {"email_type":"customer_completed_order","status":"disabled","recipient":"guest","order":10140}
2026-09-14T08:03:57+00:00 NOTICE Email "customer_completed_order" for order #10148 not sent: email type is disabled CONTEXT: {"email_type":"customer_completed_order","status":"disabled","recipient":"guest","order":10148}
2026-09-14T08:03:58+00:00 NOTICE Email "customer_failed_order" for order #10320 not sent: email type is disabled CONTEXT: {"email_type":"customer_failed_order","status":"disabled","recipient":"guest","order":10320}
2026-09-14T08:03:58+00:00 NOTICE Email "customer_completed_order" for order #10338 not sent: email type is disabled CONTEXT: {"email_type":"customer_completed_order","status":"disabled","recipient":"guest","order":10338}
2026-09-14T08:04:02+00:00 INFO Email "new_order" for order #10587 sent CONTEXT: {"email_type":"new_order","status":"sent","recipient":"guest","order":10587}
2026-09-14T08:04:02+00:00 NOTICE Email "customer_processing_order" for order #10587 not sent: email type is disabled CONTEXT: {"email_type":"customer_processing_order","status":"disabled","recipient":"guest","order":10587}
2026-09-14T08:04:02+00:00 NOTICE Email "customer_note" for order #10587 not sent: email type is disabled CONTEXT: {"email_type":"customer_note","status":"disabled","recipient":"guest","order":10587}
2026-09-14T08:04:45+00:00 INFO Email "cancelled_order" for order #10366 sent CONTEXT: {"email_type":"cancelled_order","status":"sent","recipient":"guest","order":10366}
2026-09-14T08:04:54+00:00 INFO Email "cancelled_order" for order #10356 sent CONTEXT: {"email_type":"cancelled_order","status":"sent","recipient":"guest","order":10356}
2026-09-14T08:05:45+00:00 INFO Email "cancelled_order" for order #10332 sent CONTEXT: {"email_type":"cancelled_order","status":"sent","recipient":"guest","order":10332}
2026-09-14T08:06:21+00:00 NOTICE Email "customer_failed_order" for order #10302 not sent: email type is disabled CONTEXT: {"email_type":"customer_failed_order","status":"disabled","recipient":"guest","order":10302}
2026-09-14T08:06:40+00:00 NOTICE Email "customer_completed_order" for order #9766 not sent: email type is disabled CONTEXT: {"email_type":"customer_completed_order","status":"disabled","recipient":"guest","order":9766}
2026-09-14T08:07:07+00:00 NOTICE Email "customer_failed_order" for order #10358 not sent: email type is disabled CONTEXT: {"email_type":"customer_failed_order","status":"disabled","recipient":"guest","order":10358}
2026-09-14T08:07:12+00:00 INFO Email "failed_order" for order #10358 sent CONTEXT: {"email_type":"failed_order","status":"sent","recipient":"guest","order":10358}
2026-09-14T08:07:41+00:00 NOTICE Email "customer_completed_order" for order #10140 not sent: email type is disabled CONTEXT: {"email_type":"customer_completed_order","status":"disabled","recipient":"guest","order":10140}
2026-09-14T08:08:39+00:00 NOTICE Email "customer_failed_order" for order #10208 not sent: email type is disabled CONTEXT: {"email_type":"customer_failed_order","status":"disabled","recipient":"guest","order":10208}
2026-09-14T08:08:40+00:00 NOTICE Email "customer_completed_order" for order #7526 not sent: email type is disabled CONTEXT: {"email_type":"customer_completed_order","status":"disabled","recipient":"guest","order":7526}
2026-09-14T08:08:40+00:00 NOTICE Email "customer_completed_order" for order #7976 not sent: email type is disabled CONTEXT: {"email_type":"customer_completed_order","status":"disabled","recipient":"guest","order":7976}
2026-09-14T08:09:22+00:00 NOTICE Email "customer_completed_order" for order #9938 not sent: email type is disabled CONTEXT: {"email_type":"customer_completed_order","status":"disabled","recipient":"guest","order":9938}
2026-09-14T08:09:22+00:00 NOTICE Email "customer_completed_order" for order #10162 not sent: email type is disabled CONTEXT: {"email_type":"customer_completed_order","status":"disabled","recipient":"guest","order":10162}
2026-09-14T08:09:22+00:00 NOTICE Email "customer_completed_order" for order #9852 not sent: email type is disabled CONTEXT: {"email_type":"customer_completed_order","status":"disabled","recipient":"guest","order":9852}
2026-09-14T08:09:22+00:00 NOTICE Email "customer_completed_order" for order #10168 not sent: email type is disabled CONTEXT: {"email_type":"customer_completed_order","status":"disabled","recipient":"guest","order":10168}
2026-09-14T08:09:36+00:00 INFO Email "cancelled_order" for order #10588 sent CONTEXT: {"email_type":"cancelled_order","status":"sent","recipient":"guest","order":10588}
2026-09-14T08:09:42+00:00 NOTICE Email "customer_completed_order" for order #9974 not sent: email type is disabled CONTEXT: {"email_type":"customer_completed_order","status":"disabled","recipient":"guest","order":9974}
2026-09-14T08:09:42+00:00 NOTICE Email "customer_completed_order" for order #9809 not sent: email type is disabled CONTEXT: {"email_type":"customer_completed_order","status":"disabled","recipient":"guest","order":9809}
2026-09-14T08:09:43+00:00 NOTICE Email "customer_completed_order" for order #9907 not sent: email type is disabled CONTEXT: {"email_type":"customer_completed_order","status":"disabled","recipient":"guest","order":9907}
2026-09-14T08:09:53+00:00 NOTICE Email "customer_note" for order #10589 not sent: email type is disabled CONTEXT: {"email_type":"customer_note","status":"disabled","recipient":"guest","order":10589}
2026-09-14T08:10:07+00:00 INFO Email "cancelled_order" for order #10391 sent CONTEXT: {"email_type":"cancelled_order","status":"sent","recipient":"guest","order":10391}
2026-09-14T08:10:12+00:00 INFO Email "cancelled_order" for order #10371 sent CONTEXT: {"email_type":"cancelled_order","status":"sent","recipient":"guest","order":10371}
2026-09-14T08:10:55+00:00 NOTICE Email "customer_completed_order" for order #10338 not sent: email type is disabled CONTEXT: {"email_type":"customer_completed_order","status":"disabled","recipient":"guest","order":10338}
2026-09-14T08:11:00+00:00 NOTICE Email "customer_completed_order" for order #9865 not sent: email type is disabled CONTEXT: {"email_type":"customer_completed_order","status":"disabled","recipient":"guest","order":9865}
2026-09-14T08:11:00+00:00 NOTICE Email "customer_completed_order" for order #8085 not sent: email type is disabled CONTEXT: {"email_type":"customer_completed_order","status":"disabled","recipient":"guest","order":8085}
2026-09-14T08:11:24+00:00 INFO Email "cancelled_order" for order #10360 sent CONTEXT: {"email_type":"cancelled_order","status":"sent","recipient":"guest","order":10360}
2026-09-14T08:11:44+00:00 NOTICE Email "customer_completed_order" for order #9851 not sent: email type is disabled CONTEXT: {"email_type":"customer_completed_order","status":"disabled","recipient":"guest","order":9851}
2026-09-14T08:11:45+00:00 NOTICE Email "customer_completed_order" for order #9867 not sent: email type is disabled CONTEXT: {"email_type":"customer_completed_order","status":"disabled","recipient":"guest","order":9867}
2026-09-14T08:11:45+00:00 NOTICE Email "customer_completed_order" for order #10126 not sent: email type is disabled CONTEXT: {"email_type":"customer_completed_order","status":"disabled","recipient":"guest","order":10126}
2026-09-14T08:11:45+00:00 NOTICE Email "customer_completed_order" for order #10287 not sent: email type is disabled CONTEXT: {"email_type":"customer_completed_order","status":"disabled","recipient":"guest","order":10287}
2026-09-14T08:12:05+00:00 NOTICE Email "customer_completed_order" for order #9950 not sent: email type is disabled CONTEXT: {"email_type":"customer_completed_order","status":"disabled","recipient":"guest","order":9950}
2026-09-14T08:12:26+00:00 NOTICE Email "customer_completed_order" for order #10156 not sent: email type is disabled CONTEXT: {"email_type":"customer_completed_order","status":"disabled","recipient":"guest","order":10156}
2026-09-14T08:12:26+00:00 NOTICE Email "customer_completed_order" for order #10333 not sent: email type is disabled CONTEXT: {"email_type":"customer_completed_order","status":"disabled","recipient":"guest","order":10333}
2026-09-14T08:12:35+00:00 INFO Email "new_order" for order #10589 sent CONTEXT: {"email_type":"new_order","status":"sent","recipient":"guest","order":10589}
2026-09-14T08:12:35+00:00 NOTICE Email "customer_processing_order" for order #10589 not sent: email type is disabled CONTEXT: {"email_type":"customer_processing_order","status":"disabled","recipient":"guest","order":10589}
2026-09-14T08:12:35+00:00 NOTICE Email "customer_note" for order #10589 not sent: email type is disabled CONTEXT: {"email_type":"customer_note","status":"disabled","recipient":"guest","order":10589}
2026-09-14T08:12:48+00:00 NOTICE Email "customer_completed_order" for order #9923 not sent: email type is disabled CONTEXT: {"email_type":"customer_completed_order","status":"disabled","recipient":"guest","order":9923}
2026-09-14T08:12:48+00:00 NOTICE Email "customer_completed_order" for order #9900 not sent: email type is disabled CONTEXT: {"email_type":"customer_completed_order","status":"disabled","recipient":"guest","order":9900}
2026-09-14T08:13:09+00:00 NOTICE Email "customer_completed_order" for order #10018 not sent: email type is disabled CONTEXT: {"email_type":"customer_completed_order","status":"disabled","recipient":"guest","order":10018}
2026-09-14T08:13:09+00:00 NOTICE Email "customer_completed_order" for order #9786 not sent: email type is disabled CONTEXT: {"email_type":"customer_completed_order","status":"disabled","recipient":"guest","order":9786}
2026-09-14T08:13:09+00:00 NOTICE Email "customer_completed_order" for order #9784 not sent: email type is disabled CONTEXT: {"email_type":"customer_completed_order","status":"disabled","recipient":"guest","order":9784}
2026-09-14T08:13:09+00:00 NOTICE Email "customer_completed_order" for order #9936 not sent: email type is disabled CONTEXT: {"email_type":"customer_completed_order","status":"disabled","recipient":"guest","order":9936}
2026-09-14T08:13:09+00:00 NOTICE Email "customer_completed_order" for order #9757 not sent: email type is disabled CONTEXT: {"email_type":"customer_completed_order","status":"disabled","recipient":"guest","order":9757}
2026-09-14T08:13:14+00:00 NOTICE Email "customer_completed_order" for order #10046 not sent: email type is disabled CONTEXT: {"email_type":"customer_completed_order","status":"disabled","recipient":"guest","order":10046}
2026-09-14T08:13:50+00:00 NOTICE Email "customer_completed_order" for order #10239 not sent: email type is disabled CONTEXT: {"email_type":"customer_completed_order","status":"disabled","recipient":"guest","order":10239}
2026-09-14T08:14:31+00:00 NOTICE Email "customer_completed_order" for order #9809 not sent: email type is disabled CONTEXT: {"email_type":"customer_completed_order","status":"disabled","recipient":"guest","order":9809}
2026-09-14T08:14:36+00:00 NOTICE Email "customer_note" for order #10590 not sent: email type is disabled CONTEXT: {"email_type":"customer_note","status":"disabled","recipient":"guest","order":10590}
2026-09-14T08:14:39+00:00 NOTICE Email "customer_completed_order" for order #10164 not sent: email type is disabled CONTEXT: {"email_type":"customer_completed_order","status":"disabled","recipient":"guest","order":10164}
2026-09-14T08:14:39+00:00 NOTICE Email "customer_completed_order" for order #9832 not sent: email type is disabled CONTEXT: {"email_type":"customer_completed_order","status":"disabled","recipient":"guest","order":9832}
2026-09-14T08:14:43+00:00 INFO Email "cancelled_order" for order #10356 sent CONTEXT: {"email_type":"cancelled_order","status":"sent","recipient":"guest","order":10356}
2026-09-14T08:15:00+00:00 NOTICE Email "customer_completed_order" for order #9997 not sent: email type is disabled CONTEXT: {"email_type":"customer_completed_order","status":"disabled","recipient":"guest","order":9997}
2026-09-14T08:15:13+00:00 NOTICE Email "customer_completed_order" for order #10086 not sent: email type is disabled CONTEXT: {"email_type":"customer_completed_order","status":"disabled","recipient":"guest","order":10086}
2026-09-14T08:15:20+00:00 INFO Email "cancelled_order" for order #10332 sent CONTEXT: {"email_type":"cancelled_order","status":"sent","recipient":"guest","order":10332}
2026-09-14T08:15:24+00:00 NOTICE Email "customer_note" for order #10591 not sent: email type is disabled CONTEXT: {"email_type":"customer_note","status":"disabled","recipient":"guest","order":10591}
2026-09-14T08:15:29+00:00 INFO Email "cancelled_order" for order #10590 sent CONTEXT: {"email_type":"cancelled_order","status":"sent","recipient":"guest","order":10590}
2026-09-14T08:15:31+00:00 NOTICE Email "customer_completed_order" for order #10249 not sent: email type is disabled CONTEXT: {"email_type":"customer_completed_order","status":"disabled","recipient":"guest","order":10249}
2026-09-14T08:15:33+00:00 NOTICE Email "customer_completed_order" for order #10158 not sent: email type is disabled CONTEXT: {"email_type":"customer_completed_order","status":"disabled","recipient":"guest","order":10158}
2026-09-14T08:15:35+00:00 NOTICE Email "customer_completed_order" for order #9810 not sent: email type is disabled CONTEXT: {"email_type":"customer_completed_order","status":"disabled","recipient":"guest","order":9810}
2026-09-14T08:15:35+00:00 NOTICE Email "customer_completed_order" for order #10164 not sent: email type is disabled CONTEXT: {"email_type":"customer_completed_order","status":"disabled","recipient":"guest","order":10164}
2026-09-14T08:15:39+00:00 NOTICE Email "customer_failed_order" for order #10358 not sent: email type is disabled CONTEXT: {"email_type":"customer_failed_order","status":"disabled","recipient":"guest","order":10358}
2026-09-14T08:15:45+00:00 INFO Email "failed_order" for order #10358 sent CONTEXT: {"email_type":"failed_order","status":"sent","recipient":"guest","order":10358}
2026-09-14T08:15:48+00:00 NOTICE Email "customer_completed_order" for order #9833 not sent: email type is disabled CONTEXT: {"email_type":"customer_completed_order","status":"disabled","recipient":"guest","order":9833}
2026-09-14T08:15:50+00:00 INFO Email "cancelled_order" for order #10331 sent CONTEXT: {"email_type":"cancelled_order","status":"sent","recipient":"guest","order":10331}
2026-09-14T08:15:51+00:00 NOTICE Email "customer_completed_order" for order #9923 not sent: email type is disabled CONTEXT: {"email_type":"customer_completed_order","status":"disabled","recipient":"guest","order":9923}
2026-09-14T08:15:52+00:00 NOTICE Email "customer_failed_order" for order #10388 not sent: email type is disabled CONTEXT: {"email_type":"customer_failed_order","status":"disabled","recipient":"guest","order":10388}
2026-09-14T08:15:55+00:00 NOTICE Email "customer_completed_order" for order #10197 not sent: email type is disabled CONTEXT: {"email_type":"customer_completed_order","status":"disabled","recipient":"guest","order":10197}
2026-09-14T08:15:55+00:00 NOTICE Email "customer_completed_order" for order #10200 not sent: email type is disabled CONTEXT: {"email_type":"customer_completed_order","status":"disabled","recipient":"guest","order":10200}
2026-09-14T08:15:57+00:00 INFO Email "failed_order" for order #10388 sent CONTEXT: {"email_type":"failed_order","status":"sent","recipient":"guest","order":10388}
2026-09-14T08:16:04+00:00 NOTICE Email "customer_completed_order" for order #10112 not sent: email type is disabled CONTEXT: {"email_type":"customer_completed_order","status":"disabled","recipient":"guest","order":10112}
2026-09-14T08:16:19+00:00 NOTICE Email "customer_completed_order" for order #10289 not sent: email type is disabled CONTEXT: {"email_type":"customer_completed_order","status":"disabled","recipient":"guest","order":10289}
2026-09-14T08:16:19+00:00 NOTICE Email "customer_completed_order" for order #9974 not sent: email type is disabled CONTEXT: {"email_type":"customer_completed_order","status":"disabled","recipient":"guest","order":9974}
2026-09-14T08:16:19+00:00 NOTICE Email "customer_completed_order" for order #9809 not sent: email type is disabled CONTEXT: {"email_type":"customer_completed_order","status":"disabled","recipient":"guest","order":9809}
2026-09-14T08:16:19+00:00 NOTICE Email "customer_completed_order" for order #10327 not sent: email type is disabled CONTEXT: {"email_type":"customer_completed_order","status":"disabled","recipient":"guest","order":10327}
2026-09-14T08:16:27+00:00 NOTICE Email "customer_completed_order" for order #10033 not sent: email type is disabled CONTEXT: {"email_type":"customer_completed_order","status":"disabled","recipient":"guest","order":10033}
2026-09-14T08:17:11+00:00 INFO Email "cancelled_order" for order #10369 sent CONTEXT: {"email_type":"cancelled_order","status":"sent","recipient":"guest","order":10369}
2026-09-14T08:17:13+00:00 INFO Email "cancelled_order" for order #10453 sent CONTEXT: {"email_type":"cancelled_order","status":"sent","recipient":"guest","order":10453}
2026-09-14T08:17:13+00:00 NOTICE Email "customer_failed_order" for order #10488 not sent: email type is disabled CONTEXT: {"email_type":"customer_failed_order","status":"disabled","recipient":"guest","order":10488}
2026-09-14T08:17:14+00:00 INFO Email "cancelled_order" for order #10391 sent CONTEXT: {"email_type":"cancelled_order","status":"sent","recipient":"guest","order":10391}
2026-09-14T08:17:16+00:00 INFO Email "cancelled_order" for order #10397 sent CONTEXT: {"email_type":"cancelled_order","status":"sent","recipient":"guest","order":10397}
2026-09-14T08:17:19+00:00 INFO Email "failed_order" for order #10488 sent CONTEXT: {"email_type":"failed_order","status":"sent","recipient":"guest","order":10488}
2026-09-14T08:18:02+00:00 INFO Email "cancelled_order" for order #10371 sent CONTEXT: {"email_type":"cancelled_order","status":"sent","recipient":"guest","order":10371}
2026-09-14T08:18:04+00:00 NOTICE Email "customer_failed_order" for order #10340 not sent: email type is disabled CONTEXT: {"email_type":"customer_failed_order","status":"disabled","recipient":"guest","order":10340}
2026-09-14T08:18:09+00:00 INFO Email "failed_order" for order #10340 sent CONTEXT: {"email_type":"failed_order","status":"sent","recipient":"guest","order":10340}
2026-09-14T08:18:21+00:00 INFO Email "cancelled_order" for order #10366 sent CONTEXT: {"email_type":"cancelled_order","status":"sent","recipient":"guest","order":10366}
2026-09-14T08:18:55+00:00 NOTICE Email "customer_completed_order" for order #9867 not sent: email type is disabled CONTEXT: {"email_type":"customer_completed_order","status":"disabled","recipient":"guest","order":9867}
2026-09-14T08:19:12+00:00 NOTICE Email "customer_completed_order" for order #10287 not sent: email type is disabled CONTEXT: {"email_type":"customer_completed_order","status":"disabled","recipient":"guest","order":10287}
2026-09-14T08:19:14+00:00 NOTICE Email "customer_completed_order" for order #10249 not sent: email type is disabled CONTEXT: {"email_type":"customer_completed_order","status":"disabled","recipient":"guest","order":10249}
2026-09-14T08:19:17+00:00 NOTICE Email "customer_completed_order" for order #10141 not sent: email type is disabled CONTEXT: {"email_type":"customer_completed_order","status":"disabled","recipient":"guest","order":10141}
2026-09-14T08:19:19+00:00 NOTICE Email "customer_completed_order" for order #7976 not sent: email type is disabled CONTEXT: {"email_type":"customer_completed_order","status":"disabled","recipient":"guest","order":7976}
2026-09-14T08:19:20+00:00 NOTICE Email "customer_completed_order" for order #9766 not sent: email type is disabled CONTEXT: {"email_type":"customer_completed_order","status":"disabled","recipient":"guest","order":9766}
2026-09-14T08:19:20+00:00 NOTICE Email "customer_completed_order" for order #9773 not sent: email type is disabled CONTEXT: {"email_type":"customer_completed_order","status":"disabled","recipient":"guest","order":9773}
2026-09-14T08:19:20+00:00 NOTICE Email "customer_completed_order" for order #9784 not sent: email type is disabled CONTEXT: {"email_type":"customer_completed_order","status":"disabled","recipient":"guest","order":9784}
2026-09-14T08:19:20+00:00 NOTICE Email "customer_completed_order" for order #9785 not sent: email type is disabled CONTEXT: {"email_type":"customer_completed_order","status":"disabled","recipient":"guest","order":9785}
2026-09-14T08:19:20+00:00 NOTICE Email "customer_completed_order" for order #9786 not sent: email type is disabled CONTEXT: {"email_type":"customer_completed_order","status":"disabled","recipient":"guest","order":9786}
2026-09-14T08:19:20+00:00 NOTICE Email "customer_completed_order" for order #9798 not sent: email type is disabled CONTEXT: {"email_type":"customer_completed_order","status":"disabled","recipient":"guest","order":9798}
2026-09-14T08:19:20+00:00 NOTICE Email "customer_completed_order" for order #9832 not sent: email type is disabled CONTEXT: {"email_type":"customer_completed_order","status":"disabled","recipient":"guest","order":9832}
2026-09-14T08:19:21+00:00 NOTICE Email "customer_completed_order" for order #9851 not sent: email type is disabled CONTEXT: {"email_type":"customer_completed_order","status":"disabled","recipient":"guest","order":9851}
2026-09-14T08:19:21+00:00 NOTICE Email "customer_completed_order" for order #9900 not sent: email type is disabled CONTEXT: {"email_type":"customer_completed_order","status":"disabled","recipient":"guest","order":9900}
2026-09-14T08:19:21+00:00 NOTICE Email "customer_completed_order" for order #9938 not sent: email type is disabled CONTEXT: {"email_type":"customer_completed_order","status":"disabled","recipient":"guest","order":9938}
2026-09-14T08:19:21+00:00 NOTICE Email "customer_completed_order" for order #9943 not sent: email type is disabled CONTEXT: {"email_type":"customer_completed_order","status":"disabled","recipient":"guest","order":9943}
2026-09-14T08:19:21+00:00 NOTICE Email "customer_completed_order" for order #9950 not sent: email type is disabled CONTEXT: {"email_type":"customer_completed_order","status":"disabled","recipient":"guest","order":9950}
2026-09-14T08:19:22+00:00 NOTICE Email "customer_completed_order" for order #9952 not sent: email type is disabled CONTEXT: {"email_type":"customer_completed_order","status":"disabled","recipient":"guest","order":9952}
2026-09-14T08:19:22+00:00 NOTICE Email "customer_completed_order" for order #10003 not sent: email type is disabled CONTEXT: {"email_type":"customer_completed_order","status":"disabled","recipient":"guest","order":10003}
2026-09-14T08:19:22+00:00 NOTICE Email "customer_completed_order" for order #10018 not sent: email type is disabled CONTEXT: {"email_type":"customer_completed_order","status":"disabled","recipient":"guest","order":10018}
2026-09-14T08:19:22+00:00 NOTICE Email "customer_completed_order" for order #10033 not sent: email type is disabled CONTEXT: {"email_type":"customer_completed_order","status":"disabled","recipient":"guest","order":10033}
2026-09-14T08:19:22+00:00 NOTICE Email "customer_completed_order" for order #10034 not sent: email type is disabled CONTEXT: {"email_type":"customer_completed_order","status":"disabled","recipient":"guest","order":10034}
2026-09-14T08:19:23+00:00 NOTICE Email "customer_completed_order" for order #10046 not sent: email type is disabled CONTEXT: {"email_type":"customer_completed_order","status":"disabled","recipient":"guest","order":10046}
2026-09-14T08:19:24+00:00 NOTICE Email "customer_completed_order" for order #10126 not sent: email type is disabled CONTEXT: {"email_type":"customer_completed_order","status":"disabled","recipient":"guest","order":10126}
2026-09-14T08:19:24+00:00 NOTICE Email "customer_completed_order" for order #10128 not sent: email type is disabled CONTEXT: {"email_type":"customer_completed_order","status":"disabled","recipient":"guest","order":10128}
2026-09-14T08:19:24+00:00 NOTICE Email "customer_completed_order" for order #10140 not sent: email type is disabled CONTEXT: {"email_type":"customer_completed_order","status":"disabled","recipient":"guest","order":10140}
2026-09-14T08:19:24+00:00 NOTICE Email "customer_completed_order" for order #10141 not sent: email type is disabled CONTEXT: {"email_type":"customer_completed_order","status":"disabled","recipient":"guest","order":10141}
2026-09-14T08:19:24+00:00 NOTICE Email "customer_completed_order" for order #10148 not sent: email type is disabled CONTEXT: {"email_type":"customer_completed_order","status":"disabled","recipient":"guest","order":10148}
2026-09-14T08:19:24+00:00 NOTICE Email "customer_completed_order" for order #10156 not sent: email type is disabled CONTEXT: {"email_type":"customer_completed_order","status":"disabled","recipient":"guest","order":10156}
2026-09-14T08:19:24+00:00 NOTICE Email "customer_completed_order" for order #10158 not sent: email type is disabled CONTEXT: {"email_type":"customer_completed_order","status":"disabled","recipient":"guest","order":10158}
2026-09-14T08:19:25+00:00 NOTICE Email "customer_completed_order" for order #10197 not sent: email type is disabled CONTEXT: {"email_type":"customer_completed_order","status":"disabled","recipient":"guest","order":10197}
2026-09-14T08:19:25+00:00 NOTICE Email "customer_completed_order" for order #10200 not sent: email type is disabled CONTEXT: {"email_type":"customer_completed_order","status":"disabled","recipient":"guest","order":10200}
2026-09-14T08:19:25+00:00 NOTICE Email "customer_completed_order" for order #10239 not sent: email type is disabled CONTEXT: {"email_type":"customer_completed_order","status":"disabled","recipient":"guest","order":10239}
2026-09-14T08:19:25+00:00 NOTICE Email "customer_completed_order" for order #10249 not sent: email type is disabled CONTEXT: {"email_type":"customer_completed_order","status":"disabled","recipient":"guest","order":10249}
2026-09-14T08:19:26+00:00 NOTICE Email "customer_completed_order" for order #10287 not sent: email type is disabled CONTEXT: {"email_type":"customer_completed_order","status":"disabled","recipient":"guest","order":10287}
2026-09-14T08:20:20+00:00 NOTICE Email "customer_failed_order" for order #10208 not sent: email type is disabled CONTEXT: {"email_type":"customer_failed_order","status":"disabled","recipient":"guest","order":10208}
2026-09-14T08:20:21+00:00 NOTICE Email "customer_failed_order" for order #10302 not sent: email type is disabled CONTEXT: {"email_type":"customer_failed_order","status":"disabled","recipient":"guest","order":10302}
2026-09-14T08:20:38+00:00 NOTICE Email "customer_completed_order" for order #9907 not sent: email type is disabled CONTEXT: {"email_type":"customer_completed_order","status":"disabled","recipient":"guest","order":9907}
2026-09-14T08:20:56+00:00 NOTICE Email "customer_failed_order" for order #10390 not sent: email type is disabled CONTEXT: {"email_type":"customer_failed_order","status":"disabled","recipient":"guest","order":10390}
2026-09-14T08:21:00+00:00 INFO Email "failed_order" for order #10390 sent CONTEXT: {"email_type":"failed_order","status":"sent","recipient":"guest","order":10390}
2026-09-14T08:21:07+00:00 INFO Email "cancelled_order" for order #10389 sent CONTEXT: {"email_type":"cancelled_order","status":"sent","recipient":"guest","order":10389}
2026-09-14T08:21:12+00:00 NOTICE Email "customer_completed_order" for order #10239 not sent: email type is disabled CONTEXT: {"email_type":"customer_completed_order","status":"disabled","recipient":"guest","order":10239}
2026-09-14T08:21:22+00:00 NOTICE Email "customer_completed_order" for order #9810 not sent: email type is disabled CONTEXT: {"email_type":"customer_completed_order","status":"disabled","recipient":"guest","order":9810}
2026-09-14T08:21:41+00:00 NOTICE Email "customer_failed_order" for order #10302 not sent: email type is disabled CONTEXT: {"email_type":"customer_failed_order","status":"disabled","recipient":"guest","order":10302}
2026-09-14T08:21:46+00:00 INFO Email "cancelled_order" for order #10332 sent CONTEXT: {"email_type":"cancelled_order","status":"sent","recipient":"guest","order":10332}
2026-09-14T08:21:51+00:00 NOTICE Email "customer_completed_order" for order #10158 not sent: email type is disabled CONTEXT: {"email_type":"customer_completed_order","status":"disabled","recipient":"guest","order":10158}
2026-09-14T08:21:57+00:00 NOTICE Email "customer_completed_order" for order #10197 not sent: email type is disabled CONTEXT: {"email_type":"customer_completed_order","status":"disabled","recipient":"guest","order":10197}
2026-09-14T08:21:59+00:00 INFO Email "cancelled_order" for order #10373 sent CONTEXT: {"email_type":"cancelled_order","status":"sent","recipient":"guest","order":10373}
2026-09-14T08:22:02+00:00 NOTICE Email "customer_failed_order" for order #10340 not sent: email type is disabled CONTEXT: {"email_type":"customer_failed_order","status":"disabled","recipient":"guest","order":10340}
2026-09-14T08:22:07+00:00 INFO Email "failed_order" for order #10340 sent CONTEXT: {"email_type":"failed_order","status":"sent","recipient":"guest","order":10340}
2026-09-14T08:22:10+00:00 NOTICE Email "customer_completed_order" for order #9997 not sent: email type is disabled CONTEXT: {"email_type":"customer_completed_order","status":"disabled","recipient":"guest","order":9997}
2026-09-14T08:22:12+00:00 INFO Email "cancelled_order" for order #10337 sent CONTEXT: {"email_type":"cancelled_order","status":"sent","recipient":"guest","order":10337}
2026-09-14T08:22:16+00:00 INFO Email "cancelled_order" for order #10372 sent CONTEXT: {"email_type":"cancelled_order","status":"sent","recipient":"guest","order":10372}
2026-09-14T08:22:19+00:00 NOTICE Email "customer_completed_order" for order #10333 not sent: email type is disabled CONTEXT: {"email_type":"customer_completed_order","status":"disabled","recipient":"guest","order":10333}
2026-09-14T08:22:19+00:00 INFO Email "cancelled_order" for order #10360 sent CONTEXT: {"email_type":"cancelled_order","status":"sent","recipient":"guest","order":10360}
2026-09-14T08:22:29+00:00 NOTICE Email "customer_completed_order" for order #10168 not sent: email type is disabled CONTEXT: {"email_type":"customer_completed_order","status":"disabled","recipient":"guest","order":10168}
2026-09-14T08:22:29+00:00 NOTICE Email "customer_completed_order" for order #9852 not sent: email type is disabled CONTEXT: {"email_type":"customer_completed_order","status":"disabled","recipient":"guest","order":9852}
2026-09-14T08:22:30+00:00 NOTICE Email "customer_completed_order" for order #10162 not sent: email type is disabled CONTEXT: {"email_type":"customer_completed_order","status":"disabled","recipient":"guest","order":10162}
2026-09-14T08:22:35+00:00 NOTICE Email "customer_completed_order" for order #9785 not sent: email type is disabled CONTEXT: {"email_type":"customer_completed_order","status":"disabled","recipient":"guest","order":9785}
2026-09-14T08:22:49+00:00 NOTICE Email "customer_completed_order" for order #9757 not sent: email type is disabled CONTEXT: {"email_type":"customer_completed_order","status":"disabled","recipient":"guest","order":9757}
2026-09-14T08:22:51+00:00 NOTICE Email "customer_completed_order" for order #10156 not sent: email type is disabled CONTEXT: {"email_type":"customer_completed_order","status":"disabled","recipient":"guest","order":10156}
2026-09-14T08:22:54+00:00 NOTICE Email "customer_completed_order" for order #9950 not sent: email type is disabled CONTEXT: {"email_type":"customer_completed_order","status":"disabled","recipient":"guest","order":9950}
2026-09-14T08:22:54+00:00 NOTICE Email "customer_completed_order" for order #10046 not sent: email type is disabled CONTEXT: {"email_type":"customer_completed_order","status":"disabled","recipient":"guest","order":10046}
2026-09-14T08:23:03+00:00 INFO Email "cancelled_order" for order #10356 sent CONTEXT: {"email_type":"cancelled_order","status":"sent","recipient":"guest","order":10356}
2026-09-14T08:23:03+00:00 NOTICE Email "customer_completed_order" for order #9974 not sent: email type is disabled CONTEXT: {"email_type":"customer_completed_order","status":"disabled","recipient":"guest","order":9974}
2026-09-14T08:23:03+00:00 NOTICE Email "customer_completed_order" for order #9867 not sent: email type is disabled CONTEXT: {"email_type":"customer_completed_order","status":"disabled","recipient":"guest","order":9867}
2026-09-14T08:23:03+00:00 NOTICE Email "customer_completed_order" for order #9809 not sent: email type is disabled CONTEXT: {"email_type":"customer_completed_order","status":"disabled","recipient":"guest","order":9809}
2026-09-14T08:23:03+00:00 NOTICE Email "customer_completed_order" for order #10061 not sent: email type is disabled CONTEXT: {"email_type":"customer_completed_order","status":"disabled","recipient":"guest","order":10061}
2026-09-14T08:23:21+00:00 INFO Email "cancelled_order" for order #10350 sent CONTEXT: {"email_type":"cancelled_order","status":"sent","recipient":"guest","order":10350}
2026-09-14T08:24:12+00:00 NOTICE Email "customer_completed_order" for order #10003 not sent: email type is disabled CONTEXT: {"email_type":"customer_completed_order","status":"disabled","recipient":"guest","order":10003}
2026-09-14T08:24:12+00:00 NOTICE Email "customer_completed_order" for order #9766 not sent: email type is disabled CONTEXT: {"email_type":"customer_completed_order","status":"disabled","recipient":"guest","order":9766}
2026-09-14T08:24:30+00:00 NOTICE Email "customer_completed_order" for order #9892 not sent: email type is disabled CONTEXT: {"email_type":"customer_completed_order","status":"disabled","recipient":"guest","order":9892}
2026-09-14T08:24:31+00:00 NOTICE Email "customer_completed_order" for order #8085 not sent: email type is disabled CONTEXT: {"email_type":"customer_completed_order","status":"disabled","recipient":"guest","order":8085}
2026-09-14T08:24:31+00:00 NOTICE Email "customer_completed_order" for order #9943 not sent: email type is disabled CONTEXT: {"email_type":"customer_completed_order","status":"disabled","recipient":"guest","order":9943}
2026-09-14T08:24:47+00:00 NOTICE Email "customer_completed_order" for order #10140 not sent: email type is disabled CONTEXT: {"email_type":"customer_completed_order","status":"disabled","recipient":"guest","order":10140}
2026-09-14T08:24:47+00:00 NOTICE Email "customer_completed_order" for order #10034 not sent: email type is disabled CONTEXT: {"email_type":"customer_completed_order","status":"disabled","recipient":"guest","order":10034}
2026-09-14T08:24:47+00:00 NOTICE Email "customer_completed_order" for order #10086 not sent: email type is disabled CONTEXT: {"email_type":"customer_completed_order","status":"disabled","recipient":"guest","order":10086}
2026-09-14T08:24:47+00:00 NOTICE Email "customer_completed_order" for order #10018 not sent: email type is disabled CONTEXT: {"email_type":"customer_completed_order","status":"disabled","recipient":"guest","order":10018}
2026-09-14T08:24:47+00:00 NOTICE Email "customer_completed_order" for order #9786 not sent: email type is disabled CONTEXT: {"email_type":"customer_completed_order","status":"disabled","recipient":"guest","order":9786}
2026-09-14T08:25:06+00:00 NOTICE Email "customer_completed_order" for order #9784 not sent: email type is disabled CONTEXT: {"email_type":"customer_completed_order","status":"disabled","recipient":"guest","order":9784}
2026-09-14T08:25:42+00:00 NOTICE Email "customer_failed_order" for order #10390 not sent: email type is disabled CONTEXT: {"email_type":"customer_failed_order","status":"disabled","recipient":"guest","order":10390}
2026-09-14T08:25:47+00:00 INFO Email "failed_order" for order #10390 sent CONTEXT: {"email_type":"failed_order","status":"sent","recipient":"guest","order":10390}
2026-09-14T08:25:50+00:00 INFO Email "cancelled_order" for order #10389 sent CONTEXT: {"email_type":"cancelled_order","status":"sent","recipient":"guest","order":10389}
2026-09-14T08:26:52+00:00 INFO Email "cancelled_order" for order #10331 sent CONTEXT: {"email_type":"cancelled_order","status":"sent","recipient":"guest","order":10331}
2026-09-14T08:26:53+00:00 NOTICE Email "customer_failed_order" for order #10358 not sent: email type is disabled CONTEXT: {"email_type":"customer_failed_order","status":"disabled","recipient":"guest","order":10358}
2026-09-14T08:26:58+00:00 INFO Email "failed_order" for order #10358 sent CONTEXT: {"email_type":"failed_order","status":"sent","recipient":"guest","order":10358}
2026-09-14T08:28:30+00:00 INFO Email "new_order" for order #10592 sent CONTEXT: {"email_type":"new_order","status":"sent","recipient":"guest","order":10592}
2026-09-14T08:28:31+00:00 NOTICE Email "customer_processing_order" for order #10592 not sent: email type is disabled CONTEXT: {"email_type":"customer_processing_order","status":"disabled","recipient":"guest","order":10592}
2026-09-14T08:28:31+00:00 NOTICE Email "customer_note" for order #10592 not sent: email type is disabled CONTEXT: {"email_type":"customer_note","status":"disabled","recipient":"guest","order":10592}
2026-09-14T08:29:10+00:00 INFO Email "new_order" for order #10593 sent CONTEXT: {"email_type":"new_order","status":"sent","recipient":"guest","order":10593}
2026-09-14T08:29:10+00:00 NOTICE Email "customer_processing_order" for order #10593 not sent: email type is disabled CONTEXT: {"email_type":"customer_processing_order","status":"disabled","recipient":"guest","order":10593}
2026-09-14T08:32:44+00:00 INFO Email "cancelled_order" for order #10332 sent CONTEXT: {"email_type":"cancelled_order","status":"sent","recipient":"guest","order":10332}
2026-09-14T08:34:41+00:00 NOTICE Email "customer_completed_order" for order #7526 not sent: email type is disabled CONTEXT: {"email_type":"customer_completed_order","status":"disabled","recipient":"guest","order":7526}
2026-09-14T08:34:42+00:00 NOTICE Email "customer_completed_order" for order #7976 not sent: email type is disabled CONTEXT: {"email_type":"customer_completed_order","status":"disabled","recipient":"guest","order":7976}
2026-09-14T08:34:43+00:00 NOTICE Email "customer_completed_order" for order #8085 not sent: email type is disabled CONTEXT: {"email_type":"customer_completed_order","status":"disabled","recipient":"guest","order":8085}
2026-09-14T08:34:43+00:00 NOTICE Email "customer_completed_order" for order #9757 not sent: email type is disabled CONTEXT: {"email_type":"customer_completed_order","status":"disabled","recipient":"guest","order":9757}
2026-09-14T08:34:44+00:00 NOTICE Email "customer_completed_order" for order #9784 not sent: email type is disabled CONTEXT: {"email_type":"customer_completed_order","status":"disabled","recipient":"guest","order":9784}
2026-09-14T08:34:44+00:00 NOTICE Email "customer_completed_order" for order #9785 not sent: email type is disabled CONTEXT: {"email_type":"customer_completed_order","status":"disabled","recipient":"guest","order":9785}
2026-09-14T08:34:44+00:00 NOTICE Email "customer_completed_order" for order #9786 not sent: email type is disabled CONTEXT: {"email_type":"customer_completed_order","status":"disabled","recipient":"guest","order":9786}
2026-09-14T08:34:44+00:00 NOTICE Email "customer_completed_order" for order #9798 not sent: email type is disabled CONTEXT: {"email_type":"customer_completed_order","status":"disabled","recipient":"guest","order":9798}
2026-09-14T08:34:44+00:00 NOTICE Email "customer_completed_order" for order #9809 not sent: email type is disabled CONTEXT: {"email_type":"customer_completed_order","status":"disabled","recipient":"guest","order":9809}
2026-09-14T08:34:44+00:00 NOTICE Email "customer_completed_order" for order #9832 not sent: email type is disabled CONTEXT: {"email_type":"customer_completed_order","status":"disabled","recipient":"guest","order":9832}
2026-09-14T08:34:44+00:00 NOTICE Email "customer_completed_order" for order #9833 not sent: email type is disabled CONTEXT: {"email_type":"customer_completed_order","status":"disabled","recipient":"guest","order":9833}
2026-09-14T08:34:44+00:00 NOTICE Email "customer_completed_order" for order #9852 not sent: email type is disabled CONTEXT: {"email_type":"customer_completed_order","status":"disabled","recipient":"guest","order":9852}
2026-09-14T08:34:44+00:00 NOTICE Email "customer_completed_order" for order #9867 not sent: email type is disabled CONTEXT: {"email_type":"customer_completed_order","status":"disabled","recipient":"guest","order":9867}
2026-09-14T08:34:44+00:00 NOTICE Email "customer_completed_order" for order #9907 not sent: email type is disabled CONTEXT: {"email_type":"customer_completed_order","status":"disabled","recipient":"guest","order":9907}
2026-09-14T08:34:45+00:00 NOTICE Email "customer_completed_order" for order #9936 not sent: email type is disabled CONTEXT: {"email_type":"customer_completed_order","status":"disabled","recipient":"guest","order":9936}
2026-09-14T08:34:45+00:00 NOTICE Email "customer_completed_order" for order #9938 not sent: email type is disabled CONTEXT: {"email_type":"customer_completed_order","status":"disabled","recipient":"guest","order":9938}
2026-09-14T08:34:45+00:00 NOTICE Email "customer_completed_order" for order #9943 not sent: email type is disabled CONTEXT: {"email_type":"customer_completed_order","status":"disabled","recipient":"guest","order":9943}
2026-09-14T08:34:45+00:00 NOTICE Email "customer_completed_order" for order #9952 not sent: email type is disabled CONTEXT: {"email_type":"customer_completed_order","status":"disabled","recipient":"guest","order":9952}
2026-09-14T08:34:45+00:00 NOTICE Email "customer_completed_order" for order #9974 not sent: email type is disabled CONTEXT: {"email_type":"customer_completed_order","status":"disabled","recipient":"guest","order":9974}
2026-09-14T08:34:45+00:00 NOTICE Email "customer_completed_order" for order #10003 not sent: email type is disabled CONTEXT: {"email_type":"customer_completed_order","status":"disabled","recipient":"guest","order":10003}
2026-09-14T08:34:46+00:00 NOTICE Email "customer_completed_order" for order #10018 not sent: email type is disabled CONTEXT: {"email_type":"customer_completed_order","status":"disabled","recipient":"guest","order":10018}
2026-09-14T08:34:46+00:00 NOTICE Email "customer_completed_order" for order #10061 not sent: email type is disabled CONTEXT: {"email_type":"customer_completed_order","status":"disabled","recipient":"guest","order":10061}
2026-09-14T08:34:46+00:00 NOTICE Email "customer_completed_order" for order #10086 not sent: email type is disabled CONTEXT: {"email_type":"customer_completed_order","status":"disabled","recipient":"guest","order":10086}
2026-09-14T08:34:46+00:00 NOTICE Email "customer_completed_order" for order #10112 not sent: email type is disabled CONTEXT: {"email_type":"customer_completed_order","status":"disabled","recipient":"guest","order":10112}
2026-09-14T08:34:47+00:00 NOTICE Email "customer_completed_order" for order #10126 not sent: email type is disabled CONTEXT: {"email_type":"customer_completed_order","status":"disabled","recipient":"guest","order":10126}
2026-09-14T08:34:47+00:00 NOTICE Email "customer_completed_order" for order #10140 not sent: email type is disabled CONTEXT: {"email_type":"customer_completed_order","status":"disabled","recipient":"guest","order":10140}
2026-09-14T08:34:47+00:00 NOTICE Email "customer_completed_order" for order #10141 not sent: email type is disabled CONTEXT: {"email_type":"customer_completed_order","status":"disabled","recipient":"guest","order":10141}
2026-09-14T08:34:47+00:00 NOTICE Email "customer_completed_order" for order #10156 not sent: email type is disabled CONTEXT: {"email_type":"customer_completed_order","status":"disabled","recipient":"guest","order":10156}
2026-09-14T08:34:47+00:00 NOTICE Email "customer_completed_order" for order #10164 not sent: email type is disabled CONTEXT: {"email_type":"customer_completed_order","status":"disabled","recipient":"guest","order":10164}
2026-09-14T08:34:47+00:00 NOTICE Email "customer_completed_order" for order #10168 not sent: email type is disabled CONTEXT: {"email_type":"customer_completed_order","status":"disabled","recipient":"guest","order":10168}
2026-09-14T08:34:48+00:00 NOTICE Email "customer_completed_order" for order #10200 not sent: email type is disabled CONTEXT: {"email_type":"customer_completed_order","status":"disabled","recipient":"guest","order":10200}
2026-09-14T08:34:48+00:00 NOTICE Email "customer_completed_order" for order #10239 not sent: email type is disabled CONTEXT: {"email_type":"customer_completed_order","status":"disabled","recipient":"guest","order":10239}
2026-09-14T08:34:48+00:00 NOTICE Email "customer_completed_order" for order #10249 not sent: email type is disabled CONTEXT: {"email_type":"customer_completed_order","status":"disabled","recipient":"guest","order":10249}
2026-09-14T08:34:48+00:00 NOTICE Email "customer_completed_order" for order #10287 not sent: email type is disabled CONTEXT: {"email_type":"customer_completed_order","status":"disabled","recipient":"guest","order":10287}
2026-09-14T08:34:48+00:00 NOTICE Email "customer_completed_order" for order #10289 not sent: email type is disabled CONTEXT: {"email_type":"customer_completed_order","status":"disabled","recipient":"guest","order":10289}
2026-09-14T08:34:49+00:00 NOTICE Email "customer_failed_order" for order #10320 not sent: email type is disabled CONTEXT: {"email_type":"customer_failed_order","status":"disabled","recipient":"guest","order":10320}
2026-09-14T08:34:49+00:00 NOTICE Email "customer_completed_order" for order #10327 not sent: email type is disabled CONTEXT: {"email_type":"customer_completed_order","status":"disabled","recipient":"guest","order":10327}
2026-09-14T08:34:49+00:00 NOTICE Email "customer_completed_order" for order #10333 not sent: email type is disabled CONTEXT: {"email_type":"customer_completed_order","status":"disabled","recipient":"guest","order":10333}
2026-09-14T08:34:49+00:00 NOTICE Email "customer_completed_order" for order #10338 not sent: email type is disabled CONTEXT: {"email_type":"customer_completed_order","status":"disabled","recipient":"guest","order":10338}
2026-09-14T08:34:54+00:00 INFO Email "cancelled_order" for order #10356 sent CONTEXT: {"email_type":"cancelled_order","status":"sent","recipient":"guest","order":10356}
2026-09-14T08:35:03+00:00 INFO Email "cancelled_order" for order #10337 sent CONTEXT: {"email_type":"cancelled_order","status":"sent","recipient":"guest","order":10337}
2026-09-14T08:35:08+00:00 INFO Email "cancelled_order" for order #10372 sent CONTEXT: {"email_type":"cancelled_order","status":"sent","recipient":"guest","order":10372}
2026-09-14T08:35:14+00:00 INFO Email "cancelled_order" for order #10397 sent CONTEXT: {"email_type":"cancelled_order","status":"sent","recipient":"guest","order":10397}
2026-09-14T08:35:15+00:00 NOTICE Email "customer_failed_order" for order #10388 not sent: email type is disabled CONTEXT: {"email_type":"customer_failed_order","status":"disabled","recipient":"guest","order":10388}
2026-09-14T08:35:20+00:00 INFO Email "failed_order" for order #10388 sent CONTEXT: {"email_type":"failed_order","status":"sent","recipient":"guest","order":10388}
2026-09-14T08:35:24+00:00 NOTICE Email "customer_completed_order" for order #9851 not sent: email type is disabled CONTEXT: {"email_type":"customer_completed_order","status":"disabled","recipient":"guest","order":9851}
2026-09-14T08:35:26+00:00 NOTICE Email "customer_completed_order" for order #10158 not sent: email type is disabled CONTEXT: {"email_type":"customer_completed_order","status":"disabled","recipient":"guest","order":10158}
2026-09-14T08:35:52+00:00 INFO Email "cancelled_order" for order #10391 sent CONTEXT: {"email_type":"cancelled_order","status":"sent","recipient":"guest","order":10391}
2026-09-14T08:35:57+00:00 NOTICE Email "customer_failed_order" for order #10358 not sent: email type is disabled CONTEXT: {"email_type":"customer_failed_order","status":"disabled","recipient":"guest","order":10358}
2026-09-14T08:36:02+00:00 INFO Email "failed_order" for order #10358 sent CONTEXT: {"email_type":"failed_order","status":"sent","recipient":"guest","order":10358}
2026-09-14T08:36:18+00:00 NOTICE Email "customer_completed_order" for order #9938 not sent: email type is disabled CONTEXT: {"email_type":"customer_completed_order","status":"disabled","recipient":"guest","order":9938}
2026-09-14T08:36:20+00:00 NOTICE Email "customer_note" for order #10583 not sent: email type is disabled CONTEXT: {"email_type":"customer_note","status":"disabled","recipient":"guest","order":10583}
2026-09-14T08:36:39+00:00 NOTICE Email "customer_completed_order" for order #10327 not sent: email type is disabled CONTEXT: {"email_type":"customer_completed_order","status":"disabled","recipient":"guest","order":10327}
2026-09-14T08:37:01+00:00 INFO Email "cancelled_order" for order #10332 sent CONTEXT: {"email_type":"cancelled_order","status":"sent","recipient":"guest","order":10332}
2026-09-14T08:37:17+00:00 NOTICE Email "customer_failed_order" for order #10208 not sent: email type is disabled CONTEXT: {"email_type":"customer_failed_order","status":"disabled","recipient":"guest","order":10208}
2026-09-14T08:37:22+00:00 INFO Email "cancelled_order" for order #10356 sent CONTEXT: {"email_type":"cancelled_order","status":"sent","recipient":"guest","order":10356}
2026-09-14T08:37:31+00:00 NOTICE Email "customer_completed_order" for order #10034 not sent: email type is disabled CONTEXT: {"email_type":"customer_completed_order","status":"disabled","recipient":"guest","order":10034}
2026-09-14T08:37:55+00:00 NOTICE Email "customer_note" for order #10594 not sent: email type is disabled CONTEXT: {"email_type":"customer_note","status":"disabled","recipient":"guest","order":10594}
2026-09-14T08:38:02+00:00 INFO Email "cancelled_order" for order #10350 sent CONTEXT: {"email_type":"cancelled_order","status":"sent","recipient":"guest","order":10350}
2026-09-14T08:38:11+00:00 NOTICE Email "customer_completed_order" for order #9809 not sent: email type is disabled CONTEXT: {"email_type":"customer_completed_order","status":"disabled","recipient":"guest","order":9809}
2026-09-14T08:38:17+00:00 NOTICE Email "customer_completed_order" for order #10046 not sent: email type is disabled CONTEXT: {"email_type":"customer_completed_order","status":"disabled","recipient":"guest","order":10046}
2026-09-14T08:38:32+00:00 NOTICE Email "customer_completed_order" for order #9974 not sent: email type is disabled CONTEXT: {"email_type":"customer_completed_order","status":"disabled","recipient":"guest","order":9974}
2026-09-14T08:38:32+00:00 NOTICE Email "customer_completed_order" for order #9867 not sent: email type is disabled CONTEXT: {"email_type":"customer_completed_order","status":"disabled","recipient":"guest","order":9867}
2026-09-14T08:38:45+00:00 NOTICE Email "customer_failed_order" for order #10340 not sent: email type is disabled CONTEXT: {"email_type":"customer_failed_order","status":"disabled","recipient":"guest","order":10340}
2026-09-14T08:38:50+00:00 INFO Email "failed_order" for order #10340 sent CONTEXT: {"email_type":"failed_order","status":"sent","recipient":"guest","order":10340}
2026-09-14T08:39:13+00:00 NOTICE Email "customer_completed_order" for order #9784 not sent: email type is disabled CONTEXT: {"email_type":"customer_completed_order","status":"disabled","recipient":"guest","order":9784}
2026-09-14T08:39:29+00:00 INFO Email "cancelled_order" for order #10337 sent CONTEXT: {"email_type":"cancelled_order","status":"sent","recipient":"guest","order":10337}
2026-09-14T08:39:34+00:00 INFO Email "cancelled_order" for order #10397 sent CONTEXT: {"email_type":"cancelled_order","status":"sent","recipient":"guest","order":10397}
2026-09-14T08:39:41+00:00 NOTICE Email "customer_completed_order" for order #9907 not sent: email type is disabled CONTEXT: {"email_type":"customer_completed_order","status":"disabled","recipient":"guest","order":9907}
2026-09-14T08:39:42+00:00 NOTICE Email "customer_completed_order" for order #9952 not sent: email type is disabled CONTEXT: {"email_type":"customer_completed_order","status":"disabled","recipient":"guest","order":9952}
2026-09-14T08:39:49+00:00 INFO Email "cancelled_order" for order #10389 sent CONTEXT: {"email_type":"cancelled_order","status":"sent","recipient":"guest","order":10389}
2026-09-14T08:39:57+00:00 NOTICE Email "customer_completed_order" for order #10158 not sent: email type is disabled CONTEXT: {"email_type":"customer_completed_order","status":"disabled","recipient":"guest","order":10158}
2026-09-14T08:40:09+00:00 NOTICE Email "customer_completed_order" for order #7526 not sent: email type is disabled CONTEXT: {"email_type":"customer_completed_order","status":"disabled","recipient":"guest","order":7526}
2026-09-14T08:40:10+00:00 NOTICE Email "customer_completed_order" for order #10239 not sent: email type is disabled CONTEXT: {"email_type":"customer_completed_order","status":"disabled","recipient":"guest","order":10239}
2026-09-14T08:40:14+00:00 INFO Email "cancelled_order" for order #10391 sent CONTEXT: {"email_type":"cancelled_order","status":"sent","recipient":"guest","order":10391}
2026-09-14T08:40:20+00:00 NOTICE Email "customer_completed_order" for order #9936 not sent: email type is disabled CONTEXT: {"email_type":"customer_completed_order","status":"disabled","recipient":"guest","order":9936}
2026-09-14T08:40:27+00:00 INFO Email "new_order" for order #10594 sent CONTEXT: {"email_type":"new_order","status":"sent","recipient":"guest","order":10594}
2026-09-14T08:40:27+00:00 NOTICE Email "customer_processing_order" for order #10594 not sent: email type is disabled CONTEXT: {"email_type":"customer_processing_order","status":"disabled","recipient":"guest","order":10594}
2026-09-14T08:40:27+00:00 NOTICE Email "customer_note" for order #10594 not sent: email type is disabled CONTEXT: {"email_type":"customer_note","status":"disabled","recipient":"guest","order":10594}
2026-09-14T08:40:40+00:00 NOTICE Email "customer_failed_order" for order #10358 not sent: email type is disabled CONTEXT: {"email_type":"customer_failed_order","status":"disabled","recipient":"guest","order":10358}
2026-09-14T08:40:42+00:00 NOTICE Email "customer_completed_order" for order #9832 not sent: email type is disabled CONTEXT: {"email_type":"customer_completed_order","status":"disabled","recipient":"guest","order":9832}
2026-09-14T08:40:45+00:00 INFO Email "failed_order" for order #10358 sent CONTEXT: {"email_type":"failed_order","status":"sent","recipient":"guest","order":10358}
2026-09-14T08:41:02+00:00 NOTICE Email "customer_completed_order" for order #9938 not sent: email type is disabled CONTEXT: {"email_type":"customer_completed_order","status":"disabled","recipient":"guest","order":9938}
2026-09-14T08:41:05+00:00 NOTICE Email "customer_failed_order" for order #10208 not sent: email type is disabled CONTEXT: {"email_type":"customer_failed_order","status":"disabled","recipient":"guest","order":10208}
2026-09-14T08:41:08+00:00 NOTICE Email "customer_completed_order" for order #10243 not sent: email type is disabled CONTEXT: {"email_type":"customer_completed_order","status":"disabled","recipient":"guest","order":10243}
2026-09-14T08:41:09+00:00 NOTICE Email "customer_completed_order" for order #9766 not sent: email type is disabled CONTEXT: {"email_type":"customer_completed_order","status":"disabled","recipient":"guest","order":9766}
2026-09-14T08:41:09+00:00 NOTICE Email "customer_completed_order" for order #9785 not sent: email type is disabled CONTEXT: {"email_type":"customer_completed_order","status":"disabled","recipient":"guest","order":9785}
2026-09-14T08:41:09+00:00 NOTICE Email "customer_completed_order" for order #9832 not sent: email type is disabled CONTEXT: {"email_type":"customer_completed_order","status":"disabled","recipient":"guest","order":9832}
2026-09-14T08:41:09+00:00 NOTICE Email "customer_completed_order" for order #9833 not sent: email type is disabled CONTEXT: {"email_type":"customer_completed_order","status":"disabled","recipient":"guest","order":9833}
2026-09-14T08:41:10+00:00 NOTICE Email "customer_completed_order" for order #9851 not sent: email type is disabled CONTEXT: {"email_type":"customer_completed_order","status":"disabled","recipient":"guest","order":9851}
2026-09-14T08:41:10+00:00 NOTICE Email "customer_completed_order" for order #9892 not sent: email type is disabled CONTEXT: {"email_type":"customer_completed_order","status":"disabled","recipient":"guest","order":9892}
2026-09-14T08:41:10+00:00 NOTICE Email "customer_completed_order" for order #9943 not sent: email type is disabled CONTEXT: {"email_type":"customer_completed_order","status":"disabled","recipient":"guest","order":9943}
2026-09-14T08:41:10+00:00 NOTICE Email "customer_completed_order" for order #9950 not sent: email type is disabled CONTEXT: {"email_type":"customer_completed_order","status":"disabled","recipient":"guest","order":9950}
2026-09-14T08:41:21+00:00 NOTICE Email "customer_completed_order" for order #10162 not sent: email type is disabled CONTEXT: {"email_type":"customer_completed_order","status":"disabled","recipient":"guest","order":10162}
2026-09-14T08:41:26+00:00 INFO Email "cancelled_order" for order #10369 sent CONTEXT: {"email_type":"cancelled_order","status":"sent","recipient":"guest","order":10369}
2026-09-14T08:41:32+00:00 INFO Email "cancelled_order" for order #10332 sent CONTEXT: {"email_type":"cancelled_order","status":"sent","recipient":"guest","order":10332}
2026-09-14T08:41:41+00:00 NOTICE Email "customer_completed_order" for order #9997 not sent: email type is disabled CONTEXT: {"email_type":"customer_completed_order","status":"disabled","recipient":"guest","order":9997}
2026-09-14T08:41:49+00:00 NOTICE Email "customer_failed_order" for order #10390 not sent: email type is disabled CONTEXT: {"email_type":"customer_failed_order","status":"disabled","recipient":"guest","order":10390}
2026-09-14T08:41:54+00:00 INFO Email "failed_order" for order #10390 sent CONTEXT: {"email_type":"failed_order","status":"sent","recipient":"guest","order":10390}
2026-09-14T08:42:07+00:00 INFO Email "cancelled_order" for order #10360 sent CONTEXT: {"email_type":"cancelled_order","status":"sent","recipient":"guest","order":10360}
2026-09-14T08:42:07+00:00 NOTICE Email "customer_failed_order" for order #10320 not sent: email type is disabled CONTEXT: {"email_type":"customer_failed_order","status":"disabled","recipient":"guest","order":10320}
2026-09-14T08:42:14+00:00 NOTICE Email "customer_completed_order" for order #9974 not sent: email type is disabled CONTEXT: {"email_type":"customer_completed_order","status":"disabled","recipient":"guest","order":9974}
2026-09-14T08:42:14+00:00 NOTICE Email "customer_completed_order" for order #10003 not sent: email type is disabled CONTEXT: {"email_type":"customer_completed_order","status":"disabled","recipient":"guest","order":10003}
2026-09-14T08:42:14+00:00 NOTICE Email "customer_completed_order" for order #10034 not sent: email type is disabled CONTEXT: {"email_type":"customer_completed_order","status":"disabled","recipient":"guest","order":10034}
2026-09-14T08:42:15+00:00 NOTICE Email "customer_completed_order" for order #10126 not sent: email type is disabled CONTEXT: {"email_type":"customer_completed_order","status":"disabled","recipient":"guest","order":10126}
2026-09-14T08:42:15+00:00 NOTICE Email "customer_completed_order" for order #10140 not sent: email type is disabled CONTEXT: {"email_type":"customer_completed_order","status":"disabled","recipient":"guest","order":10140}
2026-09-14T08:42:15+00:00 NOTICE Email "customer_completed_order" for order #10141 not sent: email type is disabled CONTEXT: {"email_type":"customer_completed_order","status":"disabled","recipient":"guest","order":10141}
2026-09-14T08:42:15+00:00 NOTICE Email "customer_completed_order" for order #10162 not sent: email type is disabled CONTEXT: {"email_type":"customer_completed_order","status":"disabled","recipient":"guest","order":10162}
2026-09-14T08:42:15+00:00 NOTICE Email "customer_completed_order" for order #10168 not sent: email type is disabled CONTEXT: {"email_type":"customer_completed_order","status":"disabled","recipient":"guest","order":10168}
2026-09-14T08:42:16+00:00 NOTICE Email "customer_completed_order" for order #10197 not sent: email type is disabled CONTEXT: {"email_type":"customer_completed_order","status":"disabled","recipient":"guest","order":10197}
2026-09-14T08:42:16+00:00 NOTICE Email "customer_completed_order" for order #10200 not sent: email type is disabled CONTEXT: {"email_type":"customer_completed_order","status":"disabled","recipient":"guest","order":10200}
2026-09-14T08:42:16+00:00 NOTICE Email "customer_completed_order" for order #10333 not sent: email type is disabled CONTEXT: {"email_type":"customer_completed_order","status":"disabled","recipient":"guest","order":10333}
2026-09-14T08:42:21+00:00 INFO Email "cancelled_order" for order #10356 sent CONTEXT: {"email_type":"cancelled_order","status":"sent","recipient":"guest","order":10356}
2026-09-14T08:42:37+00:00 INFO Email "cancelled_order" for order #10366 sent CONTEXT: {"email_type":"cancelled_order","status":"sent","recipient":"guest","order":10366}
2026-09-14T08:42:56+00:00 NOTICE Email "customer_note" for order #10595 not sent: email type is disabled CONTEXT: {"email_type":"customer_note","status":"disabled","recipient":"guest","order":10595}
2026-09-14T08:43:26+00:00 NOTICE Email "customer_failed_order" for order #10388 not sent: email type is disabled CONTEXT: {"email_type":"customer_failed_order","status":"disabled","recipient":"guest","order":10388}
2026-09-14T08:43:32+00:00 INFO Email "failed_order" for order #10388 sent CONTEXT: {"email_type":"failed_order","status":"sent","recipient":"guest","order":10388}
2026-09-14T08:44:18+00:00 INFO Email "cancelled_order" for order #10337 sent CONTEXT: {"email_type":"cancelled_order","status":"sent","recipient":"guest","order":10337}
2026-09-14T08:44:43+00:00 INFO Email "cancelled_order" for order #10389 sent CONTEXT: {"email_type":"cancelled_order","status":"sent","recipient":"guest","order":10389}
2026-09-14T08:45:17+00:00 INFO Email "cancelled_order" for order #10350 sent CONTEXT: {"email_type":"cancelled_order","status":"sent","recipient":"guest","order":10350}
2026-09-14T08:45:18+00:00 NOTICE Email "customer_failed_order" for order #10340 not sent: email type is disabled CONTEXT: {"email_type":"customer_failed_order","status":"disabled","recipient":"guest","order":10340}
2026-09-14T08:45:23+00:00 INFO Email "failed_order" for order #10340 sent CONTEXT: {"email_type":"failed_order","status":"sent","recipient":"guest","order":10340}
2026-09-14T08:45:49+00:00 NOTICE Email "customer_failed_order" for order #10208 not sent: email type is disabled CONTEXT: {"email_type":"customer_failed_order","status":"disabled","recipient":"guest","order":10208}
2026-09-14T08:45:55+00:00 INFO Email "cancelled_order" for order #10391 sent CONTEXT: {"email_type":"cancelled_order","status":"sent","recipient":"guest","order":10391}
2026-09-14T08:46:34+00:00 NOTICE Email "customer_completed_order" for order #9798 not sent: email type is disabled CONTEXT: {"email_type":"customer_completed_order","status":"disabled","recipient":"guest","order":9798}
2026-09-14T08:46:44+00:00 NOTICE Email "customer_completed_order" for order #10168 not sent: email type is disabled CONTEXT: {"email_type":"customer_completed_order","status":"disabled","recipient":"guest","order":10168}
2026-09-14T08:46:44+00:00 NOTICE Email "customer_note" for order #10596 not sent: email type is disabled CONTEXT: {"email_type":"customer_note","status":"disabled","recipient":"guest","order":10596}
2026-09-14T08:47:05+00:00 NOTICE Email "customer_completed_order" for order #9851 not sent: email type is disabled CONTEXT: {"email_type":"customer_completed_order","status":"disabled","recipient":"guest","order":9851}
2026-09-14T08:47:23+00:00 INFO Email "cancelled_order" for order #10366 sent CONTEXT: {"email_type":"cancelled_order","status":"sent","recipient":"guest","order":10366}
2026-09-14T08:47:24+00:00 NOTICE Email "customer_completed_order" for order #10158 not sent: email type is disabled CONTEXT: {"email_type":"customer_completed_order","status":"disabled","recipient":"guest","order":10158}
2026-09-14T08:47:36+00:00 NOTICE Email "customer_completed_order" for order #10249 not sent: email type is disabled CONTEXT: {"email_type":"customer_completed_order","status":"disabled","recipient":"guest","order":10249}
2026-09-14T08:47:39+00:00 NOTICE Email "customer_failed_order" for order #10388 not sent: email type is disabled CONTEXT: {"email_type":"customer_failed_order","status":"disabled","recipient":"guest","order":10388}
2026-09-14T08:47:44+00:00 INFO Email "failed_order" for order #10388 sent CONTEXT: {"email_type":"failed_order","status":"sent","recipient":"guest","order":10388}
2026-09-14T08:48:16+00:00 INFO Email "new_order" for order #10596 sent CONTEXT: {"email_type":"new_order","status":"sent","recipient":"guest","order":10596}
2026-09-14T08:48:16+00:00 NOTICE Email "customer_processing_order" for order #10596 not sent: email type is disabled CONTEXT: {"email_type":"customer_processing_order","status":"disabled","recipient":"guest","order":10596}
2026-09-14T08:48:16+00:00 NOTICE Email "customer_note" for order #10596 not sent: email type is disabled CONTEXT: {"email_type":"customer_note","status":"disabled","recipient":"guest","order":10596}
2026-09-14T08:48:22+00:00 INFO Email "cancelled_order" for order #10332 sent CONTEXT: {"email_type":"cancelled_order","status":"sent","recipient":"guest","order":10332}
2026-09-14T08:48:26+00:00 NOTICE Email "customer_completed_order" for order #10287 not sent: email type is disabled CONTEXT: {"email_type":"customer_completed_order","status":"disabled","recipient":"guest","order":10287}
2026-09-14T08:48:26+00:00 NOTICE Email "customer_completed_order" for order #9938 not sent: email type is disabled CONTEXT: {"email_type":"customer_completed_order","status":"disabled","recipient":"guest","order":9938}
2026-09-14T08:48:28+00:00 INFO Email "cancelled_order" for order #10369 sent CONTEXT: {"email_type":"cancelled_order","status":"sent","recipient":"guest","order":10369}
2026-09-14T08:48:36+00:00 INFO Email "cancelled_order" for order #10397 sent CONTEXT: {"email_type":"cancelled_order","status":"sent","recipient":"guest","order":10397}
2026-09-14T08:48:58+00:00 NOTICE Email "customer_completed_order" for order #9832 not sent: email type is disabled CONTEXT: {"email_type":"customer_completed_order","status":"disabled","recipient":"guest","order":9832}
2026-09-14T08:48:58+00:00 NOTICE Email "customer_completed_order" for order #10200 not sent: email type is disabled CONTEXT: {"email_type":"customer_completed_order","status":"disabled","recipient":"guest","order":10200}
2026-09-14T08:49:09+00:00 NOTICE Email "customer_completed_order" for order #10141 not sent: email type is disabled CONTEXT: {"email_type":"customer_completed_order","status":"disabled","recipient":"guest","order":10141}
2026-09-14T08:49:09+00:00 NOTICE Email "customer_completed_order" for order #9784 not sent: email type is disabled CONTEXT: {"email_type":"customer_completed_order","status":"disabled","recipient":"guest","order":9784}
2026-09-14T08:49:29+00:00 NOTICE Email "customer_completed_order" for order #10333 not sent: email type is disabled CONTEXT: {"email_type":"customer_completed_order","status":"disabled","recipient":"guest","order":10333}
2026-09-14T08:49:38+00:00 NOTICE Email "customer_completed_order" for order #9785 not sent: email type is disabled CONTEXT: {"email_type":"customer_completed_order","status":"disabled","recipient":"guest","order":9785}
2026-09-14T08:49:38+00:00 NOTICE Email "customer_completed_order" for order #9892 not sent: email type is disabled CONTEXT: {"email_type":"customer_completed_order","status":"disabled","recipient":"guest","order":9892}
2026-09-14T08:49:38+00:00 NOTICE Email "customer_completed_order" for order #10126 not sent: email type is disabled CONTEXT: {"email_type":"customer_completed_order","status":"disabled","recipient":"guest","order":10126}
2026-09-14T08:49:38+00:00 NOTICE Email "customer_completed_order" for order #10158 not sent: email type is disabled CONTEXT: {"email_type":"customer_completed_order","status":"disabled","recipient":"guest","order":10158}
2026-09-14T08:49:38+00:00 NOTICE Email "customer_completed_order" for order #9833 not sent: email type is disabled CONTEXT: {"email_type":"customer_completed_order","status":"disabled","recipient":"guest","order":9833}
2026-09-14T08:50:08+00:00 NOTICE Email "customer_completed_order" for order #10061 not sent: email type is disabled CONTEXT: {"email_type":"customer_completed_order","status":"disabled","recipient":"guest","order":10061}
2026-09-14T08:50:29+00:00 NOTICE Email "customer_completed_order" for order #9952 not sent: email type is disabled CONTEXT: {"email_type":"customer_completed_order","status":"disabled","recipient":"guest","order":9952}
2026-09-14T08:50:49+00:00 NOTICE Email "customer_completed_order" for order #10197 not sent: email type is disabled CONTEXT: {"email_type":"customer_completed_order","status":"disabled","recipient":"guest","order":10197}
2026-09-14T08:51:10+00:00 NOTICE Email "customer_completed_order" for order #9798 not sent: email type is disabled CONTEXT: {"email_type":"customer_completed_order","status":"disabled","recipient":"guest","order":9798}
2026-09-14T08:51:10+00:00 NOTICE Email "customer_completed_order" for order #10327 not sent: email type is disabled CONTEXT: {"email_type":"customer_completed_order","status":"disabled","recipient":"guest","order":10327}
2026-09-14T08:51:28+00:00 INFO Email "cancelled_order" for order #10356 sent CONTEXT: {"email_type":"cancelled_order","status":"sent","recipient":"guest","order":10356}
2026-09-14T08:51:28+00:00 NOTICE Email "customer_completed_order" for order #10164 not sent: email type is disabled CONTEXT: {"email_type":"customer_completed_order","status":"disabled","recipient":"guest","order":10164}
2026-09-14T08:51:31+00:00 NOTICE Email "customer_completed_order" for order #9997 not sent: email type is disabled CONTEXT: {"email_type":"customer_completed_order","status":"disabled","recipient":"guest","order":9997}
2026-09-14T08:51:31+00:00 NOTICE Email "customer_completed_order" for order #10128 not sent: email type is disabled CONTEXT: {"email_type":"customer_completed_order","status":"disabled","recipient":"guest","order":10128}
2026-09-14T08:51:31+00:00 NOTICE Email "customer_completed_order" for order #10148 not sent: email type is disabled CONTEXT: {"email_type":"customer_completed_order","status":"disabled","recipient":"guest","order":10148}
2026-09-14T08:51:45+00:00 NOTICE Email "customer_completed_order" for order #10003 not sent: email type is disabled CONTEXT: {"email_type":"customer_completed_order","status":"disabled","recipient":"guest","order":10003}
2026-09-14T08:51:45+00:00 NOTICE Email "customer_completed_order" for order #9865 not sent: email type is disabled CONTEXT: {"email_type":"customer_completed_order","status":"disabled","recipient":"guest","order":9865}
2026-09-14T08:51:50+00:00 NOTICE Email "customer_completed_order" for order #9773 not sent: email type is disabled CONTEXT: {"email_type":"customer_completed_order","status":"disabled","recipient":"guest","order":9773}
2026-09-14T08:52:29+00:00 NOTICE Email "customer_completed_order" for order #10338 not sent: email type is disabled CONTEXT: {"email_type":"customer_completed_order","status":"disabled","recipient":"guest","order":10338}
2026-09-14T08:52:29+00:00 NOTICE Email "customer_completed_order" for order #9900 not sent: email type is disabled CONTEXT: {"email_type":"customer_completed_order","status":"disabled","recipient":"guest","order":9900}
2026-09-14T08:52:30+00:00 NOTICE Email "customer_completed_order" for order #10033 not sent: email type is disabled CONTEXT: {"email_type":"customer_completed_order","status":"disabled","recipient":"guest","order":10033}
2026-09-14T08:52:52+00:00 NOTICE Email "customer_completed_order" for order #9810 not sent: email type is disabled CONTEXT: {"email_type":"customer_completed_order","status":"disabled","recipient":"guest","order":9810}
2026-09-14T08:53:31+00:00 NOTICE Email "customer_completed_order" for order #9852 not sent: email type is disabled CONTEXT: {"email_type":"customer_completed_order","status":"disabled","recipient":"guest","order":9852}
2026-09-14T08:53:48+00:00 NOTICE Email "customer_completed_order" for order #9851 not sent: email type is disabled CONTEXT: {"email_type":"customer_completed_order","status":"disabled","recipient":"guest","order":9851}
2026-09-14T08:53:48+00:00 NOTICE Email "customer_completed_order" for order #10289 not sent: email type is disabled CONTEXT: {"email_type":"customer_completed_order","status":"disabled","recipient":"guest","order":10289}
2026-09-14T08:54:03+00:00 NOTICE Email "customer_completed_order" for order #9923 not sent: email type is disabled CONTEXT: {"email_type":"customer_completed_order","status":"disabled","recipient":"guest","order":9923}
2026-09-14T08:54:13+00:00 NOTICE Email "customer_failed_order" for order #10302 not sent: email type is disabled CONTEXT: {"email_type":"customer_failed_order","status":"disabled","recipient":"guest","order":10302}
2026-09-14T08:54:24+00:00 NOTICE Email "customer_completed_order" for order #9786 not sent: email type is disabled CONTEXT: {"email_type":"customer_completed_order","status":"disabled","recipient":"guest","order":9786}
2026-09-14T08:54:24+00:00 NOTICE Email "customer_completed_order" for order #10018 not sent: email type is disabled CONTEXT: {"email_type":"customer_completed_order","status":"disabled","recipient":"guest","order":10018}
2026-09-14T08:54:24+00:00 NOTICE Email "customer_completed_order" for order #10086 not sent: email type is disabled CONTEXT: {"email_type":"customer_completed_order","status":"disabled","recipient":"guest","order":10086}
2026-09-14T08:54:24+00:00 NOTICE Email "customer_completed_order" for order #10112 not sent: email type is disabled CONTEXT: {"email_type":"customer_completed_order","status":"disabled","recipient":"guest","order":10112}
2026-09-14T08:54:24+00:00 NOTICE Email "customer_completed_order" for order #9809 not sent: email type is disabled CONTEXT: {"email_type":"customer_completed_order","status":"disabled","recipient":"guest","order":9809}
2026-09-14T08:54:35+00:00 NOTICE Email "customer_completed_order" for order #9974 not sent: email type is disabled CONTEXT: {"email_type":"customer_completed_order","status":"disabled","recipient":"guest","order":9974}
2026-09-14T08:54:35+00:00 NOTICE Email "customer_completed_order" for order #9867 not sent: email type is disabled CONTEXT: {"email_type":"customer_completed_order","status":"disabled","recipient":"guest","order":9867}
2026-09-14T08:54:35+00:00 NOTICE Email "customer_completed_order" for order #9766 not sent: email type is disabled CONTEXT: {"email_type":"customer_completed_order","status":"disabled","recipient":"guest","order":9766}
2026-09-14T08:54:38+00:00 NOTICE Email "customer_completed_order" for order #9943 not sent: email type is disabled CONTEXT: {"email_type":"customer_completed_order","status":"disabled","recipient":"guest","order":9943}
2026-09-14T08:54:38+00:00 NOTICE Email "customer_completed_order" for order #10156 not sent: email type is disabled CONTEXT: {"email_type":"customer_completed_order","status":"disabled","recipient":"guest","order":10156}
2026-09-14T08:54:38+00:00 NOTICE Email "customer_completed_order" for order #8085 not sent: email type is disabled CONTEXT: {"email_type":"customer_completed_order","status":"disabled","recipient":"guest","order":8085}
2026-09-14T08:54:38+00:00 NOTICE Email "customer_completed_order" for order #7976 not sent: email type is disabled CONTEXT: {"email_type":"customer_completed_order","status":"disabled","recipient":"guest","order":7976}
2026-09-14T08:55:51+00:00 NOTICE Email "customer_completed_order" for order #10046 not sent: email type is disabled CONTEXT: {"email_type":"customer_completed_order","status":"disabled","recipient":"guest","order":10046}
2026-09-14T08:55:52+00:00 NOTICE Email "customer_completed_order" for order #10239 not sent: email type is disabled CONTEXT: {"email_type":"customer_completed_order","status":"disabled","recipient":"guest","order":10239}
2026-09-14T08:56:41+00:00 NOTICE Email "customer_completed_order" for order #7526 not sent: email type is disabled CONTEXT: {"email_type":"customer_completed_order","status":"disabled","recipient":"guest","order":7526}
2026-09-14T08:56:42+00:00 NOTICE Email "customer_completed_order" for order #9907 not sent: email type is disabled CONTEXT: {"email_type":"customer_completed_order","status":"disabled","recipient":"guest","order":9907}
2026-09-14T08:56:42+00:00 NOTICE Email "customer_completed_order" for order #9936 not sent: email type is disabled CONTEXT: {"email_type":"customer_completed_order","status":"disabled","recipient":"guest","order":9936}
2026-09-14T08:56:42+00:00 NOTICE Email "customer_completed_order" for order #9950 not sent: email type is disabled CONTEXT: {"email_type":"customer_completed_order","status":"disabled","recipient":"guest","order":9950}
2026-09-14T08:56:43+00:00 NOTICE Email "customer_completed_order" for order #10034 not sent: email type is disabled CONTEXT: {"email_type":"customer_completed_order","status":"disabled","recipient":"guest","order":10034}
2026-09-14T08:56:43+00:00 NOTICE Email "customer_completed_order" for order #10140 not sent: email type is disabled CONTEXT: {"email_type":"customer_completed_order","status":"disabled","recipient":"guest","order":10140}
2026-09-14T08:56:43+00:00 NOTICE Email "customer_failed_order" for order #10320 not sent: email type is disabled CONTEXT: {"email_type":"customer_failed_order","status":"disabled","recipient":"guest","order":10320}
2026-09-14T08:58:11+00:00 INFO Email "cancelled_order" for order #10373 sent CONTEXT: {"email_type":"cancelled_order","status":"sent","recipient":"guest","order":10373}
2026-09-14T08:59:11+00:00 NOTICE Email "customer_failed_order" for order #10358 not sent: email type is disabled CONTEXT: {"email_type":"customer_failed_order","status":"disabled","recipient":"guest","order":10358}
2026-09-14T08:59:16+00:00 INFO Email "failed_order" for order #10358 sent CONTEXT: {"email_type":"failed_order","status":"sent","recipient":"guest","order":10358}
2026-09-14T09:01:18+00:00 INFO Email "cancelled_order" for order #10331 sent CONTEXT: {"email_type":"cancelled_order","status":"sent","recipient":"guest","order":10331}
2026-09-14T09:01:47+00:00 INFO Email "cancelled_order" for order #10371 sent CONTEXT: {"email_type":"cancelled_order","status":"sent","recipient":"guest","order":10371}
2026-09-14T09:01:50+00:00 NOTICE Email "customer_completed_order" for order #10034 not sent: email type is disabled CONTEXT: {"email_type":"customer_completed_order","status":"disabled","recipient":"guest","order":10034}
2026-09-14T09:01:50+00:00 NOTICE Email "customer_completed_order" for order #9936 not sent: email type is disabled CONTEXT: {"email_type":"customer_completed_order","status":"disabled","recipient":"guest","order":9936}
2026-09-14T09:02:17+00:00 INFO Email "cancelled_order" for order #10360 sent CONTEXT: {"email_type":"cancelled_order","status":"sent","recipient":"guest","order":10360}
2026-09-14T09:02:19+00:00 INFO Email "cancelled_order" for order #10366 sent CONTEXT: {"email_type":"cancelled_order","status":"sent","recipient":"guest","order":10366}
2026-09-14T09:02:49+00:00 NOTICE Email "customer_completed_order" for order #9785 not sent: email type is disabled CONTEXT: {"email_type":"customer_completed_order","status":"disabled","recipient":"guest","order":9785}
2026-09-14T09:03:34+00:00 NOTICE Email "customer_failed_order" for order #10302 not sent: email type is disabled CONTEXT: {"email_type":"customer_failed_order","status":"disabled","recipient":"guest","order":10302}
2026-09-14T09:03:38+00:00 NOTICE Email "customer_failed_order" for order #10358 not sent: email type is disabled CONTEXT: {"email_type":"customer_failed_order","status":"disabled","recipient":"guest","order":10358}
2026-09-14T09:03:43+00:00 INFO Email "failed_order" for order #10358 sent CONTEXT: {"email_type":"failed_order","status":"sent","recipient":"guest","order":10358}
2026-09-14T09:03:43+00:00 NOTICE Email "customer_failed_order" for order #10388 not sent: email type is disabled CONTEXT: {"email_type":"customer_failed_order","status":"disabled","recipient":"guest","order":10388}
2026-09-14T09:03:48+00:00 INFO Email "failed_order" for order #10388 sent CONTEXT: {"email_type":"failed_order","status":"sent","recipient":"guest","order":10388}
2026-09-14T09:03:56+00:00 NOTICE Email "customer_completed_order" for order #9773 not sent: email type is disabled CONTEXT: {"email_type":"customer_completed_order","status":"disabled","recipient":"guest","order":9773}
2026-09-14T09:04:07+00:00 NOTICE Email "customer_completed_order" for order #7976 not sent: email type is disabled CONTEXT: {"email_type":"customer_completed_order","status":"disabled","recipient":"guest","order":7976}
2026-09-14T09:04:09+00:00 NOTICE Email "customer_completed_order" for order #9798 not sent: email type is disabled CONTEXT: {"email_type":"customer_completed_order","status":"disabled","recipient":"guest","order":9798}
2026-09-14T09:04:09+00:00 NOTICE Email "customer_completed_order" for order #9851 not sent: email type is disabled CONTEXT: {"email_type":"customer_completed_order","status":"disabled","recipient":"guest","order":9851}
2026-09-14T09:04:09+00:00 NOTICE Email "customer_completed_order" for order #9852 not sent: email type is disabled CONTEXT: {"email_type":"customer_completed_order","status":"disabled","recipient":"guest","order":9852}
2026-09-14T09:04:09+00:00 NOTICE Email "customer_completed_order" for order #9867 not sent: email type is disabled CONTEXT: {"email_type":"customer_completed_order","status":"disabled","recipient":"guest","order":9867}
2026-09-14T09:04:10+00:00 NOTICE Email "customer_completed_order" for order #9892 not sent: email type is disabled CONTEXT: {"email_type":"customer_completed_order","status":"disabled","recipient":"guest","order":9892}
2026-09-14T09:04:10+00:00 NOTICE Email "customer_completed_order" for order #9907 not sent: email type is disabled CONTEXT: {"email_type":"customer_completed_order","status":"disabled","recipient":"guest","order":9907}
2026-09-14T09:04:10+00:00 NOTICE Email "customer_completed_order" for order #9952 not sent: email type is disabled CONTEXT: {"email_type":"customer_completed_order","status":"disabled","recipient":"guest","order":9952}
2026-09-14T09:04:21+00:00 NOTICE Email "customer_completed_order" for order #9974 not sent: email type is disabled CONTEXT: {"email_type":"customer_completed_order","status":"disabled","recipient":"guest","order":9974}
2026-09-14T09:04:21+00:00 NOTICE Email "customer_completed_order" for order #9997 not sent: email type is disabled CONTEXT: {"email_type":"customer_completed_order","status":"disabled","recipient":"guest","order":9997}
2026-09-14T09:04:21+00:00 NOTICE Email "customer_completed_order" for order #10003 not sent: email type is disabled CONTEXT: {"email_type":"customer_completed_order","status":"disabled","recipient":"guest","order":10003}
2026-09-14T09:04:22+00:00 NOTICE Email "customer_completed_order" for order #10018 not sent: email type is disabled CONTEXT: {"email_type":"customer_completed_order","status":"disabled","recipient":"guest","order":10018}
2026-09-14T09:04:22+00:00 NOTICE Email "customer_completed_order" for order #10033 not sent: email type is disabled CONTEXT: {"email_type":"customer_completed_order","status":"disabled","recipient":"guest","order":10033}
2026-09-14T09:04:22+00:00 NOTICE Email "customer_completed_order" for order #10128 not sent: email type is disabled CONTEXT: {"email_type":"customer_completed_order","status":"disabled","recipient":"guest","order":10128}
2026-09-14T09:04:22+00:00 NOTICE Email "customer_completed_order" for order #10141 not sent: email type is disabled CONTEXT: {"email_type":"customer_completed_order","status":"disabled","recipient":"guest","order":10141}
2026-09-14T09:04:23+00:00 NOTICE Email "customer_completed_order" for order #10162 not sent: email type is disabled CONTEXT: {"email_type":"customer_completed_order","status":"disabled","recipient":"guest","order":10162}
2026-09-14T09:04:23+00:00 NOTICE Email "customer_completed_order" for order #10289 not sent: email type is disabled CONTEXT: {"email_type":"customer_completed_order","status":"disabled","recipient":"guest","order":10289}
2026-09-14T09:04:46+00:00 INFO Email "cancelled_order" for order #10356 sent CONTEXT: {"email_type":"cancelled_order","status":"sent","recipient":"guest","order":10356}
2026-09-14T09:04:57+00:00 NOTICE Email "customer_completed_order" for order #9833 not sent: email type is disabled CONTEXT: {"email_type":"customer_completed_order","status":"disabled","recipient":"guest","order":9833}
2026-09-14T09:05:18+00:00 INFO Email "cancelled_order" for order #10397 sent CONTEXT: {"email_type":"cancelled_order","status":"sent","recipient":"guest","order":10397}
2026-09-14T09:05:45+00:00 INFO Email "cancelled_order" for order #10372 sent CONTEXT: {"email_type":"cancelled_order","status":"sent","recipient":"guest","order":10372}
2026-09-14T09:05:47+00:00 INFO Email "cancelled_order" for order #10331 sent CONTEXT: {"email_type":"cancelled_order","status":"sent","recipient":"guest","order":10331}
2026-09-14T09:05:51+00:00 INFO Email "cancelled_order" for order #10337 sent CONTEXT: {"email_type":"cancelled_order","status":"sent","recipient":"guest","order":10337}
2026-09-14T09:06:08+00:00 NOTICE Email "customer_failed_order" for order #10358 not sent: email type is disabled CONTEXT: {"email_type":"customer_failed_order","status":"disabled","recipient":"guest","order":10358}
2026-09-14T09:06:14+00:00 INFO Email "failed_order" for order #10358 sent CONTEXT: {"email_type":"failed_order","status":"sent","recipient":"guest","order":10358}
2026-09-14T09:06:14+00:00 NOTICE Email "customer_failed_order" for order #10390 not sent: email type is disabled CONTEXT: {"email_type":"customer_failed_order","status":"disabled","recipient":"guest","order":10390}
2026-09-14T09:06:19+00:00 INFO Email "failed_order" for order #10390 sent CONTEXT: {"email_type":"failed_order","status":"sent","recipient":"guest","order":10390}
2026-09-14T09:06:24+00:00 NOTICE Email "customer_failed_order" for order #10302 not sent: email type is disabled CONTEXT: {"email_type":"customer_failed_order","status":"disabled","recipient":"guest","order":10302}
2026-09-14T09:06:37+00:00 INFO Email "cancelled_order" for order #10598 sent CONTEXT: {"email_type":"cancelled_order","status":"sent","recipient":"guest","order":10598}
2026-09-14T09:06:41+00:00 NOTICE Email "customer_completed_order" for order #9867 not sent: email type is disabled CONTEXT: {"email_type":"customer_completed_order","status":"disabled","recipient":"guest","order":9867}
2026-09-14T09:06:42+00:00 NOTICE Email "customer_completed_order" for order #10061 not sent: email type is disabled CONTEXT: {"email_type":"customer_completed_order","status":"disabled","recipient":"guest","order":10061}
2026-09-14T09:06:48+00:00 NOTICE Email "customer_completed_order" for order #9997 not sent: email type is disabled CONTEXT: {"email_type":"customer_completed_order","status":"disabled","recipient":"guest","order":9997}
2026-09-14T09:06:49+00:00 NOTICE Email "customer_completed_order" for order #10162 not sent: email type is disabled CONTEXT: {"email_type":"customer_completed_order","status":"disabled","recipient":"guest","order":10162}
2026-09-14T09:07:15+00:00 INFO Email "cancelled_order" for order #10350 sent CONTEXT: {"email_type":"cancelled_order","status":"sent","recipient":"guest","order":10350}
2026-09-14T09:07:16+00:00 NOTICE Email "customer_failed_order" for order #10340 not sent: email type is disabled CONTEXT: {"email_type":"customer_failed_order","status":"disabled","recipient":"guest","order":10340}
2026-09-14T09:07:17+00:00 NOTICE Email "customer_completed_order" for order #10200 not sent: email type is disabled CONTEXT: {"email_type":"customer_completed_order","status":"disabled","recipient":"guest","order":10200}
2026-09-14T09:07:21+00:00 INFO Email "failed_order" for order #10340 sent CONTEXT: {"email_type":"failed_order","status":"sent","recipient":"guest","order":10340}
2026-09-14T09:07:29+00:00 INFO Email "cancelled_order" for order #10389 sent CONTEXT: {"email_type":"cancelled_order","status":"sent","recipient":"guest","order":10389}
2026-09-14T09:07:30+00:00 NOTICE Email "customer_completed_order" for order #10148 not sent: email type is disabled CONTEXT: {"email_type":"customer_completed_order","status":"disabled","recipient":"guest","order":10148}
2026-09-14T09:07:33+00:00 NOTICE Email "customer_completed_order" for order #10126 not sent: email type is disabled CONTEXT: {"email_type":"customer_completed_order","status":"disabled","recipient":"guest","order":10126}
2026-09-14T09:07:33+00:00 NOTICE Email "customer_completed_order" for order #10158 not sent: email type is disabled CONTEXT: {"email_type":"customer_completed_order","status":"disabled","recipient":"guest","order":10158}
2026-09-14T09:07:38+00:00 NOTICE Email "customer_completed_order" for order #10289 not sent: email type is disabled CONTEXT: {"email_type":"customer_completed_order","status":"disabled","recipient":"guest","order":10289}
2026-09-14T09:07:45+00:00 INFO Email "cancelled_order" for order #10370 sent CONTEXT: {"email_type":"cancelled_order","status":"sent","recipient":"guest","order":10370}
2026-09-14T09:07:47+00:00 INFO Email "cancelled_order" for order #10372 sent CONTEXT: {"email_type":"cancelled_order","status":"sent","recipient":"guest","order":10372}
2026-09-14T09:07:52+00:00 NOTICE Email "customer_completed_order" for order #9809 not sent: email type is disabled CONTEXT: {"email_type":"customer_completed_order","status":"disabled","recipient":"guest","order":9809}
2026-09-14T09:07:52+00:00 NOTICE Email "customer_completed_order" for order #8085 not sent: email type is disabled CONTEXT: {"email_type":"customer_completed_order","status":"disabled","recipient":"guest","order":8085}
2026-09-14T09:07:52+00:00 NOTICE Email "customer_completed_order" for order #10156 not sent: email type is disabled CONTEXT: {"email_type":"customer_completed_order","status":"disabled","recipient":"guest","order":10156}
2026-09-14T09:07:52+00:00 NOTICE Email "customer_completed_order" for order #9943 not sent: email type is disabled CONTEXT: {"email_type":"customer_completed_order","status":"disabled","recipient":"guest","order":9943}
2026-09-14T09:07:53+00:00 NOTICE Email "customer_completed_order" for order #10327 not sent: email type is disabled CONTEXT: {"email_type":"customer_completed_order","status":"disabled","recipient":"guest","order":10327}
2026-09-14T09:07:57+00:00 NOTICE Email "customer_completed_order" for order #9798 not sent: email type is disabled CONTEXT: {"email_type":"customer_completed_order","status":"disabled","recipient":"guest","order":9798}
2026-09-14T09:08:13+00:00 NOTICE Email "customer_completed_order" for order #10086 not sent: email type is disabled CONTEXT: {"email_type":"customer_completed_order","status":"disabled","recipient":"guest","order":10086}
2026-09-14T09:08:14+00:00 NOTICE Email "customer_completed_order" for order #9936 not sent: email type is disabled CONTEXT: {"email_type":"customer_completed_order","status":"disabled","recipient":"guest","order":9936}
2026-09-14T09:08:25+00:00 NOTICE Email "customer_completed_order" for order #9952 not sent: email type is disabled CONTEXT: {"email_type":"customer_completed_order","status":"disabled","recipient":"guest","order":9952}
2026-09-14T09:08:30+00:00 NOTICE Email "customer_completed_order" for order #10018 not sent: email type is disabled CONTEXT: {"email_type":"customer_completed_order","status":"disabled","recipient":"guest","order":10018}
2026-09-14T09:08:31+00:00 NOTICE Email "customer_completed_order" for order #10112 not sent: email type is disabled CONTEXT: {"email_type":"customer_completed_order","status":"disabled","recipient":"guest","order":10112}
2026-09-14T09:08:33+00:00 NOTICE Email "customer_completed_order" for order #9786 not sent: email type is disabled CONTEXT: {"email_type":"customer_completed_order","status":"disabled","recipient":"guest","order":9786}
2026-09-14T09:08:48+00:00 NOTICE Email "customer_completed_order" for order #9833 not sent: email type is disabled CONTEXT: {"email_type":"customer_completed_order","status":"disabled","recipient":"guest","order":9833}
2026-09-14T09:09:06+00:00 NOTICE Email "customer_completed_order" for order #10164 not sent: email type is disabled CONTEXT: {"email_type":"customer_completed_order","status":"disabled","recipient":"guest","order":10164}
2026-09-14T09:09:11+00:00 INFO Email "cancelled_order" for order #10360 sent CONTEXT: {"email_type":"cancelled_order","status":"sent","recipient":"guest","order":10360}
2026-09-14T09:09:16+00:00 NOTICE Email "customer_completed_order" for order #9832 not sent: email type is disabled CONTEXT: {"email_type":"customer_completed_order","status":"disabled","recipient":"guest","order":9832}
2026-09-14T09:09:23+00:00 NOTICE Email "customer_completed_order" for order #9852 not sent: email type is disabled CONTEXT: {"email_type":"customer_completed_order","status":"disabled","recipient":"guest","order":9852}
2026-09-14T09:09:38+00:00 INFO Email "cancelled_order" for order #10332 sent CONTEXT: {"email_type":"cancelled_order","status":"sent","recipient":"guest","order":10332}
2026-09-14T09:09:39+00:00 NOTICE Email "customer_completed_order" for order #10140 not sent: email type is disabled CONTEXT: {"email_type":"customer_completed_order","status":"disabled","recipient":"guest","order":10140}
2026-09-14T09:09:47+00:00 NOTICE Email "customer_completed_order" for order #9851 not sent: email type is disabled CONTEXT: {"email_type":"customer_completed_order","status":"disabled","recipient":"guest","order":9851}
2026-09-14T09:09:57+00:00 NOTICE Email "customer_completed_order" for order #10156 not sent: email type is disabled CONTEXT: {"email_type":"customer_completed_order","status":"disabled","recipient":"guest","order":10156}
2026-09-14T09:09:57+00:00 NOTICE Email "customer_completed_order" for order #9766 not sent: email type is disabled CONTEXT: {"email_type":"customer_completed_order","status":"disabled","recipient":"guest","order":9766}
2026-09-14T09:09:57+00:00 NOTICE Email "customer_completed_order" for order #9867 not sent: email type is disabled CONTEXT: {"email_type":"customer_completed_order","status":"disabled","recipient":"guest","order":9867}
2026-09-14T09:09:57+00:00 NOTICE Email "customer_completed_order" for order #10034 not sent: email type is disabled CONTEXT: {"email_type":"customer_completed_order","status":"disabled","recipient":"guest","order":10034}
2026-09-14T09:10:23+00:00 NOTICE Email "customer_completed_order" for order #9810 not sent: email type is disabled CONTEXT: {"email_type":"customer_completed_order","status":"disabled","recipient":"guest","order":9810}
2026-09-14T09:10:28+00:00 NOTICE Email "customer_completed_order" for order #10287 not sent: email type is disabled CONTEXT: {"email_type":"customer_completed_order","status":"disabled","recipient":"guest","order":10287}
2026-09-14T09:10:38+00:00 NOTICE Email "customer_completed_order" for order #10046 not sent: email type is disabled CONTEXT: {"email_type":"customer_completed_order","status":"disabled","recipient":"guest","order":10046}
2026-09-14T09:10:46+00:00 NOTICE Email "customer_completed_order" for order #9950 not sent: email type is disabled CONTEXT: {"email_type":"customer_completed_order","status":"disabled","recipient":"guest","order":9950}
2026-09-14T09:11:06+00:00 NOTICE Email "customer_completed_order" for order #9936 not sent: email type is disabled CONTEXT: {"email_type":"customer_completed_order","status":"disabled","recipient":"guest","order":9936}
2026-09-14T09:11:08+00:00 INFO Email "cancelled_order" for order #10371 sent CONTEXT: {"email_type":"cancelled_order","status":"sent","recipient":"guest","order":10371}
2026-09-14T09:11:10+00:00 NOTICE Email "customer_completed_order" for order #9943 not sent: email type is disabled CONTEXT: {"email_type":"customer_completed_order","status":"disabled","recipient":"guest","order":9943}
2026-09-14T09:11:13+00:00 NOTICE Email "customer_completed_order" for order #9900 not sent: email type is disabled CONTEXT: {"email_type":"customer_completed_order","status":"disabled","recipient":"guest","order":9900}
2026-09-14T09:11:30+00:00 NOTICE Email "customer_completed_order" for order #9784 not sent: email type is disabled CONTEXT: {"email_type":"customer_completed_order","status":"disabled","recipient":"guest","order":9784}
2026-09-14T09:11:36+00:00 NOTICE Email "customer_completed_order" for order #10126 not sent: email type is disabled CONTEXT: {"email_type":"customer_completed_order","status":"disabled","recipient":"guest","order":10126}
2026-09-14T09:11:36+00:00 NOTICE Email "customer_completed_order" for order #9892 not sent: email type is disabled CONTEXT: {"email_type":"customer_completed_order","status":"disabled","recipient":"guest","order":9892}
2026-09-14T09:11:38+00:00 NOTICE Email "customer_completed_order" for order #7526 not sent: email type is disabled CONTEXT: {"email_type":"customer_completed_order","status":"disabled","recipient":"guest","order":7526}
2026-09-14T09:11:41+00:00 INFO Email "cancelled_order" for order #10366 sent CONTEXT: {"email_type":"cancelled_order","status":"sent","recipient":"guest","order":10366}
2026-09-14T09:12:15+00:00 NOTICE Email "customer_completed_order" for order #10168 not sent: email type is disabled CONTEXT: {"email_type":"customer_completed_order","status":"disabled","recipient":"guest","order":10168}
2026-09-14T09:12:25+00:00 INFO Email "cancelled_order" for order #10373 sent CONTEXT: {"email_type":"cancelled_order","status":"sent","recipient":"guest","order":10373}
2026-09-14T09:12:31+00:00 NOTICE Email "customer_failed_order" for order #10320 not sent: email type is disabled CONTEXT: {"email_type":"customer_failed_order","status":"disabled","recipient":"guest","order":10320}
2026-09-14T09:12:43+00:00 NOTICE Email "customer_completed_order" for order #10338 not sent: email type is disabled CONTEXT: {"email_type":"customer_completed_order","status":"disabled","recipient":"guest","order":10338}
2026-09-14T09:12:50+00:00 NOTICE Email "customer_completed_order" for order #9923 not sent: email type is disabled CONTEXT: {"email_type":"customer_completed_order","status":"disabled","recipient":"guest","order":9923}
2026-09-14T09:12:51+00:00 NOTICE Email "customer_completed_order" for order #10061 not sent: email type is disabled CONTEXT: {"email_type":"customer_completed_order","status":"disabled","recipient":"guest","order":10061}
2026-09-14T09:12:54+00:00 NOTICE Email "customer_failed_order" for order #10320 not sent: email type is disabled CONTEXT: {"email_type":"customer_failed_order","status":"disabled","recipient":"guest","order":10320}
2026-09-14T09:12:54+00:00 NOTICE Email "customer_completed_order" for order #10338 not sent: email type is disabled CONTEXT: {"email_type":"customer_completed_order","status":"disabled","recipient":"guest","order":10338}
2026-09-14T09:13:03+00:00 NOTICE Email "customer_failed_order" for order #10388 not sent: email type is disabled CONTEXT: {"email_type":"customer_failed_order","status":"disabled","recipient":"guest","order":10388}
2026-09-14T09:13:08+00:00 INFO Email "failed_order" for order #10388 sent CONTEXT: {"email_type":"failed_order","status":"sent","recipient":"guest","order":10388}
2026-09-14T09:13:10+00:00 INFO Email "new_order" for order #10601 sent CONTEXT: {"email_type":"new_order","status":"sent","recipient":"guest","order":10601}
2026-09-14T09:13:10+00:00 NOTICE Email "customer_processing_order" for order #10601 not sent: email type is disabled CONTEXT: {"email_type":"customer_processing_order","status":"disabled","recipient":"guest","order":10601}
2026-09-14T09:13:14+00:00 INFO Email "cancelled_order" for order #10369 sent CONTEXT: {"email_type":"cancelled_order","status":"sent","recipient":"guest","order":10369}
2026-09-14T09:13:35+00:00 NOTICE Email "customer_completed_order" for order #9757 not sent: email type is disabled CONTEXT: {"email_type":"customer_completed_order","status":"disabled","recipient":"guest","order":9757}
2026-09-14T09:14:17+00:00 NOTICE Email "customer_failed_order" for order #10358 not sent: email type is disabled CONTEXT: {"email_type":"customer_failed_order","status":"disabled","recipient":"guest","order":10358}
2026-09-14T09:14:22+00:00 INFO Email "failed_order" for order #10358 sent CONTEXT: {"email_type":"failed_order","status":"sent","recipient":"guest","order":10358}
2026-09-14T09:14:41+00:00 NOTICE Email "customer_completed_order" for order #9923 not sent: email type is disabled CONTEXT: {"email_type":"customer_completed_order","status":"disabled","recipient":"guest","order":9923}
2026-09-14T09:15:02+00:00 INFO Email "cancelled_order" for order #10332 sent CONTEXT: {"email_type":"cancelled_order","status":"sent","recipient":"guest","order":10332}
2026-09-14T09:15:04+00:00 INFO Email "cancelled_order" for order #10389 sent CONTEXT: {"email_type":"cancelled_order","status":"sent","recipient":"guest","order":10389}
2026-09-14T09:15:09+00:00 NOTICE Email "customer_completed_order" for order #10140 not sent: email type is disabled CONTEXT: {"email_type":"customer_completed_order","status":"disabled","recipient":"guest","order":10140}
2026-09-14T09:15:30+00:00 NOTICE Email "customer_completed_order" for order #10249 not sent: email type is disabled CONTEXT: {"email_type":"customer_completed_order","status":"disabled","recipient":"guest","order":10249}
2026-09-14T09:15:30+00:00 NOTICE Email "customer_completed_order" for order #9798 not sent: email type is disabled CONTEXT: {"email_type":"customer_completed_order","status":"disabled","recipient":"guest","order":9798}
2026-09-14T09:15:39+00:00 NOTICE Email "customer_completed_order" for order #9773 not sent: email type is disabled CONTEXT: {"email_type":"customer_completed_order","status":"disabled","recipient":"guest","order":9773}
2026-09-14T09:15:41+00:00 NOTICE Email "customer_completed_order" for order #10141 not sent: email type is disabled CONTEXT: {"email_type":"customer_completed_order","status":"disabled","recipient":"guest","order":10141}
2026-09-14T09:15:43+00:00 NOTICE Email "customer_failed_order" for order #10208 not sent: email type is disabled CONTEXT: {"email_type":"customer_failed_order","status":"disabled","recipient":"guest","order":10208}
2026-09-14T09:15:48+00:00 INFO Email "cancelled_order" for order #10391 sent CONTEXT: {"email_type":"cancelled_order","status":"sent","recipient":"guest","order":10391}
2026-09-14T09:15:48+00:00 INFO Email "cancelled_order" for order #10397 sent CONTEXT: {"email_type":"cancelled_order","status":"sent","recipient":"guest","order":10397}
2026-09-14T09:16:10+00:00 INFO Email "cancelled_order" for order #10337 sent CONTEXT: {"email_type":"cancelled_order","status":"sent","recipient":"guest","order":10337}
2026-09-14T09:16:30+00:00 NOTICE Email "customer_failed_order" for order #10358 not sent: email type is disabled CONTEXT: {"email_type":"customer_failed_order","status":"disabled","recipient":"guest","order":10358}
2026-09-14T09:16:35+00:00 INFO Email "failed_order" for order #10358 sent CONTEXT: {"email_type":"failed_order","status":"sent","recipient":"guest","order":10358}
2026-09-14T09:16:52+00:00 INFO Email "cancelled_order" for order #10350 sent CONTEXT: {"email_type":"cancelled_order","status":"sent","recipient":"guest","order":10350}
2026-09-14T09:17:10+00:00 NOTICE Email "customer_failed_order" for order #10390 not sent: email type is disabled CONTEXT: {"email_type":"customer_failed_order","status":"disabled","recipient":"guest","order":10390}
2026-09-14T09:17:15+00:00 INFO Email "failed_order" for order #10390 sent CONTEXT: {"email_type":"failed_order","status":"sent","recipient":"guest","order":10390}
2026-09-14T09:17:27+00:00 NOTICE Email "customer_failed_order" for order #10340 not sent: email type is disabled CONTEXT: {"email_type":"customer_failed_order","status":"disabled","recipient":"guest","order":10340}
2026-09-14T09:17:32+00:00 INFO Email "failed_order" for order #10340 sent CONTEXT: {"email_type":"failed_order","status":"sent","recipient":"guest","order":10340}
2026-09-14T09:17:53+00:00 NOTICE Email "customer_completed_order" for order #10239 not sent: email type is disabled CONTEXT: {"email_type":"customer_completed_order","status":"disabled","recipient":"guest","order":10239}
2026-09-14T09:17:54+00:00 INFO Email "cancelled_order" for order #10331 sent CONTEXT: {"email_type":"cancelled_order","status":"sent","recipient":"guest","order":10331}
2026-09-14T09:18:03+00:00 INFO Email "cancelled_order" for order #10366 sent CONTEXT: {"email_type":"cancelled_order","status":"sent","recipient":"guest","order":10366}
2026-09-14T09:18:08+00:00 INFO Email "cancelled_order" for order #10370 sent CONTEXT: {"email_type":"cancelled_order","status":"sent","recipient":"guest","order":10370}
2026-09-14T09:18:28+00:00 NOTICE Email "customer_completed_order" for order #10338 not sent: email type is disabled CONTEXT: {"email_type":"customer_completed_order","status":"disabled","recipient":"guest","order":10338}
2026-09-14T09:18:28+00:00 NOTICE Email "customer_completed_order" for order #9757 not sent: email type is disabled CONTEXT: {"email_type":"customer_completed_order","status":"disabled","recipient":"guest","order":9757}
2026-09-14T09:18:30+00:00 NOTICE Email "customer_completed_order" for order #9997 not sent: email type is disabled CONTEXT: {"email_type":"customer_completed_order","status":"disabled","recipient":"guest","order":9997}
2026-09-14T09:18:31+00:00 NOTICE Email "customer_completed_order" for order #9938 not sent: email type is disabled CONTEXT: {"email_type":"customer_completed_order","status":"disabled","recipient":"guest","order":9938}
2026-09-14T09:18:33+00:00 NOTICE Email "customer_failed_order" for order #10302 not sent: email type is disabled CONTEXT: {"email_type":"customer_failed_order","status":"disabled","recipient":"guest","order":10302}
2026-09-14T09:18:33+00:00 NOTICE Email "customer_completed_order" for order #9810 not sent: email type is disabled CONTEXT: {"email_type":"customer_completed_order","status":"disabled","recipient":"guest","order":9810}
2026-09-14T09:18:33+00:00 NOTICE Email "customer_completed_order" for order #9907 not sent: email type is disabled CONTEXT: {"email_type":"customer_completed_order","status":"disabled","recipient":"guest","order":9907}
2026-09-14T09:18:35+00:00 INFO Email "cancelled_order" for order #10332 sent CONTEXT: {"email_type":"cancelled_order","status":"sent","recipient":"guest","order":10332}
2026-09-14T09:18:43+00:00 NOTICE Email "customer_failed_order" for order #10388 not sent: email type is disabled CONTEXT: {"email_type":"customer_failed_order","status":"disabled","recipient":"guest","order":10388}
2026-09-14T09:18:45+00:00 INFO Email "cancelled_order" for order #10371 sent CONTEXT: {"email_type":"cancelled_order","status":"sent","recipient":"guest","order":10371}
2026-09-14T09:18:47+00:00 NOTICE Email "customer_completed_order" for order #10162 not sent: email type is disabled CONTEXT: {"email_type":"customer_completed_order","status":"disabled","recipient":"guest","order":10162}
2026-09-14T09:18:48+00:00 NOTICE Email "customer_completed_order" for order #9952 not sent: email type is disabled CONTEXT: {"email_type":"customer_completed_order","status":"disabled","recipient":"guest","order":9952}
2026-09-14T09:18:48+00:00 INFO Email "failed_order" for order #10388 sent CONTEXT: {"email_type":"failed_order","status":"sent","recipient":"guest","order":10388}
2026-09-14T09:18:51+00:00 NOTICE Email "customer_completed_order" for order #8085 not sent: email type is disabled CONTEXT: {"email_type":"customer_completed_order","status":"disabled","recipient":"guest","order":8085}
2026-09-14T09:18:52+00:00 NOTICE Email "customer_completed_order" for order #9833 not sent: email type is disabled CONTEXT: {"email_type":"customer_completed_order","status":"disabled","recipient":"guest","order":9833}
2026-09-14T09:19:01+00:00 INFO Email "cancelled_order" for order #10372 sent CONTEXT: {"email_type":"cancelled_order","status":"sent","recipient":"guest","order":10372}
2026-09-14T09:19:04+00:00 NOTICE Email "customer_completed_order" for order #10033 not sent: email type is disabled CONTEXT: {"email_type":"customer_completed_order","status":"disabled","recipient":"guest","order":10033}
2026-09-14T09:19:09+00:00 NOTICE Email "customer_completed_order" for order #10112 not sent: email type is disabled CONTEXT: {"email_type":"customer_completed_order","status":"disabled","recipient":"guest","order":10112}
2026-09-14T09:19:09+00:00 NOTICE Email "customer_completed_order" for order #9832 not sent: email type is disabled CONTEXT: {"email_type":"customer_completed_order","status":"disabled","recipient":"guest","order":9832}
2026-09-14T09:19:12+00:00 NOTICE Email "customer_failed_order" for order #10390 not sent: email type is disabled CONTEXT: {"email_type":"customer_failed_order","status":"disabled","recipient":"guest","order":10390}
2026-09-14T09:19:17+00:00 INFO Email "failed_order" for order #10390 sent CONTEXT: {"email_type":"failed_order","status":"sent","recipient":"guest","order":10390}
2026-09-14T09:19:24+00:00 NOTICE Email "customer_completed_order" for order #10126 not sent: email type is disabled CONTEXT: {"email_type":"customer_completed_order","status":"disabled","recipient":"guest","order":10126}
2026-09-14T09:19:27+00:00 NOTICE Email "customer_completed_order" for order #9852 not sent: email type is disabled CONTEXT: {"email_type":"customer_completed_order","status":"disabled","recipient":"guest","order":9852}
2026-09-14T09:19:28+00:00 NOTICE Email "customer_completed_order" for order #10086 not sent: email type is disabled CONTEXT: {"email_type":"customer_completed_order","status":"disabled","recipient":"guest","order":10086}
2026-09-14T09:19:37+00:00 NOTICE Email "customer_failed_order" for order #10208 not sent: email type is disabled CONTEXT: {"email_type":"customer_failed_order","status":"disabled","recipient":"guest","order":10208}
2026-09-14T09:20:15+00:00 NOTICE Email "customer_completed_order" for order #9832 not sent: email type is disabled CONTEXT: {"email_type":"customer_completed_order","status":"disabled","recipient":"guest","order":9832}
2026-09-14T09:20:33+00:00 NOTICE Email "customer_completed_order" for order #10034 not sent: email type is disabled CONTEXT: {"email_type":"customer_completed_order","status":"disabled","recipient":"guest","order":10034}
2026-09-14T09:20:46+00:00 NOTICE Email "customer_completed_order" for order #10287 not sent: email type is disabled CONTEXT: {"email_type":"customer_completed_order","status":"disabled","recipient":"guest","order":10287}
2026-09-14T09:20:50+00:00 NOTICE Email "customer_completed_order" for order #9865 not sent: email type is disabled CONTEXT: {"email_type":"customer_completed_order","status":"disabled","recipient":"guest","order":9865}
2026-09-14T09:20:51+00:00 NOTICE Email "customer_completed_order" for order #9950 not sent: email type is disabled CONTEXT: {"email_type":"customer_completed_order","status":"disabled","recipient":"guest","order":9950}
2026-09-14T09:20:57+00:00 NOTICE Email "customer_completed_order" for order #7526 not sent: email type is disabled CONTEXT: {"email_type":"customer_completed_order","status":"disabled","recipient":"guest","order":7526}
2026-09-14T09:20:57+00:00 NOTICE Email "customer_completed_order" for order #9892 not sent: email type is disabled CONTEXT: {"email_type":"customer_completed_order","status":"disabled","recipient":"guest","order":9892}
2026-09-14T09:20:58+00:00 NOTICE Email "customer_completed_order" for order #9867 not sent: email type is disabled CONTEXT: {"email_type":"customer_completed_order","status":"disabled","recipient":"guest","order":9867}
2026-09-14T09:20:58+00:00 NOTICE Email "customer_completed_order" for order #9851 not sent: email type is disabled CONTEXT: {"email_type":"customer_completed_order","status":"disabled","recipient":"guest","order":9851}
2026-09-14T09:21:08+00:00 NOTICE Email "customer_completed_order" for order #10156 not sent: email type is disabled CONTEXT: {"email_type":"customer_completed_order","status":"disabled","recipient":"guest","order":10156}
2026-09-14T09:21:14+00:00 INFO Email "cancelled_order" for order #10356 sent CONTEXT: {"email_type":"cancelled_order","status":"sent","recipient":"guest","order":10356}
2026-09-14T09:21:32+00:00 NOTICE Email "customer_failed_order" for order #10320 not sent: email type is disabled CONTEXT: {"email_type":"customer_failed_order","status":"disabled","recipient":"guest","order":10320}
2026-09-14T09:21:53+00:00 NOTICE Email "customer_completed_order" for order #9785 not sent: email type is disabled CONTEXT: {"email_type":"customer_completed_order","status":"disabled","recipient":"guest","order":9785}
2026-09-14T09:22:09+00:00 NOTICE Email "customer_completed_order" for order #9974 not sent: email type is disabled CONTEXT: {"email_type":"customer_completed_order","status":"disabled","recipient":"guest","order":9974}
2026-09-14T09:23:59+00:00 INFO Email "cancelled_order" for order #10337 sent CONTEXT: {"email_type":"cancelled_order","status":"sent","recipient":"guest","order":10337}
2026-09-14T09:24:20+00:00 INFO Email "cancelled_order" for order #10391 sent CONTEXT: {"email_type":"cancelled_order","status":"sent","recipient":"guest","order":10391}
2026-09-14T09:25:34+00:00 NOTICE Email "customer_note" for order #10603 not sent: email type is disabled CONTEXT: {"email_type":"customer_note","status":"disabled","recipient":"guest","order":10603}
2026-09-14T09:25:43+00:00 NOTICE Email "customer_completed_order" for order #10158 not sent: email type is disabled CONTEXT: {"email_type":"customer_completed_order","status":"disabled","recipient":"guest","order":10158}
2026-09-14T09:26:02+00:00 NOTICE Email "customer_completed_order" for order #9809 not sent: email type is disabled CONTEXT: {"email_type":"customer_completed_order","status":"disabled","recipient":"guest","order":9809}
2026-09-14T09:26:02+00:00 NOTICE Email "customer_completed_order" for order #10148 not sent: email type is disabled CONTEXT: {"email_type":"customer_completed_order","status":"disabled","recipient":"guest","order":10148}
2026-09-14T09:26:02+00:00 NOTICE Email "customer_completed_order" for order #9952 not sent: email type is disabled CONTEXT: {"email_type":"customer_completed_order","status":"disabled","recipient":"guest","order":9952}
2026-09-14T09:26:12+00:00 NOTICE Email "customer_completed_order" for order #7526 not sent: email type is disabled CONTEXT: {"email_type":"customer_completed_order","status":"disabled","recipient":"guest","order":7526}
2026-09-14T09:26:13+00:00 NOTICE Email "customer_completed_order" for order #7624 not sent: email type is disabled CONTEXT: {"email_type":"customer_completed_order","status":"disabled","recipient":"guest","order":7624}
2026-09-14T09:26:22+00:00 NOTICE Email "customer_completed_order" for order #9936 not sent: email type is disabled CONTEXT: {"email_type":"customer_completed_order","status":"disabled","recipient":"guest","order":9936}
2026-09-14T09:26:27+00:00 NOTICE Email "customer_failed_order" for order #10340 not sent: email type is disabled CONTEXT: {"email_type":"customer_failed_order","status":"disabled","recipient":"guest","order":10340}
2026-09-14T09:26:33+00:00 INFO Email "failed_order" for order #10340 sent CONTEXT: {"email_type":"failed_order","status":"sent","recipient":"guest","order":10340}
2026-09-14T09:26:47+00:00 INFO Email "cancelled_order" for order #10360 sent CONTEXT: {"email_type":"cancelled_order","status":"sent","recipient":"guest","order":10360}
2026-09-14T09:26:56+00:00 INFO Email "cancelled_order" for order #10389 sent CONTEXT: {"email_type":"cancelled_order","status":"sent","recipient":"guest","order":10389}
2026-09-14T09:27:08+00:00 NOTICE Email "customer_completed_order" for order #8085 not sent: email type is disabled CONTEXT: {"email_type":"customer_completed_order","status":"disabled","recipient":"guest","order":8085}
2026-09-14T09:27:09+00:00 NOTICE Email "customer_completed_order" for order #9785 not sent: email type is disabled CONTEXT: {"email_type":"customer_completed_order","status":"disabled","recipient":"guest","order":9785}
2026-09-14T09:27:09+00:00 NOTICE Email "customer_completed_order" for order #9786 not sent: email type is disabled CONTEXT: {"email_type":"customer_completed_order","status":"disabled","recipient":"guest","order":9786}
2026-09-14T09:27:10+00:00 NOTICE Email "customer_completed_order" for order #9923 not sent: email type is disabled CONTEXT: {"email_type":"customer_completed_order","status":"disabled","recipient":"guest","order":9923}
2026-09-14T09:27:10+00:00 NOTICE Email "customer_completed_order" for order #9943 not sent: email type is disabled CONTEXT: {"email_type":"customer_completed_order","status":"disabled","recipient":"guest","order":9943}
2026-09-14T09:27:18+00:00 NOTICE Email "customer_completed_order" for order #9974 not sent: email type is disabled CONTEXT: {"email_type":"customer_completed_order","status":"disabled","recipient":"guest","order":9974}
2026-09-14T09:27:19+00:00 NOTICE Email "customer_completed_order" for order #10018 not sent: email type is disabled CONTEXT: {"email_type":"customer_completed_order","status":"disabled","recipient":"guest","order":10018}
2026-09-14T09:27:19+00:00 NOTICE Email "customer_completed_order" for order #10126 not sent: email type is disabled CONTEXT: {"email_type":"customer_completed_order","status":"disabled","recipient":"guest","order":10126}
2026-09-14T09:27:19+00:00 NOTICE Email "customer_completed_order" for order #10158 not sent: email type is disabled CONTEXT: {"email_type":"customer_completed_order","status":"disabled","recipient":"guest","order":10158}
2026-09-14T09:27:19+00:00 NOTICE Email "customer_completed_order" for order #10197 not sent: email type is disabled CONTEXT: {"email_type":"customer_completed_order","status":"disabled","recipient":"guest","order":10197}
2026-09-14T09:27:20+00:00 NOTICE Email "customer_completed_order" for order #10200 not sent: email type is disabled CONTEXT: {"email_type":"customer_completed_order","status":"disabled","recipient":"guest","order":10200}
2026-09-14T09:27:20+00:00 INFO Email "cancelled_order" for order #10397 sent CONTEXT: {"email_type":"cancelled_order","status":"sent","recipient":"guest","order":10397}
2026-09-14T09:27:53+00:00 NOTICE Email "customer_completed_order" for order #10200 not sent: email type is disabled CONTEXT: {"email_type":"customer_completed_order","status":"disabled","recipient":"guest","order":10200}
2026-09-14T09:28:05+00:00 NOTICE Email "customer_note" for order #10607 not sent: email type is disabled CONTEXT: {"email_type":"customer_note","status":"disabled","recipient":"guest","order":10607}
2026-09-14T09:28:31+00:00 INFO Email "cancelled_order" for order #10373 sent CONTEXT: {"email_type":"cancelled_order","status":"sent","recipient":"guest","order":10373}
2026-09-14T09:28:36+00:00 INFO Email "cancelled_order" for order #10366 sent CONTEXT: {"email_type":"cancelled_order","status":"sent","recipient":"guest","order":10366}
2026-09-14T09:30:12+00:00 NOTICE Email "customer_completed_order" for order #10140 not sent: email type is disabled CONTEXT: {"email_type":"customer_completed_order","status":"disabled","recipient":"guest","order":10140}
2026-09-14T09:30:12+00:00 NOTICE Email "customer_completed_order" for order #10046 not sent: email type is disabled CONTEXT: {"email_type":"customer_completed_order","status":"disabled","recipient":"guest","order":10046}
2026-09-14T09:30:29+00:00 NOTICE Email "customer_completed_order" for order #10327 not sent: email type is disabled CONTEXT: {"email_type":"customer_completed_order","status":"disabled","recipient":"guest","order":10327}
2026-09-14T09:30:29+00:00 NOTICE Email "customer_completed_order" for order #10061 not sent: email type is disabled CONTEXT: {"email_type":"customer_completed_order","status":"disabled","recipient":"guest","order":10061}
2026-09-14T09:30:31+00:00 INFO Email "cancelled_order" for order #10391 sent CONTEXT: {"email_type":"cancelled_order","status":"sent","recipient":"guest","order":10391}
2026-09-14T09:30:48+00:00 INFO Email "cancelled_order" for order #10370 sent CONTEXT: {"email_type":"cancelled_order","status":"sent","recipient":"guest","order":10370}
2026-09-14T09:32:16+00:00 NOTICE Email "customer_completed_order" for order #9784 not sent: email type is disabled CONTEXT: {"email_type":"customer_completed_order","status":"disabled","recipient":"guest","order":9784}
2026-09-14T09:32:17+00:00 NOTICE Email "customer_completed_order" for order #9923 not sent: email type is disabled CONTEXT: {"email_type":"customer_completed_order","status":"disabled","recipient":"guest","order":9923}
2026-09-14T09:32:30+00:00 NOTICE Email "customer_completed_order" for order #10141 not sent: email type is disabled CONTEXT: {"email_type":"customer_completed_order","status":"disabled","recipient":"guest","order":10141}
2026-09-14T09:32:30+00:00 NOTICE Email "customer_completed_order" for order #10197 not sent: email type is disabled CONTEXT: {"email_type":"customer_completed_order","status":"disabled","recipient":"guest","order":10197}
2026-09-14T09:32:31+00:00 NOTICE Email "customer_completed_order" for order #10239 not sent: email type is disabled CONTEXT: {"email_type":"customer_completed_order","status":"disabled","recipient":"guest","order":10239}
2026-09-14T09:32:31+00:00 NOTICE Email "customer_completed_order" for order #10289 not sent: email type is disabled CONTEXT: {"email_type":"customer_completed_order","status":"disabled","recipient":"guest","order":10289}
2026-09-14T09:32:39+00:00 NOTICE Email "customer_failed_order" for order #10340 not sent: email type is disabled CONTEXT: {"email_type":"customer_failed_order","status":"disabled","recipient":"guest","order":10340}
2026-09-14T09:32:44+00:00 INFO Email "failed_order" for order #10340 sent CONTEXT: {"email_type":"failed_order","status":"sent","recipient":"guest","order":10340}
2026-09-14T09:33:08+00:00 INFO Email "cancelled_order" for order #10369 sent CONTEXT: {"email_type":"cancelled_order","status":"sent","recipient":"guest","order":10369}
2026-09-14T09:33:13+00:00 INFO Email "cancelled_order" for order #10397 sent CONTEXT: {"email_type":"cancelled_order","status":"sent","recipient":"guest","order":10397}
2026-09-14T09:33:29+00:00 NOTICE Email "customer_failed_order" for order #10358 not sent: email type is disabled CONTEXT: {"email_type":"customer_failed_order","status":"disabled","recipient":"guest","order":10358}
2026-09-14T09:33:34+00:00 INFO Email "failed_order" for order #10358 sent CONTEXT: {"email_type":"failed_order","status":"sent","recipient":"guest","order":10358}
2026-09-14T09:33:34+00:00 NOTICE Email "customer_failed_order" for order #10390 not sent: email type is disabled CONTEXT: {"email_type":"customer_failed_order","status":"disabled","recipient":"guest","order":10390}
2026-09-14T09:33:39+00:00 INFO Email "failed_order" for order #10390 sent CONTEXT: {"email_type":"failed_order","status":"sent","recipient":"guest","order":10390}
2026-09-14T09:33:47+00:00 NOTICE Email "customer_completed_order" for order #9851 not sent: email type is disabled CONTEXT: {"email_type":"customer_completed_order","status":"disabled","recipient":"guest","order":9851}
2026-09-14T09:34:21+00:00 NOTICE Email "customer_note" for order #10608 not sent: email type is disabled CONTEXT: {"email_type":"customer_note","status":"disabled","recipient":"guest","order":10608}
2026-09-14T09:34:22+00:00 NOTICE Email "customer_completed_order" for order #9784 not sent: email type is disabled CONTEXT: {"email_type":"customer_completed_order","status":"disabled","recipient":"guest","order":9784}
2026-09-14T09:34:56+00:00 INFO Email "cancelled_order" for order #10370 sent CONTEXT: {"email_type":"cancelled_order","status":"sent","recipient":"guest","order":10370}
2026-09-14T09:35:11+00:00 INFO Email "cancelled_order" for order #10332 sent CONTEXT: {"email_type":"cancelled_order","status":"sent","recipient":"guest","order":10332}
2026-09-14T09:35:12+00:00 NOTICE Email "customer_failed_order" for order #10388 not sent: email type is disabled CONTEXT: {"email_type":"customer_failed_order","status":"disabled","recipient":"guest","order":10388}
2026-09-14T09:35:18+00:00 INFO Email "failed_order" for order #10388 sent CONTEXT: {"email_type":"failed_order","status":"sent","recipient":"guest","order":10388}
2026-09-14T09:35:33+00:00 INFO Email "cancelled_order" for order #10373 sent CONTEXT: {"email_type":"cancelled_order","status":"sent","recipient":"guest","order":10373}
2026-09-14T09:36:24+00:00 INFO Email "new_order" for order #10608 sent CONTEXT: {"email_type":"new_order","status":"sent","recipient":"guest","order":10608}
2026-09-14T09:36:24+00:00 NOTICE Email "customer_processing_order" for order #10608 not sent: email type is disabled CONTEXT: {"email_type":"customer_processing_order","status":"disabled","recipient":"guest","order":10608}
2026-09-14T09:36:24+00:00 NOTICE Email "customer_note" for order #10608 not sent: email type is disabled CONTEXT: {"email_type":"customer_note","status":"disabled","recipient":"guest","order":10608}
2026-09-14T09:37:22+00:00 INFO Email "cancelled_order" for order #10609 sent CONTEXT: {"email_type":"cancelled_order","status":"sent","recipient":"guest","order":10609}
2026-09-14T09:37:23+00:00 INFO Email "cancelled_order" for order #10366 sent CONTEXT: {"email_type":"cancelled_order","status":"sent","recipient":"guest","order":10366}
2026-09-14T09:37:27+00:00 INFO Email "cancelled_order" for order #10371 sent CONTEXT: {"email_type":"cancelled_order","status":"sent","recipient":"guest","order":10371}
2026-09-14T09:39:20+00:00 NOTICE Email "customer_completed_order" for order #10140 not sent: email type is disabled CONTEXT: {"email_type":"customer_completed_order","status":"disabled","recipient":"guest","order":10140}
2026-09-14T09:39:20+00:00 NOTICE Email "customer_completed_order" for order #9923 not sent: email type is disabled CONTEXT: {"email_type":"customer_completed_order","status":"disabled","recipient":"guest","order":9923}
2026-09-14T09:39:46+00:00 NOTICE Email "customer_failed_order" for order #10358 not sent: email type is disabled CONTEXT: {"email_type":"customer_failed_order","status":"disabled","recipient":"guest","order":10358}
2026-09-14T09:39:51+00:00 INFO Email "failed_order" for order #10358 sent CONTEXT: {"email_type":"failed_order","status":"sent","recipient":"guest","order":10358}
2026-09-14T09:39:55+00:00 NOTICE Email "customer_completed_order" for order #10333 not sent: email type is disabled CONTEXT: {"email_type":"customer_completed_order","status":"disabled","recipient":"guest","order":10333}
2026-09-14T09:39:55+00:00 NOTICE Email "customer_completed_order" for order #10338 not sent: email type is disabled CONTEXT: {"email_type":"customer_completed_order","status":"disabled","recipient":"guest","order":10338}
2026-09-14T09:39:55+00:00 NOTICE Email "customer_completed_order" for order #9997 not sent: email type is disabled CONTEXT: {"email_type":"customer_completed_order","status":"disabled","recipient":"guest","order":9997}
2026-09-14T09:39:55+00:00 NOTICE Email "customer_completed_order" for order #9757 not sent: email type is disabled CONTEXT: {"email_type":"customer_completed_order","status":"disabled","recipient":"guest","order":9757}
2026-09-14T09:40:12+00:00 NOTICE Email "customer_completed_order" for order #9773 not sent: email type is disabled CONTEXT: {"email_type":"customer_completed_order","status":"disabled","recipient":"guest","order":9773}
2026-09-14T09:40:15+00:00 NOTICE Email "customer_completed_order" for order #10239 not sent: email type is disabled CONTEXT: {"email_type":"customer_completed_order","status":"disabled","recipient":"guest","order":10239}
2026-09-14T09:40:30+00:00 NOTICE Email "customer_failed_order" for order #10302 not sent: email type is disabled CONTEXT: {"email_type":"customer_failed_order","status":"disabled","recipient":"guest","order":10302}
2026-09-14T09:40:31+00:00 NOTICE Email "customer_note" for order #10611 not sent: email type is disabled CONTEXT: {"email_type":"customer_note","status":"disabled","recipient":"guest","order":10611}
2026-09-14T09:40:33+00:00 NOTICE Email "customer_completed_order" for order #10141 not sent: email type is disabled CONTEXT: {"email_type":"customer_completed_order","status":"disabled","recipient":"guest","order":10141}
2026-09-14T09:40:34+00:00 NOTICE Email "customer_completed_order" for order #10327 not sent: email type is disabled CONTEXT: {"email_type":"customer_completed_order","status":"disabled","recipient":"guest","order":10327}
2026-09-14T09:41:07+00:00 NOTICE Email "customer_completed_order" for order #9907 not sent: email type is disabled CONTEXT: {"email_type":"customer_completed_order","status":"disabled","recipient":"guest","order":9907}
2026-09-14T09:41:27+00:00 NOTICE Email "customer_completed_order" for order #10046 not sent: email type is disabled CONTEXT: {"email_type":"customer_completed_order","status":"disabled","recipient":"guest","order":10046}
2026-09-14T09:41:27+00:00 NOTICE Email "customer_completed_order" for order #10003 not sent: email type is disabled CONTEXT: {"email_type":"customer_completed_order","status":"disabled","recipient":"guest","order":10003}
2026-09-14T09:41:27+00:00 NOTICE Email "customer_completed_order" for order #10162 not sent: email type is disabled CONTEXT: {"email_type":"customer_completed_order","status":"disabled","recipient":"guest","order":10162}
2026-09-14T09:41:41+00:00 INFO Email "cancelled_order" for order #10373 sent CONTEXT: {"email_type":"cancelled_order","status":"sent","recipient":"guest","order":10373}
2026-09-14T09:41:49+00:00 INFO Email "cancelled_order" for order #10332 sent CONTEXT: {"email_type":"cancelled_order","status":"sent","recipient":"guest","order":10332}
2026-09-14T09:41:51+00:00 NOTICE Email "customer_completed_order" for order #9773 not sent: email type is disabled CONTEXT: {"email_type":"customer_completed_order","status":"disabled","recipient":"guest","order":9773}
2026-09-14T09:41:52+00:00 NOTICE Email "customer_completed_order" for order #9798 not sent: email type is disabled CONTEXT: {"email_type":"customer_completed_order","status":"disabled","recipient":"guest","order":9798}
2026-09-14T09:41:53+00:00 INFO Email "cancelled_order" for order #10366 sent CONTEXT: {"email_type":"cancelled_order","status":"sent","recipient":"guest","order":10366}
2026-09-14T09:41:54+00:00 NOTICE Email "customer_completed_order" for order #10086 not sent: email type is disabled CONTEXT: {"email_type":"customer_completed_order","status":"disabled","recipient":"guest","order":10086}
2026-09-14T09:41:54+00:00 INFO Email "cancelled_order" for order #10371 sent CONTEXT: {"email_type":"cancelled_order","status":"sent","recipient":"guest","order":10371}
2026-09-14T09:41:54+00:00 NOTICE Email "customer_completed_order" for order #9852 not sent: email type is disabled CONTEXT: {"email_type":"customer_completed_order","status":"disabled","recipient":"guest","order":9852}
2026-09-14T09:41:59+00:00 NOTICE Email "customer_failed_order" for order #10208 not sent: email type is disabled CONTEXT: {"email_type":"customer_failed_order","status":"disabled","recipient":"guest","order":10208}
2026-09-14T09:42:09+00:00 NOTICE Email "customer_completed_order" for order #9950 not sent: email type is disabled CONTEXT: {"email_type":"customer_completed_order","status":"disabled","recipient":"guest","order":9950}
2026-09-14T09:42:09+00:00 NOTICE Email "customer_completed_order" for order #9867 not sent: email type is disabled CONTEXT: {"email_type":"customer_completed_order","status":"disabled","recipient":"guest","order":9867}
2026-09-14T09:42:11+00:00 NOTICE Email "customer_completed_order" for order #10034 not sent: email type is disabled CONTEXT: {"email_type":"customer_completed_order","status":"disabled","recipient":"guest","order":10034}
2026-09-14T09:42:11+00:00 NOTICE Email "customer_completed_order" for order #10287 not sent: email type is disabled CONTEXT: {"email_type":"customer_completed_order","status":"disabled","recipient":"guest","order":10287}
2026-09-14T09:42:12+00:00 NOTICE Email "customer_completed_order" for order #9938 not sent: email type is disabled CONTEXT: {"email_type":"customer_completed_order","status":"disabled","recipient":"guest","order":9938}
2026-09-14T09:42:30+00:00 NOTICE Email "customer_completed_order" for order #9865 not sent: email type is disabled CONTEXT: {"email_type":"customer_completed_order","status":"disabled","recipient":"guest","order":9865}
2026-09-14T09:42:30+00:00 NOTICE Email "customer_completed_order" for order #7526 not sent: email type is disabled CONTEXT: {"email_type":"customer_completed_order","status":"disabled","recipient":"guest","order":7526}
2026-09-14T09:42:30+00:00 NOTICE Email "customer_completed_order" for order #9892 not sent: email type is disabled CONTEXT: {"email_type":"customer_completed_order","status":"disabled","recipient":"guest","order":9892}
2026-09-14T09:42:55+00:00 INFO Email "cancelled_order" for order #10350 sent CONTEXT: {"email_type":"cancelled_order","status":"sent","recipient":"guest","order":10350}
2026-09-14T09:43:13+00:00 INFO Email "cancelled_order" for order #10397 sent CONTEXT: {"email_type":"cancelled_order","status":"sent","recipient":"guest","order":10397}
2026-09-14T09:43:17+00:00 INFO Email "cancelled_order" for order #10391 sent CONTEXT: {"email_type":"cancelled_order","status":"sent","recipient":"guest","order":10391}
2026-09-14T09:44:06+00:00 NOTICE Email "customer_completed_order" for order #10168 not sent: email type is disabled CONTEXT: {"email_type":"customer_completed_order","status":"disabled","recipient":"guest","order":10168}
2026-09-14T09:44:06+00:00 NOTICE Email "customer_completed_order" for order #10156 not sent: email type is disabled CONTEXT: {"email_type":"customer_completed_order","status":"disabled","recipient":"guest","order":10156}
2026-09-14T09:44:06+00:00 NOTICE Email "customer_completed_order" for order #9833 not sent: email type is disabled CONTEXT: {"email_type":"customer_completed_order","status":"disabled","recipient":"guest","order":9833}
2026-09-14T09:44:06+00:00 NOTICE Email "customer_completed_order" for order #10249 not sent: email type is disabled CONTEXT: {"email_type":"customer_completed_order","status":"disabled","recipient":"guest","order":10249}
2026-09-14T09:44:07+00:00 NOTICE Email "customer_completed_order" for order #10140 not sent: email type is disabled CONTEXT: {"email_type":"customer_completed_order","status":"disabled","recipient":"guest","order":10140}
2026-09-14T09:44:26+00:00 NOTICE Email "customer_completed_order" for order #10128 not sent: email type is disabled CONTEXT: {"email_type":"customer_completed_order","status":"disabled","recipient":"guest","order":10128}
2026-09-14T09:44:26+00:00 INFO Email "cancelled_order" for order #10356 sent CONTEXT: {"email_type":"cancelled_order","status":"sent","recipient":"guest","order":10356}
2026-09-14T09:44:43+00:00 NOTICE Email "customer_failed_order" for order #10320 not sent: email type is disabled CONTEXT: {"email_type":"customer_failed_order","status":"disabled","recipient":"guest","order":10320}
2026-09-14T09:44:47+00:00 NOTICE Email "customer_completed_order" for order #9766 not sent: email type is disabled CONTEXT: {"email_type":"customer_completed_order","status":"disabled","recipient":"guest","order":9766}
2026-09-14T09:45:00+00:00 NOTICE Email "customer_completed_order" for order #9900 not sent: email type is disabled CONTEXT: {"email_type":"customer_completed_order","status":"disabled","recipient":"guest","order":9900}
2026-09-14T09:45:37+00:00 INFO Email "cancelled_order" for order #10373 sent CONTEXT: {"email_type":"cancelled_order","status":"sent","recipient":"guest","order":10373}
2026-09-14T09:45:41+00:00 NOTICE Email "customer_completed_order" for order #7526 not sent: email type is disabled CONTEXT: {"email_type":"customer_completed_order","status":"disabled","recipient":"guest","order":7526}
2026-09-14T09:45:58+00:00 NOTICE Email "customer_completed_order" for order #9773 not sent: email type is disabled CONTEXT: {"email_type":"customer_completed_order","status":"disabled","recipient":"guest","order":9773}
2026-09-14T09:45:58+00:00 NOTICE Email "customer_completed_order" for order #9785 not sent: email type is disabled CONTEXT: {"email_type":"customer_completed_order","status":"disabled","recipient":"guest","order":9785}
2026-09-14T09:45:58+00:00 NOTICE Email "customer_completed_order" for order #9798 not sent: email type is disabled CONTEXT: {"email_type":"customer_completed_order","status":"disabled","recipient":"guest","order":9798}
2026-09-14T09:45:58+00:00 NOTICE Email "customer_completed_order" for order #9810 not sent: email type is disabled CONTEXT: {"email_type":"customer_completed_order","status":"disabled","recipient":"guest","order":9810}
2026-09-14T09:45:58+00:00 NOTICE Email "customer_completed_order" for order #9852 not sent: email type is disabled CONTEXT: {"email_type":"customer_completed_order","status":"disabled","recipient":"guest","order":9852}
2026-09-14T09:45:58+00:00 NOTICE Email "customer_completed_order" for order #9867 not sent: email type is disabled CONTEXT: {"email_type":"customer_completed_order","status":"disabled","recipient":"guest","order":9867}
2026-09-14T09:45:58+00:00 NOTICE Email "customer_completed_order" for order #9892 not sent: email type is disabled CONTEXT: {"email_type":"customer_completed_order","status":"disabled","recipient":"guest","order":9892}
2026-09-14T09:45:58+00:00 NOTICE Email "customer_completed_order" for order #9923 not sent: email type is disabled CONTEXT: {"email_type":"customer_completed_order","status":"disabled","recipient":"guest","order":9923}
2026-09-14T09:45:58+00:00 NOTICE Email "customer_completed_order" for order #9936 not sent: email type is disabled CONTEXT: {"email_type":"customer_completed_order","status":"disabled","recipient":"guest","order":9936}
2026-09-14T09:45:58+00:00 NOTICE Email "customer_completed_order" for order #9943 not sent: email type is disabled CONTEXT: {"email_type":"customer_completed_order","status":"disabled","recipient":"guest","order":9943}
2026-09-14T09:45:58+00:00 NOTICE Email "customer_completed_order" for order #9950 not sent: email type is disabled CONTEXT: {"email_type":"customer_completed_order","status":"disabled","recipient":"guest","order":9950}
2026-09-14T09:46:09+00:00 NOTICE Email "customer_completed_order" for order #10003 not sent: email type is disabled CONTEXT: {"email_type":"customer_completed_order","status":"disabled","recipient":"guest","order":10003}
2026-09-14T09:46:09+00:00 NOTICE Email "customer_completed_order" for order #10034 not sent: email type is disabled CONTEXT: {"email_type":"customer_completed_order","status":"disabled","recipient":"guest","order":10034}
2026-09-14T09:46:09+00:00 NOTICE Email "customer_completed_order" for order #10046 not sent: email type is disabled CONTEXT: {"email_type":"customer_completed_order","status":"disabled","recipient":"guest","order":10046}
2026-09-14T09:46:09+00:00 NOTICE Email "customer_completed_order" for order #10086 not sent: email type is disabled CONTEXT: {"email_type":"customer_completed_order","status":"disabled","recipient":"guest","order":10086}
2026-09-14T09:46:09+00:00 NOTICE Email "customer_completed_order" for order #10112 not sent: email type is disabled CONTEXT: {"email_type":"customer_completed_order","status":"disabled","recipient":"guest","order":10112}
2026-09-14T09:46:10+00:00 NOTICE Email "customer_completed_order" for order #10162 not sent: email type is disabled CONTEXT: {"email_type":"customer_completed_order","status":"disabled","recipient":"guest","order":10162}
2026-09-14T09:46:10+00:00 NOTICE Email "customer_completed_order" for order #10164 not sent: email type is disabled CONTEXT: {"email_type":"customer_completed_order","status":"disabled","recipient":"guest","order":10164}
2026-09-14T09:46:10+00:00 NOTICE Email "customer_completed_order" for order #10287 not sent: email type is disabled CONTEXT: {"email_type":"customer_completed_order","status":"disabled","recipient":"guest","order":10287}
2026-09-14T09:46:10+00:00 NOTICE Email "customer_failed_order" for order #10302 not sent: email type is disabled CONTEXT: {"email_type":"customer_failed_order","status":"disabled","recipient":"guest","order":10302}
2026-09-14T09:46:10+00:00 NOTICE Email "customer_completed_order" for order #10333 not sent: email type is disabled CONTEXT: {"email_type":"customer_completed_order","status":"disabled","recipient":"guest","order":10333}
2026-09-14T09:46:10+00:00 NOTICE Email "customer_completed_order" for order #10338 not sent: email type is disabled CONTEXT: {"email_type":"customer_completed_order","status":"disabled","recipient":"guest","order":10338}
2026-09-14T09:47:13+00:00 NOTICE Email "customer_completed_order" for order #9757 not sent: email type is disabled CONTEXT: {"email_type":"customer_completed_order","status":"disabled","recipient":"guest","order":9757}
2026-09-14T09:47:13+00:00 NOTICE Email "customer_completed_order" for order #9809 not sent: email type is disabled CONTEXT: {"email_type":"customer_completed_order","status":"disabled","recipient":"guest","order":9809}
2026-09-14T09:47:13+00:00 NOTICE Email "customer_completed_order" for order #9832 not sent: email type is disabled CONTEXT: {"email_type":"customer_completed_order","status":"disabled","recipient":"guest","order":9832}
2026-09-14T09:47:13+00:00 NOTICE Email "customer_completed_order" for order #9907 not sent: email type is disabled CONTEXT: {"email_type":"customer_completed_order","status":"disabled","recipient":"guest","order":9907}
2026-09-14T09:47:14+00:00 NOTICE Email "customer_completed_order" for order #9952 not sent: email type is disabled CONTEXT: {"email_type":"customer_completed_order","status":"disabled","recipient":"guest","order":9952}
2026-09-14T09:47:14+00:00 NOTICE Email "customer_completed_order" for order #9974 not sent: email type is disabled CONTEXT: {"email_type":"customer_completed_order","status":"disabled","recipient":"guest","order":9974}
2026-09-14T09:47:14+00:00 NOTICE Email "customer_completed_order" for order #9997 not sent: email type is disabled CONTEXT: {"email_type":"customer_completed_order","status":"disabled","recipient":"guest","order":9997}
2026-09-14T09:47:14+00:00 NOTICE Email "customer_completed_order" for order #10018 not sent: email type is disabled CONTEXT: {"email_type":"customer_completed_order","status":"disabled","recipient":"guest","order":10018}
2026-09-14T09:47:14+00:00 NOTICE Email "customer_completed_order" for order #10126 not sent: email type is disabled CONTEXT: {"email_type":"customer_completed_order","status":"disabled","recipient":"guest","order":10126}
2026-09-14T09:47:14+00:00 NOTICE Email "customer_completed_order" for order #10148 not sent: email type is disabled CONTEXT: {"email_type":"customer_completed_order","status":"disabled","recipient":"guest","order":10148}
2026-09-14T09:47:14+00:00 NOTICE Email "customer_completed_order" for order #10158 not sent: email type is disabled CONTEXT: {"email_type":"customer_completed_order","status":"disabled","recipient":"guest","order":10158}
2026-09-14T09:47:14+00:00 NOTICE Email "customer_completed_order" for order #10239 not sent: email type is disabled CONTEXT: {"email_type":"customer_completed_order","status":"disabled","recipient":"guest","order":10239}
2026-09-14T09:47:54+00:00 NOTICE Email "customer_note" for order #10614 not sent: email type is disabled CONTEXT: {"email_type":"customer_note","status":"disabled","recipient":"guest","order":10614}
2026-09-14T09:49:38+00:00 NOTICE Email "customer_failed_order" for order #10340 not sent: email type is disabled CONTEXT: {"email_type":"customer_failed_order","status":"disabled","recipient":"guest","order":10340}
2026-09-14T09:49:41+00:00 NOTICE Email "customer_failed_order" for order #10390 not sent: email type is disabled CONTEXT: {"email_type":"customer_failed_order","status":"disabled","recipient":"guest","order":10390}
2026-09-14T09:49:43+00:00 INFO Email "failed_order" for order #10340 sent CONTEXT: {"email_type":"failed_order","status":"sent","recipient":"guest","order":10340}
2026-09-14T09:49:46+00:00 INFO Email "failed_order" for order #10390 sent CONTEXT: {"email_type":"failed_order","status":"sent","recipient":"guest","order":10390}
2026-09-14T09:50:05+00:00 INFO Email "cancelled_order" for order #10397 sent CONTEXT: {"email_type":"cancelled_order","status":"sent","recipient":"guest","order":10397}
2026-09-14T09:50:23+00:00 INFO Email "cancelled_order" for order #10389 sent CONTEXT: {"email_type":"cancelled_order","status":"sent","recipient":"guest","order":10389}
2026-09-14T09:50:24+00:00 NOTICE Email "customer_failed_order" for order #10358 not sent: email type is disabled CONTEXT: {"email_type":"customer_failed_order","status":"disabled","recipient":"guest","order":10358}
2026-09-14T09:50:29+00:00 INFO Email "failed_order" for order #10358 sent CONTEXT: {"email_type":"failed_order","status":"sent","recipient":"guest","order":10358}
2026-09-14T09:50:35+00:00 INFO Email "cancelled_order" for order #10331 sent CONTEXT: {"email_type":"cancelled_order","status":"sent","recipient":"guest","order":10331}
2026-09-14T09:50:43+00:00 NOTICE Email "customer_completed_order" for order #9936 not sent: email type is disabled CONTEXT: {"email_type":"customer_completed_order","status":"disabled","recipient":"guest","order":9936}
2026-09-14T09:50:56+00:00 INFO Email "cancelled_order" for order #10337 sent CONTEXT: {"email_type":"cancelled_order","status":"sent","recipient":"guest","order":10337}
2026-09-14T09:50:56+00:00 INFO Email "cancelled_order" for order #10372 sent CONTEXT: {"email_type":"cancelled_order","status":"sent","recipient":"guest","order":10372}
2026-09-14T09:51:01+00:00 INFO Email "cancelled_order" for order #10371 sent CONTEXT: {"email_type":"cancelled_order","status":"sent","recipient":"guest","order":10371}
2026-09-14T09:52:08+00:00 NOTICE Email "customer_failed_order" for order #10208 not sent: email type is disabled CONTEXT: {"email_type":"customer_failed_order","status":"disabled","recipient":"guest","order":10208}
2026-09-14T09:52:13+00:00 INFO Email "cancelled_order" for order #10366 sent CONTEXT: {"email_type":"cancelled_order","status":"sent","recipient":"guest","order":10366}
2026-09-14T09:52:30+00:00 NOTICE Email "customer_failed_order" for order #10320 not sent: email type is disabled CONTEXT: {"email_type":"customer_failed_order","status":"disabled","recipient":"guest","order":10320}
2026-09-14T09:52:30+00:00 NOTICE Email "customer_completed_order" for order #9786 not sent: email type is disabled CONTEXT: {"email_type":"customer_completed_order","status":"disabled","recipient":"guest","order":9786}
2026-09-14T09:52:46+00:00 INFO Email "cancelled_order" for order #10373 sent CONTEXT: {"email_type":"cancelled_order","status":"sent","recipient":"guest","order":10373}
2026-09-14T09:53:03+00:00 NOTICE Email "customer_completed_order" for order #10200 not sent: email type is disabled CONTEXT: {"email_type":"customer_completed_order","status":"disabled","recipient":"guest","order":10200}
2026-09-14T09:53:18+00:00 NOTICE Email "customer_note" for order #10615 not sent: email type is disabled CONTEXT: {"email_type":"customer_note","status":"disabled","recipient":"guest","order":10615}
2026-09-14T09:53:24+00:00 INFO Email "cancelled_order" for order #10360 sent CONTEXT: {"email_type":"cancelled_order","status":"sent","recipient":"guest","order":10360}
2026-09-14T09:54:03+00:00 NOTICE Email "customer_completed_order" for order #9852 not sent: email type is disabled CONTEXT: {"email_type":"customer_completed_order","status":"disabled","recipient":"guest","order":9852}
2026-09-14T09:54:09+00:00 INFO Email "cancelled_order" for order #10369 sent CONTEXT: {"email_type":"cancelled_order","status":"sent","recipient":"guest","order":10369}
2026-09-14T09:54:15+00:00 NOTICE Email "customer_completed_order" for order #10239 not sent: email type is disabled CONTEXT: {"email_type":"customer_completed_order","status":"disabled","recipient":"guest","order":10239}
2026-09-14T09:54:20+00:00 NOTICE Email "customer_completed_order" for order #9809 not sent: email type is disabled CONTEXT: {"email_type":"customer_completed_order","status":"disabled","recipient":"guest","order":9809}
2026-09-14T09:54:20+00:00 NOTICE Email "customer_completed_order" for order #9798 not sent: email type is disabled CONTEXT: {"email_type":"customer_completed_order","status":"disabled","recipient":"guest","order":9798}
2026-09-14T09:54:25+00:00 NOTICE Email "customer_completed_order" for order #9757 not sent: email type is disabled CONTEXT: {"email_type":"customer_completed_order","status":"disabled","recipient":"guest","order":9757}
2026-09-14T09:54:35+00:00 NOTICE Email "customer_completed_order" for order #10197 not sent: email type is disabled CONTEXT: {"email_type":"customer_completed_order","status":"disabled","recipient":"guest","order":10197}
2026-09-14T09:54:45+00:00 NOTICE Email "customer_completed_order" for order #10338 not sent: email type is disabled CONTEXT: {"email_type":"customer_completed_order","status":"disabled","recipient":"guest","order":10338}
2026-09-14T09:54:45+00:00 NOTICE Email "customer_completed_order" for order #10333 not sent: email type is disabled CONTEXT: {"email_type":"customer_completed_order","status":"disabled","recipient":"guest","order":10333}
2026-09-14T09:55:11+00:00 NOTICE Email "customer_completed_order" for order #10018 not sent: email type is disabled CONTEXT: {"email_type":"customer_completed_order","status":"disabled","recipient":"guest","order":10018}
2026-09-14T09:55:12+00:00 INFO Email "cancelled_order" for order #10370 sent CONTEXT: {"email_type":"cancelled_order","status":"sent","recipient":"guest","order":10370}
2026-09-14T09:55:17+00:00 NOTICE Email "customer_completed_order" for order #10289 not sent: email type is disabled CONTEXT: {"email_type":"customer_completed_order","status":"disabled","recipient":"guest","order":10289}
2026-09-14T09:55:29+00:00 NOTICE Email "customer_completed_order" for order #9832 not sent: email type is disabled CONTEXT: {"email_type":"customer_completed_order","status":"disabled","recipient":"guest","order":9832}
2026-09-14T09:55:30+00:00 NOTICE Email "customer_completed_order" for order #9943 not sent: email type is disabled CONTEXT: {"email_type":"customer_completed_order","status":"disabled","recipient":"guest","order":9943}
2026-09-14T09:55:30+00:00 NOTICE Email "customer_completed_order" for order #10112 not sent: email type is disabled CONTEXT: {"email_type":"customer_completed_order","status":"disabled","recipient":"guest","order":10112}
2026-09-14T09:55:47+00:00 NOTICE Email "customer_completed_order" for order #9950 not sent: email type is disabled CONTEXT: {"email_type":"customer_completed_order","status":"disabled","recipient":"guest","order":9950}
2026-09-14T09:55:47+00:00 NOTICE Email "customer_failed_order" for order #10340 not sent: email type is disabled CONTEXT: {"email_type":"customer_failed_order","status":"disabled","recipient":"guest","order":10340}
2026-09-14T09:55:52+00:00 INFO Email "failed_order" for order #10340 sent CONTEXT: {"email_type":"failed_order","status":"sent","recipient":"guest","order":10340}
2026-09-14T09:56:12+00:00 NOTICE Email "customer_failed_order" for order #10390 not sent: email type is disabled CONTEXT: {"email_type":"customer_failed_order","status":"disabled","recipient":"guest","order":10390}
2026-09-14T09:56:18+00:00 INFO Email "failed_order" for order #10390 sent CONTEXT: {"email_type":"failed_order","status":"sent","recipient":"guest","order":10390}
2026-09-14T09:59:09+00:00 INFO Email "cancelled_order" for order #10369 sent CONTEXT: {"email_type":"cancelled_order","status":"sent","recipient":"guest","order":10369}
2026-09-14T09:59:46+00:00 NOTICE Email "customer_failed_order" for order #10388 not sent: email type is disabled CONTEXT: {"email_type":"customer_failed_order","status":"disabled","recipient":"guest","order":10388}
2026-09-14T09:59:51+00:00 INFO Email "failed_order" for order #10388 sent CONTEXT: {"email_type":"failed_order","status":"sent","recipient":"guest","order":10388}
2026-09-14T10:00:33+00:00 NOTICE Email "customer_completed_order" for order #10333 not sent: email type is disabled CONTEXT: {"email_type":"customer_completed_order","status":"disabled","recipient":"guest","order":10333}
2026-09-14T10:00:44+00:00 NOTICE Email "customer_completed_order" for order #10338 not sent: email type is disabled CONTEXT: {"email_type":"customer_completed_order","status":"disabled","recipient":"guest","order":10338}
2026-09-14T10:00:58+00:00 NOTICE Email "customer_completed_order" for order #10126 not sent: email type is disabled CONTEXT: {"email_type":"customer_completed_order","status":"disabled","recipient":"guest","order":10126}
2026-09-14T10:01:04+00:00 NOTICE Email "customer_completed_order" for order #9757 not sent: email type is disabled CONTEXT: {"email_type":"customer_completed_order","status":"disabled","recipient":"guest","order":9757}
2026-09-14T10:01:05+00:00 NOTICE Email "customer_completed_order" for order #9798 not sent: email type is disabled CONTEXT: {"email_type":"customer_completed_order","status":"disabled","recipient":"guest","order":9798}
2026-09-14T10:01:05+00:00 NOTICE Email "customer_completed_order" for order #9810 not sent: email type is disabled CONTEXT: {"email_type":"customer_completed_order","status":"disabled","recipient":"guest","order":9810}
2026-09-14T10:01:05+00:00 NOTICE Email "customer_completed_order" for order #9832 not sent: email type is disabled CONTEXT: {"email_type":"customer_completed_order","status":"disabled","recipient":"guest","order":9832}
2026-09-14T10:01:05+00:00 NOTICE Email "customer_completed_order" for order #9851 not sent: email type is disabled CONTEXT: {"email_type":"customer_completed_order","status":"disabled","recipient":"guest","order":9851}
2026-09-14T10:01:05+00:00 NOTICE Email "customer_completed_order" for order #9852 not sent: email type is disabled CONTEXT: {"email_type":"customer_completed_order","status":"disabled","recipient":"guest","order":9852}
2026-09-14T10:01:05+00:00 NOTICE Email "customer_completed_order" for order #9952 not sent: email type is disabled CONTEXT: {"email_type":"customer_completed_order","status":"disabled","recipient":"guest","order":9952}
2026-09-14T10:01:10+00:00 NOTICE Email "customer_completed_order" for order #9997 not sent: email type is disabled CONTEXT: {"email_type":"customer_completed_order","status":"disabled","recipient":"guest","order":9997}
2026-09-14T10:01:16+00:00 NOTICE Email "customer_completed_order" for order #9974 not sent: email type is disabled CONTEXT: {"email_type":"customer_completed_order","status":"disabled","recipient":"guest","order":9974}
2026-09-14T10:01:16+00:00 NOTICE Email "customer_completed_order" for order #10018 not sent: email type is disabled CONTEXT: {"email_type":"customer_completed_order","status":"disabled","recipient":"guest","order":10018}
2026-09-14T10:01:16+00:00 NOTICE Email "customer_completed_order" for order #10046 not sent: email type is disabled CONTEXT: {"email_type":"customer_completed_order","status":"disabled","recipient":"guest","order":10046}
2026-09-14T10:01:17+00:00 NOTICE Email "customer_completed_order" for order #10141 not sent: email type is disabled CONTEXT: {"email_type":"customer_completed_order","status":"disabled","recipient":"guest","order":10141}
2026-09-14T10:01:17+00:00 NOTICE Email "customer_completed_order" for order #10148 not sent: email type is disabled CONTEXT: {"email_type":"customer_completed_order","status":"disabled","recipient":"guest","order":10148}
2026-09-14T10:01:17+00:00 NOTICE Email "customer_completed_order" for order #10158 not sent: email type is disabled CONTEXT: {"email_type":"customer_completed_order","status":"disabled","recipient":"guest","order":10158}
2026-09-14T10:01:17+00:00 NOTICE Email "customer_completed_order" for order #10197 not sent: email type is disabled CONTEXT: {"email_type":"customer_completed_order","status":"disabled","recipient":"guest","order":10197}
2026-09-14T10:01:17+00:00 NOTICE Email "customer_completed_order" for order #10200 not sent: email type is disabled CONTEXT: {"email_type":"customer_completed_order","status":"disabled","recipient":"guest","order":10200}
2026-09-14T10:01:18+00:00 NOTICE Email "customer_completed_order" for order #10327 not sent: email type is disabled CONTEXT: {"email_type":"customer_completed_order","status":"disabled","recipient":"guest","order":10327}
2026-09-14T10:01:18+00:00 NOTICE Email "customer_completed_order" for order #10333 not sent: email type is disabled CONTEXT: {"email_type":"customer_completed_order","status":"disabled","recipient":"guest","order":10333}
2026-09-14T10:01:21+00:00 NOTICE Email "customer_completed_order" for order #9809 not sent: email type is disabled CONTEXT: {"email_type":"customer_completed_order","status":"disabled","recipient":"guest","order":9809}
2026-09-14T10:01:44+00:00 NOTICE Email "customer_completed_order" for order #10239 not sent: email type is disabled CONTEXT: {"email_type":"customer_completed_order","status":"disabled","recipient":"guest","order":10239}
2026-09-14T10:02:09+00:00 NOTICE Email "customer_completed_order" for order #9784 not sent: email type is disabled CONTEXT: {"email_type":"customer_completed_order","status":"disabled","recipient":"guest","order":9784}
2026-09-14T10:02:39+00:00 NOTICE Email "customer_completed_order" for order #9833 not sent: email type is disabled CONTEXT: {"email_type":"customer_completed_order","status":"disabled","recipient":"guest","order":9833}
2026-09-14T10:02:39+00:00 NOTICE Email "customer_completed_order" for order #10128 not sent: email type is disabled CONTEXT: {"email_type":"customer_completed_order","status":"disabled","recipient":"guest","order":10128}
2026-09-14T10:02:39+00:00 NOTICE Email "customer_completed_order" for order #10140 not sent: email type is disabled CONTEXT: {"email_type":"customer_completed_order","status":"disabled","recipient":"guest","order":10140}
2026-09-14T10:02:39+00:00 NOTICE Email "customer_completed_order" for order #10156 not sent: email type is disabled CONTEXT: {"email_type":"customer_completed_order","status":"disabled","recipient":"guest","order":10156}
2026-09-14T10:02:39+00:00 NOTICE Email "customer_completed_order" for order #10168 not sent: email type is disabled CONTEXT: {"email_type":"customer_completed_order","status":"disabled","recipient":"guest","order":10168}
2026-09-14T10:02:40+00:00 NOTICE Email "customer_completed_order" for order #10249 not sent: email type is disabled CONTEXT: {"email_type":"customer_completed_order","status":"disabled","recipient":"guest","order":10249}
2026-09-14T10:02:45+00:00 INFO Email "cancelled_order" for order #10356 sent CONTEXT: {"email_type":"cancelled_order","status":"sent","recipient":"guest","order":10356}
2026-09-14T10:03:01+00:00 NOTICE Email "customer_completed_order" for order #9766 not sent: email type is disabled CONTEXT: {"email_type":"customer_completed_order","status":"disabled","recipient":"guest","order":9766}
2026-09-14T10:03:03+00:00 INFO Email "cancelled_order" for order #10606 sent CONTEXT: {"email_type":"cancelled_order","status":"sent","recipient":"guest","order":10606}
2026-09-14T10:03:07+00:00 INFO Email "cancelled_order" for order #10607 sent CONTEXT: {"email_type":"cancelled_order","status":"sent","recipient":"guest","order":10607}
2026-09-14T10:03:10+00:00 NOTICE Email "customer_completed_order" for order #9892 not sent: email type is disabled CONTEXT: {"email_type":"customer_completed_order","status":"disabled","recipient":"guest","order":9892}
2026-09-14T10:03:12+00:00 INFO Email "cancelled_order" for order #10613 sent CONTEXT: {"email_type":"cancelled_order","status":"sent","recipient":"guest","order":10613}
2026-09-14T10:03:17+00:00 INFO Email "cancelled_order" for order #10614 sent CONTEXT: {"email_type":"cancelled_order","status":"sent","recipient":"guest","order":10614}
2026-09-14T10:03:22+00:00 INFO Email "new_order" for order #10617 sent CONTEXT: {"email_type":"new_order","status":"sent","recipient":"guest","order":10617}
2026-09-14T10:03:22+00:00 NOTICE Email "customer_processing_order" for order #10617 not sent: email type is disabled CONTEXT: {"email_type":"customer_processing_order","status":"disabled","recipient":"guest","order":10617}
2026-09-14T10:03:22+00:00 NOTICE Email "customer_note" for order #10617 not sent: email type is disabled CONTEXT: {"email_type":"customer_note","status":"disabled","recipient":"guest","order":10617}
2026-09-14T10:03:22+00:00 NOTICE Email "customer_note" for order #10617 not sent: email type is disabled CONTEXT: {"email_type":"customer_note","status":"disabled","recipient":"guest","order":10617}
2026-09-14T10:03:22+00:00 NOTICE Email "customer_note" for order #10618 not sent: email type is disabled CONTEXT: {"email_type":"customer_note","status":"disabled","recipient":"guest","order":10618}
2026-09-14T10:03:28+00:00 INFO Email "cancelled_order" for order #10397 sent CONTEXT: {"email_type":"cancelled_order","status":"sent","recipient":"guest","order":10397}
2026-09-14T10:04:14+00:00 INFO Email "cancelled_order" for order #10370 sent CONTEXT: {"email_type":"cancelled_order","status":"sent","recipient":"guest","order":10370}
2026-09-14T10:04:21+00:00 INFO Email "new_order" for order #10616 sent CONTEXT: {"email_type":"new_order","status":"sent","recipient":"guest","order":10616}
2026-09-14T10:04:21+00:00 NOTICE Email "customer_processing_order" for order #10616 not sent: email type is disabled CONTEXT: {"email_type":"customer_processing_order","status":"disabled","recipient":"guest","order":10616}
2026-09-14T10:04:23+00:00 INFO Email "cancelled_order" for order #10350 sent CONTEXT: {"email_type":"cancelled_order","status":"sent","recipient":"guest","order":10350}
2026-09-14T10:06:21+00:00 NOTICE Email "customer_failed_order" for order #10358 not sent: email type is disabled CONTEXT: {"email_type":"customer_failed_order","status":"disabled","recipient":"guest","order":10358}
2026-09-14T10:06:26+00:00 INFO Email "failed_order" for order #10358 sent CONTEXT: {"email_type":"failed_order","status":"sent","recipient":"guest","order":10358}
2026-09-14T10:06:27+00:00 INFO Email "cancelled_order" for order #10337 sent CONTEXT: {"email_type":"cancelled_order","status":"sent","recipient":"guest","order":10337}
2026-09-14T10:06:40+00:00 NOTICE Email "customer_note" for order #10620 not sent: email type is disabled CONTEXT: {"email_type":"customer_note","status":"disabled","recipient":"guest","order":10620}
2026-09-14T10:06:45+00:00 INFO Email "cancelled_order" for order #10389 sent CONTEXT: {"email_type":"cancelled_order","status":"sent","recipient":"guest","order":10389}
2026-09-14T10:06:47+00:00 INFO Email "cancelled_order" for order #10372 sent CONTEXT: {"email_type":"cancelled_order","status":"sent","recipient":"guest","order":10372}
2026-09-14T10:07:09+00:00 NOTICE Email "customer_note" for order #10622 not sent: email type is disabled CONTEXT: {"email_type":"customer_note","status":"disabled","recipient":"guest","order":10622}
2026-09-14T10:07:23+00:00 NOTICE Email "customer_failed_order" for order #10208 not sent: email type is disabled CONTEXT: {"email_type":"customer_failed_order","status":"disabled","recipient":"guest","order":10208}
2026-09-14T10:07:26+00:00 INFO Email "cancelled_order" for order #10332 sent CONTEXT: {"email_type":"cancelled_order","status":"sent","recipient":"guest","order":10332}
2026-09-14T10:07:36+00:00 NOTICE Email "customer_completed_order" for order #9997 not sent: email type is disabled CONTEXT: {"email_type":"customer_completed_order","status":"disabled","recipient":"guest","order":9997}
2026-09-14T10:07:55+00:00 NOTICE Email "customer_completed_order" for order #10338 not sent: email type is disabled CONTEXT: {"email_type":"customer_completed_order","status":"disabled","recipient":"guest","order":10338}
2026-09-14T10:08:00+00:00 INFO Email "new_order" for order #10621 sent CONTEXT: {"email_type":"new_order","status":"sent","recipient":"guest","order":10621}
2026-09-14T10:08:00+00:00 NOTICE Email "customer_processing_order" for order #10621 not sent: email type is disabled CONTEXT: {"email_type":"customer_processing_order","status":"disabled","recipient":"guest","order":10621}
2026-09-14T10:08:09+00:00 INFO Email "cancelled_order" for order #10391 sent CONTEXT: {"email_type":"cancelled_order","status":"sent","recipient":"guest","order":10391}
2026-09-14T10:08:17+00:00 INFO Email "cancelled_order" for order #10331 sent CONTEXT: {"email_type":"cancelled_order","status":"sent","recipient":"guest","order":10331}
2026-09-14T10:08:29+00:00 INFO Email "new_order" for order #10620 sent CONTEXT: {"email_type":"new_order","status":"sent","recipient":"guest","order":10620}
2026-09-14T10:08:29+00:00 NOTICE Email "customer_processing_order" for order #10620 not sent: email type is disabled CONTEXT: {"email_type":"customer_processing_order","status":"disabled","recipient":"guest","order":10620}
2026-09-14T10:08:29+00:00 NOTICE Email "customer_note" for order #10620 not sent: email type is disabled CONTEXT: {"email_type":"customer_note","status":"disabled","recipient":"guest","order":10620}
2026-09-14T10:09:32+00:00 NOTICE Email "customer_completed_order" for order #9865 not sent: email type is disabled CONTEXT: {"email_type":"customer_completed_order","status":"disabled","recipient":"guest","order":9865}
2026-09-14T10:09:32+00:00 NOTICE Email "customer_completed_order" for order #7526 not sent: email type is disabled CONTEXT: {"email_type":"customer_completed_order","status":"disabled","recipient":"guest","order":7526}
2026-09-14T10:09:32+00:00 NOTICE Email "customer_completed_order" for order #9938 not sent: email type is disabled CONTEXT: {"email_type":"customer_completed_order","status":"disabled","recipient":"guest","order":9938}
2026-09-14T10:09:49+00:00 NOTICE Email "customer_completed_order" for order #9867 not sent: email type is disabled CONTEXT: {"email_type":"customer_completed_order","status":"disabled","recipient":"guest","order":9867}
2026-09-14T10:09:50+00:00 NOTICE Email "customer_completed_order" for order #10287 not sent: email type is disabled CONTEXT: {"email_type":"customer_completed_order","status":"disabled","recipient":"guest","order":10287}
2026-09-14T10:09:50+00:00 NOTICE Email "customer_completed_order" for order #10086 not sent: email type is disabled CONTEXT: {"email_type":"customer_completed_order","status":"disabled","recipient":"guest","order":10086}
2026-09-14T10:10:08+00:00 NOTICE Email "customer_completed_order" for order #9923 not sent: email type is disabled CONTEXT: {"email_type":"customer_completed_order","status":"disabled","recipient":"guest","order":9923}
2026-09-14T10:10:31+00:00 INFO Email "new_order" for order #10622 sent CONTEXT: {"email_type":"new_order","status":"sent","recipient":"guest","order":10622}
2026-09-14T10:10:31+00:00 NOTICE Email "customer_processing_order" for order #10622 not sent: email type is disabled CONTEXT: {"email_type":"customer_processing_order","status":"disabled","recipient":"guest","order":10622}
2026-09-14T10:10:31+00:00 NOTICE Email "customer_note" for order #10622 not sent: email type is disabled CONTEXT: {"email_type":"customer_note","status":"disabled","recipient":"guest","order":10622}
2026-09-14T10:10:46+00:00 NOTICE Email "customer_completed_order" for order #9907 not sent: email type is disabled CONTEXT: {"email_type":"customer_completed_order","status":"disabled","recipient":"guest","order":9907}
2026-09-14T10:10:46+00:00 NOTICE Email "customer_completed_order" for order #9936 not sent: email type is disabled CONTEXT: {"email_type":"customer_completed_order","status":"disabled","recipient":"guest","order":9936}
2026-09-14T10:10:46+00:00 NOTICE Email "customer_completed_order" for order #7976 not sent: email type is disabled CONTEXT: {"email_type":"customer_completed_order","status":"disabled","recipient":"guest","order":7976}
2026-09-14T10:12:53+00:00 NOTICE Email "customer_completed_order" for order #10197 not sent: email type is disabled CONTEXT: {"email_type":"customer_completed_order","status":"disabled","recipient":"guest","order":10197}
2026-09-14T10:12:53+00:00 NOTICE Email "customer_completed_order" for order #10126 not sent: email type is disabled CONTEXT: {"email_type":"customer_completed_order","status":"disabled","recipient":"guest","order":10126}
2026-09-14T10:12:53+00:00 NOTICE Email "customer_completed_order" for order #9997 not sent: email type is disabled CONTEXT: {"email_type":"customer_completed_order","status":"disabled","recipient":"guest","order":9997}
2026-09-14T10:13:08+00:00 INFO Email "cancelled_order" for order #10370 sent CONTEXT: {"email_type":"cancelled_order","status":"sent","recipient":"guest","order":10370}
2026-09-14T10:13:11+00:00 NOTICE Email "customer_completed_order" for order #9900 not sent: email type is disabled CONTEXT: {"email_type":"customer_completed_order","status":"disabled","recipient":"guest","order":9900}
2026-09-14T10:13:45+00:00 NOTICE Email "customer_failed_order" for order #10320 not sent: email type is disabled CONTEXT: {"email_type":"customer_failed_order","status":"disabled","recipient":"guest","order":10320}
2026-09-14T10:13:45+00:00 NOTICE Email "customer_completed_order" for order #9786 not sent: email type is disabled CONTEXT: {"email_type":"customer_completed_order","status":"disabled","recipient":"guest","order":9786}
2026-09-14T10:14:08+00:00 NOTICE Email "customer_note" for order #10623 not sent: email type is disabled CONTEXT: {"email_type":"customer_note","status":"disabled","recipient":"guest","order":10623}
2026-09-14T10:14:20+00:00 NOTICE Email "customer_completed_order" for order #10018 not sent: email type is disabled CONTEXT: {"email_type":"customer_completed_order","status":"disabled","recipient":"guest","order":10018}
2026-09-14T10:14:37+00:00 NOTICE Email "customer_completed_order" for order #10289 not sent: email type is disabled CONTEXT: {"email_type":"customer_completed_order","status":"disabled","recipient":"guest","order":10289}
2026-09-14T10:15:29+00:00 NOTICE Email "customer_completed_order" for order #9867 not sent: email type is disabled CONTEXT: {"email_type":"customer_completed_order","status":"disabled","recipient":"guest","order":9867}
2026-09-14T10:15:29+00:00 NOTICE Email "customer_completed_order" for order #10162 not sent: email type is disabled CONTEXT: {"email_type":"customer_completed_order","status":"disabled","recipient":"guest","order":10162}
2026-09-14T10:15:29+00:00 NOTICE Email "customer_completed_order" for order #10003 not sent: email type is disabled CONTEXT: {"email_type":"customer_completed_order","status":"disabled","recipient":"guest","order":10003}
2026-09-14T10:15:49+00:00 NOTICE Email "customer_completed_order" for order #9938 not sent: email type is disabled CONTEXT: {"email_type":"customer_completed_order","status":"disabled","recipient":"guest","order":9938}
2026-09-14T10:16:06+00:00 NOTICE Email "customer_note" for order #10624 not sent: email type is disabled CONTEXT: {"email_type":"customer_note","status":"disabled","recipient":"guest","order":10624}
2026-09-14T10:16:07+00:00 NOTICE Email "customer_completed_order" for order #7526 not sent: email type is disabled CONTEXT: {"email_type":"customer_completed_order","status":"disabled","recipient":"guest","order":7526}
2026-09-14T10:16:24+00:00 NOTICE Email "customer_completed_order" for order #10158 not sent: email type is disabled CONTEXT: {"email_type":"customer_completed_order","status":"disabled","recipient":"guest","order":10158}
2026-09-14T10:16:41+00:00 NOTICE Email "customer_failed_order" for order #10302 not sent: email type is disabled CONTEXT: {"email_type":"customer_failed_order","status":"disabled","recipient":"guest","order":10302}
2026-09-14T10:17:00+00:00 NOTICE Email "customer_completed_order" for order #10046 not sent: email type is disabled CONTEXT: {"email_type":"customer_completed_order","status":"disabled","recipient":"guest","order":10046}
2026-09-14T10:17:34+00:00 NOTICE Email "customer_completed_order" for order #9832 not sent: email type is disabled CONTEXT: {"email_type":"customer_completed_order","status":"disabled","recipient":"guest","order":9832}
2026-09-14T10:17:54+00:00 NOTICE Email "customer_completed_order" for order #10164 not sent: email type is disabled CONTEXT: {"email_type":"customer_completed_order","status":"disabled","recipient":"guest","order":10164}
2026-09-14T10:17:54+00:00 NOTICE Email "customer_completed_order" for order #10112 not sent: email type is disabled CONTEXT: {"email_type":"customer_completed_order","status":"disabled","recipient":"guest","order":10112}
2026-09-14T10:18:30+00:00 NOTICE Email "customer_completed_order" for order #9785 not sent: email type is disabled CONTEXT: {"email_type":"customer_completed_order","status":"disabled","recipient":"guest","order":9785}
2026-09-14T10:18:30+00:00 NOTICE Email "customer_completed_order" for order #9833 not sent: email type is disabled CONTEXT: {"email_type":"customer_completed_order","status":"disabled","recipient":"guest","order":9833}
2026-09-14T10:18:31+00:00 NOTICE Email "customer_completed_order" for order #9900 not sent: email type is disabled CONTEXT: {"email_type":"customer_completed_order","status":"disabled","recipient":"guest","order":9900}
2026-09-14T10:18:31+00:00 NOTICE Email "customer_completed_order" for order #9936 not sent: email type is disabled CONTEXT: {"email_type":"customer_completed_order","status":"disabled","recipient":"guest","order":9936}
2026-09-14T10:18:32+00:00 NOTICE Email "customer_completed_order" for order #9943 not sent: email type is disabled CONTEXT: {"email_type":"customer_completed_order","status":"disabled","recipient":"guest","order":9943}
2026-09-14T10:18:32+00:00 NOTICE Email "customer_completed_order" for order #9950 not sent: email type is disabled CONTEXT: {"email_type":"customer_completed_order","status":"disabled","recipient":"guest","order":9950}
2026-09-14T10:18:32+00:00 NOTICE Email "customer_completed_order" for order #10018 not sent: email type is disabled CONTEXT: {"email_type":"customer_completed_order","status":"disabled","recipient":"guest","order":10018}
2026-09-14T10:18:33+00:00 NOTICE Email "customer_completed_order" for order #10034 not sent: email type is disabled CONTEXT: {"email_type":"customer_completed_order","status":"disabled","recipient":"guest","order":10034}
2026-09-14T10:18:35+00:00 NOTICE Email "customer_completed_order" for order #10338 not sent: email type is disabled CONTEXT: {"email_type":"customer_completed_order","status":"disabled","recipient":"guest","order":10338}
2026-09-14T10:18:41+00:00 INFO Email "cancelled_order" for order #10360 sent CONTEXT: {"email_type":"cancelled_order","status":"sent","recipient":"guest","order":10360}
2026-09-14T10:19:04+00:00 NOTICE Email "customer_note" for order #10625 not sent: email type is disabled CONTEXT: {"email_type":"customer_note","status":"disabled","recipient":"guest","order":10625}
2026-09-14T10:19:19+00:00 INFO Email "cancelled_order" for order #10366 sent CONTEXT: {"email_type":"cancelled_order","status":"sent","recipient":"guest","order":10366}
2026-09-14T10:21:53+00:00 NOTICE Email "customer_completed_order" for order #9851 not sent: email type is disabled CONTEXT: {"email_type":"customer_completed_order","status":"disabled","recipient":"guest","order":9851}
2026-09-14T10:22:11+00:00 NOTICE Email "customer_completed_order" for order #9974 not sent: email type is disabled CONTEXT: {"email_type":"customer_completed_order","status":"disabled","recipient":"guest","order":9974}
2026-09-14T10:22:11+00:00 NOTICE Email "customer_completed_order" for order #10327 not sent: email type is disabled CONTEXT: {"email_type":"customer_completed_order","status":"disabled","recipient":"guest","order":10327}
2026-09-14T10:22:11+00:00 NOTICE Email "customer_completed_order" for order #10061 not sent: email type is disabled CONTEXT: {"email_type":"customer_completed_order","status":"disabled","recipient":"guest","order":10061}
2026-09-14T10:22:11+00:00 NOTICE Email "customer_completed_order" for order #9810 not sent: email type is disabled CONTEXT: {"email_type":"customer_completed_order","status":"disabled","recipient":"guest","order":9810}
2026-09-14T10:22:11+00:00 NOTICE Email "customer_completed_order" for order #9784 not sent: email type is disabled CONTEXT: {"email_type":"customer_completed_order","status":"disabled","recipient":"guest","order":9784}
2026-09-14T10:22:45+00:00 NOTICE Email "customer_failed_order" for order #10340 not sent: email type is disabled CONTEXT: {"email_type":"customer_failed_order","status":"disabled","recipient":"guest","order":10340}
2026-09-14T10:22:47+00:00 NOTICE Email "customer_completed_order" for order #10148 not sent: email type is disabled CONTEXT: {"email_type":"customer_completed_order","status":"disabled","recipient":"guest","order":10148}
2026-09-14T10:22:50+00:00 INFO Email "failed_order" for order #10340 sent CONTEXT: {"email_type":"failed_order","status":"sent","recipient":"guest","order":10340}
2026-09-14T10:23:04+00:00 NOTICE Email "customer_completed_order" for order #10141 not sent: email type is disabled CONTEXT: {"email_type":"customer_completed_order","status":"disabled","recipient":"guest","order":10141}
2026-09-14T10:23:27+00:00 NOTICE Email "customer_failed_order" for order #10388 not sent: email type is disabled CONTEXT: {"email_type":"customer_failed_order","status":"disabled","recipient":"guest","order":10388}
2026-09-14T10:23:32+00:00 INFO Email "failed_order" for order #10388 sent CONTEXT: {"email_type":"failed_order","status":"sent","recipient":"guest","order":10388}
2026-09-14T10:24:03+00:00 INFO Email "cancelled_order" for order #10332 sent CONTEXT: {"email_type":"cancelled_order","status":"sent","recipient":"guest","order":10332}
2026-09-14T10:24:45+00:00 NOTICE Email "customer_note" for order #10626 not sent: email type is disabled CONTEXT: {"email_type":"customer_note","status":"disabled","recipient":"guest","order":10626}
2026-09-14T10:24:45+00:00 NOTICE Email "customer_completed_order" for order #9851 not sent: email type is disabled CONTEXT: {"email_type":"customer_completed_order","status":"disabled","recipient":"guest","order":9851}
2026-09-14T10:25:04+00:00 NOTICE Email "customer_completed_order" for order #9852 not sent: email type is disabled CONTEXT: {"email_type":"customer_completed_order","status":"disabled","recipient":"guest","order":9852}
2026-09-14T10:25:04+00:00 NOTICE Email "customer_completed_order" for order #9952 not sent: email type is disabled CONTEXT: {"email_type":"customer_completed_order","status":"disabled","recipient":"guest","order":9952}
2026-09-14T10:25:08+00:00 NOTICE Email "customer_failed_order" for order #10390 not sent: email type is disabled CONTEXT: {"email_type":"customer_failed_order","status":"disabled","recipient":"guest","order":10390}
2026-09-14T10:25:13+00:00 INFO Email "failed_order" for order #10390 sent CONTEXT: {"email_type":"failed_order","status":"sent","recipient":"guest","order":10390}
2026-09-14T10:25:22+00:00 NOTICE Email "customer_completed_order" for order #9757 not sent: email type is disabled CONTEXT: {"email_type":"customer_completed_order","status":"disabled","recipient":"guest","order":9757}
2026-09-14T10:25:42+00:00 NOTICE Email "customer_completed_order" for order #10200 not sent: email type is disabled CONTEXT: {"email_type":"customer_completed_order","status":"disabled","recipient":"guest","order":10200}
2026-09-14T10:25:42+00:00 NOTICE Email "customer_completed_order" for order #10239 not sent: email type is disabled CONTEXT: {"email_type":"customer_completed_order","status":"disabled","recipient":"guest","order":10239}
2026-09-14T10:25:43+00:00 NOTICE Email "customer_completed_order" for order #9809 not sent: email type is disabled CONTEXT: {"email_type":"customer_completed_order","status":"disabled","recipient":"guest","order":9809}
2026-09-14T10:25:43+00:00 NOTICE Email "customer_completed_order" for order #9798 not sent: email type is disabled CONTEXT: {"email_type":"customer_completed_order","status":"disabled","recipient":"guest","order":9798}
2026-09-14T10:25:56+00:00 INFO Email "cancelled_order" for order #10370 sent CONTEXT: {"email_type":"cancelled_order","status":"sent","recipient":"guest","order":10370}
2026-09-14T10:26:00+00:00 NOTICE Email "customer_completed_order" for order #10249 not sent: email type is disabled CONTEXT: {"email_type":"customer_completed_order","status":"disabled","recipient":"guest","order":10249}
2026-09-14T10:28:13+00:00 NOTICE Email "customer_failed_order" for order #10208 not sent: email type is disabled CONTEXT: {"email_type":"customer_failed_order","status":"disabled","recipient":"guest","order":10208}
2026-09-14T10:28:25+00:00 INFO Email "cancelled_order" for order #10356 sent CONTEXT: {"email_type":"cancelled_order","status":"sent","recipient":"guest","order":10356}
2026-09-14T10:28:25+00:00 NOTICE Email "customer_completed_order" for order #10128 not sent: email type is disabled CONTEXT: {"email_type":"customer_completed_order","status":"disabled","recipient":"guest","order":10128}
2026-09-14T10:28:42+00:00 NOTICE Email "customer_completed_order" for order #10168 not sent: email type is disabled CONTEXT: {"email_type":"customer_completed_order","status":"disabled","recipient":"guest","order":10168}
2026-09-14T10:28:42+00:00 NOTICE Email "customer_completed_order" for order #10140 not sent: email type is disabled CONTEXT: {"email_type":"customer_completed_order","status":"disabled","recipient":"guest","order":10140}
2026-09-14T10:28:42+00:00 NOTICE Email "customer_completed_order" for order #9766 not sent: email type is disabled CONTEXT: {"email_type":"customer_completed_order","status":"disabled","recipient":"guest","order":9766}
2026-09-14T10:28:47+00:00 NOTICE Email "customer_note" for order #10625 not sent: email type is disabled CONTEXT: {"email_type":"customer_note","status":"disabled","recipient":"guest","order":10625}
2026-09-14T10:28:58+00:00 NOTICE Email "customer_completed_order" for order #9892 not sent: email type is disabled CONTEXT: {"email_type":"customer_completed_order","status":"disabled","recipient":"guest","order":9892}
2026-09-14T10:28:59+00:00 NOTICE Email "customer_completed_order" for order #10156 not sent: email type is disabled CONTEXT: {"email_type":"customer_completed_order","status":"disabled","recipient":"guest","order":10156}
2026-09-14T10:29:13+00:00 INFO Email "cancelled_order" for order #10397 sent CONTEXT: {"email_type":"cancelled_order","status":"sent","recipient":"guest","order":10397}
2026-09-14T10:29:28+00:00 NOTICE Email "customer_completed_order" for order #9798 not sent: email type is disabled CONTEXT: {"email_type":"customer_completed_order","status":"disabled","recipient":"guest","order":9798}
2026-09-14T10:29:29+00:00 NOTICE Email "customer_completed_order" for order #10239 not sent: email type is disabled CONTEXT: {"email_type":"customer_completed_order","status":"disabled","recipient":"guest","order":10239}
2026-09-14T10:29:32+00:00 INFO Email "cancelled_order" for order #10373 sent CONTEXT: {"email_type":"cancelled_order","status":"sent","recipient":"guest","order":10373}
2026-09-14T10:29:38+00:00 NOTICE Email "customer_completed_order" for order #10128 not sent: email type is disabled CONTEXT: {"email_type":"customer_completed_order","status":"disabled","recipient":"guest","order":10128}
2026-09-14T10:29:44+00:00 NOTICE Email "customer_completed_order" for order #10200 not sent: email type is disabled CONTEXT: {"email_type":"customer_completed_order","status":"disabled","recipient":"guest","order":10200}
2026-09-14T10:29:48+00:00 NOTICE Email "customer_completed_order" for order #7976 not sent: email type is disabled CONTEXT: {"email_type":"customer_completed_order","status":"disabled","recipient":"guest","order":7976}
2026-09-14T10:29:55+00:00 INFO Email "cancelled_order" for order #10350 sent CONTEXT: {"email_type":"cancelled_order","status":"sent","recipient":"guest","order":10350}
2026-09-14T10:29:55+00:00 INFO Email "cancelled_order" for order #10391 sent CONTEXT: {"email_type":"cancelled_order","status":"sent","recipient":"guest","order":10391}
2026-09-14T10:29:59+00:00 INFO Email "cancelled_order" for order #10371 sent CONTEXT: {"email_type":"cancelled_order","status":"sent","recipient":"guest","order":10371}
2026-09-14T10:30:02+00:00 NOTICE Email "customer_failed_order" for order #10320 not sent: email type is disabled CONTEXT: {"email_type":"customer_failed_order","status":"disabled","recipient":"guest","order":10320}
2026-09-14T10:30:04+00:00 INFO Email "cancelled_order" for order #10369 sent CONTEXT: {"email_type":"cancelled_order","status":"sent","recipient":"guest","order":10369}
2026-09-14T10:30:08+00:00 NOTICE Email "customer_completed_order" for order #10338 not sent: email type is disabled CONTEXT: {"email_type":"customer_completed_order","status":"disabled","recipient":"guest","order":10338}
2026-09-14T10:30:23+00:00 INFO Email "new_order" for order #10625 sent CONTEXT: {"email_type":"new_order","status":"sent","recipient":"guest","order":10625}
2026-09-14T10:30:23+00:00 NOTICE Email "customer_processing_order" for order #10625 not sent: email type is disabled CONTEXT: {"email_type":"customer_processing_order","status":"disabled","recipient":"guest","order":10625}
2026-09-14T10:30:23+00:00 NOTICE Email "customer_note" for order #10625 not sent: email type is disabled CONTEXT: {"email_type":"customer_note","status":"disabled","recipient":"guest","order":10625}
2026-09-14T10:30:25+00:00 NOTICE Email "customer_completed_order" for order #10333 not sent: email type is disabled CONTEXT: {"email_type":"customer_completed_order","status":"disabled","recipient":"guest","order":10333}
2026-09-14T10:30:25+00:00 NOTICE Email "customer_completed_order" for order #10287 not sent: email type is disabled CONTEXT: {"email_type":"customer_completed_order","status":"disabled","recipient":"guest","order":10287}
2026-09-14T10:30:25+00:00 NOTICE Email "customer_completed_order" for order #10086 not sent: email type is disabled CONTEXT: {"email_type":"customer_completed_order","status":"disabled","recipient":"guest","order":10086}
2026-09-14T10:33:15+00:00 NOTICE Email "customer_completed_order" for order #9757 not sent: email type is disabled CONTEXT: {"email_type":"customer_completed_order","status":"disabled","recipient":"guest","order":9757}
2026-09-14T10:33:15+00:00 NOTICE Email "customer_completed_order" for order #9773 not sent: email type is disabled CONTEXT: {"email_type":"customer_completed_order","status":"disabled","recipient":"guest","order":9773}
2026-09-14T10:33:15+00:00 NOTICE Email "customer_completed_order" for order #9784 not sent: email type is disabled CONTEXT: {"email_type":"customer_completed_order","status":"disabled","recipient":"guest","order":9784}
2026-09-14T10:33:16+00:00 NOTICE Email "customer_completed_order" for order #9785 not sent: email type is disabled CONTEXT: {"email_type":"customer_completed_order","status":"disabled","recipient":"guest","order":9785}
2026-09-14T10:33:16+00:00 NOTICE Email "customer_completed_order" for order #9786 not sent: email type is disabled CONTEXT: {"email_type":"customer_completed_order","status":"disabled","recipient":"guest","order":9786}
2026-09-14T10:33:16+00:00 NOTICE Email "customer_completed_order" for order #9900 not sent: email type is disabled CONTEXT: {"email_type":"customer_completed_order","status":"disabled","recipient":"guest","order":9900}
2026-09-14T10:33:16+00:00 NOTICE Email "customer_completed_order" for order #9907 not sent: email type is disabled CONTEXT: {"email_type":"customer_completed_order","status":"disabled","recipient":"guest","order":9907}
2026-09-14T10:33:16+00:00 NOTICE Email "customer_completed_order" for order #9923 not sent: email type is disabled CONTEXT: {"email_type":"customer_completed_order","status":"disabled","recipient":"guest","order":9923}
2026-09-14T10:33:18+00:00 NOTICE Email "customer_completed_order" for order #10249 not sent: email type is disabled CONTEXT: {"email_type":"customer_completed_order","status":"disabled","recipient":"guest","order":10249}
2026-09-14T10:33:19+00:00 NOTICE Email "customer_completed_order" for order #10327 not sent: email type is disabled CONTEXT: {"email_type":"customer_completed_order","status":"disabled","recipient":"guest","order":10327}
2026-09-14T10:34:03+00:00 INFO Email "cancelled_order" for order #10618 sent CONTEXT: {"email_type":"cancelled_order","status":"sent","recipient":"guest","order":10618}
2026-09-14T10:34:08+00:00 INFO Email "cancelled_order" for order #10619 sent CONTEXT: {"email_type":"cancelled_order","status":"sent","recipient":"guest","order":10619}
2026-09-14T10:36:41+00:00 NOTICE Email "customer_note" for order #10629 not sent: email type is disabled CONTEXT: {"email_type":"customer_note","status":"disabled","recipient":"guest","order":10629}
2026-09-14T10:37:47+00:00 NOTICE Email "customer_completed_order" for order #10061 not sent: email type is disabled CONTEXT: {"email_type":"customer_completed_order","status":"disabled","recipient":"guest","order":10061}
2026-09-14T10:38:09+00:00 NOTICE Email "customer_completed_order" for order #9936 not sent: email type is disabled CONTEXT: {"email_type":"customer_completed_order","status":"disabled","recipient":"guest","order":9936}
2026-09-14T10:38:21+00:00 NOTICE Email "customer_completed_order" for order #10003 not sent: email type is disabled CONTEXT: {"email_type":"customer_completed_order","status":"disabled","recipient":"guest","order":10003}
2026-09-14T10:38:44+00:00 NOTICE Email "customer_completed_order" for order #9950 not sent: email type is disabled CONTEXT: {"email_type":"customer_completed_order","status":"disabled","recipient":"guest","order":9950}
2026-09-14T10:38:59+00:00 INFO Email "cancelled_order" for order #10360 sent CONTEXT: {"email_type":"cancelled_order","status":"sent","recipient":"guest","order":10360}
2026-09-14T10:39:24+00:00 INFO Email "new_order" for order #10629 sent CONTEXT: {"email_type":"new_order","status":"sent","recipient":"guest","order":10629}
2026-09-14T10:39:24+00:00 NOTICE Email "customer_processing_order" for order #10629 not sent: email type is disabled CONTEXT: {"email_type":"customer_processing_order","status":"disabled","recipient":"guest","order":10629}
2026-09-14T10:39:24+00:00 NOTICE Email "customer_note" for order #10629 not sent: email type is disabled CONTEXT: {"email_type":"customer_note","status":"disabled","recipient":"guest","order":10629}
2026-09-14T10:40:37+00:00 NOTICE Email "customer_note" for order #10631 not sent: email type is disabled CONTEXT: {"email_type":"customer_note","status":"disabled","recipient":"guest","order":10631}
2026-09-14T10:42:06+00:00 INFO Email "cancelled_order" for order #10337 sent CONTEXT: {"email_type":"cancelled_order","status":"sent","recipient":"guest","order":10337}
2026-09-14T10:42:15+00:00 INFO Email "cancelled_order" for order #10373 sent CONTEXT: {"email_type":"cancelled_order","status":"sent","recipient":"guest","order":10373}
2026-09-14T10:42:48+00:00 INFO Email "cancelled_order" for order #10391 sent CONTEXT: {"email_type":"cancelled_order","status":"sent","recipient":"guest","order":10391}
2026-09-14T10:43:40+00:00 NOTICE Email "customer_failed_order" for order #10358 not sent: email type is disabled CONTEXT: {"email_type":"customer_failed_order","status":"disabled","recipient":"guest","order":10358}
2026-09-14T10:43:45+00:00 INFO Email "failed_order" for order #10358 sent CONTEXT: {"email_type":"failed_order","status":"sent","recipient":"guest","order":10358}
2026-09-14T10:44:13+00:00 NOTICE Email "customer_failed_order" for order #10388 not sent: email type is disabled CONTEXT: {"email_type":"customer_failed_order","status":"disabled","recipient":"guest","order":10388}
2026-09-14T10:44:18+00:00 INFO Email "failed_order" for order #10388 sent CONTEXT: {"email_type":"failed_order","status":"sent","recipient":"guest","order":10388}
2026-09-14T10:44:27+00:00 NOTICE Email "customer_failed_order" for order #10340 not sent: email type is disabled CONTEXT: {"email_type":"customer_failed_order","status":"disabled","recipient":"guest","order":10340}
2026-09-14T10:44:32+00:00 INFO Email "failed_order" for order #10340 sent CONTEXT: {"email_type":"failed_order","status":"sent","recipient":"guest","order":10340}
2026-09-14T10:44:58+00:00 INFO Email "cancelled_order" for order #10332 sent CONTEXT: {"email_type":"cancelled_order","status":"sent","recipient":"guest","order":10332}
2026-09-14T10:45:56+00:00 NOTICE Email "customer_completed_order" for order #10158 not sent: email type is disabled CONTEXT: {"email_type":"customer_completed_order","status":"disabled","recipient":"guest","order":10158}
2026-09-14T10:46:16+00:00 INFO Email "cancelled_order" for order #10331 sent CONTEXT: {"email_type":"cancelled_order","status":"sent","recipient":"guest","order":10331}
2026-09-14T10:46:29+00:00 NOTICE Email "customer_completed_order" for order #9773 not sent: email type is disabled CONTEXT: {"email_type":"customer_completed_order","status":"disabled","recipient":"guest","order":9773}
2026-09-14T10:46:32+00:00 INFO Email "cancelled_order" for order #10371 sent CONTEXT: {"email_type":"cancelled_order","status":"sent","recipient":"guest","order":10371}
2026-09-14T10:46:35+00:00 INFO Email "cancelled_order" for order #10370 sent CONTEXT: {"email_type":"cancelled_order","status":"sent","recipient":"guest","order":10370}
2026-09-14T10:46:38+00:00 INFO Email "cancelled_order" for order #10372 sent CONTEXT: {"email_type":"cancelled_order","status":"sent","recipient":"guest","order":10372}
2026-09-14T10:46:41+00:00 INFO Email "cancelled_order" for order #10366 sent CONTEXT: {"email_type":"cancelled_order","status":"sent","recipient":"guest","order":10366}
2026-09-14T10:46:46+00:00 INFO Email "cancelled_order" for order #10389 sent CONTEXT: {"email_type":"cancelled_order","status":"sent","recipient":"guest","order":10389}
2026-09-14T10:46:47+00:00 NOTICE Email "customer_completed_order" for order #9974 not sent: email type is disabled CONTEXT: {"email_type":"customer_completed_order","status":"disabled","recipient":"guest","order":9974}
2026-09-14T10:46:53+00:00 NOTICE Email "customer_completed_order" for order #9950 not sent: email type is disabled CONTEXT: {"email_type":"customer_completed_order","status":"disabled","recipient":"guest","order":9950}
2026-09-14T10:47:04+00:00 NOTICE Email "customer_completed_order" for order #9784 not sent: email type is disabled CONTEXT: {"email_type":"customer_completed_order","status":"disabled","recipient":"guest","order":9784}
2026-09-14T10:47:10+00:00 NOTICE Email "customer_completed_order" for order #9865 not sent: email type is disabled CONTEXT: {"email_type":"customer_completed_order","status":"disabled","recipient":"guest","order":9865}
2026-09-14T10:47:22+00:00 INFO Email "cancelled_order" for order #10351 sent CONTEXT: {"email_type":"cancelled_order","status":"sent","recipient":"guest","order":10351}
2026-09-14T10:47:30+00:00 NOTICE Email "customer_completed_order" for order #10112 not sent: email type is disabled CONTEXT: {"email_type":"customer_completed_order","status":"disabled","recipient":"guest","order":10112}
2026-09-14T10:47:30+00:00 NOTICE Email "customer_completed_order" for order #10197 not sent: email type is disabled CONTEXT: {"email_type":"customer_completed_order","status":"disabled","recipient":"guest","order":10197}
2026-09-14T10:47:30+00:00 NOTICE Email "customer_completed_order" for order #10162 not sent: email type is disabled CONTEXT: {"email_type":"customer_completed_order","status":"disabled","recipient":"guest","order":10162}
2026-09-14T10:47:30+00:00 NOTICE Email "customer_completed_order" for order #9867 not sent: email type is disabled CONTEXT: {"email_type":"customer_completed_order","status":"disabled","recipient":"guest","order":9867}
2026-09-14T10:47:48+00:00 NOTICE Email "customer_completed_order" for order #10126 not sent: email type is disabled CONTEXT: {"email_type":"customer_completed_order","status":"disabled","recipient":"guest","order":10126}
2026-09-14T10:47:48+00:00 NOTICE Email "customer_completed_order" for order #9997 not sent: email type is disabled CONTEXT: {"email_type":"customer_completed_order","status":"disabled","recipient":"guest","order":9997}
2026-09-14T10:47:48+00:00 NOTICE Email "customer_completed_order" for order #10034 not sent: email type is disabled CONTEXT: {"email_type":"customer_completed_order","status":"disabled","recipient":"guest","order":10034}
2026-09-14T10:47:51+00:00 NOTICE Email "customer_completed_order" for order #10046 not sent: email type is disabled CONTEXT: {"email_type":"customer_completed_order","status":"disabled","recipient":"guest","order":10046}
2026-09-14T10:48:01+00:00 NOTICE Email "customer_failed_order" for order #10302 not sent: email type is disabled CONTEXT: {"email_type":"customer_failed_order","status":"disabled","recipient":"guest","order":10302}
2026-09-14T10:48:08+00:00 NOTICE Email "customer_completed_order" for order #9943 not sent: email type is disabled CONTEXT: {"email_type":"customer_completed_order","status":"disabled","recipient":"guest","order":9943}
2026-09-14T10:48:08+00:00 NOTICE Email "customer_completed_order" for order #10289 not sent: email type is disabled CONTEXT: {"email_type":"customer_completed_order","status":"disabled","recipient":"guest","order":10289}
2026-09-14T10:48:10+00:00 NOTICE Email "customer_completed_order" for order #10200 not sent: email type is disabled CONTEXT: {"email_type":"customer_completed_order","status":"disabled","recipient":"guest","order":10200}
2026-09-14T10:48:26+00:00 INFO Email "cancelled_order" for order #10356 sent CONTEXT: {"email_type":"cancelled_order","status":"sent","recipient":"guest","order":10356}
2026-09-14T10:48:26+00:00 NOTICE Email "customer_completed_order" for order #10148 not sent: email type is disabled CONTEXT: {"email_type":"customer_completed_order","status":"disabled","recipient":"guest","order":10148}
2026-09-14T10:48:26+00:00 NOTICE Email "customer_completed_order" for order #10141 not sent: email type is disabled CONTEXT: {"email_type":"customer_completed_order","status":"disabled","recipient":"guest","order":10141}
2026-09-14T10:48:27+00:00 NOTICE Email "customer_completed_order" for order #9851 not sent: email type is disabled CONTEXT: {"email_type":"customer_completed_order","status":"disabled","recipient":"guest","order":9851}
2026-09-14T10:48:35+00:00 NOTICE Email "customer_completed_order" for order #9766 not sent: email type is disabled CONTEXT: {"email_type":"customer_completed_order","status":"disabled","recipient":"guest","order":9766}
2026-09-14T10:48:45+00:00 NOTICE Email "customer_completed_order" for order #10338 not sent: email type is disabled CONTEXT: {"email_type":"customer_completed_order","status":"disabled","recipient":"guest","order":10338}
2026-09-14T10:49:00+00:00 NOTICE Email "customer_completed_order" for order #9785 not sent: email type is disabled CONTEXT: {"email_type":"customer_completed_order","status":"disabled","recipient":"guest","order":9785}
2026-09-14T10:49:00+00:00 NOTICE Email "customer_completed_order" for order #9832 not sent: email type is disabled CONTEXT: {"email_type":"customer_completed_order","status":"disabled","recipient":"guest","order":9832}
2026-09-14T10:49:01+00:00 NOTICE Email "customer_completed_order" for order #9892 not sent: email type is disabled CONTEXT: {"email_type":"customer_completed_order","status":"disabled","recipient":"guest","order":9892}
2026-09-14T10:49:04+00:00 NOTICE Email "customer_completed_order" for order #10333 not sent: email type is disabled CONTEXT: {"email_type":"customer_completed_order","status":"disabled","recipient":"guest","order":10333}
2026-09-14T10:49:08+00:00 NOTICE Email "customer_completed_order" for order #10018 not sent: email type is disabled CONTEXT: {"email_type":"customer_completed_order","status":"disabled","recipient":"guest","order":10018}
2026-09-14T10:49:59+00:00 NOTICE Email "customer_note" for order #10634 not sent: email type is disabled CONTEXT: {"email_type":"customer_note","status":"disabled","recipient":"guest","order":10634}
2026-09-14T10:49:59+00:00 NOTICE Email "customer_completed_order" for order #9923 not sent: email type is disabled CONTEXT: {"email_type":"customer_completed_order","status":"disabled","recipient":"guest","order":9923}
2026-09-14T10:49:59+00:00 NOTICE Email "customer_completed_order" for order #10086 not sent: email type is disabled CONTEXT: {"email_type":"customer_completed_order","status":"disabled","recipient":"guest","order":10086}
2026-09-14T10:49:59+00:00 NOTICE Email "customer_completed_order" for order #10287 not sent: email type is disabled CONTEXT: {"email_type":"customer_completed_order","status":"disabled","recipient":"guest","order":10287}
2026-09-14T10:50:18+00:00 INFO Email "new_order" for order #10635 sent CONTEXT: {"email_type":"new_order","status":"sent","recipient":"guest","order":10635}
2026-09-14T10:50:18+00:00 NOTICE Email "customer_processing_order" for order #10635 not sent: email type is disabled CONTEXT: {"email_type":"customer_processing_order","status":"disabled","recipient":"guest","order":10635}
2026-09-14T10:51:26+00:00 INFO Email "cancelled_order" for order #10369 sent CONTEXT: {"email_type":"cancelled_order","status":"sent","recipient":"guest","order":10369}
2026-09-14T10:53:18+00:00 NOTICE Email "customer_completed_order" for order #9938 not sent: email type is disabled CONTEXT: {"email_type":"customer_completed_order","status":"disabled","recipient":"guest","order":9938}
2026-09-14T10:53:35+00:00 NOTICE Email "customer_completed_order" for order #7526 not sent: email type is disabled CONTEXT: {"email_type":"customer_completed_order","status":"disabled","recipient":"guest","order":7526}
2026-09-14T10:55:43+00:00 NOTICE Email "customer_completed_order" for order #9766 not sent: email type is disabled CONTEXT: {"email_type":"customer_completed_order","status":"disabled","recipient":"guest","order":9766}
2026-09-14T10:57:12+00:00 NOTICE Email "customer_completed_order" for order #10128 not sent: email type is disabled CONTEXT: {"email_type":"customer_completed_order","status":"disabled","recipient":"guest","order":10128}
2026-09-14T10:57:48+00:00 NOTICE Email "customer_completed_order" for order #10239 not sent: email type is disabled CONTEXT: {"email_type":"customer_completed_order","status":"disabled","recipient":"guest","order":10239}
2026-09-14T10:57:49+00:00 NOTICE Email "customer_completed_order" for order #9809 not sent: email type is disabled CONTEXT: {"email_type":"customer_completed_order","status":"disabled","recipient":"guest","order":9809}
2026-09-14T10:57:49+00:00 NOTICE Email "customer_completed_order" for order #9798 not sent: email type is disabled CONTEXT: {"email_type":"customer_completed_order","status":"disabled","recipient":"guest","order":9798}
2026-09-14T10:57:51+00:00 NOTICE Email "customer_completed_order" for order #10034 not sent: email type is disabled CONTEXT: {"email_type":"customer_completed_order","status":"disabled","recipient":"guest","order":10034}
2026-09-14T10:57:52+00:00 NOTICE Email "customer_completed_order" for order #9798 not sent: email type is disabled CONTEXT: {"email_type":"customer_completed_order","status":"disabled","recipient":"guest","order":9798}
2026-09-14T10:57:52+00:00 NOTICE Email "customer_completed_order" for order #9809 not sent: email type is disabled CONTEXT: {"email_type":"customer_completed_order","status":"disabled","recipient":"guest","order":9809}
2026-09-14T10:58:05+00:00 NOTICE Email "customer_completed_order" for order #10168 not sent: email type is disabled CONTEXT: {"email_type":"customer_completed_order","status":"disabled","recipient":"guest","order":10168}
2026-09-14T10:58:05+00:00 NOTICE Email "customer_completed_order" for order #10249 not sent: email type is disabled CONTEXT: {"email_type":"customer_completed_order","status":"disabled","recipient":"guest","order":10249}
2026-09-14T10:59:05+00:00 NOTICE Email "customer_completed_order" for order #10046 not sent: email type is disabled CONTEXT: {"email_type":"customer_completed_order","status":"disabled","recipient":"guest","order":10046}
2026-09-14T11:00:44+00:00 NOTICE Email "customer_completed_order" for order #9833 not sent: email type is disabled CONTEXT: {"email_type":"customer_completed_order","status":"disabled","recipient":"guest","order":9833}
2026-09-14T11:00:44+00:00 NOTICE Email "customer_completed_order" for order #10061 not sent: email type is disabled CONTEXT: {"email_type":"customer_completed_order","status":"disabled","recipient":"guest","order":10061}
2026-09-14T11:00:50+00:00 NOTICE Email "customer_completed_order" for order #10140 not sent: email type is disabled CONTEXT: {"email_type":"customer_completed_order","status":"disabled","recipient":"guest","order":10140}
2026-09-14T11:00:50+00:00 NOTICE Email "customer_completed_order" for order #9810 not sent: email type is disabled CONTEXT: {"email_type":"customer_completed_order","status":"disabled","recipient":"guest","order":9810}
2026-09-14T11:00:50+00:00 NOTICE Email "customer_completed_order" for order #9786 not sent: email type is disabled CONTEXT: {"email_type":"customer_completed_order","status":"disabled","recipient":"guest","order":9786}
2026-09-14T11:00:56+00:00 INFO Email "cancelled_order" for order #10332 sent CONTEXT: {"email_type":"cancelled_order","status":"sent","recipient":"guest","order":10332}
2026-09-14T11:01:02+00:00 NOTICE Email "customer_completed_order" for order #9907 not sent: email type is disabled CONTEXT: {"email_type":"customer_completed_order","status":"disabled","recipient":"guest","order":9907}
2026-09-14T11:01:02+00:00 NOTICE Email "customer_completed_order" for order #9852 not sent: email type is disabled CONTEXT: {"email_type":"customer_completed_order","status":"disabled","recipient":"guest","order":9852}
2026-09-14T11:01:11+00:00 NOTICE Email "customer_completed_order" for order #10327 not sent: email type is disabled CONTEXT: {"email_type":"customer_completed_order","status":"disabled","recipient":"guest","order":10327}
2026-09-14T11:01:11+00:00 NOTICE Email "customer_completed_order" for order #10003 not sent: email type is disabled CONTEXT: {"email_type":"customer_completed_order","status":"disabled","recipient":"guest","order":10003}
2026-09-14T11:01:19+00:00 NOTICE Email "customer_completed_order" for order #7976 not sent: email type is disabled CONTEXT: {"email_type":"customer_completed_order","status":"disabled","recipient":"guest","order":7976}
2026-09-14T11:01:19+00:00 NOTICE Email "customer_completed_order" for order #9952 not sent: email type is disabled CONTEXT: {"email_type":"customer_completed_order","status":"disabled","recipient":"guest","order":9952}
2026-09-14T11:01:31+00:00 INFO Email "cancelled_order" for order #10331 sent CONTEXT: {"email_type":"cancelled_order","status":"sent","recipient":"guest","order":10331}
2026-09-14T11:01:32+00:00 NOTICE Email "customer_completed_order" for order #9900 not sent: email type is disabled CONTEXT: {"email_type":"customer_completed_order","status":"disabled","recipient":"guest","order":9900}
2026-09-14T11:01:32+00:00 NOTICE Email "customer_completed_order" for order #10156 not sent: email type is disabled CONTEXT: {"email_type":"customer_completed_order","status":"disabled","recipient":"guest","order":10156}
2026-09-14T11:02:58+00:00 NOTICE Email "customer_failed_order" for order #10388 not sent: email type is disabled CONTEXT: {"email_type":"customer_failed_order","status":"disabled","recipient":"guest","order":10388}
2026-09-14T11:03:01+00:00 NOTICE Email "customer_completed_order" for order #9809 not sent: email type is disabled CONTEXT: {"email_type":"customer_completed_order","status":"disabled","recipient":"guest","order":9809}
2026-09-14T11:03:03+00:00 INFO Email "failed_order" for order #10388 sent CONTEXT: {"email_type":"failed_order","status":"sent","recipient":"guest","order":10388}
2026-09-14T11:03:09+00:00 INFO Email "cancelled_order" for order #10371 sent CONTEXT: {"email_type":"cancelled_order","status":"sent","recipient":"guest","order":10371}
2026-09-14T11:03:11+00:00 INFO Email "cancelled_order" for order #10370 sent CONTEXT: {"email_type":"cancelled_order","status":"sent","recipient":"guest","order":10370}
2026-09-14T11:03:16+00:00 INFO Email "cancelled_order" for order #10372 sent CONTEXT: {"email_type":"cancelled_order","status":"sent","recipient":"guest","order":10372}
2026-09-14T11:03:50+00:00 NOTICE Email "customer_completed_order" for order #9757 not sent: email type is disabled CONTEXT: {"email_type":"customer_completed_order","status":"disabled","recipient":"guest","order":9757}
2026-09-14T11:04:19+00:00 NOTICE Email "customer_completed_order" for order #10018 not sent: email type is disabled CONTEXT: {"email_type":"customer_completed_order","status":"disabled","recipient":"guest","order":10018}
2026-09-14T11:04:25+00:00 NOTICE Email "customer_completed_order" for order #9773 not sent: email type is disabled CONTEXT: {"email_type":"customer_completed_order","status":"disabled","recipient":"guest","order":9773}
2026-09-14T11:04:36+00:00 NOTICE Email "customer_completed_order" for order #10141 not sent: email type is disabled CONTEXT: {"email_type":"customer_completed_order","status":"disabled","recipient":"guest","order":10141}
2026-09-14T11:04:41+00:00 INFO Email "cancelled_order" for order #10366 sent CONTEXT: {"email_type":"cancelled_order","status":"sent","recipient":"guest","order":10366}
2026-09-14T11:04:43+00:00 INFO Email "cancelled_order" for order #10350 sent CONTEXT: {"email_type":"cancelled_order","status":"sent","recipient":"guest","order":10350}
2026-09-14T11:04:48+00:00 INFO Email "cancelled_order" for order #10351 sent CONTEXT: {"email_type":"cancelled_order","status":"sent","recipient":"guest","order":10351}
2026-09-14T11:04:52+00:00 NOTICE Email "customer_completed_order" for order #9950 not sent: email type is disabled CONTEXT: {"email_type":"customer_completed_order","status":"disabled","recipient":"guest","order":9950}
2026-09-14T11:05:21+00:00 INFO Email "cancelled_order" for order #10397 sent CONTEXT: {"email_type":"cancelled_order","status":"sent","recipient":"guest","order":10397}
2026-09-14T11:05:36+00:00 INFO Email "cancelled_order" for order #10369 sent CONTEXT: {"email_type":"cancelled_order","status":"sent","recipient":"guest","order":10369}
2026-09-14T11:05:46+00:00 NOTICE Email "customer_failed_order" for order #10358 not sent: email type is disabled CONTEXT: {"email_type":"customer_failed_order","status":"disabled","recipient":"guest","order":10358}
2026-09-14T11:05:51+00:00 INFO Email "failed_order" for order #10358 sent CONTEXT: {"email_type":"failed_order","status":"sent","recipient":"guest","order":10358}
2026-09-14T11:05:57+00:00 NOTICE Email "customer_failed_order" for order #10208 not sent: email type is disabled CONTEXT: {"email_type":"customer_failed_order","status":"disabled","recipient":"guest","order":10208}
2026-09-14T11:06:21+00:00 INFO Email "cancelled_order" for order #10337 sent CONTEXT: {"email_type":"cancelled_order","status":"sent","recipient":"guest","order":10337}
2026-09-14T11:06:22+00:00 NOTICE Email "customer_completed_order" for order #9892 not sent: email type is disabled CONTEXT: {"email_type":"customer_completed_order","status":"disabled","recipient":"guest","order":9892}
2026-09-14T11:06:22+00:00 NOTICE Email "customer_completed_order" for order #9900 not sent: email type is disabled CONTEXT: {"email_type":"customer_completed_order","status":"disabled","recipient":"guest","order":9900}
2026-09-14T11:06:24+00:00 NOTICE Email "customer_completed_order" for order #10126 not sent: email type is disabled CONTEXT: {"email_type":"customer_completed_order","status":"disabled","recipient":"guest","order":10126}
2026-09-14T11:06:25+00:00 NOTICE Email "customer_completed_order" for order #10239 not sent: email type is disabled CONTEXT: {"email_type":"customer_completed_order","status":"disabled","recipient":"guest","order":10239}
2026-09-14T11:06:25+00:00 NOTICE Email "customer_completed_order" for order #10249 not sent: email type is disabled CONTEXT: {"email_type":"customer_completed_order","status":"disabled","recipient":"guest","order":10249}
2026-09-14T11:07:07+00:00 INFO Email "cancelled_order" for order #10627 sent CONTEXT: {"email_type":"cancelled_order","status":"sent","recipient":"guest","order":10627}
2026-09-14T11:07:09+00:00 INFO Email "cancelled_order" for order #10370 sent CONTEXT: {"email_type":"cancelled_order","status":"sent","recipient":"guest","order":10370}
2026-09-14T11:07:10+00:00 NOTICE Email "customer_failed_order" for order #10390 not sent: email type is disabled CONTEXT: {"email_type":"customer_failed_order","status":"disabled","recipient":"guest","order":10390}
2026-09-14T11:07:15+00:00 INFO Email "failed_order" for order #10390 sent CONTEXT: {"email_type":"failed_order","status":"sent","recipient":"guest","order":10390}
2026-09-14T11:07:36+00:00 INFO Email "cancelled_order" for order #10391 sent CONTEXT: {"email_type":"cancelled_order","status":"sent","recipient":"guest","order":10391}
2026-09-14T11:07:38+00:00 INFO Email "cancelled_order" for order #10389 sent CONTEXT: {"email_type":"cancelled_order","status":"sent","recipient":"guest","order":10389}
2026-09-14T11:08:12+00:00 INFO Email "cancelled_order" for order #10373 sent CONTEXT: {"email_type":"cancelled_order","status":"sent","recipient":"guest","order":10373}
2026-09-14T11:09:01+00:00 NOTICE Email "customer_note" for order #10637 not sent: email type is disabled CONTEXT: {"email_type":"customer_note","status":"disabled","recipient":"guest","order":10637}
2026-09-14T11:09:41+00:00 INFO Email "cancelled_order" for order #10350 sent CONTEXT: {"email_type":"cancelled_order","status":"sent","recipient":"guest","order":10350}
2026-09-14T11:09:47+00:00 NOTICE Email "customer_completed_order" for order #9757 not sent: email type is disabled CONTEXT: {"email_type":"customer_completed_order","status":"disabled","recipient":"guest","order":9757}
2026-09-14T11:09:47+00:00 NOTICE Email "customer_completed_order" for order #9852 not sent: email type is disabled CONTEXT: {"email_type":"customer_completed_order","status":"disabled","recipient":"guest","order":9852}
2026-09-14T11:10:08+00:00 NOTICE Email "customer_completed_order" for order #7976 not sent: email type is disabled CONTEXT: {"email_type":"customer_completed_order","status":"disabled","recipient":"guest","order":7976}
2026-09-14T11:10:28+00:00 NOTICE Email "customer_completed_order" for order #9952 not sent: email type is disabled CONTEXT: {"email_type":"customer_completed_order","status":"disabled","recipient":"guest","order":9952}
2026-09-14T11:11:44+00:00 INFO Email "cancelled_order" for order #10332 sent CONTEXT: {"email_type":"cancelled_order","status":"sent","recipient":"guest","order":10332}
2026-09-14T11:12:25+00:00 NOTICE Email "customer_completed_order" for order #9785 not sent: email type is disabled CONTEXT: {"email_type":"customer_completed_order","status":"disabled","recipient":"guest","order":9785}
2026-09-14T11:12:25+00:00 NOTICE Email "customer_note" for order #10638 not sent: email type is disabled CONTEXT: {"email_type":"customer_note","status":"disabled","recipient":"guest","order":10638}
2026-09-14T11:12:35+00:00 NOTICE Email "customer_failed_order" for order #10208 not sent: email type is disabled CONTEXT: {"email_type":"customer_failed_order","status":"disabled","recipient":"guest","order":10208}
2026-09-14T11:12:43+00:00 NOTICE Email "customer_completed_order" for order #9997 not sent: email type is disabled CONTEXT: {"email_type":"customer_completed_order","status":"disabled","recipient":"guest","order":9997}
2026-09-14T11:13:03+00:00 NOTICE Email "customer_completed_order" for order #10140 not sent: email type is disabled CONTEXT: {"email_type":"customer_completed_order","status":"disabled","recipient":"guest","order":10140}
2026-09-14T11:13:15+00:00 INFO Email "cancelled_order" for order #10337 sent CONTEXT: {"email_type":"cancelled_order","status":"sent","recipient":"guest","order":10337}
2026-09-14T11:13:24+00:00 NOTICE Email "customer_completed_order" for order #9798 not sent: email type is disabled CONTEXT: {"email_type":"customer_completed_order","status":"disabled","recipient":"guest","order":9798}
2026-09-14T11:13:42+00:00 NOTICE Email "customer_completed_order" for order #9907 not sent: email type is disabled CONTEXT: {"email_type":"customer_completed_order","status":"disabled","recipient":"guest","order":9907}
2026-09-14T11:14:00+00:00 NOTICE Email "customer_completed_order" for order #9810 not sent: email type is disabled CONTEXT: {"email_type":"customer_completed_order","status":"disabled","recipient":"guest","order":9810}
2026-09-14T11:14:00+00:00 NOTICE Email "customer_completed_order" for order #9786 not sent: email type is disabled CONTEXT: {"email_type":"customer_completed_order","status":"disabled","recipient":"guest","order":9786}
2026-09-14T11:14:20+00:00 NOTICE Email "customer_completed_order" for order #10061 not sent: email type is disabled CONTEXT: {"email_type":"customer_completed_order","status":"disabled","recipient":"guest","order":10061}
2026-09-14T11:14:20+00:00 NOTICE Email "customer_completed_order" for order #10289 not sent: email type is disabled CONTEXT: {"email_type":"customer_completed_order","status":"disabled","recipient":"guest","order":10289}
2026-09-14T11:14:30+00:00 NOTICE Email "customer_completed_order" for order #7526 not sent: email type is disabled CONTEXT: {"email_type":"customer_completed_order","status":"disabled","recipient":"guest","order":7526}
2026-09-14T11:14:43+00:00 NOTICE Email "customer_completed_order" for order #7976 not sent: email type is disabled CONTEXT: {"email_type":"customer_completed_order","status":"disabled","recipient":"guest","order":7976}
2026-09-14T11:14:44+00:00 NOTICE Email "customer_completed_order" for order #9757 not sent: email type is disabled CONTEXT: {"email_type":"customer_completed_order","status":"disabled","recipient":"guest","order":9757}
2026-09-14T11:14:44+00:00 NOTICE Email "customer_completed_order" for order #9773 not sent: email type is disabled CONTEXT: {"email_type":"customer_completed_order","status":"disabled","recipient":"guest","order":9773}
2026-09-14T11:14:44+00:00 NOTICE Email "customer_completed_order" for order #9786 not sent: email type is disabled CONTEXT: {"email_type":"customer_completed_order","status":"disabled","recipient":"guest","order":9786}
2026-09-14T11:14:44+00:00 NOTICE Email "customer_completed_order" for order #9833 not sent: email type is disabled CONTEXT: {"email_type":"customer_completed_order","status":"disabled","recipient":"guest","order":9833}
2026-09-14T11:14:44+00:00 NOTICE Email "customer_completed_order" for order #9851 not sent: email type is disabled CONTEXT: {"email_type":"customer_completed_order","status":"disabled","recipient":"guest","order":9851}
2026-09-14T11:14:44+00:00 NOTICE Email "customer_completed_order" for order #9852 not sent: email type is disabled CONTEXT: {"email_type":"customer_completed_order","status":"disabled","recipient":"guest","order":9852}
2026-09-14T11:14:44+00:00 NOTICE Email "customer_completed_order" for order #9865 not sent: email type is disabled CONTEXT: {"email_type":"customer_completed_order","status":"disabled","recipient":"guest","order":9865}
2026-09-14T11:14:44+00:00 NOTICE Email "customer_completed_order" for order #9867 not sent: email type is disabled CONTEXT: {"email_type":"customer_completed_order","status":"disabled","recipient":"guest","order":9867}
2026-09-14T11:14:45+00:00 NOTICE Email "customer_completed_order" for order #9892 not sent: email type is disabled CONTEXT: {"email_type":"customer_completed_order","status":"disabled","recipient":"guest","order":9892}
2026-09-14T11:14:45+00:00 NOTICE Email "customer_completed_order" for order #9900 not sent: email type is disabled CONTEXT: {"email_type":"customer_completed_order","status":"disabled","recipient":"guest","order":9900}
2026-09-14T11:14:45+00:00 NOTICE Email "customer_completed_order" for order #9923 not sent: email type is disabled CONTEXT: {"email_type":"customer_completed_order","status":"disabled","recipient":"guest","order":9923}
2026-09-14T11:14:45+00:00 NOTICE Email "customer_completed_order" for order #9938 not sent: email type is disabled CONTEXT: {"email_type":"customer_completed_order","status":"disabled","recipient":"guest","order":9938}
2026-09-14T11:14:45+00:00 NOTICE Email "customer_completed_order" for order #9943 not sent: email type is disabled CONTEXT: {"email_type":"customer_completed_order","status":"disabled","recipient":"guest","order":9943}
2026-09-14T11:14:45+00:00 NOTICE Email "customer_completed_order" for order #9950 not sent: email type is disabled CONTEXT: {"email_type":"customer_completed_order","status":"disabled","recipient":"guest","order":9950}
2026-09-14T11:14:47+00:00 INFO Email "cancelled_order" for order #10360 sent CONTEXT: {"email_type":"cancelled_order","status":"sent","recipient":"guest","order":10360}
2026-09-14T11:14:54+00:00 NOTICE Email "customer_completed_order" for order #10003 not sent: email type is disabled CONTEXT: {"email_type":"customer_completed_order","status":"disabled","recipient":"guest","order":10003}
2026-09-14T11:14:55+00:00 NOTICE Email "customer_completed_order" for order #10197 not sent: email type is disabled CONTEXT: {"email_type":"customer_completed_order","status":"disabled","recipient":"guest","order":10197}
2026-09-14T11:14:55+00:00 NOTICE Email "customer_completed_order" for order #10162 not sent: email type is disabled CONTEXT: {"email_type":"customer_completed_order","status":"disabled","recipient":"guest","order":10162}
2026-09-14T11:14:57+00:00 NOTICE Email "customer_completed_order" for order #9974 not sent: email type is disabled CONTEXT: {"email_type":"customer_completed_order","status":"disabled","recipient":"guest","order":9974}
2026-09-14T11:14:58+00:00 NOTICE Email "customer_completed_order" for order #10018 not sent: email type is disabled CONTEXT: {"email_type":"customer_completed_order","status":"disabled","recipient":"guest","order":10018}
2026-09-14T11:14:58+00:00 NOTICE Email "customer_completed_order" for order #10061 not sent: email type is disabled CONTEXT: {"email_type":"customer_completed_order","status":"disabled","recipient":"guest","order":10061}
2026-09-14T11:14:58+00:00 NOTICE Email "customer_completed_order" for order #10086 not sent: email type is disabled CONTEXT: {"email_type":"customer_completed_order","status":"disabled","recipient":"guest","order":10086}
2026-09-14T11:14:58+00:00 NOTICE Email "customer_completed_order" for order #10112 not sent: email type is disabled CONTEXT: {"email_type":"customer_completed_order","status":"disabled","recipient":"guest","order":10112}
2026-09-14T11:14:58+00:00 NOTICE Email "customer_completed_order" for order #10148 not sent: email type is disabled CONTEXT: {"email_type":"customer_completed_order","status":"disabled","recipient":"guest","order":10148}
2026-09-14T11:14:59+00:00 NOTICE Email "customer_completed_order" for order #10156 not sent: email type is disabled CONTEXT: {"email_type":"customer_completed_order","status":"disabled","recipient":"guest","order":10156}
2026-09-14T11:14:59+00:00 NOTICE Email "customer_completed_order" for order #10158 not sent: email type is disabled CONTEXT: {"email_type":"customer_completed_order","status":"disabled","recipient":"guest","order":10158}
2026-09-14T11:14:59+00:00 NOTICE Email "customer_completed_order" for order #10200 not sent: email type is disabled CONTEXT: {"email_type":"customer_completed_order","status":"disabled","recipient":"guest","order":10200}
2026-09-14T11:14:59+00:00 NOTICE Email "customer_completed_order" for order #10287 not sent: email type is disabled CONTEXT: {"email_type":"customer_completed_order","status":"disabled","recipient":"guest","order":10287}
2026-09-14T11:14:59+00:00 NOTICE Email "customer_failed_order" for order #10302 not sent: email type is disabled CONTEXT: {"email_type":"customer_failed_order","status":"disabled","recipient":"guest","order":10302}
2026-09-14T11:14:59+00:00 NOTICE Email "customer_failed_order" for order #10320 not sent: email type is disabled CONTEXT: {"email_type":"customer_failed_order","status":"disabled","recipient":"guest","order":10320}
2026-09-14T11:14:59+00:00 NOTICE Email "customer_completed_order" for order #10327 not sent: email type is disabled CONTEXT: {"email_type":"customer_completed_order","status":"disabled","recipient":"guest","order":10327}
2026-09-14T11:14:59+00:00 NOTICE Email "customer_completed_order" for order #10333 not sent: email type is disabled CONTEXT: {"email_type":"customer_completed_order","status":"disabled","recipient":"guest","order":10333}
2026-09-14T11:15:05+00:00 INFO Email "cancelled_order" for order #10351 sent CONTEXT: {"email_type":"cancelled_order","status":"sent","recipient":"guest","order":10351}
2026-09-14T11:15:37+00:00 NOTICE Email "customer_completed_order" for order #9923 not sent: email type is disabled CONTEXT: {"email_type":"customer_completed_order","status":"disabled","recipient":"guest","order":9923}
2026-09-14T11:15:37+00:00 NOTICE Email "customer_completed_order" for order #10200 not sent: email type is disabled CONTEXT: {"email_type":"customer_completed_order","status":"disabled","recipient":"guest","order":10200}
2026-09-14T11:16:29+00:00 NOTICE Email "customer_completed_order" for order #9867 not sent: email type is disabled CONTEXT: {"email_type":"customer_completed_order","status":"disabled","recipient":"guest","order":9867}
2026-09-14T11:16:30+00:00 NOTICE Email "customer_completed_order" for order #10338 not sent: email type is disabled CONTEXT: {"email_type":"customer_completed_order","status":"disabled","recipient":"guest","order":10338}
2026-09-14T11:16:45+00:00 NOTICE Email "customer_completed_order" for order #9936 not sent: email type is disabled CONTEXT: {"email_type":"customer_completed_order","status":"disabled","recipient":"guest","order":9936}
2026-09-14T11:17:17+00:00 INFO Email "cancelled_order" for order #10337 sent CONTEXT: {"email_type":"cancelled_order","status":"sent","recipient":"guest","order":10337}
2026-09-14T11:17:18+00:00 NOTICE Email "customer_completed_order" for order #9757 not sent: email type is disabled CONTEXT: {"email_type":"customer_completed_order","status":"disabled","recipient":"guest","order":9757}
2026-09-14T11:17:20+00:00 NOTICE Email "customer_failed_order" for order #10208 not sent: email type is disabled CONTEXT: {"email_type":"customer_failed_order","status":"disabled","recipient":"guest","order":10208}
2026-09-14T11:17:21+00:00 NOTICE Email "customer_completed_order" for order #7526 not sent: email type is disabled CONTEXT: {"email_type":"customer_completed_order","status":"disabled","recipient":"guest","order":7526}
2026-09-14T11:17:31+00:00 NOTICE Email "customer_completed_order" for order #9865 not sent: email type is disabled CONTEXT: {"email_type":"customer_completed_order","status":"disabled","recipient":"guest","order":9865}
2026-09-14T11:17:32+00:00 INFO Email "cancelled_order" for order #10350 sent CONTEXT: {"email_type":"cancelled_order","status":"sent","recipient":"guest","order":10350}
2026-09-14T11:17:35+00:00 NOTICE Email "customer_completed_order" for order #9952 not sent: email type is disabled CONTEXT: {"email_type":"customer_completed_order","status":"disabled","recipient":"guest","order":9952}
2026-09-14T11:17:36+00:00 NOTICE Email "customer_completed_order" for order #7976 not sent: email type is disabled CONTEXT: {"email_type":"customer_completed_order","status":"disabled","recipient":"guest","order":7976}
2026-09-14T11:17:36+00:00 NOTICE Email "customer_completed_order" for order #10046 not sent: email type is disabled CONTEXT: {"email_type":"customer_completed_order","status":"disabled","recipient":"guest","order":10046}
2026-09-14T11:17:39+00:00 NOTICE Email "customer_completed_order" for order #9900 not sent: email type is disabled CONTEXT: {"email_type":"customer_completed_order","status":"disabled","recipient":"guest","order":9900}
2026-09-14T11:17:40+00:00 NOTICE Email "customer_completed_order" for order #10338 not sent: email type is disabled CONTEXT: {"email_type":"customer_completed_order","status":"disabled","recipient":"guest","order":10338}
2026-09-14T11:17:44+00:00 INFO Email "cancelled_order" for order #10356 sent CONTEXT: {"email_type":"cancelled_order","status":"sent","recipient":"guest","order":10356}
2026-09-14T11:17:53+00:00 NOTICE Email "customer_completed_order" for order #10128 not sent: email type is disabled CONTEXT: {"email_type":"customer_completed_order","status":"disabled","recipient":"guest","order":10128}
2026-09-14T11:17:53+00:00 NOTICE Email "customer_completed_order" for order #9832 not sent: email type is disabled CONTEXT: {"email_type":"customer_completed_order","status":"disabled","recipient":"guest","order":9832}
2026-09-14T11:17:54+00:00 INFO Email "cancelled_order" for order #10639 sent CONTEXT: {"email_type":"cancelled_order","status":"sent","recipient":"guest","order":10639}
2026-09-14T11:17:54+00:00 NOTICE Email "customer_completed_order" for order #10034 not sent: email type is disabled CONTEXT: {"email_type":"customer_completed_order","status":"disabled","recipient":"guest","order":10034}
2026-09-14T11:17:55+00:00 NOTICE Email "customer_completed_order" for order #9809 not sent: email type is disabled CONTEXT: {"email_type":"customer_completed_order","status":"disabled","recipient":"guest","order":9809}
2026-09-14T11:17:55+00:00 NOTICE Email "customer_completed_order" for order #9852 not sent: email type is disabled CONTEXT: {"email_type":"customer_completed_order","status":"disabled","recipient":"guest","order":9852}
2026-09-14T11:17:56+00:00 INFO Email "cancelled_order" for order #10332 sent CONTEXT: {"email_type":"cancelled_order","status":"sent","recipient":"guest","order":10332}
2026-09-14T11:18:00+00:00 INFO Email "cancelled_order" for order #10366 sent CONTEXT: {"email_type":"cancelled_order","status":"sent","recipient":"guest","order":10366}
2026-09-14T11:18:02+00:00 NOTICE Email "customer_completed_order" for order #9773 not sent: email type is disabled CONTEXT: {"email_type":"customer_completed_order","status":"disabled","recipient":"guest","order":9773}
2026-09-14T11:18:02+00:00 NOTICE Email "customer_completed_order" for order #9938 not sent: email type is disabled CONTEXT: {"email_type":"customer_completed_order","status":"disabled","recipient":"guest","order":9938}
2026-09-14T11:18:11+00:00 NOTICE Email "customer_completed_order" for order #10239 not sent: email type is disabled CONTEXT: {"email_type":"customer_completed_order","status":"disabled","recipient":"guest","order":10239}
2026-09-14T11:18:18+00:00 NOTICE Email "customer_completed_order" for order #10168 not sent: email type is disabled CONTEXT: {"email_type":"customer_completed_order","status":"disabled","recipient":"guest","order":10168}
2026-09-14T11:18:18+00:00 NOTICE Email "customer_completed_order" for order #10249 not sent: email type is disabled CONTEXT: {"email_type":"customer_completed_order","status":"disabled","recipient":"guest","order":10249}
2026-09-14T11:18:27+00:00 NOTICE Email "customer_completed_order" for order #9950 not sent: email type is disabled CONTEXT: {"email_type":"customer_completed_order","status":"disabled","recipient":"guest","order":9950}
2026-09-14T11:18:27+00:00 NOTICE Email "customer_completed_order" for order #9766 not sent: email type is disabled CONTEXT: {"email_type":"customer_completed_order","status":"disabled","recipient":"guest","order":9766}
2026-09-14T11:18:37+00:00 NOTICE Email "customer_completed_order" for order #9952 not sent: email type is disabled CONTEXT: {"email_type":"customer_completed_order","status":"disabled","recipient":"guest","order":9952}
2026-09-14T11:18:48+00:00 NOTICE Email "customer_failed_order" for order #10388 not sent: email type is disabled CONTEXT: {"email_type":"customer_failed_order","status":"disabled","recipient":"guest","order":10388}
2026-09-14T11:18:53+00:00 INFO Email "failed_order" for order #10388 sent CONTEXT: {"email_type":"failed_order","status":"sent","recipient":"guest","order":10388}
2026-09-14T11:18:57+00:00 NOTICE Email "customer_completed_order" for order #10162 not sent: email type is disabled CONTEXT: {"email_type":"customer_completed_order","status":"disabled","recipient":"guest","order":10162}
2026-09-14T11:18:57+00:00 NOTICE Email "customer_completed_order" for order #10197 not sent: email type is disabled CONTEXT: {"email_type":"customer_completed_order","status":"disabled","recipient":"guest","order":10197}
2026-09-14T11:19:08+00:00 NOTICE Email "customer_note" for order #10638 not sent: email type is disabled CONTEXT: {"email_type":"customer_note","status":"disabled","recipient":"guest","order":10638}
2026-09-14T11:19:10+00:00 INFO Email "cancelled_order" for order #10630 sent CONTEXT: {"email_type":"cancelled_order","status":"sent","recipient":"guest","order":10630}
2026-09-14T11:19:16+00:00 INFO Email "cancelled_order" for order #10391 sent CONTEXT: {"email_type":"cancelled_order","status":"sent","recipient":"guest","order":10391}
2026-09-14T11:19:17+00:00 NOTICE Email "customer_completed_order" for order #10333 not sent: email type is disabled CONTEXT: {"email_type":"customer_completed_order","status":"disabled","recipient":"guest","order":10333}
2026-09-14T11:19:30+00:00 INFO Email "cancelled_order" for order #10389 sent CONTEXT: {"email_type":"cancelled_order","status":"sent","recipient":"guest","order":10389}
2026-09-14T11:19:30+00:00 INFO Email "cancelled_order" for order #10369 sent CONTEXT: {"email_type":"cancelled_order","status":"sent","recipient":"guest","order":10369}
2026-09-14T11:19:36+00:00 NOTICE Email "customer_completed_order" for order #9784 not sent: email type is disabled CONTEXT: {"email_type":"customer_completed_order","status":"disabled","recipient":"guest","order":9784}
2026-09-14T11:19:36+00:00 NOTICE Email "customer_completed_order" for order #10018 not sent: email type is disabled CONTEXT: {"email_type":"customer_completed_order","status":"disabled","recipient":"guest","order":10018}
2026-09-14T11:19:50+00:00 NOTICE Email "customer_completed_order" for order #10003 not sent: email type is disabled CONTEXT: {"email_type":"customer_completed_order","status":"disabled","recipient":"guest","order":10003}
2026-09-14T11:19:50+00:00 NOTICE Email "customer_completed_order" for order #9785 not sent: email type is disabled CONTEXT: {"email_type":"customer_completed_order","status":"disabled","recipient":"guest","order":9785}
2026-09-14T11:19:53+00:00 INFO Email "cancelled_order" for order #10370 sent CONTEXT: {"email_type":"cancelled_order","status":"sent","recipient":"guest","order":10370}
2026-09-14T11:19:54+00:00 INFO Email "cancelled_order" for order #10371 sent CONTEXT: {"email_type":"cancelled_order","status":"sent","recipient":"guest","order":10371}
2026-09-14T11:19:54+00:00 NOTICE Email "customer_completed_order" for order #10141 not sent: email type is disabled CONTEXT: {"email_type":"customer_completed_order","status":"disabled","recipient":"guest","order":10141}
2026-09-14T11:20:09+00:00 NOTICE Email "customer_completed_order" for order #9997 not sent: email type is disabled CONTEXT: {"email_type":"customer_completed_order","status":"disabled","recipient":"guest","order":9997}
2026-09-14T11:20:14+00:00 INFO Email "cancelled_order" for order #10360 sent CONTEXT: {"email_type":"cancelled_order","status":"sent","recipient":"guest","order":10360}
2026-09-14T11:20:25+00:00 INFO Email "cancelled_order" for order #10331 sent CONTEXT: {"email_type":"cancelled_order","status":"sent","recipient":"guest","order":10331}
2026-09-14T11:21:00+00:00 NOTICE Email "customer_note" for order #10640 not sent: email type is disabled CONTEXT: {"email_type":"customer_note","status":"disabled","recipient":"guest","order":10640}
2026-09-14T11:21:20+00:00 NOTICE Email "customer_completed_order" for order #10126 not sent: email type is disabled CONTEXT: {"email_type":"customer_completed_order","status":"disabled","recipient":"guest","order":10126}
2026-09-14T11:21:21+00:00 NOTICE Email "customer_failed_order" for order #10302 not sent: email type is disabled CONTEXT: {"email_type":"customer_failed_order","status":"disabled","recipient":"guest","order":10302}
2026-09-14T11:21:40+00:00 NOTICE Email "customer_completed_order" for order #10140 not sent: email type is disabled CONTEXT: {"email_type":"customer_completed_order","status":"disabled","recipient":"guest","order":10140}
2026-09-14T11:21:51+00:00 INFO Email "cancelled_order" for order #10332 sent CONTEXT: {"email_type":"cancelled_order","status":"sent","recipient":"guest","order":10332}
2026-09-14T11:21:54+00:00 NOTICE Email "customer_completed_order" for order #9943 not sent: email type is disabled CONTEXT: {"email_type":"customer_completed_order","status":"disabled","recipient":"guest","order":9943}
2026-09-14T11:21:57+00:00 NOTICE Email "customer_completed_order" for order #9892 not sent: email type is disabled CONTEXT: {"email_type":"customer_completed_order","status":"disabled","recipient":"guest","order":9892}
2026-09-14T11:21:57+00:00 NOTICE Email "customer_completed_order" for order #10148 not sent: email type is disabled CONTEXT: {"email_type":"customer_completed_order","status":"disabled","recipient":"guest","order":10148}
2026-09-14T11:21:58+00:00 NOTICE Email "customer_completed_order" for order #9798 not sent: email type is disabled CONTEXT: {"email_type":"customer_completed_order","status":"disabled","recipient":"guest","order":9798}
2026-09-14T11:22:21+00:00 NOTICE Email "customer_completed_order" for order #9810 not sent: email type is disabled CONTEXT: {"email_type":"customer_completed_order","status":"disabled","recipient":"guest","order":9810}
2026-09-14T11:22:21+00:00 NOTICE Email "customer_completed_order" for order #9833 not sent: email type is disabled CONTEXT: {"email_type":"customer_completed_order","status":"disabled","recipient":"guest","order":9833}
2026-09-14T11:22:21+00:00 NOTICE Email "customer_completed_order" for order #9851 not sent: email type is disabled CONTEXT: {"email_type":"customer_completed_order","status":"disabled","recipient":"guest","order":9851}
2026-09-14T11:22:22+00:00 NOTICE Email "customer_completed_order" for order #9892 not sent: email type is disabled CONTEXT: {"email_type":"customer_completed_order","status":"disabled","recipient":"guest","order":9892}
2026-09-14T11:22:22+00:00 NOTICE Email "customer_completed_order" for order #9943 not sent: email type is disabled CONTEXT: {"email_type":"customer_completed_order","status":"disabled","recipient":"guest","order":9943}
2026-09-14T11:22:23+00:00 NOTICE Email "customer_completed_order" for order #9974 not sent: email type is disabled CONTEXT: {"email_type":"customer_completed_order","status":"disabled","recipient":"guest","order":9974}
2026-09-14T11:22:24+00:00 NOTICE Email "customer_completed_order" for order #10126 not sent: email type is disabled CONTEXT: {"email_type":"customer_completed_order","status":"disabled","recipient":"guest","order":10126}
2026-09-14T11:22:24+00:00 NOTICE Email "customer_completed_order" for order #10128 not sent: email type is disabled CONTEXT: {"email_type":"customer_completed_order","status":"disabled","recipient":"guest","order":10128}
2026-09-14T11:22:24+00:00 NOTICE Email "customer_completed_order" for order #10140 not sent: email type is disabled CONTEXT: {"email_type":"customer_completed_order","status":"disabled","recipient":"guest","order":10140}
2026-09-14T11:22:24+00:00 NOTICE Email "customer_completed_order" for order #10148 not sent: email type is disabled CONTEXT: {"email_type":"customer_completed_order","status":"disabled","recipient":"guest","order":10148}
2026-09-14T11:22:24+00:00 NOTICE Email "customer_completed_order" for order #10156 not sent: email type is disabled CONTEXT: {"email_type":"customer_completed_order","status":"disabled","recipient":"guest","order":10156}
2026-09-14T11:22:25+00:00 NOTICE Email "customer_completed_order" for order #10249 not sent: email type is disabled CONTEXT: {"email_type":"customer_completed_order","status":"disabled","recipient":"guest","order":10249}
2026-09-14T11:22:25+00:00 NOTICE Email "customer_completed_order" for order #10287 not sent: email type is disabled CONTEXT: {"email_type":"customer_completed_order","status":"disabled","recipient":"guest","order":10287}
2026-09-14T11:22:25+00:00 NOTICE Email "customer_completed_order" for order #10289 not sent: email type is disabled CONTEXT: {"email_type":"customer_completed_order","status":"disabled","recipient":"guest","order":10289}
2026-09-14T11:22:25+00:00 NOTICE Email "customer_failed_order" for order #10302 not sent: email type is disabled CONTEXT: {"email_type":"customer_failed_order","status":"disabled","recipient":"guest","order":10302}
2026-09-14T11:22:26+00:00 NOTICE Email "customer_completed_order" for order #10327 not sent: email type is disabled CONTEXT: {"email_type":"customer_completed_order","status":"disabled","recipient":"guest","order":10327}
2026-09-14T11:22:31+00:00 NOTICE Email "customer_completed_order" for order #9907 not sent: email type is disabled CONTEXT: {"email_type":"customer_completed_order","status":"disabled","recipient":"guest","order":9907}
2026-09-14T11:22:32+00:00 INFO Email "cancelled_order" for order #10351 sent CONTEXT: {"email_type":"cancelled_order","status":"sent","recipient":"guest","order":10351}
2026-09-14T11:22:43+00:00 NOTICE Email "customer_completed_order" for order #9766 not sent: email type is disabled CONTEXT: {"email_type":"customer_completed_order","status":"disabled","recipient":"guest","order":9766}
2026-09-14T11:23:01+00:00 INFO Email "new_order" for order #10640 sent CONTEXT: {"email_type":"new_order","status":"sent","recipient":"guest","order":10640}
2026-09-14T11:23:01+00:00 NOTICE Email "customer_processing_order" for order #10640 not sent: email type is disabled CONTEXT: {"email_type":"customer_processing_order","status":"disabled","recipient":"guest","order":10640}
2026-09-14T11:23:01+00:00 NOTICE Email "customer_note" for order #10640 not sent: email type is disabled CONTEXT: {"email_type":"customer_note","status":"disabled","recipient":"guest","order":10640}
2026-09-14T11:23:47+00:00 NOTICE Email "customer_completed_order" for order #10141 not sent: email type is disabled CONTEXT: {"email_type":"customer_completed_order","status":"disabled","recipient":"guest","order":10141}
2026-09-14T11:23:47+00:00 NOTICE Email "customer_completed_order" for order #9785 not sent: email type is disabled CONTEXT: {"email_type":"customer_completed_order","status":"disabled","recipient":"guest","order":9785}
2026-09-14T11:23:47+00:00 NOTICE Email "customer_completed_order" for order #10003 not sent: email type is disabled CONTEXT: {"email_type":"customer_completed_order","status":"disabled","recipient":"guest","order":10003}
2026-09-14T11:24:17+00:00 INFO Email "cancelled_order" for order #10371 sent CONTEXT: {"email_type":"cancelled_order","status":"sent","recipient":"guest","order":10371}
2026-09-14T11:24:35+00:00 INFO Email "cancelled_order" for order #10391 sent CONTEXT: {"email_type":"cancelled_order","status":"sent","recipient":"guest","order":10391}
2026-09-14T11:25:21+00:00 NOTICE Email "customer_completed_order" for order #10018 not sent: email type is disabled CONTEXT: {"email_type":"customer_completed_order","status":"disabled","recipient":"guest","order":10018}
2026-09-14T11:25:28+00:00 NOTICE Email "customer_failed_order" for order #10208 not sent: email type is disabled CONTEXT: {"email_type":"customer_failed_order","status":"disabled","recipient":"guest","order":10208}
2026-09-14T11:25:57+00:00 NOTICE Email "customer_completed_order" for order #10333 not sent: email type is disabled CONTEXT: {"email_type":"customer_completed_order","status":"disabled","recipient":"guest","order":10333}
2026-09-14T11:26:06+00:00 NOTICE Email "customer_failed_order" for order #10390 not sent: email type is disabled CONTEXT: {"email_type":"customer_failed_order","status":"disabled","recipient":"guest","order":10390}
2026-09-14T11:26:11+00:00 INFO Email "failed_order" for order #10390 sent CONTEXT: {"email_type":"failed_order","status":"sent","recipient":"guest","order":10390}
2026-09-14T11:26:14+00:00 NOTICE Email "customer_completed_order" for order #10112 not sent: email type is disabled CONTEXT: {"email_type":"customer_completed_order","status":"disabled","recipient":"guest","order":10112}
2026-09-14T11:26:33+00:00 NOTICE Email "customer_completed_order" for order #7976 not sent: email type is disabled CONTEXT: {"email_type":"customer_completed_order","status":"disabled","recipient":"guest","order":7976}
2026-09-14T11:27:07+00:00 NOTICE Email "customer_failed_order" for order #10320 not sent: email type is disabled CONTEXT: {"email_type":"customer_failed_order","status":"disabled","recipient":"guest","order":10320}
2026-09-14T11:27:08+00:00 NOTICE Email "customer_completed_order" for order #10061 not sent: email type is disabled CONTEXT: {"email_type":"customer_completed_order","status":"disabled","recipient":"guest","order":10061}
2026-09-14T11:27:25+00:00 NOTICE Email "customer_completed_order" for order #10289 not sent: email type is disabled CONTEXT: {"email_type":"customer_completed_order","status":"disabled","recipient":"guest","order":10289}
2026-09-14T11:29:16+00:00 NOTICE Email "customer_note" for order #10641 not sent: email type is disabled CONTEXT: {"email_type":"customer_note","status":"disabled","recipient":"guest","order":10641}
2026-09-14T11:29:25+00:00 NOTICE Email "customer_note" for order #10642 not sent: email type is disabled CONTEXT: {"email_type":"customer_note","status":"disabled","recipient":"guest","order":10642}
2026-09-14T11:31:26+00:00 INFO Email "cancelled_order" for order #10337 sent CONTEXT: {"email_type":"cancelled_order","status":"sent","recipient":"guest","order":10337}
2026-09-14T11:31:30+00:00 NOTICE Email "customer_completed_order" for order #10287 not sent: email type is disabled CONTEXT: {"email_type":"customer_completed_order","status":"disabled","recipient":"guest","order":10287}
2026-09-14T11:31:47+00:00 NOTICE Email "customer_completed_order" for order #9809 not sent: email type is disabled CONTEXT: {"email_type":"customer_completed_order","status":"disabled","recipient":"guest","order":9809}
2026-09-14T11:32:06+00:00 NOTICE Email "customer_completed_order" for order #9852 not sent: email type is disabled CONTEXT: {"email_type":"customer_completed_order","status":"disabled","recipient":"guest","order":9852}
2026-09-14T11:32:06+00:00 NOTICE Email "customer_completed_order" for order #9867 not sent: email type is disabled CONTEXT: {"email_type":"customer_completed_order","status":"disabled","recipient":"guest","order":9867}
2026-09-14T11:32:16+00:00 NOTICE Email "customer_note" for order #10644 not sent: email type is disabled CONTEXT: {"email_type":"customer_note","status":"disabled","recipient":"guest","order":10644}
2026-09-14T11:32:41+00:00 NOTICE Email "customer_completed_order" for order #9851 not sent: email type is disabled CONTEXT: {"email_type":"customer_completed_order","status":"disabled","recipient":"guest","order":9851}
2026-09-14T11:32:41+00:00 NOTICE Email "customer_completed_order" for order #9936 not sent: email type is disabled CONTEXT: {"email_type":"customer_completed_order","status":"disabled","recipient":"guest","order":9936}
2026-09-14T11:32:41+00:00 NOTICE Email "customer_completed_order" for order #9923 not sent: email type is disabled CONTEXT: {"email_type":"customer_completed_order","status":"disabled","recipient":"guest","order":9923}
2026-09-14T11:32:58+00:00 INFO Email "cancelled_order" for order #10372 sent CONTEXT: {"email_type":"cancelled_order","status":"sent","recipient":"guest","order":10372}
2026-09-14T11:32:58+00:00 NOTICE Email "customer_completed_order" for order #10158 not sent: email type is disabled CONTEXT: {"email_type":"customer_completed_order","status":"disabled","recipient":"guest","order":10158}
2026-09-14T11:33:10+00:00 INFO Email "new_order" for order #10643 sent CONTEXT: {"email_type":"new_order","status":"sent","recipient":"guest","order":10643}
2026-09-14T11:33:10+00:00 NOTICE Email "customer_processing_order" for order #10643 not sent: email type is disabled CONTEXT: {"email_type":"customer_processing_order","status":"disabled","recipient":"guest","order":10643}
2026-09-14T11:33:10+00:00 NOTICE Email "customer_note" for order #10643 not sent: email type is disabled CONTEXT: {"email_type":"customer_note","status":"disabled","recipient":"guest","order":10643}
2026-09-14T11:33:37+00:00 NOTICE Email "customer_completed_order" for order #9865 not sent: email type is disabled CONTEXT: {"email_type":"customer_completed_order","status":"disabled","recipient":"guest","order":9865}
2026-09-14T11:35:28+00:00 INFO Email "cancelled_order" for order #10350 sent CONTEXT: {"email_type":"cancelled_order","status":"sent","recipient":"guest","order":10350}
2026-09-14T11:35:33+00:00 NOTICE Email "customer_completed_order" for order #7976 not sent: email type is disabled CONTEXT: {"email_type":"customer_completed_order","status":"disabled","recipient":"guest","order":7976}
2026-09-14T11:35:46+00:00 INFO Email "cancelled_order" for order #10360 sent CONTEXT: {"email_type":"cancelled_order","status":"sent","recipient":"guest","order":10360}
2026-09-14T11:35:54+00:00 INFO Email "cancelled_order" for order #10331 sent CONTEXT: {"email_type":"cancelled_order","status":"sent","recipient":"guest","order":10331}
2026-09-14T11:35:55+00:00 INFO Email "cancelled_order" for order #10373 sent CONTEXT: {"email_type":"cancelled_order","status":"sent","recipient":"guest","order":10373}
2026-09-14T11:35:55+00:00 NOTICE Email "customer_failed_order" for order #10358 not sent: email type is disabled CONTEXT: {"email_type":"customer_failed_order","status":"disabled","recipient":"guest","order":10358}
2026-09-14T11:35:59+00:00 NOTICE Email "customer_completed_order" for order #9773 not sent: email type is disabled CONTEXT: {"email_type":"customer_completed_order","status":"disabled","recipient":"guest","order":9773}
2026-09-14T11:35:59+00:00 NOTICE Email "customer_completed_order" for order #9809 not sent: email type is disabled CONTEXT: {"email_type":"customer_completed_order","status":"disabled","recipient":"guest","order":9809}
2026-09-14T11:35:59+00:00 NOTICE Email "customer_completed_order" for order #9832 not sent: email type is disabled CONTEXT: {"email_type":"customer_completed_order","status":"disabled","recipient":"guest","order":9832}
2026-09-14T11:35:59+00:00 NOTICE Email "customer_completed_order" for order #9833 not sent: email type is disabled CONTEXT: {"email_type":"customer_completed_order","status":"disabled","recipient":"guest","order":9833}
2026-09-14T11:35:59+00:00 NOTICE Email "customer_completed_order" for order #9852 not sent: email type is disabled CONTEXT: {"email_type":"customer_completed_order","status":"disabled","recipient":"guest","order":9852}
2026-09-14T11:36:00+00:00 INFO Email "failed_order" for order #10358 sent CONTEXT: {"email_type":"failed_order","status":"sent","recipient":"guest","order":10358}
2026-09-14T11:36:11+00:00 INFO Email "cancelled_order" for order #10636 sent CONTEXT: {"email_type":"cancelled_order","status":"sent","recipient":"guest","order":10636}
2026-09-14T11:36:16+00:00 INFO Email "cancelled_order" for order #10332 sent CONTEXT: {"email_type":"cancelled_order","status":"sent","recipient":"guest","order":10332}
2026-09-14T11:36:39+00:00 NOTICE Email "customer_completed_order" for order #9974 not sent: email type is disabled CONTEXT: {"email_type":"customer_completed_order","status":"disabled","recipient":"guest","order":9974}
2026-09-14T11:36:40+00:00 INFO Email "cancelled_order" for order #10369 sent CONTEXT: {"email_type":"cancelled_order","status":"sent","recipient":"guest","order":10369}
2026-09-14T11:36:40+00:00 NOTICE Email "customer_completed_order" for order #9997 not sent: email type is disabled CONTEXT: {"email_type":"customer_completed_order","status":"disabled","recipient":"guest","order":9997}
2026-09-14T11:36:40+00:00 NOTICE Email "customer_completed_order" for order #10034 not sent: email type is disabled CONTEXT: {"email_type":"customer_completed_order","status":"disabled","recipient":"guest","order":10034}
2026-09-14T11:36:54+00:00 NOTICE Email "customer_note" for order #10647 not sent: email type is disabled CONTEXT: {"email_type":"customer_note","status":"disabled","recipient":"guest","order":10647}
2026-09-14T11:36:55+00:00 INFO Email "cancelled_order" for order #10641 sent CONTEXT: {"email_type":"cancelled_order","status":"sent","recipient":"guest","order":10641}
2026-09-14T11:37:35+00:00 INFO Email "cancelled_order" for order #10366 sent CONTEXT: {"email_type":"cancelled_order","status":"sent","recipient":"guest","order":10366}
2026-09-14T11:38:38+00:00 INFO Email "cancelled_order" for order #10389 sent CONTEXT: {"email_type":"cancelled_order","status":"sent","recipient":"guest","order":10389}
2026-09-14T11:38:51+00:00 INFO Email "new_order" for order #10645 sent CONTEXT: {"email_type":"new_order","status":"sent","recipient":"guest","order":10645}
2026-09-14T11:38:51+00:00 NOTICE Email "customer_processing_order" for order #10645 not sent: email type is disabled CONTEXT: {"email_type":"customer_processing_order","status":"disabled","recipient":"guest","order":10645}
2026-09-14T11:38:51+00:00 NOTICE Email "customer_note" for order #10645 not sent: email type is disabled CONTEXT: {"email_type":"customer_note","status":"disabled","recipient":"guest","order":10645}
2026-09-14T11:38:54+00:00 INFO Email "cancelled_order" for order #10397 sent CONTEXT: {"email_type":"cancelled_order","status":"sent","recipient":"guest","order":10397}
2026-09-14T11:39:13+00:00 NOTICE Email "customer_failed_order" for order #10208 not sent: email type is disabled CONTEXT: {"email_type":"customer_failed_order","status":"disabled","recipient":"guest","order":10208}
2026-09-14T11:39:23+00:00 INFO Email "new_order" for order #10647 sent CONTEXT: {"email_type":"new_order","status":"sent","recipient":"guest","order":10647}
2026-09-14T11:39:23+00:00 NOTICE Email "customer_processing_order" for order #10647 not sent: email type is disabled CONTEXT: {"email_type":"customer_processing_order","status":"disabled","recipient":"guest","order":10647}
2026-09-14T11:39:23+00:00 NOTICE Email "customer_note" for order #10647 not sent: email type is disabled CONTEXT: {"email_type":"customer_note","status":"disabled","recipient":"guest","order":10647}
2026-09-14T11:41:45+00:00 NOTICE Email "customer_failed_order" for order #10388 not sent: email type is disabled CONTEXT: {"email_type":"customer_failed_order","status":"disabled","recipient":"guest","order":10388}
2026-09-14T11:41:51+00:00 INFO Email "failed_order" for order #10388 sent CONTEXT: {"email_type":"failed_order","status":"sent","recipient":"guest","order":10388}
2026-09-14T11:42:05+00:00 NOTICE Email "customer_failed_order" for order #10390 not sent: email type is disabled CONTEXT: {"email_type":"customer_failed_order","status":"disabled","recipient":"guest","order":10390}
2026-09-14T11:42:11+00:00 INFO Email "failed_order" for order #10390 sent CONTEXT: {"email_type":"failed_order","status":"sent","recipient":"guest","order":10390}
2026-09-14T11:42:16+00:00 INFO Email "cancelled_order" for order #10370 sent CONTEXT: {"email_type":"cancelled_order","status":"sent","recipient":"guest","order":10370}
2026-09-14T11:42:53+00:00 NOTICE Email "customer_note" for order #10648 not sent: email type is disabled CONTEXT: {"email_type":"customer_note","status":"disabled","recipient":"guest","order":10648}
2026-09-14T11:45:02+00:00 NOTICE Email "customer_completed_order" for order #10148 not sent: email type is disabled CONTEXT: {"email_type":"customer_completed_order","status":"disabled","recipient":"guest","order":10148}
2026-09-14T11:45:02+00:00 NOTICE Email "customer_completed_order" for order #10200 not sent: email type is disabled CONTEXT: {"email_type":"customer_completed_order","status":"disabled","recipient":"guest","order":10200}
2026-09-14T11:45:02+00:00 NOTICE Email "customer_completed_order" for order #10249 not sent: email type is disabled CONTEXT: {"email_type":"customer_completed_order","status":"disabled","recipient":"guest","order":10249}
2026-09-14T11:45:11+00:00 NOTICE Email "customer_completed_order" for order #7526 not sent: email type is disabled CONTEXT: {"email_type":"customer_completed_order","status":"disabled","recipient":"guest","order":7526}
2026-09-14T11:45:12+00:00 NOTICE Email "customer_completed_order" for order #9798 not sent: email type is disabled CONTEXT: {"email_type":"customer_completed_order","status":"disabled","recipient":"guest","order":9798}
2026-09-14T11:45:21+00:00 NOTICE Email "customer_completed_order" for order #10141 not sent: email type is disabled CONTEXT: {"email_type":"customer_completed_order","status":"disabled","recipient":"guest","order":10141}
2026-09-14T11:45:21+00:00 NOTICE Email "customer_completed_order" for order #9785 not sent: email type is disabled CONTEXT: {"email_type":"customer_completed_order","status":"disabled","recipient":"guest","order":9785}
2026-09-14T11:45:21+00:00 NOTICE Email "customer_completed_order" for order #10003 not sent: email type is disabled CONTEXT: {"email_type":"customer_completed_order","status":"disabled","recipient":"guest","order":10003}
2026-09-14T11:45:40+00:00 NOTICE Email "customer_completed_order" for order #10327 not sent: email type is disabled CONTEXT: {"email_type":"customer_completed_order","status":"disabled","recipient":"guest","order":10327}
2026-09-14T11:46:18+00:00 NOTICE Email "customer_note" for order #10649 not sent: email type is disabled CONTEXT: {"email_type":"customer_note","status":"disabled","recipient":"guest","order":10649}
2026-09-14T11:46:30+00:00 INFO Email "cancelled_order" for order #10372 sent CONTEXT: {"email_type":"cancelled_order","status":"sent","recipient":"guest","order":10372}
2026-09-14T11:46:53+00:00 NOTICE Email "customer_note" for order #10650 not sent: email type is disabled CONTEXT: {"email_type":"customer_note","status":"disabled","recipient":"guest","order":10650}
2026-09-14T11:48:02+00:00 NOTICE Email "customer_completed_order" for order #10128 not sent: email type is disabled CONTEXT: {"email_type":"customer_completed_order","status":"disabled","recipient":"guest","order":10128}
2026-09-14T11:48:14+00:00 NOTICE Email "customer_completed_order" for order #9943 not sent: email type is disabled CONTEXT: {"email_type":"customer_completed_order","status":"disabled","recipient":"guest","order":9943}
2026-09-14T11:48:20+00:00 NOTICE Email "customer_completed_order" for order #9757 not sent: email type is disabled CONTEXT: {"email_type":"customer_completed_order","status":"disabled","recipient":"guest","order":9757}
2026-09-14T11:48:20+00:00 NOTICE Email "customer_completed_order" for order #10034 not sent: email type is disabled CONTEXT: {"email_type":"customer_completed_order","status":"disabled","recipient":"guest","order":10034}
2026-09-14T11:48:30+00:00 NOTICE Email "customer_completed_order" for order #10140 not sent: email type is disabled CONTEXT: {"email_type":"customer_completed_order","status":"disabled","recipient":"guest","order":10140}
2026-09-14T11:48:31+00:00 NOTICE Email "customer_completed_order" for order #10197 not sent: email type is disabled CONTEXT: {"email_type":"customer_completed_order","status":"disabled","recipient":"guest","order":10197}
2026-09-14T11:48:38+00:00 NOTICE Email "customer_completed_order" for order #9865 not sent: email type is disabled CONTEXT: {"email_type":"customer_completed_order","status":"disabled","recipient":"guest","order":9865}
2026-09-14T11:48:47+00:00 NOTICE Email "customer_completed_order" for order #10162 not sent: email type is disabled CONTEXT: {"email_type":"customer_completed_order","status":"disabled","recipient":"guest","order":10162}
2026-09-14T11:48:47+00:00 NOTICE Email "customer_completed_order" for order #9810 not sent: email type is disabled CONTEXT: {"email_type":"customer_completed_order","status":"disabled","recipient":"guest","order":9810}
2026-09-14T11:49:06+00:00 NOTICE Email "customer_completed_order" for order #10046 not sent: email type is disabled CONTEXT: {"email_type":"customer_completed_order","status":"disabled","recipient":"guest","order":10046}
2026-09-14T11:49:06+00:00 NOTICE Email "customer_completed_order" for order #9950 not sent: email type is disabled CONTEXT: {"email_type":"customer_completed_order","status":"disabled","recipient":"guest","order":9950}
2026-09-14T11:49:15+00:00 NOTICE Email "customer_failed_order" for order #10302 not sent: email type is disabled CONTEXT: {"email_type":"customer_failed_order","status":"disabled","recipient":"guest","order":10302}
2026-09-14T11:49:33+00:00 NOTICE Email "customer_completed_order" for order #10126 not sent: email type is disabled CONTEXT: {"email_type":"customer_completed_order","status":"disabled","recipient":"guest","order":10126}
2026-09-14T11:49:43+00:00 NOTICE Email "customer_failed_order" for order #10358 not sent: email type is disabled CONTEXT: {"email_type":"customer_failed_order","status":"disabled","recipient":"guest","order":10358}
2026-09-14T11:49:48+00:00 INFO Email "failed_order" for order #10358 sent CONTEXT: {"email_type":"failed_order","status":"sent","recipient":"guest","order":10358}
2026-09-14T11:50:32+00:00 NOTICE Email "customer_failed_order" for order #10208 not sent: email type is disabled CONTEXT: {"email_type":"customer_failed_order","status":"disabled","recipient":"guest","order":10208}
2026-09-14T11:50:33+00:00 NOTICE Email "customer_completed_order" for order #7526 not sent: email type is disabled CONTEXT: {"email_type":"customer_completed_order","status":"disabled","recipient":"guest","order":7526}
2026-09-14T11:50:34+00:00 NOTICE Email "customer_completed_order" for order #7976 not sent: email type is disabled CONTEXT: {"email_type":"customer_completed_order","status":"disabled","recipient":"guest","order":7976}
2026-09-14T11:50:38+00:00 NOTICE Email "customer_note" for order #10651 not sent: email type is disabled CONTEXT: {"email_type":"customer_note","status":"disabled","recipient":"guest","order":10651}
2026-09-14T11:50:43+00:00 NOTICE Email "customer_completed_order" for order #9785 not sent: email type is disabled CONTEXT: {"email_type":"customer_completed_order","status":"disabled","recipient":"guest","order":9785}
2026-09-14T11:50:43+00:00 NOTICE Email "customer_completed_order" for order #9810 not sent: email type is disabled CONTEXT: {"email_type":"customer_completed_order","status":"disabled","recipient":"guest","order":9810}
2026-09-14T11:51:12+00:00 NOTICE Email "customer_completed_order" for order #9900 not sent: email type is disabled CONTEXT: {"email_type":"customer_completed_order","status":"disabled","recipient":"guest","order":9900}
2026-09-14T11:51:12+00:00 NOTICE Email "customer_completed_order" for order #9943 not sent: email type is disabled CONTEXT: {"email_type":"customer_completed_order","status":"disabled","recipient":"guest","order":9943}
2026-09-14T11:51:13+00:00 NOTICE Email "customer_completed_order" for order #9974 not sent: email type is disabled CONTEXT: {"email_type":"customer_completed_order","status":"disabled","recipient":"guest","order":9974}
2026-09-14T11:51:13+00:00 NOTICE Email "customer_completed_order" for order #10061 not sent: email type is disabled CONTEXT: {"email_type":"customer_completed_order","status":"disabled","recipient":"guest","order":10061}
2026-09-14T11:51:24+00:00 NOTICE Email "customer_note" for order #10652 not sent: email type is disabled CONTEXT: {"email_type":"customer_note","status":"disabled","recipient":"guest","order":10652}
2026-09-14T11:51:27+00:00 NOTICE Email "customer_completed_order" for order #10327 not sent: email type is disabled CONTEXT: {"email_type":"customer_completed_order","status":"disabled","recipient":"guest","order":10327}
2026-09-14T11:51:43+00:00 NOTICE Email "customer_completed_order" for order #10126 not sent: email type is disabled CONTEXT: {"email_type":"customer_completed_order","status":"disabled","recipient":"guest","order":10126}
2026-09-14T11:51:43+00:00 NOTICE Email "customer_completed_order" for order #10140 not sent: email type is disabled CONTEXT: {"email_type":"customer_completed_order","status":"disabled","recipient":"guest","order":10140}
2026-09-14T11:51:43+00:00 NOTICE Email "customer_completed_order" for order #10141 not sent: email type is disabled CONTEXT: {"email_type":"customer_completed_order","status":"disabled","recipient":"guest","order":10141}
2026-09-14T11:52:01+00:00 NOTICE Email "customer_failed_order" for order #10320 not sent: email type is disabled CONTEXT: {"email_type":"customer_failed_order","status":"disabled","recipient":"guest","order":10320}
2026-09-14T11:52:22+00:00 INFO Email "cancelled_order" for order #10370 sent CONTEXT: {"email_type":"cancelled_order","status":"sent","recipient":"guest","order":10370}
2026-09-14T11:53:01+00:00 INFO Email "cancelled_order" for order #10351 sent CONTEXT: {"email_type":"cancelled_order","status":"sent","recipient":"guest","order":10351}
2026-09-14T11:53:18+00:00 INFO Email "cancelled_order" for order #10371 sent CONTEXT: {"email_type":"cancelled_order","status":"sent","recipient":"guest","order":10371}
2026-09-14T11:53:40+00:00 NOTICE Email "customer_note" for order #10650 not sent: email type is disabled CONTEXT: {"email_type":"customer_note","status":"disabled","recipient":"guest","order":10650}
2026-09-14T11:54:11+00:00 NOTICE Email "customer_note" for order #10648 not sent: email type is disabled CONTEXT: {"email_type":"customer_note","status":"disabled","recipient":"guest","order":10648}
2026-09-14T11:55:24+00:00 INFO Email "cancelled_order" for order #10391 sent CONTEXT: {"email_type":"cancelled_order","status":"sent","recipient":"guest","order":10391}
2026-09-14T11:55:30+00:00 NOTICE Email "customer_completed_order" for order #7976 not sent: email type is disabled CONTEXT: {"email_type":"customer_completed_order","status":"disabled","recipient":"guest","order":7976}
2026-09-14T11:55:45+00:00 NOTICE Email "customer_completed_order" for order #10162 not sent: email type is disabled CONTEXT: {"email_type":"customer_completed_order","status":"disabled","recipient":"guest","order":10162}
2026-09-14T11:55:53+00:00 NOTICE Email "customer_completed_order" for order #9798 not sent: email type is disabled CONTEXT: {"email_type":"customer_completed_order","status":"disabled","recipient":"guest","order":9798}
2026-09-14T11:55:58+00:00 INFO Email "cancelled_order" for order #10397 sent CONTEXT: {"email_type":"cancelled_order","status":"sent","recipient":"guest","order":10397}
2026-09-14T11:56:04+00:00 NOTICE Email "customer_completed_order" for order #10168 not sent: email type is disabled CONTEXT: {"email_type":"customer_completed_order","status":"disabled","recipient":"guest","order":10168}
2026-09-14T11:56:04+00:00 INFO Email "new_order" for order #10648 sent CONTEXT: {"email_type":"new_order","status":"sent","recipient":"guest","order":10648}
2026-09-14T11:56:04+00:00 NOTICE Email "customer_processing_order" for order #10648 not sent: email type is disabled CONTEXT: {"email_type":"customer_processing_order","status":"disabled","recipient":"guest","order":10648}
2026-09-14T11:56:04+00:00 NOTICE Email "customer_note" for order #10648 not sent: email type is disabled CONTEXT: {"email_type":"customer_note","status":"disabled","recipient":"guest","order":10648}
2026-09-14T11:56:10+00:00 NOTICE Email "customer_completed_order" for order #10003 not sent: email type is disabled CONTEXT: {"email_type":"customer_completed_order","status":"disabled","recipient":"guest","order":10003}
2026-09-14T11:56:10+00:00 NOTICE Email "customer_completed_order" for order #9900 not sent: email type is disabled CONTEXT: {"email_type":"customer_completed_order","status":"disabled","recipient":"guest","order":9900}
2026-09-14T11:56:10+00:00 NOTICE Email "customer_completed_order" for order #10126 not sent: email type is disabled CONTEXT: {"email_type":"customer_completed_order","status":"disabled","recipient":"guest","order":10126}
2026-09-14T11:56:10+00:00 NOTICE Email "customer_completed_order" for order #10046 not sent: email type is disabled CONTEXT: {"email_type":"customer_completed_order","status":"disabled","recipient":"guest","order":10046}
2026-09-14T11:56:17+00:00 NOTICE Email "customer_completed_order" for order #9784 not sent: email type is disabled CONTEXT: {"email_type":"customer_completed_order","status":"disabled","recipient":"guest","order":9784}
2026-09-14T11:56:17+00:00 NOTICE Email "customer_completed_order" for order #9785 not sent: email type is disabled CONTEXT: {"email_type":"customer_completed_order","status":"disabled","recipient":"guest","order":9785}
2026-09-14T11:56:17+00:00 NOTICE Email "customer_completed_order" for order #9809 not sent: email type is disabled CONTEXT: {"email_type":"customer_completed_order","status":"disabled","recipient":"guest","order":9809}
2026-09-14T11:56:17+00:00 NOTICE Email "customer_completed_order" for order #9810 not sent: email type is disabled CONTEXT: {"email_type":"customer_completed_order","status":"disabled","recipient":"guest","order":9810}
2026-09-14T11:56:23+00:00 NOTICE Email "customer_completed_order" for order #9923 not sent: email type is disabled CONTEXT: {"email_type":"customer_completed_order","status":"disabled","recipient":"guest","order":9923}
2026-09-14T11:56:27+00:00 NOTICE Email "customer_completed_order" for order #9851 not sent: email type is disabled CONTEXT: {"email_type":"customer_completed_order","status":"disabled","recipient":"guest","order":9851}
2026-09-14T11:56:27+00:00 NOTICE Email "customer_completed_order" for order #9892 not sent: email type is disabled CONTEXT: {"email_type":"customer_completed_order","status":"disabled","recipient":"guest","order":9892}
2026-09-14T11:56:28+00:00 NOTICE Email "customer_completed_order" for order #9907 not sent: email type is disabled CONTEXT: {"email_type":"customer_completed_order","status":"disabled","recipient":"guest","order":9907}
2026-09-14T11:56:28+00:00 NOTICE Email "customer_completed_order" for order #9936 not sent: email type is disabled CONTEXT: {"email_type":"customer_completed_order","status":"disabled","recipient":"guest","order":9936}
2026-09-14T11:56:28+00:00 NOTICE Email "customer_completed_order" for order #9950 not sent: email type is disabled CONTEXT: {"email_type":"customer_completed_order","status":"disabled","recipient":"guest","order":9950}
2026-09-14T11:56:28+00:00 NOTICE Email "customer_failed_order" for order #10302 not sent: email type is disabled CONTEXT: {"email_type":"customer_failed_order","status":"disabled","recipient":"guest","order":10302}
2026-09-14T11:56:31+00:00 NOTICE Email "customer_completed_order" for order #10018 not sent: email type is disabled CONTEXT: {"email_type":"customer_completed_order","status":"disabled","recipient":"guest","order":10018}
2026-09-14T11:56:34+00:00 NOTICE Email "customer_completed_order" for order #10112 not sent: email type is disabled CONTEXT: {"email_type":"customer_completed_order","status":"disabled","recipient":"guest","order":10112}
2026-09-14T11:56:34+00:00 NOTICE Email "customer_completed_order" for order #10141 not sent: email type is disabled CONTEXT: {"email_type":"customer_completed_order","status":"disabled","recipient":"guest","order":10141}
2026-09-14T11:56:34+00:00 NOTICE Email "customer_completed_order" for order #10156 not sent: email type is disabled CONTEXT: {"email_type":"customer_completed_order","status":"disabled","recipient":"guest","order":10156}
2026-09-14T11:56:37+00:00 NOTICE Email "customer_note" for order #10648 not sent: email type is disabled CONTEXT: {"email_type":"customer_note","status":"disabled","recipient":"guest","order":10648}
2026-09-14T11:56:38+00:00 NOTICE Email "customer_completed_order" for order #10249 not sent: email type is disabled CONTEXT: {"email_type":"customer_completed_order","status":"disabled","recipient":"guest","order":10249}
2026-09-14T11:56:44+00:00 NOTICE Email "customer_completed_order" for order #10287 not sent: email type is disabled CONTEXT: {"email_type":"customer_completed_order","status":"disabled","recipient":"guest","order":10287}
2026-09-14T11:56:44+00:00 NOTICE Email "customer_completed_order" for order #10333 not sent: email type is disabled CONTEXT: {"email_type":"customer_completed_order","status":"disabled","recipient":"guest","order":10333}
2026-09-14T11:57:43+00:00 NOTICE Email "customer_note" for order #10654 not sent: email type is disabled CONTEXT: {"email_type":"customer_note","status":"disabled","recipient":"guest","order":10654}
2026-09-14T11:57:52+00:00 INFO Email "cancelled_order" for order #10356 sent CONTEXT: {"email_type":"cancelled_order","status":"sent","recipient":"guest","order":10356}
2026-09-14T11:57:52+00:00 NOTICE Email "customer_completed_order" for order #10338 not sent: email type is disabled CONTEXT: {"email_type":"customer_completed_order","status":"disabled","recipient":"guest","order":10338}
2026-09-14T11:57:52+00:00 NOTICE Email "customer_completed_order" for order #10086 not sent: email type is disabled CONTEXT: {"email_type":"customer_completed_order","status":"disabled","recipient":"guest","order":10086}
2026-09-14T11:57:52+00:00 NOTICE Email "customer_completed_order" for order #9938 not sent: email type is disabled CONTEXT: {"email_type":"customer_completed_order","status":"disabled","recipient":"guest","order":9938}
2026-09-14T11:57:59+00:00 NOTICE Email "customer_completed_order" for order #9766 not sent: email type is disabled CONTEXT: {"email_type":"customer_completed_order","status":"disabled","recipient":"guest","order":9766}
2026-09-14T11:57:59+00:00 NOTICE Email "customer_completed_order" for order #10239 not sent: email type is disabled CONTEXT: {"email_type":"customer_completed_order","status":"disabled","recipient":"guest","order":10239}
2026-09-14T11:58:07+00:00 INFO Email "cancelled_order" for order #10371 sent CONTEXT: {"email_type":"cancelled_order","status":"sent","recipient":"guest","order":10371}
2026-09-14T11:58:07+00:00 INFO Email "cancelled_order" for order #10360 sent CONTEXT: {"email_type":"cancelled_order","status":"sent","recipient":"guest","order":10360}
2026-09-14T11:58:07+00:00 NOTICE Email "customer_completed_order" for order #10158 not sent: email type is disabled CONTEXT: {"email_type":"customer_completed_order","status":"disabled","recipient":"guest","order":10158}
2026-09-14T11:58:12+00:00 INFO Email "cancelled_order" for order #10373 sent CONTEXT: {"email_type":"cancelled_order","status":"sent","recipient":"guest","order":10373}
2026-09-14T11:58:17+00:00 NOTICE Email "customer_completed_order" for order #9997 not sent: email type is disabled CONTEXT: {"email_type":"customer_completed_order","status":"disabled","recipient":"guest","order":9997}
2026-09-14T11:58:34+00:00 NOTICE Email "customer_completed_order" for order #9950 not sent: email type is disabled CONTEXT: {"email_type":"customer_completed_order","status":"disabled","recipient":"guest","order":9950}
2026-09-14T11:58:50+00:00 NOTICE Email "customer_completed_order" for order #10061 not sent: email type is disabled CONTEXT: {"email_type":"customer_completed_order","status":"disabled","recipient":"guest","order":10061}
2026-09-14T11:59:16+00:00 INFO Email "new_order" for order #10654 sent CONTEXT: {"email_type":"new_order","status":"sent","recipient":"guest","order":10654}
2026-09-14T11:59:16+00:00 NOTICE Email "customer_processing_order" for order #10654 not sent: email type is disabled CONTEXT: {"email_type":"customer_processing_order","status":"disabled","recipient":"guest","order":10654}
2026-09-14T11:59:16+00:00 NOTICE Email "customer_note" for order #10654 not sent: email type is disabled CONTEXT: {"email_type":"customer_note","status":"disabled","recipient":"guest","order":10654}
2026-09-14T11:59:29+00:00 NOTICE Email "customer_note" for order #10653 not sent: email type is disabled CONTEXT: {"email_type":"customer_note","status":"disabled","recipient":"guest","order":10653}
2026-09-14T12:00:02+00:00 NOTICE Email "customer_note" for order #10655 not sent: email type is disabled CONTEXT: {"email_type":"customer_note","status":"disabled","recipient":"guest","order":10655}
2026-09-14T12:00:41+00:00 NOTICE Email "customer_completed_order" for order #10197 not sent: email type is disabled CONTEXT: {"email_type":"customer_completed_order","status":"disabled","recipient":"guest","order":10197}
2026-09-14T12:00:59+00:00 NOTICE Email "customer_completed_order" for order #9974 not sent: email type is disabled CONTEXT: {"email_type":"customer_completed_order","status":"disabled","recipient":"guest","order":9974}
2026-09-14T12:00:59+00:00 NOTICE Email "customer_completed_order" for order #7526 not sent: email type is disabled CONTEXT: {"email_type":"customer_completed_order","status":"disabled","recipient":"guest","order":7526}
2026-09-14T12:01:06+00:00 NOTICE Email "customer_note" for order #10656 not sent: email type is disabled CONTEXT: {"email_type":"customer_note","status":"disabled","recipient":"guest","order":10656}
2026-09-14T12:01:16+00:00 NOTICE Email "customer_failed_order" for order #10320 not sent: email type is disabled CONTEXT: {"email_type":"customer_failed_order","status":"disabled","recipient":"guest","order":10320}
2026-09-14T12:01:35+00:00 INFO Email "new_order" for order #10655 sent CONTEXT: {"email_type":"new_order","status":"sent","recipient":"guest","order":10655}
2026-09-14T12:01:35+00:00 NOTICE Email "customer_processing_order" for order #10655 not sent: email type is disabled CONTEXT: {"email_type":"customer_processing_order","status":"disabled","recipient":"guest","order":10655}
2026-09-14T12:01:35+00:00 NOTICE Email "customer_note" for order #10655 not sent: email type is disabled CONTEXT: {"email_type":"customer_note","status":"disabled","recipient":"guest","order":10655}
2026-09-14T12:01:45+00:00 INFO Email "cancelled_order" for order #10391 sent CONTEXT: {"email_type":"cancelled_order","status":"sent","recipient":"guest","order":10391}
2026-09-14T12:01:45+00:00 NOTICE Email "customer_failed_order" for order #10208 not sent: email type is disabled CONTEXT: {"email_type":"customer_failed_order","status":"disabled","recipient":"guest","order":10208}
2026-09-14T12:02:11+00:00 NOTICE Email "customer_completed_order" for order #9852 not sent: email type is disabled CONTEXT: {"email_type":"customer_completed_order","status":"disabled","recipient":"guest","order":9852}
2026-09-14T12:02:11+00:00 NOTICE Email "customer_completed_order" for order #10289 not sent: email type is disabled CONTEXT: {"email_type":"customer_completed_order","status":"disabled","recipient":"guest","order":10289}
2026-09-14T12:02:45+00:00 INFO Email "cancelled_order" for order #10332 sent CONTEXT: {"email_type":"cancelled_order","status":"sent","recipient":"guest","order":10332}
2026-09-14T12:04:58+00:00 NOTICE Email "customer_completed_order" for order #10162 not sent: email type is disabled CONTEXT: {"email_type":"customer_completed_order","status":"disabled","recipient":"guest","order":10162}
2026-09-14T12:05:06+00:00 NOTICE Email "customer_note" for order #10653 not sent: email type is disabled CONTEXT: {"email_type":"customer_note","status":"disabled","recipient":"guest","order":10653}
2026-09-14T12:05:30+00:00 NOTICE Email "customer_failed_order" for order #10302 not sent: email type is disabled CONTEXT: {"email_type":"customer_failed_order","status":"disabled","recipient":"guest","order":10302}
2026-09-14T12:05:33+00:00 NOTICE Email "customer_completed_order" for order #9851 not sent: email type is disabled CONTEXT: {"email_type":"customer_completed_order","status":"disabled","recipient":"guest","order":9851}
2026-09-14T12:05:47+00:00 NOTICE Email "customer_completed_order" for order #9833 not sent: email type is disabled CONTEXT: {"email_type":"customer_completed_order","status":"disabled","recipient":"guest","order":9833}
2026-09-14T12:05:49+00:00 NOTICE Email "customer_completed_order" for order #10156 not sent: email type is disabled CONTEXT: {"email_type":"customer_completed_order","status":"disabled","recipient":"guest","order":10156}
2026-09-14T12:05:57+00:00 NOTICE Email "customer_completed_order" for order #7976 not sent: email type is disabled CONTEXT: {"email_type":"customer_completed_order","status":"disabled","recipient":"guest","order":7976}
2026-09-14T12:06:03+00:00 NOTICE Email "customer_completed_order" for order #9832 not sent: email type is disabled CONTEXT: {"email_type":"customer_completed_order","status":"disabled","recipient":"guest","order":9832}
2026-09-14T12:06:03+00:00 NOTICE Email "customer_completed_order" for order #9952 not sent: email type is disabled CONTEXT: {"email_type":"customer_completed_order","status":"disabled","recipient":"guest","order":9952}
2026-09-14T12:06:04+00:00 NOTICE Email "customer_completed_order" for order #9773 not sent: email type is disabled CONTEXT: {"email_type":"customer_completed_order","status":"disabled","recipient":"guest","order":9773}
2026-09-14T12:06:04+00:00 NOTICE Email "customer_completed_order" for order #9784 not sent: email type is disabled CONTEXT: {"email_type":"customer_completed_order","status":"disabled","recipient":"guest","order":9784}
2026-09-14T12:06:04+00:00 NOTICE Email "customer_completed_order" for order #9786 not sent: email type is disabled CONTEXT: {"email_type":"customer_completed_order","status":"disabled","recipient":"guest","order":9786}
2026-09-14T12:06:04+00:00 NOTICE Email "customer_completed_order" for order #9798 not sent: email type is disabled CONTEXT: {"email_type":"customer_completed_order","status":"disabled","recipient":"guest","order":9798}
2026-09-14T12:06:04+00:00 NOTICE Email "customer_completed_order" for order #9832 not sent: email type is disabled CONTEXT: {"email_type":"customer_completed_order","status":"disabled","recipient":"guest","order":9832}
2026-09-14T12:06:04+00:00 NOTICE Email "customer_completed_order" for order #9852 not sent: email type is disabled CONTEXT: {"email_type":"customer_completed_order","status":"disabled","recipient":"guest","order":9852}
2026-09-14T12:06:04+00:00 NOTICE Email "customer_completed_order" for order #9900 not sent: email type is disabled CONTEXT: {"email_type":"customer_completed_order","status":"disabled","recipient":"guest","order":9900}
2026-09-14T12:06:04+00:00 NOTICE Email "customer_completed_order" for order #9867 not sent: email type is disabled CONTEXT: {"email_type":"customer_completed_order","status":"disabled","recipient":"guest","order":9867}
2026-09-14T12:06:05+00:00 NOTICE Email "customer_completed_order" for order #9900 not sent: email type is disabled CONTEXT: {"email_type":"customer_completed_order","status":"disabled","recipient":"guest","order":9900}
2026-09-14T12:06:11+00:00 NOTICE Email "customer_completed_order" for order #9997 not sent: email type is disabled CONTEXT: {"email_type":"customer_completed_order","status":"disabled","recipient":"guest","order":9997}
2026-09-14T12:06:12+00:00 INFO Email "cancelled_order" for order #10351 sent CONTEXT: {"email_type":"cancelled_order","status":"sent","recipient":"guest","order":10351}
2026-09-14T12:06:18+00:00 NOTICE Email "customer_completed_order" for order #10168 not sent: email type is disabled CONTEXT: {"email_type":"customer_completed_order","status":"disabled","recipient":"guest","order":10168}
2026-09-14T12:06:56+00:00 INFO Email "cancelled_order" for order #10337 sent CONTEXT: {"email_type":"cancelled_order","status":"sent","recipient":"guest","order":10337}
2026-09-14T12:07:13+00:00 NOTICE Email "customer_completed_order" for order #10046 not sent: email type is disabled CONTEXT: {"email_type":"customer_completed_order","status":"disabled","recipient":"guest","order":10046}
2026-09-14T12:07:21+00:00 NOTICE Email "customer_completed_order" for order #10287 not sent: email type is disabled CONTEXT: {"email_type":"customer_completed_order","status":"disabled","recipient":"guest","order":10287}
2026-09-14T12:07:38+00:00 NOTICE Email "customer_completed_order" for order #10112 not sent: email type is disabled CONTEXT: {"email_type":"customer_completed_order","status":"disabled","recipient":"guest","order":10112}
2026-09-14T12:07:53+00:00 INFO Email "cancelled_order" for order #10370 sent CONTEXT: {"email_type":"cancelled_order","status":"sent","recipient":"guest","order":10370}
2026-09-14T12:07:56+00:00 NOTICE Email "customer_note" for order #10659 not sent: email type is disabled CONTEXT: {"email_type":"customer_note","status":"disabled","recipient":"guest","order":10659}
2026-09-14T12:08:08+00:00 NOTICE Email "customer_note" for order #10657 not sent: email type is disabled CONTEXT: {"email_type":"customer_note","status":"disabled","recipient":"guest","order":10657}
2026-09-14T12:08:11+00:00 NOTICE Email "customer_failed_order" for order #10390 not sent: email type is disabled CONTEXT: {"email_type":"customer_failed_order","status":"disabled","recipient":"guest","order":10390}
2026-09-14T12:08:16+00:00 INFO Email "failed_order" for order #10390 sent CONTEXT: {"email_type":"failed_order","status":"sent","recipient":"guest","order":10390}
2026-09-14T12:08:29+00:00 NOTICE Email "customer_note" for order #10659 not sent: email type is disabled CONTEXT: {"email_type":"customer_note","status":"disabled","recipient":"guest","order":10659}
2026-09-14T12:09:15+00:00 INFO Email "cancelled_order" for order #10391 sent CONTEXT: {"email_type":"cancelled_order","status":"sent","recipient":"guest","order":10391}
2026-09-14T12:09:44+00:00 INFO Email "new_order" for order #10659 sent CONTEXT: {"email_type":"new_order","status":"sent","recipient":"guest","order":10659}
2026-09-14T12:09:44+00:00 NOTICE Email "customer_processing_order" for order #10659 not sent: email type is disabled CONTEXT: {"email_type":"customer_processing_order","status":"disabled","recipient":"guest","order":10659}
2026-09-14T12:09:44+00:00 NOTICE Email "customer_note" for order #10659 not sent: email type is disabled CONTEXT: {"email_type":"customer_note","status":"disabled","recipient":"guest","order":10659}
2026-09-14T12:10:30+00:00 INFO Email "cancelled_order" for order #10389 sent CONTEXT: {"email_type":"cancelled_order","status":"sent","recipient":"guest","order":10389}
2026-09-14T12:10:47+00:00 INFO Email "cancelled_order" for order #10366 sent CONTEXT: {"email_type":"cancelled_order","status":"sent","recipient":"guest","order":10366}
2026-09-14T12:10:51+00:00 NOTICE Email "customer_completed_order" for order #10148 not sent: email type is disabled CONTEXT: {"email_type":"customer_completed_order","status":"disabled","recipient":"guest","order":10148}
2026-09-14T12:10:51+00:00 NOTICE Email "customer_completed_order" for order #10200 not sent: email type is disabled CONTEXT: {"email_type":"customer_completed_order","status":"disabled","recipient":"guest","order":10200}
2026-09-14T12:10:52+00:00 NOTICE Email "customer_completed_order" for order #10249 not sent: email type is disabled CONTEXT: {"email_type":"customer_completed_order","status":"disabled","recipient":"guest","order":10249}
2026-09-14T12:11:11+00:00 INFO Email "cancelled_order" for order #10331 sent CONTEXT: {"email_type":"cancelled_order","status":"sent","recipient":"guest","order":10331}
2026-09-14T12:11:15+00:00 INFO Email "cancelled_order" for order #10372 sent CONTEXT: {"email_type":"cancelled_order","status":"sent","recipient":"guest","order":10372}
2026-09-14T12:11:25+00:00 NOTICE Email "customer_completed_order" for order #10128 not sent: email type is disabled CONTEXT: {"email_type":"customer_completed_order","status":"disabled","recipient":"guest","order":10128}
2026-09-14T12:11:26+00:00 NOTICE Email "customer_completed_order" for order #9943 not sent: email type is disabled CONTEXT: {"email_type":"customer_completed_order","status":"disabled","recipient":"guest","order":9943}
2026-09-14T12:11:41+00:00 NOTICE Email "customer_completed_order" for order #10034 not sent: email type is disabled CONTEXT: {"email_type":"customer_completed_order","status":"disabled","recipient":"guest","order":10034}
2026-09-14T12:11:41+00:00 NOTICE Email "customer_completed_order" for order #9757 not sent: email type is disabled CONTEXT: {"email_type":"customer_completed_order","status":"disabled","recipient":"guest","order":9757}
2026-09-14T12:11:58+00:00 NOTICE Email "customer_completed_order" for order #10140 not sent: email type is disabled CONTEXT: {"email_type":"customer_completed_order","status":"disabled","recipient":"guest","order":10140}
2026-09-14T12:12:08+00:00 INFO Email "new_order" for order #10660 sent CONTEXT: {"email_type":"new_order","status":"sent","recipient":"guest","order":10660}
2026-09-14T12:12:08+00:00 NOTICE Email "customer_processing_order" for order #10660 not sent: email type is disabled CONTEXT: {"email_type":"customer_processing_order","status":"disabled","recipient":"guest","order":10660}
2026-09-14T12:13:26+00:00 NOTICE Email "customer_failed_order" for order #10388 not sent: email type is disabled CONTEXT: {"email_type":"customer_failed_order","status":"disabled","recipient":"guest","order":10388}
2026-09-14T12:13:31+00:00 INFO Email "failed_order" for order #10388 sent CONTEXT: {"email_type":"failed_order","status":"sent","recipient":"guest","order":10388}
2026-09-14T12:13:54+00:00 INFO Email "cancelled_order" for order #10373 sent CONTEXT: {"email_type":"cancelled_order","status":"sent","recipient":"guest","order":10373}
2026-09-14T12:15:24+00:00 NOTICE Email "customer_note" for order #10657 not sent: email type is disabled CONTEXT: {"email_type":"customer_note","status":"disabled","recipient":"guest","order":10657}
2026-09-14T12:15:59+00:00 NOTICE Email "customer_note" for order #10661 not sent: email type is disabled CONTEXT: {"email_type":"customer_note","status":"disabled","recipient":"guest","order":10661}
2026-09-14T12:16:03+00:00 NOTICE Email "customer_completed_order" for order #10018 not sent: email type is disabled CONTEXT: {"email_type":"customer_completed_order","status":"disabled","recipient":"guest","order":10018}
2026-09-14T12:16:03+00:00 NOTICE Email "customer_completed_order" for order #9892 not sent: email type is disabled CONTEXT: {"email_type":"customer_completed_order","status":"disabled","recipient":"guest","order":9892}
2026-09-14T12:16:12+00:00 NOTICE Email "customer_completed_order" for order #10156 not sent: email type is disabled CONTEXT: {"email_type":"customer_completed_order","status":"disabled","recipient":"guest","order":10156}
2026-09-14T12:16:13+00:00 NOTICE Email "customer_completed_order" for order #9766 not sent: email type is disabled CONTEXT: {"email_type":"customer_completed_order","status":"disabled","recipient":"guest","order":9766}
2026-09-14T12:16:32+00:00 NOTICE Email "customer_completed_order" for order #9938 not sent: email type is disabled CONTEXT: {"email_type":"customer_completed_order","status":"disabled","recipient":"guest","order":9938}
2026-09-14T12:16:33+00:00 NOTICE Email "customer_completed_order" for order #10061 not sent: email type is disabled CONTEXT: {"email_type":"customer_completed_order","status":"disabled","recipient":"guest","order":10061}
2026-09-14T12:16:52+00:00 NOTICE Email "customer_completed_order" for order #9952 not sent: email type is disabled CONTEXT: {"email_type":"customer_completed_order","status":"disabled","recipient":"guest","order":9952}
2026-09-14T12:16:52+00:00 NOTICE Email "customer_completed_order" for order #10003 not sent: email type is disabled CONTEXT: {"email_type":"customer_completed_order","status":"disabled","recipient":"guest","order":10003}
2026-09-14T12:17:14+00:00 NOTICE Email "customer_note" for order #10661 not sent: email type is disabled CONTEXT: {"email_type":"customer_note","status":"disabled","recipient":"guest","order":10661}
2026-09-14T12:17:17+00:00 INFO Email "cancelled_order" for order #10351 sent CONTEXT: {"email_type":"cancelled_order","status":"sent","recipient":"guest","order":10351}
2026-09-14T12:17:26+00:00 NOTICE Email "customer_completed_order" for order #9773 not sent: email type is disabled CONTEXT: {"email_type":"customer_completed_order","status":"disabled","recipient":"guest","order":9773}
2026-09-14T12:17:26+00:00 NOTICE Email "customer_completed_order" for order #9832 not sent: email type is disabled CONTEXT: {"email_type":"customer_completed_order","status":"disabled","recipient":"guest","order":9832}
2026-09-14T12:17:37+00:00 NOTICE Email "customer_completed_order" for order #9950 not sent: email type is disabled CONTEXT: {"email_type":"customer_completed_order","status":"disabled","recipient":"guest","order":9950}
2026-09-14T12:17:37+00:00 NOTICE Email "customer_completed_order" for order #10338 not sent: email type is disabled CONTEXT: {"email_type":"customer_completed_order","status":"disabled","recipient":"guest","order":10338}
2026-09-14T12:17:37+00:00 NOTICE Email "customer_completed_order" for order #10086 not sent: email type is disabled CONTEXT: {"email_type":"customer_completed_order","status":"disabled","recipient":"guest","order":10086}
2026-09-14T12:17:43+00:00 NOTICE Email "customer_note" for order #10661 not sent: email type is disabled CONTEXT: {"email_type":"customer_note","status":"disabled","recipient":"guest","order":10661}
2026-09-14T12:18:04+00:00 INFO Email "cancelled_order" for order #10356 sent CONTEXT: {"email_type":"cancelled_order","status":"sent","recipient":"guest","order":10356}
2026-09-14T12:18:04+00:00 NOTICE Email "customer_completed_order" for order #10126 not sent: email type is disabled CONTEXT: {"email_type":"customer_completed_order","status":"disabled","recipient":"guest","order":10126}
2026-09-14T12:18:05+00:00 NOTICE Email "customer_completed_order" for order #7976 not sent: email type is disabled CONTEXT: {"email_type":"customer_completed_order","status":"disabled","recipient":"guest","order":7976}
2026-09-14T12:18:07+00:00 NOTICE Email "customer_completed_order" for order #9852 not sent: email type is disabled CONTEXT: {"email_type":"customer_completed_order","status":"disabled","recipient":"guest","order":9852}
2026-09-14T12:18:43+00:00 NOTICE Email "customer_note" for order #10661 not sent: email type is disabled CONTEXT: {"email_type":"customer_note","status":"disabled","recipient":"guest","order":10661}
2026-09-14T12:18:44+00:00 NOTICE Email "customer_completed_order" for order #10168 not sent: email type is disabled CONTEXT: {"email_type":"customer_completed_order","status":"disabled","recipient":"guest","order":10168}
2026-09-14T12:19:11+00:00 NOTICE Email "customer_note" for order #10661 not sent: email type is disabled CONTEXT: {"email_type":"customer_note","status":"disabled","recipient":"guest","order":10661}
2026-09-14T12:19:14+00:00 INFO Email "cancelled_order" for order #10369 sent CONTEXT: {"email_type":"cancelled_order","status":"sent","recipient":"guest","order":10369}
2026-09-14T12:19:22+00:00 NOTICE Email "customer_completed_order" for order #9784 not sent: email type is disabled CONTEXT: {"email_type":"customer_completed_order","status":"disabled","recipient":"guest","order":9784}
2026-09-14T12:19:59+00:00 NOTICE Email "customer_completed_order" for order #10046 not sent: email type is disabled CONTEXT: {"email_type":"customer_completed_order","status":"disabled","recipient":"guest","order":10046}
2026-09-14T12:20:00+00:00 NOTICE Email "customer_completed_order" for order #9997 not sent: email type is disabled CONTEXT: {"email_type":"customer_completed_order","status":"disabled","recipient":"guest","order":9997}
2026-09-14T12:20:11+00:00 NOTICE Email "customer_completed_order" for order #9923 not sent: email type is disabled CONTEXT: {"email_type":"customer_completed_order","status":"disabled","recipient":"guest","order":9923}
2026-09-14T12:20:22+00:00 INFO Email "cancelled_order" for order #10391 sent CONTEXT: {"email_type":"cancelled_order","status":"sent","recipient":"guest","order":10391}
2026-09-14T12:20:25+00:00 INFO Email "cancelled_order" for order #10397 sent CONTEXT: {"email_type":"cancelled_order","status":"sent","recipient":"guest","order":10397}
2026-09-14T12:20:30+00:00 NOTICE Email "customer_completed_order" for order #10333 not sent: email type is disabled CONTEXT: {"email_type":"customer_completed_order","status":"disabled","recipient":"guest","order":10333}
2026-09-14T12:20:40+00:00 NOTICE Email "customer_note" for order #10661 not sent: email type is disabled CONTEXT: {"email_type":"customer_note","status":"disabled","recipient":"guest","order":10661}
2026-09-14T12:20:43+00:00 NOTICE Email "customer_completed_order" for order #9757 not sent: email type is disabled CONTEXT: {"email_type":"customer_completed_order","status":"disabled","recipient":"guest","order":9757}
2026-09-14T12:20:59+00:00 NOTICE Email "customer_completed_order" for order #9867 not sent: email type is disabled CONTEXT: {"email_type":"customer_completed_order","status":"disabled","recipient":"guest","order":9867}
2026-09-14T12:21:16+00:00 INFO Email "cancelled_order" for order #10652 sent CONTEXT: {"email_type":"cancelled_order","status":"sent","recipient":"guest","order":10652}
2026-09-14T12:21:23+00:00 NOTICE Email "customer_failed_order" for order #10388 not sent: email type is disabled CONTEXT: {"email_type":"customer_failed_order","status":"disabled","recipient":"guest","order":10388}
2026-09-14T12:21:28+00:00 INFO Email "failed_order" for order #10388 sent CONTEXT: {"email_type":"failed_order","status":"sent","recipient":"guest","order":10388}
2026-09-14T12:21:33+00:00 INFO Email "cancelled_order" for order #10331 sent CONTEXT: {"email_type":"cancelled_order","status":"sent","recipient":"guest","order":10331}
2026-09-14T12:21:38+00:00 NOTICE Email "customer_completed_order" for order #9867 not sent: email type is disabled CONTEXT: {"email_type":"customer_completed_order","status":"disabled","recipient":"guest","order":9867}
2026-09-14T12:21:41+00:00 NOTICE Email "customer_completed_order" for order #10200 not sent: email type is disabled CONTEXT: {"email_type":"customer_completed_order","status":"disabled","recipient":"guest","order":10200}
2026-09-14T12:21:41+00:00 NOTICE Email "customer_completed_order" for order #10148 not sent: email type is disabled CONTEXT: {"email_type":"customer_completed_order","status":"disabled","recipient":"guest","order":10148}
2026-09-14T12:21:55+00:00 INFO Email "cancelled_order" for order #10389 sent CONTEXT: {"email_type":"cancelled_order","status":"sent","recipient":"guest","order":10389}
2026-09-14T12:21:56+00:00 NOTICE Email "customer_failed_order" for order #10208 not sent: email type is disabled CONTEXT: {"email_type":"customer_failed_order","status":"disabled","recipient":"guest","order":10208}
2026-09-14T12:21:56+00:00 NOTICE Email "customer_failed_order" for order #10358 not sent: email type is disabled CONTEXT: {"email_type":"customer_failed_order","status":"disabled","recipient":"guest","order":10358}
2026-09-14T12:22:01+00:00 INFO Email "failed_order" for order #10358 sent CONTEXT: {"email_type":"failed_order","status":"sent","recipient":"guest","order":10358}
2026-09-14T12:22:03+00:00 NOTICE Email "customer_completed_order" for order #9907 not sent: email type is disabled CONTEXT: {"email_type":"customer_completed_order","status":"disabled","recipient":"guest","order":9907}
2026-09-14T12:22:12+00:00 NOTICE Email "customer_completed_order" for order #10086 not sent: email type is disabled CONTEXT: {"email_type":"customer_completed_order","status":"disabled","recipient":"guest","order":10086}
2026-09-14T12:22:20+00:00 INFO Email "cancelled_order" for order #10332 sent CONTEXT: {"email_type":"cancelled_order","status":"sent","recipient":"guest","order":10332}
2026-09-14T12:22:28+00:00 NOTICE Email "customer_completed_order" for order #10333 not sent: email type is disabled CONTEXT: {"email_type":"customer_completed_order","status":"disabled","recipient":"guest","order":10333}
2026-09-14T12:22:29+00:00 NOTICE Email "customer_completed_order" for order #9809 not sent: email type is disabled CONTEXT: {"email_type":"customer_completed_order","status":"disabled","recipient":"guest","order":9809}
2026-09-14T12:22:30+00:00 INFO Email "cancelled_order" for order #10370 sent CONTEXT: {"email_type":"cancelled_order","status":"sent","recipient":"guest","order":10370}
2026-09-14T12:22:45+00:00 NOTICE Email "customer_completed_order" for order #9786 not sent: email type is disabled CONTEXT: {"email_type":"customer_completed_order","status":"disabled","recipient":"guest","order":9786}
2026-09-14T12:22:48+00:00 NOTICE Email "customer_completed_order" for order #9997 not sent: email type is disabled CONTEXT: {"email_type":"customer_completed_order","status":"disabled","recipient":"guest","order":9997}
2026-09-14T12:23:26+00:00 NOTICE Email "customer_failed_order" for order #10388 not sent: email type is disabled CONTEXT: {"email_type":"customer_failed_order","status":"disabled","recipient":"guest","order":10388}
2026-09-14T12:23:32+00:00 INFO Email "failed_order" for order #10388 sent CONTEXT: {"email_type":"failed_order","status":"sent","recipient":"guest","order":10388}
2026-09-14T12:23:40+00:00 NOTICE Email "customer_completed_order" for order #10287 not sent: email type is disabled CONTEXT: {"email_type":"customer_completed_order","status":"disabled","recipient":"guest","order":10287}
2026-09-14T12:23:40+00:00 NOTICE Email "customer_completed_order" for order #10018 not sent: email type is disabled CONTEXT: {"email_type":"customer_completed_order","status":"disabled","recipient":"guest","order":10018}
2026-09-14T12:23:53+00:00 NOTICE Email "customer_failed_order" for order #10390 not sent: email type is disabled CONTEXT: {"email_type":"customer_failed_order","status":"disabled","recipient":"guest","order":10390}
2026-09-14T12:23:53+00:00 INFO Email "cancelled_order" for order #10369 sent CONTEXT: {"email_type":"cancelled_order","status":"sent","recipient":"guest","order":10369}
2026-09-14T12:23:55+00:00 INFO Email "cancelled_order" for order #10389 sent CONTEXT: {"email_type":"cancelled_order","status":"sent","recipient":"guest","order":10389}
2026-09-14T12:23:57+00:00 NOTICE Email "customer_completed_order" for order #9892 not sent: email type is disabled CONTEXT: {"email_type":"customer_completed_order","status":"disabled","recipient":"guest","order":9892}
2026-09-14T12:23:58+00:00 INFO Email "failed_order" for order #10390 sent CONTEXT: {"email_type":"failed_order","status":"sent","recipient":"guest","order":10390}
2026-09-14T12:23:59+00:00 INFO Email "cancelled_order" for order #10391 sent CONTEXT: {"email_type":"cancelled_order","status":"sent","recipient":"guest","order":10391}
2026-09-14T12:24:05+00:00 NOTICE Email "customer_completed_order" for order #10128 not sent: email type is disabled CONTEXT: {"email_type":"customer_completed_order","status":"disabled","recipient":"guest","order":10128}
2026-09-14T12:24:10+00:00 NOTICE Email "customer_completed_order" for order #9810 not sent: email type is disabled CONTEXT: {"email_type":"customer_completed_order","status":"disabled","recipient":"guest","order":9810}
2026-09-14T12:24:28+00:00 NOTICE Email "customer_completed_order" for order #10162 not sent: email type is disabled CONTEXT: {"email_type":"customer_completed_order","status":"disabled","recipient":"guest","order":10162}
2026-09-14T12:24:41+00:00 INFO Email "cancelled_order" for order #10350 sent CONTEXT: {"email_type":"cancelled_order","status":"sent","recipient":"guest","order":10350}
2026-09-14T12:24:48+00:00 NOTICE Email "customer_completed_order" for order #7526 not sent: email type is disabled CONTEXT: {"email_type":"customer_completed_order","status":"disabled","recipient":"guest","order":7526}
2026-09-14T12:24:48+00:00 NOTICE Email "customer_failed_order" for order #10320 not sent: email type is disabled CONTEXT: {"email_type":"customer_failed_order","status":"disabled","recipient":"guest","order":10320}
2026-09-14T12:24:55+00:00 NOTICE Email "customer_completed_order" for order #9766 not sent: email type is disabled CONTEXT: {"email_type":"customer_completed_order","status":"disabled","recipient":"guest","order":9766}
2026-09-14T12:24:59+00:00 INFO Email "cancelled_order" for order #10397 sent CONTEXT: {"email_type":"cancelled_order","status":"sent","recipient":"guest","order":10397}
2026-09-14T12:25:06+00:00 NOTICE Email "customer_completed_order" for order #9865 not sent: email type is disabled CONTEXT: {"email_type":"customer_completed_order","status":"disabled","recipient":"guest","order":9865}
2026-09-14T12:25:11+00:00 NOTICE Email "customer_completed_order" for order #9852 not sent: email type is disabled CONTEXT: {"email_type":"customer_completed_order","status":"disabled","recipient":"guest","order":9852}
2026-09-14T12:25:18+00:00 NOTICE Email "customer_completed_order" for order #10061 not sent: email type is disabled CONTEXT: {"email_type":"customer_completed_order","status":"disabled","recipient":"guest","order":10061}
2026-09-14T12:25:18+00:00 NOTICE Email "customer_completed_order" for order #9907 not sent: email type is disabled CONTEXT: {"email_type":"customer_completed_order","status":"disabled","recipient":"guest","order":9907}
2026-09-14T12:25:28+00:00 INFO Email "cancelled_order" for order #10373 sent CONTEXT: {"email_type":"cancelled_order","status":"sent","recipient":"guest","order":10373}
2026-09-14T12:25:30+00:00 INFO Email "cancelled_order" for order #10337 sent CONTEXT: {"email_type":"cancelled_order","status":"sent","recipient":"guest","order":10337}
2026-09-14T12:25:35+00:00 NOTICE Email "customer_completed_order" for order #10018 not sent: email type is disabled CONTEXT: {"email_type":"customer_completed_order","status":"disabled","recipient":"guest","order":10018}
2026-09-14T12:25:35+00:00 NOTICE Email "customer_completed_order" for order #10287 not sent: email type is disabled CONTEXT: {"email_type":"customer_completed_order","status":"disabled","recipient":"guest","order":10287}
2026-09-14T12:25:38+00:00 INFO Email "cancelled_order" for order #10371 sent CONTEXT: {"email_type":"cancelled_order","status":"sent","recipient":"guest","order":10371}
2026-09-14T12:25:52+00:00 NOTICE Email "customer_completed_order" for order #10126 not sent: email type is disabled CONTEXT: {"email_type":"customer_completed_order","status":"disabled","recipient":"guest","order":10126}
2026-09-14T12:25:52+00:00 NOTICE Email "customer_completed_order" for order #10200 not sent: email type is disabled CONTEXT: {"email_type":"customer_completed_order","status":"disabled","recipient":"guest","order":10200}
2026-09-14T12:25:52+00:00 INFO Email "cancelled_order" for order #10366 sent CONTEXT: {"email_type":"cancelled_order","status":"sent","recipient":"guest","order":10366}
2026-09-14T12:26:08+00:00 NOTICE Email "customer_completed_order" for order #7976 not sent: email type is disabled CONTEXT: {"email_type":"customer_completed_order","status":"disabled","recipient":"guest","order":7976}
2026-09-14T12:26:09+00:00 NOTICE Email "customer_completed_order" for order #9798 not sent: email type is disabled CONTEXT: {"email_type":"customer_completed_order","status":"disabled","recipient":"guest","order":9798}
2026-09-14T12:26:11+00:00 NOTICE Email "customer_failed_order" for order #10358 not sent: email type is disabled CONTEXT: {"email_type":"customer_failed_order","status":"disabled","recipient":"guest","order":10358}
2026-09-14T12:26:15+00:00 INFO Email "failed_order" for order #10358 sent CONTEXT: {"email_type":"failed_order","status":"sent","recipient":"guest","order":10358}
2026-09-14T12:26:17+00:00 INFO Email "cancelled_order" for order #10372 sent CONTEXT: {"email_type":"cancelled_order","status":"sent","recipient":"guest","order":10372}
2026-09-14T12:26:19+00:00 NOTICE Email "customer_completed_order" for order #10327 not sent: email type is disabled CONTEXT: {"email_type":"customer_completed_order","status":"disabled","recipient":"guest","order":10327}
2026-09-14T12:26:19+00:00 NOTICE Email "customer_completed_order" for order #9974 not sent: email type is disabled CONTEXT: {"email_type":"customer_completed_order","status":"disabled","recipient":"guest","order":9974}
2026-09-14T12:26:20+00:00 NOTICE Email "customer_completed_order" for order #7526 not sent: email type is disabled CONTEXT: {"email_type":"customer_completed_order","status":"disabled","recipient":"guest","order":7526}
2026-09-14T12:26:25+00:00 NOTICE Email "customer_completed_order" for order #9938 not sent: email type is disabled CONTEXT: {"email_type":"customer_completed_order","status":"disabled","recipient":"guest","order":9938}
2026-09-14T12:27:00+00:00 NOTICE Email "customer_completed_order" for order #10061 not sent: email type is disabled CONTEXT: {"email_type":"customer_completed_order","status":"disabled","recipient":"guest","order":10061}
2026-09-14T12:27:16+00:00 NOTICE Email "customer_completed_order" for order #10197 not sent: email type is disabled CONTEXT: {"email_type":"customer_completed_order","status":"disabled","recipient":"guest","order":10197}
2026-09-14T12:27:16+00:00 NOTICE Email "customer_completed_order" for order #9936 not sent: email type is disabled CONTEXT: {"email_type":"customer_completed_order","status":"disabled","recipient":"guest","order":9936}
2026-09-14T12:27:34+00:00 NOTICE Email "customer_failed_order" for order #10302 not sent: email type is disabled CONTEXT: {"email_type":"customer_failed_order","status":"disabled","recipient":"guest","order":10302}
2026-09-14T12:27:34+00:00 NOTICE Email "customer_completed_order" for order #10239 not sent: email type is disabled CONTEXT: {"email_type":"customer_completed_order","status":"disabled","recipient":"guest","order":10239}
2026-09-14T12:27:54+00:00 INFO Email "cancelled_order" for order #10360 sent CONTEXT: {"email_type":"cancelled_order","status":"sent","recipient":"guest","order":10360}
2026-09-14T12:27:54+00:00 NOTICE Email "customer_completed_order" for order #10141 not sent: email type is disabled CONTEXT: {"email_type":"customer_completed_order","status":"disabled","recipient":"guest","order":10141}
2026-09-14T12:28:11+00:00 NOTICE Email "customer_completed_order" for order #9785 not sent: email type is disabled CONTEXT: {"email_type":"customer_completed_order","status":"disabled","recipient":"guest","order":9785}
2026-09-14T12:28:38+00:00 INFO Email "cancelled_order" for order #10331 sent CONTEXT: {"email_type":"cancelled_order","status":"sent","recipient":"guest","order":10331}
2026-09-14T12:31:15+00:00 NOTICE Email "customer_failed_order" for order #10390 not sent: email type is disabled CONTEXT: {"email_type":"customer_failed_order","status":"disabled","recipient":"guest","order":10390}
2026-09-14T12:31:19+00:00 INFO Email "failed_order" for order #10390 sent CONTEXT: {"email_type":"failed_order","status":"sent","recipient":"guest","order":10390}
2026-09-14T12:31:24+00:00 INFO Email "cancelled_order" for order #10397 sent CONTEXT: {"email_type":"cancelled_order","status":"sent","recipient":"guest","order":10397}
2026-09-14T12:31:27+00:00 NOTICE Email "customer_refunded_order" for order #10101 not sent: email type is disabled CONTEXT: {"email_type":"customer_refunded_order","status":"disabled","recipient":"guest","order":10101}
2026-09-14T12:31:30+00:00 NOTICE Email "customer_refunded_order" for order #10081 not sent: email type is disabled CONTEXT: {"email_type":"customer_refunded_order","status":"disabled","recipient":"guest","order":10081}
2026-09-14T12:31:44+00:00 NOTICE Email "customer_refunded_order" for order #9310 not sent: email type is disabled CONTEXT: {"email_type":"customer_refunded_order","status":"disabled","recipient":"guest","order":9310}
2026-09-14T12:32:13+00:00 NOTICE Email "customer_refunded_order" for order #10190 not sent: email type is disabled CONTEXT: {"email_type":"customer_refunded_order","status":"disabled","recipient":"guest","order":10190}
2026-09-14T12:32:15+00:00 NOTICE Email "customer_refunded_order" for order #9760 not sent: email type is disabled CONTEXT: {"email_type":"customer_refunded_order","status":"disabled","recipient":"guest","order":9760}
2026-09-14T12:32:19+00:00 NOTICE Email "customer_completed_order" for order #9923 not sent: email type is disabled CONTEXT: {"email_type":"customer_completed_order","status":"disabled","recipient":"guest","order":9923}
2026-09-14T12:32:37+00:00 NOTICE Email "customer_refunded_order" for order #10227 not sent: email type is disabled CONTEXT: {"email_type":"customer_refunded_order","status":"disabled","recipient":"guest","order":10227}
2026-09-14T12:32:40+00:00 NOTICE Email "customer_completed_order" for order #9809 not sent: email type is disabled CONTEXT: {"email_type":"customer_completed_order","status":"disabled","recipient":"guest","order":9809}
2026-09-14T12:33:41+00:00 NOTICE Email "customer_completed_order" for order #9997 not sent: email type is disabled CONTEXT: {"email_type":"customer_completed_order","status":"disabled","recipient":"guest","order":9997}
2026-09-14T12:34:48+00:00 INFO Email "cancelled_order" for order #10369 sent CONTEXT: {"email_type":"cancelled_order","status":"sent","recipient":"guest","order":10369}
2026-09-14T12:35:25+00:00 NOTICE Email "customer_completed_order" for order #9785 not sent: email type is disabled CONTEXT: {"email_type":"customer_completed_order","status":"disabled","recipient":"guest","order":9785}
2026-09-14T12:35:45+00:00 NOTICE Email "customer_completed_order" for order #10112 not sent: email type is disabled CONTEXT: {"email_type":"customer_completed_order","status":"disabled","recipient":"guest","order":10112}
2026-09-14T12:36:25+00:00 NOTICE Email "customer_completed_order" for order #9943 not sent: email type is disabled CONTEXT: {"email_type":"customer_completed_order","status":"disabled","recipient":"guest","order":9943}
2026-09-14T12:36:25+00:00 NOTICE Email "customer_completed_order" for order #10018 not sent: email type is disabled CONTEXT: {"email_type":"customer_completed_order","status":"disabled","recipient":"guest","order":10018}
2026-09-14T12:36:25+00:00 NOTICE Email "customer_completed_order" for order #9766 not sent: email type is disabled CONTEXT: {"email_type":"customer_completed_order","status":"disabled","recipient":"guest","order":9766}
2026-09-14T12:36:45+00:00 NOTICE Email "customer_completed_order" for order #10287 not sent: email type is disabled CONTEXT: {"email_type":"customer_completed_order","status":"disabled","recipient":"guest","order":10287}
2026-09-14T12:37:05+00:00 NOTICE Email "customer_completed_order" for order #10289 not sent: email type is disabled CONTEXT: {"email_type":"customer_completed_order","status":"disabled","recipient":"guest","order":10289}
2026-09-14T12:37:05+00:00 NOTICE Email "customer_completed_order" for order #9833 not sent: email type is disabled CONTEXT: {"email_type":"customer_completed_order","status":"disabled","recipient":"guest","order":9833}
2026-09-14T12:37:26+00:00 NOTICE Email "customer_completed_order" for order #9832 not sent: email type is disabled CONTEXT: {"email_type":"customer_completed_order","status":"disabled","recipient":"guest","order":9832}
2026-09-14T12:37:45+00:00 NOTICE Email "customer_completed_order" for order #9900 not sent: email type is disabled CONTEXT: {"email_type":"customer_completed_order","status":"disabled","recipient":"guest","order":9900}
2026-09-14T12:38:09+00:00 INFO Email "cancelled_order" for order #10351 sent CONTEXT: {"email_type":"cancelled_order","status":"sent","recipient":"guest","order":10351}
2026-09-14T12:38:09+00:00 NOTICE Email "customer_completed_order" for order #9950 not sent: email type is disabled CONTEXT: {"email_type":"customer_completed_order","status":"disabled","recipient":"guest","order":9950}
2026-09-14T12:38:30+00:00 NOTICE Email "customer_completed_order" for order #10003 not sent: email type is disabled CONTEXT: {"email_type":"customer_completed_order","status":"disabled","recipient":"guest","order":10003}
2026-09-14T12:38:30+00:00 NOTICE Email "customer_completed_order" for order #9952 not sent: email type is disabled CONTEXT: {"email_type":"customer_completed_order","status":"disabled","recipient":"guest","order":9952}
2026-09-14T12:39:11+00:00 NOTICE Email "customer_completed_order" for order #7526 not sent: email type is disabled CONTEXT: {"email_type":"customer_completed_order","status":"disabled","recipient":"guest","order":7526}
2026-09-14T12:40:12+00:00 NOTICE Email "customer_completed_order" for order #7961 not sent: email type is disabled CONTEXT: {"email_type":"customer_completed_order","status":"disabled","recipient":"guest","order":7961}
2026-09-14T12:40:12+00:00 NOTICE Email "customer_completed_order" for order #7976 not sent: email type is disabled CONTEXT: {"email_type":"customer_completed_order","status":"disabled","recipient":"guest","order":7976}
2026-09-14T12:40:12+00:00 NOTICE Email "customer_completed_order" for order #8021 not sent: email type is disabled CONTEXT: {"email_type":"customer_completed_order","status":"disabled","recipient":"guest","order":8021}
2026-09-14T12:40:22+00:00 NOTICE Email "customer_completed_order" for order #9757 not sent: email type is disabled CONTEXT: {"email_type":"customer_completed_order","status":"disabled","recipient":"guest","order":9757}
2026-09-14T12:40:22+00:00 NOTICE Email "customer_completed_order" for order #9773 not sent: email type is disabled CONTEXT: {"email_type":"customer_completed_order","status":"disabled","recipient":"guest","order":9773}
2026-09-14T12:40:22+00:00 NOTICE Email "customer_completed_order" for order #9784 not sent: email type is disabled CONTEXT: {"email_type":"customer_completed_order","status":"disabled","recipient":"guest","order":9784}
2026-09-14T12:40:22+00:00 NOTICE Email "customer_completed_order" for order #9786 not sent: email type is disabled CONTEXT: {"email_type":"customer_completed_order","status":"disabled","recipient":"guest","order":9786}
2026-09-14T12:40:22+00:00 NOTICE Email "customer_completed_order" for order #9810 not sent: email type is disabled CONTEXT: {"email_type":"customer_completed_order","status":"disabled","recipient":"guest","order":9810}
2026-09-14T12:40:28+00:00 NOTICE Email "customer_completed_order" for order #9938 not sent: email type is disabled CONTEXT: {"email_type":"customer_completed_order","status":"disabled","recipient":"guest","order":9938}
2026-09-14T12:40:28+00:00 NOTICE Email "customer_completed_order" for order #9852 not sent: email type is disabled CONTEXT: {"email_type":"customer_completed_order","status":"disabled","recipient":"guest","order":9852}
2026-09-14T12:40:28+00:00 NOTICE Email "customer_failed_order" for order #10320 not sent: email type is disabled CONTEXT: {"email_type":"customer_failed_order","status":"disabled","recipient":"guest","order":10320}
2026-09-14T12:40:50+00:00 NOTICE Email "customer_completed_order" for order #10168 not sent: email type is disabled CONTEXT: {"email_type":"customer_completed_order","status":"disabled","recipient":"guest","order":10168}
2026-09-14T12:41:06+00:00 NOTICE Email "customer_completed_order" for order #9840 not sent: email type is disabled CONTEXT: {"email_type":"customer_completed_order","status":"disabled","recipient":"guest","order":9840}
2026-09-14T12:41:06+00:00 NOTICE Email "customer_completed_order" for order #9851 not sent: email type is disabled CONTEXT: {"email_type":"customer_completed_order","status":"disabled","recipient":"guest","order":9851}
2026-09-14T12:41:06+00:00 NOTICE Email "customer_completed_order" for order #9858 not sent: email type is disabled CONTEXT: {"email_type":"customer_completed_order","status":"disabled","recipient":"guest","order":9858}
2026-09-14T12:41:06+00:00 NOTICE Email "customer_completed_order" for order #9865 not sent: email type is disabled CONTEXT: {"email_type":"customer_completed_order","status":"disabled","recipient":"guest","order":9865}
2026-09-14T12:41:06+00:00 NOTICE Email "customer_completed_order" for order #9867 not sent: email type is disabled CONTEXT: {"email_type":"customer_completed_order","status":"disabled","recipient":"guest","order":9867}
2026-09-14T12:41:07+00:00 NOTICE Email "customer_completed_order" for order #9892 not sent: email type is disabled CONTEXT: {"email_type":"customer_completed_order","status":"disabled","recipient":"guest","order":9892}
2026-09-14T12:41:07+00:00 NOTICE Email "customer_completed_order" for order #9903 not sent: email type is disabled CONTEXT: {"email_type":"customer_completed_order","status":"disabled","recipient":"guest","order":9903}
2026-09-14T12:41:07+00:00 NOTICE Email "customer_completed_order" for order #9907 not sent: email type is disabled CONTEXT: {"email_type":"customer_completed_order","status":"disabled","recipient":"guest","order":9907}
2026-09-14T12:41:07+00:00 NOTICE Email "customer_completed_order" for order #9914 not sent: email type is disabled CONTEXT: {"email_type":"customer_completed_order","status":"disabled","recipient":"guest","order":9914}
2026-09-14T12:41:07+00:00 NOTICE Email "customer_completed_order" for order #9923 not sent: email type is disabled CONTEXT: {"email_type":"customer_completed_order","status":"disabled","recipient":"guest","order":9923}
2026-09-14T12:41:07+00:00 NOTICE Email "customer_completed_order" for order #9936 not sent: email type is disabled CONTEXT: {"email_type":"customer_completed_order","status":"disabled","recipient":"guest","order":9936}
2026-09-14T12:41:12+00:00 NOTICE Email "customer_completed_order" for order #10019 not sent: email type is disabled CONTEXT: {"email_type":"customer_completed_order","status":"disabled","recipient":"guest","order":10019}
2026-09-14T12:41:12+00:00 NOTICE Email "customer_completed_order" for order #10021 not sent: email type is disabled CONTEXT: {"email_type":"customer_completed_order","status":"disabled","recipient":"guest","order":10021}
2026-09-14T12:41:12+00:00 NOTICE Email "customer_completed_order" for order #10027 not sent: email type is disabled CONTEXT: {"email_type":"customer_completed_order","status":"disabled","recipient":"guest","order":10027}
2026-09-14T12:41:12+00:00 NOTICE Email "customer_completed_order" for order #10034 not sent: email type is disabled CONTEXT: {"email_type":"customer_completed_order","status":"disabled","recipient":"guest","order":10034}
2026-09-14T12:41:12+00:00 NOTICE Email "customer_completed_order" for order #10046 not sent: email type is disabled CONTEXT: {"email_type":"customer_completed_order","status":"disabled","recipient":"guest","order":10046}
2026-09-14T12:41:18+00:00 NOTICE Email "customer_completed_order" for order #10061 not sent: email type is disabled CONTEXT: {"email_type":"customer_completed_order","status":"disabled","recipient":"guest","order":10061}
2026-09-14T12:41:18+00:00 NOTICE Email "customer_completed_order" for order #10086 not sent: email type is disabled CONTEXT: {"email_type":"customer_completed_order","status":"disabled","recipient":"guest","order":10086}
2026-09-14T12:41:18+00:00 NOTICE Email "customer_completed_order" for order #10087 not sent: email type is disabled CONTEXT: {"email_type":"customer_completed_order","status":"disabled","recipient":"guest","order":10087}
2026-09-14T12:41:18+00:00 NOTICE Email "customer_completed_order" for order #10091 not sent: email type is disabled CONTEXT: {"email_type":"customer_completed_order","status":"disabled","recipient":"guest","order":10091}
2026-09-14T12:41:18+00:00 NOTICE Email "customer_completed_order" for order #10126 not sent: email type is disabled CONTEXT: {"email_type":"customer_completed_order","status":"disabled","recipient":"guest","order":10126}
2026-09-14T12:41:18+00:00 NOTICE Email "customer_completed_order" for order #10128 not sent: email type is disabled CONTEXT: {"email_type":"customer_completed_order","status":"disabled","recipient":"guest","order":10128}
2026-09-14T12:41:18+00:00 NOTICE Email "customer_completed_order" for order #10140 not sent: email type is disabled CONTEXT: {"email_type":"customer_completed_order","status":"disabled","recipient":"guest","order":10140}
2026-09-14T12:41:19+00:00 NOTICE Email "customer_completed_order" for order #10141 not sent: email type is disabled CONTEXT: {"email_type":"customer_completed_order","status":"disabled","recipient":"guest","order":10141}
2026-09-14T12:41:19+00:00 NOTICE Email "customer_completed_order" for order #10142 not sent: email type is disabled CONTEXT: {"email_type":"customer_completed_order","status":"disabled","recipient":"guest","order":10142}
2026-09-14T12:41:19+00:00 NOTICE Email "customer_completed_order" for order #10148 not sent: email type is disabled CONTEXT: {"email_type":"customer_completed_order","status":"disabled","recipient":"guest","order":10148}
2026-09-14T12:41:19+00:00 NOTICE Email "customer_completed_order" for order #10156 not sent: email type is disabled CONTEXT: {"email_type":"customer_completed_order","status":"disabled","recipient":"guest","order":10156}
2026-09-14T12:41:19+00:00 NOTICE Email "customer_completed_order" for order #10158 not sent: email type is disabled CONTEXT: {"email_type":"customer_completed_order","status":"disabled","recipient":"guest","order":10158}
2026-09-14T12:41:23+00:00 NOTICE Email "customer_completed_order" for order #10162 not sent: email type is disabled CONTEXT: {"email_type":"customer_completed_order","status":"disabled","recipient":"guest","order":10162}
2026-09-14T12:41:23+00:00 NOTICE Email "customer_completed_order" for order #10197 not sent: email type is disabled CONTEXT: {"email_type":"customer_completed_order","status":"disabled","recipient":"guest","order":10197}
2026-09-14T12:41:23+00:00 NOTICE Email "customer_completed_order" for order #10200 not sent: email type is disabled CONTEXT: {"email_type":"customer_completed_order","status":"disabled","recipient":"guest","order":10200}
2026-09-14T12:41:24+00:00 NOTICE Email "customer_completed_order" for order #10239 not sent: email type is disabled CONTEXT: {"email_type":"customer_completed_order","status":"disabled","recipient":"guest","order":10239}
2026-09-14T12:41:24+00:00 NOTICE Email "customer_completed_order" for order #10249 not sent: email type is disabled CONTEXT: {"email_type":"customer_completed_order","status":"disabled","recipient":"guest","order":10249}
2026-09-14T12:42:12+00:00 NOTICE Email "customer_failed_order" for order #10282 not sent: email type is disabled CONTEXT: {"email_type":"customer_failed_order","status":"disabled","recipient":"guest","order":10282}
2026-09-14T12:42:12+00:00 NOTICE Email "customer_failed_order" for order #10302 not sent: email type is disabled CONTEXT: {"email_type":"customer_failed_order","status":"disabled","recipient":"guest","order":10302}
2026-09-14T12:42:12+00:00 NOTICE Email "customer_failed_order" for order #10304 not sent: email type is disabled CONTEXT: {"email_type":"customer_failed_order","status":"disabled","recipient":"guest","order":10304}
2026-09-14T12:42:12+00:00 NOTICE Email "customer_completed_order" for order #10327 not sent: email type is disabled CONTEXT: {"email_type":"customer_completed_order","status":"disabled","recipient":"guest","order":10327}
2026-09-14T12:42:12+00:00 NOTICE Email "customer_completed_order" for order #10333 not sent: email type is disabled CONTEXT: {"email_type":"customer_completed_order","status":"disabled","recipient":"guest","order":10333}
2026-09-14T12:42:12+00:00 NOTICE Email "customer_completed_order" for order #10338 not sent: email type is disabled CONTEXT: {"email_type":"customer_completed_order","status":"disabled","recipient":"guest","order":10338}
2026-09-14T12:42:18+00:00 INFO Email "cancelled_order" for order #10356 sent CONTEXT: {"email_type":"cancelled_order","status":"sent","recipient":"guest","order":10356}
2026-09-14T12:42:18+00:00 INFO Email "cancelled_order" for order #10389 sent CONTEXT: {"email_type":"cancelled_order","status":"sent","recipient":"guest","order":10389}
2026-09-14T12:42:43+00:00 INFO Email "cancelled_order" for order #10391 sent CONTEXT: {"email_type":"cancelled_order","status":"sent","recipient":"guest","order":10391}
2026-09-14T12:43:37+00:00 NOTICE Email "customer_completed_order" for order #9784 not sent: email type is disabled CONTEXT: {"email_type":"customer_completed_order","status":"disabled","recipient":"guest","order":9784}
2026-09-14T12:44:48+00:00 NOTICE Email "customer_failed_order" for order #10358 not sent: email type is disabled CONTEXT: {"email_type":"customer_failed_order","status":"disabled","recipient":"guest","order":10358}
2026-09-14T12:44:52+00:00 INFO Email "cancelled_order" for order #10331 sent CONTEXT: {"email_type":"cancelled_order","status":"sent","recipient":"guest","order":10331}
2026-09-14T12:44:52+00:00 NOTICE Email "customer_failed_order" for order #10388 not sent: email type is disabled CONTEXT: {"email_type":"customer_failed_order","status":"disabled","recipient":"guest","order":10388}
2026-09-14T12:44:53+00:00 INFO Email "failed_order" for order #10358 sent CONTEXT: {"email_type":"failed_order","status":"sent","recipient":"guest","order":10358}
2026-09-14T12:44:57+00:00 INFO Email "failed_order" for order #10388 sent CONTEXT: {"email_type":"failed_order","status":"sent","recipient":"guest","order":10388}
2026-09-14T12:45:44+00:00 INFO Email "cancelled_order" for order #10332 sent CONTEXT: {"email_type":"cancelled_order","status":"sent","recipient":"guest","order":10332}
2026-09-14T12:45:53+00:00 NOTICE Email "customer_completed_order" for order #10061 not sent: email type is disabled CONTEXT: {"email_type":"customer_completed_order","status":"disabled","recipient":"guest","order":10061}
2026-09-14T12:46:10+00:00 INFO Email "cancelled_order" for order #10369 sent CONTEXT: {"email_type":"cancelled_order","status":"sent","recipient":"guest","order":10369}
2026-09-14T12:46:28+00:00 NOTICE Email "customer_completed_order" for order #10003 not sent: email type is disabled CONTEXT: {"email_type":"customer_completed_order","status":"disabled","recipient":"guest","order":10003}
2026-09-14T12:46:36+00:00 NOTICE Email "customer_failed_order" for order #10207 not sent: email type is disabled CONTEXT: {"email_type":"customer_failed_order","status":"disabled","recipient":"guest","order":10207}
2026-09-14T12:46:36+00:00 INFO Email "cancelled_order" for order #10391 sent CONTEXT: {"email_type":"cancelled_order","status":"sent","recipient":"guest","order":10391}
2026-09-14T12:47:17+00:00 NOTICE Email "customer_completed_order" for order #10327 not sent: email type is disabled CONTEXT: {"email_type":"customer_completed_order","status":"disabled","recipient":"guest","order":10327}
2026-09-14T12:47:17+00:00 NOTICE Email "customer_completed_order" for order #9798 not sent: email type is disabled CONTEXT: {"email_type":"customer_completed_order","status":"disabled","recipient":"guest","order":9798}
2026-09-14T12:47:20+00:00 NOTICE Email "customer_completed_order" for order #10140 not sent: email type is disabled CONTEXT: {"email_type":"customer_completed_order","status":"disabled","recipient":"guest","order":10140}
2026-09-14T12:47:20+00:00 NOTICE Email "customer_completed_order" for order #9784 not sent: email type is disabled CONTEXT: {"email_type":"customer_completed_order","status":"disabled","recipient":"guest","order":9784}
2026-09-14T12:47:21+00:00 INFO Email "cancelled_order" for order #10373 sent CONTEXT: {"email_type":"cancelled_order","status":"sent","recipient":"guest","order":10373}
2026-09-14T12:47:26+00:00 INFO Email "cancelled_order" for order #10372 sent CONTEXT: {"email_type":"cancelled_order","status":"sent","recipient":"guest","order":10372}
2026-09-14T12:47:31+00:00 NOTICE Email "customer_refunded_order" for order #10212 not sent: email type is disabled CONTEXT: {"email_type":"customer_refunded_order","status":"disabled","recipient":"guest","order":10212}
2026-09-14T12:47:33+00:00 NOTICE Email "customer_refunded_order" for order #10568 not sent: email type is disabled CONTEXT: {"email_type":"customer_refunded_order","status":"disabled","recipient":"guest","order":10568}
2026-09-14T12:47:42+00:00 NOTICE Email "customer_completed_order" for order #10197 not sent: email type is disabled CONTEXT: {"email_type":"customer_completed_order","status":"disabled","recipient":"guest","order":10197}
2026-09-14T12:48:00+00:00 NOTICE Email "customer_completed_order" for order #9923 not sent: email type is disabled CONTEXT: {"email_type":"customer_completed_order","status":"disabled","recipient":"guest","order":9923}
2026-09-14T12:48:07+00:00 NOTICE Email "customer_refunded_order" for order #10186 not sent: email type is disabled CONTEXT: {"email_type":"customer_refunded_order","status":"disabled","recipient":"guest","order":10186}
2026-09-14T12:48:13+00:00 NOTICE Email "customer_refunded_order" for order #10177 not sent: email type is disabled CONTEXT: {"email_type":"customer_refunded_order","status":"disabled","recipient":"guest","order":10177}
2026-09-14T12:48:18+00:00 NOTICE Email "customer_completed_order" for order #9867 not sent: email type is disabled CONTEXT: {"email_type":"customer_completed_order","status":"disabled","recipient":"guest","order":9867}
2026-09-14T12:48:20+00:00 NOTICE Email "customer_completed_order" for order #9974 not sent: email type is disabled CONTEXT: {"email_type":"customer_completed_order","status":"disabled","recipient":"guest","order":9974}
2026-09-14T12:48:22+00:00 NOTICE Email "customer_completed_order" for order #9851 not sent: email type is disabled CONTEXT: {"email_type":"customer_completed_order","status":"disabled","recipient":"guest","order":9851}
2026-09-14T12:48:37+00:00 NOTICE Email "customer_completed_order" for order #9943 not sent: email type is disabled CONTEXT: {"email_type":"customer_completed_order","status":"disabled","recipient":"guest","order":9943}
2026-09-14T12:48:55+00:00 NOTICE Email "customer_completed_order" for order #10200 not sent: email type is disabled CONTEXT: {"email_type":"customer_completed_order","status":"disabled","recipient":"guest","order":10200}
2026-09-14T12:49:07+00:00 NOTICE Email "customer_completed_order" for order #10046 not sent: email type is disabled CONTEXT: {"email_type":"customer_completed_order","status":"disabled","recipient":"guest","order":10046}
2026-09-14T12:49:24+00:00 NOTICE Email "customer_completed_order" for order #10338 not sent: email type is disabled CONTEXT: {"email_type":"customer_completed_order","status":"disabled","recipient":"guest","order":10338}
2026-09-14T12:49:47+00:00 NOTICE Email "customer_completed_order" for order #9786 not sent: email type is disabled CONTEXT: {"email_type":"customer_completed_order","status":"disabled","recipient":"guest","order":9786}
2026-09-14T12:49:47+00:00 NOTICE Email "customer_completed_order" for order #10141 not sent: email type is disabled CONTEXT: {"email_type":"customer_completed_order","status":"disabled","recipient":"guest","order":10141}
2026-09-14T12:49:51+00:00 INFO Email "cancelled_order" for order #10360 sent CONTEXT: {"email_type":"cancelled_order","status":"sent","recipient":"guest","order":10360}
2026-09-14T12:49:52+00:00 NOTICE Email "customer_completed_order" for order #7976 not sent: email type is disabled CONTEXT: {"email_type":"customer_completed_order","status":"disabled","recipient":"guest","order":7976}
2026-09-14T12:50:09+00:00 INFO Email "cancelled_order" for order #10350 sent CONTEXT: {"email_type":"cancelled_order","status":"sent","recipient":"guest","order":10350}
2026-09-14T12:50:10+00:00 NOTICE Email "customer_completed_order" for order #9785 not sent: email type is disabled CONTEXT: {"email_type":"customer_completed_order","status":"disabled","recipient":"guest","order":9785}
2026-09-14T12:50:19+00:00 INFO Email "cancelled_order" for order #10372 sent CONTEXT: {"email_type":"cancelled_order","status":"sent","recipient":"guest","order":10372}
2026-09-14T12:50:38+00:00 INFO Email "cancelled_order" for order #10351 sent CONTEXT: {"email_type":"cancelled_order","status":"sent","recipient":"guest","order":10351}
2026-09-14T12:50:46+00:00 INFO Email "cancelled_order" for order #10366 sent CONTEXT: {"email_type":"cancelled_order","status":"sent","recipient":"guest","order":10366}
2026-09-14T12:50:56+00:00 NOTICE Email "customer_completed_order" for order #10140 not sent: email type is disabled CONTEXT: {"email_type":"customer_completed_order","status":"disabled","recipient":"guest","order":10140}
2026-09-14T12:50:56+00:00 NOTICE Email "customer_completed_order" for order #9809 not sent: email type is disabled CONTEXT: {"email_type":"customer_completed_order","status":"disabled","recipient":"guest","order":9809}
2026-09-14T12:51:06+00:00 NOTICE Email "customer_completed_order" for order #9997 not sent: email type is disabled CONTEXT: {"email_type":"customer_completed_order","status":"disabled","recipient":"guest","order":9997}
2026-09-14T12:51:07+00:00 NOTICE Email "customer_completed_order" for order #10249 not sent: email type is disabled CONTEXT: {"email_type":"customer_completed_order","status":"disabled","recipient":"guest","order":10249}
2026-09-14T12:51:10+00:00 NOTICE Email "customer_refunded_order" for order #9838 not sent: email type is disabled CONTEXT: {"email_type":"customer_refunded_order","status":"disabled","recipient":"guest","order":9838}
2026-09-14T12:51:15+00:00 NOTICE Email "customer_refunded_order" for order #10530 not sent: email type is disabled CONTEXT: {"email_type":"customer_refunded_order","status":"disabled","recipient":"guest","order":10530}
2026-09-14T12:51:15+00:00 NOTICE Email "customer_completed_order" for order #10333 not sent: email type is disabled CONTEXT: {"email_type":"customer_completed_order","status":"disabled","recipient":"guest","order":10333}
2026-09-14T12:51:37+00:00 INFO Email "cancelled_order" for order #10369 sent CONTEXT: {"email_type":"cancelled_order","status":"sent","recipient":"guest","order":10369}
2026-09-14T12:51:42+00:00 NOTICE Email "customer_completed_order" for order #10061 not sent: email type is disabled CONTEXT: {"email_type":"customer_completed_order","status":"disabled","recipient":"guest","order":10061}
2026-09-14T12:52:02+00:00 NOTICE Email "customer_completed_order" for order #7526 not sent: email type is disabled CONTEXT: {"email_type":"customer_completed_order","status":"disabled","recipient":"guest","order":7526}
2026-09-14T12:52:02+00:00 NOTICE Email "customer_completed_order" for order #9832 not sent: email type is disabled CONTEXT: {"email_type":"customer_completed_order","status":"disabled","recipient":"guest","order":9832}
2026-09-14T12:52:08+00:00 INFO Email "cancelled_order" for order #10356 sent CONTEXT: {"email_type":"cancelled_order","status":"sent","recipient":"guest","order":10356}
2026-09-14T12:52:11+00:00 NOTICE Email "customer_completed_order" for order #9766 not sent: email type is disabled CONTEXT: {"email_type":"customer_completed_order","status":"disabled","recipient":"guest","order":9766}
2026-09-14T12:52:11+00:00 NOTICE Email "customer_completed_order" for order #9785 not sent: email type is disabled CONTEXT: {"email_type":"customer_completed_order","status":"disabled","recipient":"guest","order":9785}
2026-09-14T12:52:11+00:00 NOTICE Email "customer_completed_order" for order #9810 not sent: email type is disabled CONTEXT: {"email_type":"customer_completed_order","status":"disabled","recipient":"guest","order":9810}
2026-09-14T12:52:11+00:00 NOTICE Email "customer_completed_order" for order #9833 not sent: email type is disabled CONTEXT: {"email_type":"customer_completed_order","status":"disabled","recipient":"guest","order":9833}
2026-09-14T12:52:11+00:00 NOTICE Email "customer_completed_order" for order #9851 not sent: email type is disabled CONTEXT: {"email_type":"customer_completed_order","status":"disabled","recipient":"guest","order":9851}
2026-09-14T12:52:11+00:00 NOTICE Email "customer_completed_order" for order #9892 not sent: email type is disabled CONTEXT: {"email_type":"customer_completed_order","status":"disabled","recipient":"guest","order":9892}
2026-09-14T12:52:12+00:00 NOTICE Email "customer_completed_order" for order #9900 not sent: email type is disabled CONTEXT: {"email_type":"customer_completed_order","status":"disabled","recipient":"guest","order":9900}
2026-09-14T12:52:16+00:00 INFO Email "cancelled_order" for order #10391 sent CONTEXT: {"email_type":"cancelled_order","status":"sent","recipient":"guest","order":10391}
2026-09-14T12:52:18+00:00 NOTICE Email "customer_completed_order" for order #9936 not sent: email type is disabled CONTEXT: {"email_type":"customer_completed_order","status":"disabled","recipient":"guest","order":9936}
2026-09-14T12:52:19+00:00 NOTICE Email "customer_completed_order" for order #9974 not sent: email type is disabled CONTEXT: {"email_type":"customer_completed_order","status":"disabled","recipient":"guest","order":9974}
2026-09-14T12:52:19+00:00 NOTICE Email "customer_completed_order" for order #9997 not sent: email type is disabled CONTEXT: {"email_type":"customer_completed_order","status":"disabled","recipient":"guest","order":9997}
2026-09-14T12:52:19+00:00 NOTICE Email "customer_completed_order" for order #10018 not sent: email type is disabled CONTEXT: {"email_type":"customer_completed_order","status":"disabled","recipient":"guest","order":10018}
2026-09-14T12:52:20+00:00 NOTICE Email "customer_completed_order" for order #10112 not sent: email type is disabled CONTEXT: {"email_type":"customer_completed_order","status":"disabled","recipient":"guest","order":10112}
2026-09-14T12:52:28+00:00 NOTICE Email "customer_completed_order" for order #10197 not sent: email type is disabled CONTEXT: {"email_type":"customer_completed_order","status":"disabled","recipient":"guest","order":10197}
2026-09-14T12:52:36+00:00 INFO Email "cancelled_order" for order #10389 sent CONTEXT: {"email_type":"cancelled_order","status":"sent","recipient":"guest","order":10389}
2026-09-14T12:52:51+00:00 INFO Email "cancelled_order" for order #10360 sent CONTEXT: {"email_type":"cancelled_order","status":"sent","recipient":"guest","order":10360}
2026-09-14T12:53:15+00:00 INFO Email "cancelled_order" for order #10658 sent CONTEXT: {"email_type":"cancelled_order","status":"sent","recipient":"guest","order":10658}
2026-09-14T12:53:17+00:00 INFO Email "cancelled_order" for order #10337 sent CONTEXT: {"email_type":"cancelled_order","status":"sent","recipient":"guest","order":10337}
2026-09-14T12:53:36+00:00 NOTICE Email "customer_failed_order" for order #10388 not sent: email type is disabled CONTEXT: {"email_type":"customer_failed_order","status":"disabled","recipient":"guest","order":10388}
2026-09-14T12:53:41+00:00 INFO Email "failed_order" for order #10388 sent CONTEXT: {"email_type":"failed_order","status":"sent","recipient":"guest","order":10388}
2026-09-14T12:53:49+00:00 NOTICE Email "customer_refunded_order" for order #10464 not sent: email type is disabled CONTEXT: {"email_type":"customer_refunded_order","status":"disabled","recipient":"guest","order":10464}
2026-09-14T12:53:50+00:00 NOTICE Email "customer_completed_order" for order #10158 not sent: email type is disabled CONTEXT: {"email_type":"customer_completed_order","status":"disabled","recipient":"guest","order":10158}
2026-09-14T12:54:06+00:00 NOTICE Email "customer_completed_order" for order #9773 not sent: email type is disabled CONTEXT: {"email_type":"customer_completed_order","status":"disabled","recipient":"guest","order":9773}
2026-09-14T12:54:07+00:00 NOTICE Email "customer_completed_order" for order #10148 not sent: email type is disabled CONTEXT: {"email_type":"customer_completed_order","status":"disabled","recipient":"guest","order":10148}
2026-09-14T12:54:18+00:00 INFO Email "cancelled_order" for order #10373 sent CONTEXT: {"email_type":"cancelled_order","status":"sent","recipient":"guest","order":10373}
2026-09-14T12:54:23+00:00 INFO Email "cancelled_order" for order #10350 sent CONTEXT: {"email_type":"cancelled_order","status":"sent","recipient":"guest","order":10350}
2026-09-14T12:54:23+00:00 NOTICE Email "customer_refunded_order" for order #9961 not sent: email type is disabled CONTEXT: {"email_type":"customer_refunded_order","status":"disabled","recipient":"guest","order":9961}
2026-09-14T12:54:29+00:00 INFO Email "cancelled_order" for order #10371 sent CONTEXT: {"email_type":"cancelled_order","status":"sent","recipient":"guest","order":10371}
2026-09-14T12:54:52+00:00 NOTICE Email "customer_completed_order" for order #9952 not sent: email type is disabled CONTEXT: {"email_type":"customer_completed_order","status":"disabled","recipient":"guest","order":9952}
2026-09-14T12:54:52+00:00 NOTICE Email "customer_completed_order" for order #9865 not sent: email type is disabled CONTEXT: {"email_type":"customer_completed_order","status":"disabled","recipient":"guest","order":9865}
2026-09-14T12:54:52+00:00 NOTICE Email "customer_completed_order" for order #10289 not sent: email type is disabled CONTEXT: {"email_type":"customer_completed_order","status":"disabled","recipient":"guest","order":10289}
2026-09-14T12:55:48+00:00 NOTICE Email "customer_note" for order #10677 not sent: email type is disabled CONTEXT: {"email_type":"customer_note","status":"disabled","recipient":"guest","order":10677}
2026-09-14T12:56:05+00:00 INFO Email "cancelled_order" for order #10391 sent CONTEXT: {"email_type":"cancelled_order","status":"sent","recipient":"guest","order":10391}
2026-09-14T12:56:43+00:00 INFO Email "cancelled_order" for order #10369 sent CONTEXT: {"email_type":"cancelled_order","status":"sent","recipient":"guest","order":10369}
2026-09-14T12:56:44+00:00 INFO Email "cancelled_order" for order #10372 sent CONTEXT: {"email_type":"cancelled_order","status":"sent","recipient":"guest","order":10372}
2026-09-14T12:56:50+00:00 NOTICE Email "customer_failed_order" for order #10390 not sent: email type is disabled CONTEXT: {"email_type":"customer_failed_order","status":"disabled","recipient":"guest","order":10390}
2026-09-14T12:56:55+00:00 INFO Email "failed_order" for order #10390 sent CONTEXT: {"email_type":"failed_order","status":"sent","recipient":"guest","order":10390}
2026-09-14T12:57:34+00:00 NOTICE Email "customer_note" for order #10678 not sent: email type is disabled CONTEXT: {"email_type":"customer_note","status":"disabled","recipient":"guest","order":10678}
2026-09-14T13:01:22+00:00 NOTICE Email "customer_completed_order" for order #10156 not sent: email type is disabled CONTEXT: {"email_type":"customer_completed_order","status":"disabled","recipient":"guest","order":10156}
2026-09-14T13:01:36+00:00 NOTICE Email "customer_completed_order" for order #9832 not sent: email type is disabled CONTEXT: {"email_type":"customer_completed_order","status":"disabled","recipient":"guest","order":9832}
2026-09-14T13:01:37+00:00 NOTICE Email "customer_completed_order" for order #9900 not sent: email type is disabled CONTEXT: {"email_type":"customer_completed_order","status":"disabled","recipient":"guest","order":9900}
2026-09-14T13:01:37+00:00 NOTICE Email "customer_completed_order" for order #9936 not sent: email type is disabled CONTEXT: {"email_type":"customer_completed_order","status":"disabled","recipient":"guest","order":9936}
2026-09-14T13:01:42+00:00 INFO Email "cancelled_order" for order #10356 sent CONTEXT: {"email_type":"cancelled_order","status":"sent","recipient":"guest","order":10356}
2026-09-14T13:01:56+00:00 NOTICE Email "customer_completed_order" for order #9833 not sent: email type is disabled CONTEXT: {"email_type":"customer_completed_order","status":"disabled","recipient":"guest","order":9833}
2026-09-14T13:01:57+00:00 NOTICE Email "customer_completed_order" for order #9865 not sent: email type is disabled CONTEXT: {"email_type":"customer_completed_order","status":"disabled","recipient":"guest","order":9865}
2026-09-14T13:01:57+00:00 NOTICE Email "customer_completed_order" for order #9952 not sent: email type is disabled CONTEXT: {"email_type":"customer_completed_order","status":"disabled","recipient":"guest","order":9952}
2026-09-14T13:01:59+00:00 NOTICE Email "customer_completed_order" for order #10046 not sent: email type is disabled CONTEXT: {"email_type":"customer_completed_order","status":"disabled","recipient":"guest","order":10046}
2026-09-14T13:02:16+00:00 NOTICE Email "customer_completed_order" for order #7526 not sent: email type is disabled CONTEXT: {"email_type":"customer_completed_order","status":"disabled","recipient":"guest","order":7526}
2026-09-14T13:02:20+00:00 NOTICE Email "customer_completed_order" for order #9950 not sent: email type is disabled CONTEXT: {"email_type":"customer_completed_order","status":"disabled","recipient":"guest","order":9950}
2026-09-14T13:02:34+00:00 NOTICE Email "customer_failed_order" for order #10320 not sent: email type is disabled CONTEXT: {"email_type":"customer_failed_order","status":"disabled","recipient":"guest","order":10320}
2026-09-14T13:02:34+00:00 NOTICE Email "customer_completed_order" for order #9852 not sent: email type is disabled CONTEXT: {"email_type":"customer_completed_order","status":"disabled","recipient":"guest","order":9852}
2026-09-14T13:02:37+00:00 NOTICE Email "customer_completed_order" for order #10197 not sent: email type is disabled CONTEXT: {"email_type":"customer_completed_order","status":"disabled","recipient":"guest","order":10197}
2026-09-14T13:02:52+00:00 NOTICE Email "customer_completed_order" for order #10239 not sent: email type is disabled CONTEXT: {"email_type":"customer_completed_order","status":"disabled","recipient":"guest","order":10239}
2026-09-14T13:02:53+00:00 NOTICE Email "customer_completed_order" for order #9809 not sent: email type is disabled CONTEXT: {"email_type":"customer_completed_order","status":"disabled","recipient":"guest","order":9809}
2026-09-14T13:02:54+00:00 NOTICE Email "customer_completed_order" for order #9867 not sent: email type is disabled CONTEXT: {"email_type":"customer_completed_order","status":"disabled","recipient":"guest","order":9867}
2026-09-14T13:03:10+00:00 NOTICE Email "customer_completed_order" for order #10061 not sent: email type is disabled CONTEXT: {"email_type":"customer_completed_order","status":"disabled","recipient":"guest","order":10061}
2026-09-14T13:03:10+00:00 NOTICE Email "customer_completed_order" for order #10003 not sent: email type is disabled CONTEXT: {"email_type":"customer_completed_order","status":"disabled","recipient":"guest","order":10003}
2026-09-14T13:03:13+00:00 NOTICE Email "customer_completed_order" for order #10338 not sent: email type is disabled CONTEXT: {"email_type":"customer_completed_order","status":"disabled","recipient":"guest","order":10338}
2026-09-14T13:03:13+00:00 NOTICE Email "customer_completed_order" for order #9810 not sent: email type is disabled CONTEXT: {"email_type":"customer_completed_order","status":"disabled","recipient":"guest","order":9810}
2026-09-14T13:03:30+00:00 NOTICE Email "customer_completed_order" for order #9997 not sent: email type is disabled CONTEXT: {"email_type":"customer_completed_order","status":"disabled","recipient":"guest","order":9997}
2026-09-14T13:03:31+00:00 NOTICE Email "customer_completed_order" for order #9892 not sent: email type is disabled CONTEXT: {"email_type":"customer_completed_order","status":"disabled","recipient":"guest","order":9892}
2026-09-14T13:03:31+00:00 NOTICE Email "customer_completed_order" for order #10333 not sent: email type is disabled CONTEXT: {"email_type":"customer_completed_order","status":"disabled","recipient":"guest","order":10333}
2026-09-14T13:03:31+00:00 NOTICE Email "customer_completed_order" for order #9798 not sent: email type is disabled CONTEXT: {"email_type":"customer_completed_order","status":"disabled","recipient":"guest","order":9798}
2026-09-14T13:03:31+00:00 NOTICE Email "customer_completed_order" for order #9907 not sent: email type is disabled CONTEXT: {"email_type":"customer_completed_order","status":"disabled","recipient":"guest","order":9907}
2026-09-14T13:03:49+00:00 NOTICE Email "customer_completed_order" for order #9974 not sent: email type is disabled CONTEXT: {"email_type":"customer_completed_order","status":"disabled","recipient":"guest","order":9974}
2026-09-14T13:03:50+00:00 NOTICE Email "customer_completed_order" for order #9938 not sent: email type is disabled CONTEXT: {"email_type":"customer_completed_order","status":"disabled","recipient":"guest","order":9938}
2026-09-14T13:04:25+00:00 NOTICE Email "customer_completed_order" for order #9784 not sent: email type is disabled CONTEXT: {"email_type":"customer_completed_order","status":"disabled","recipient":"guest","order":9784}
2026-09-14T13:04:42+00:00 NOTICE Email "customer_completed_order" for order #10168 not sent: email type is disabled CONTEXT: {"email_type":"customer_completed_order","status":"disabled","recipient":"guest","order":10168}
2026-09-14T13:05:01+00:00 NOTICE Email "customer_completed_order" for order #9851 not sent: email type is disabled CONTEXT: {"email_type":"customer_completed_order","status":"disabled","recipient":"guest","order":9851}
2026-09-14T13:05:01+00:00 NOTICE Email "customer_completed_order" for order #9757 not sent: email type is disabled CONTEXT: {"email_type":"customer_completed_order","status":"disabled","recipient":"guest","order":9757}
2026-09-14T13:05:01+00:00 NOTICE Email "customer_completed_order" for order #9943 not sent: email type is disabled CONTEXT: {"email_type":"customer_completed_order","status":"disabled","recipient":"guest","order":9943}
2026-09-14T13:05:01+00:00 NOTICE Email "customer_completed_order" for order #10018 not sent: email type is disabled CONTEXT: {"email_type":"customer_completed_order","status":"disabled","recipient":"guest","order":10018}
2026-09-14T13:05:33+00:00 NOTICE Email "customer_refunded_order" for order #10335 not sent: email type is disabled CONTEXT: {"email_type":"customer_refunded_order","status":"disabled","recipient":"guest","order":10335}
2026-09-14T13:05:40+00:00 NOTICE Email "customer_completed_order" for order #10162 not sent: email type is disabled CONTEXT: {"email_type":"customer_completed_order","status":"disabled","recipient":"guest","order":10162}
2026-09-14T13:05:40+00:00 NOTICE Email "customer_completed_order" for order #10249 not sent: email type is disabled CONTEXT: {"email_type":"customer_completed_order","status":"disabled","recipient":"guest","order":10249}
2026-09-14T13:06:02+00:00 NOTICE Email "customer_completed_order" for order #9923 not sent: email type is disabled CONTEXT: {"email_type":"customer_completed_order","status":"disabled","recipient":"guest","order":9923}
2026-09-14T13:06:02+00:00 NOTICE Email "customer_completed_order" for order #9786 not sent: email type is disabled CONTEXT: {"email_type":"customer_completed_order","status":"disabled","recipient":"guest","order":9786}
2026-09-14T13:06:02+00:00 NOTICE Email "customer_completed_order" for order #7976 not sent: email type is disabled CONTEXT: {"email_type":"customer_completed_order","status":"disabled","recipient":"guest","order":7976}
2026-09-14T13:06:20+00:00 NOTICE Email "customer_completed_order" for order #9785 not sent: email type is disabled CONTEXT: {"email_type":"customer_completed_order","status":"disabled","recipient":"guest","order":9785}
2026-09-14T13:06:33+00:00 INFO Email "cancelled_order" for order #10389 sent CONTEXT: {"email_type":"cancelled_order","status":"sent","recipient":"guest","order":10389}
2026-09-14T13:06:48+00:00 INFO Email "cancelled_order" for order #10391 sent CONTEXT: {"email_type":"cancelled_order","status":"sent","recipient":"guest","order":10391}
2026-09-14T13:07:12+00:00 NOTICE Email "customer_completed_order" for order #9757 not sent: email type is disabled CONTEXT: {"email_type":"customer_completed_order","status":"disabled","recipient":"guest","order":9757}
2026-09-14T13:07:12+00:00 NOTICE Email "customer_completed_order" for order #9766 not sent: email type is disabled CONTEXT: {"email_type":"customer_completed_order","status":"disabled","recipient":"guest","order":9766}
2026-09-14T13:07:12+00:00 NOTICE Email "customer_completed_order" for order #9833 not sent: email type is disabled CONTEXT: {"email_type":"customer_completed_order","status":"disabled","recipient":"guest","order":9833}
2026-09-14T13:07:12+00:00 NOTICE Email "customer_completed_order" for order #9851 not sent: email type is disabled CONTEXT: {"email_type":"customer_completed_order","status":"disabled","recipient":"guest","order":9851}
2026-09-14T13:07:20+00:00 NOTICE Email "customer_completed_order" for order #9936 not sent: email type is disabled CONTEXT: {"email_type":"customer_completed_order","status":"disabled","recipient":"guest","order":9936}
2026-09-14T13:07:21+00:00 NOTICE Email "customer_completed_order" for order #9997 not sent: email type is disabled CONTEXT: {"email_type":"customer_completed_order","status":"disabled","recipient":"guest","order":9997}
2026-09-14T13:07:29+00:00 NOTICE Email "customer_completed_order" for order #10156 not sent: email type is disabled CONTEXT: {"email_type":"customer_completed_order","status":"disabled","recipient":"guest","order":10156}
2026-09-14T13:07:30+00:00 NOTICE Email "customer_completed_order" for order #10197 not sent: email type is disabled CONTEXT: {"email_type":"customer_completed_order","status":"disabled","recipient":"guest","order":10197}
2026-09-14T13:07:42+00:00 NOTICE Email "customer_failed_order" for order #10390 not sent: email type is disabled CONTEXT: {"email_type":"customer_failed_order","status":"disabled","recipient":"guest","order":10390}
2026-09-14T13:07:47+00:00 INFO Email "failed_order" for order #10390 sent CONTEXT: {"email_type":"failed_order","status":"sent","recipient":"guest","order":10390}
2026-09-14T13:08:06+00:00 NOTICE Email "customer_failed_order" for order #10358 not sent: email type is disabled CONTEXT: {"email_type":"customer_failed_order","status":"disabled","recipient":"guest","order":10358}
2026-09-14T13:08:12+00:00 INFO Email "failed_order" for order #10358 sent CONTEXT: {"email_type":"failed_order","status":"sent","recipient":"guest","order":10358}
2026-09-14T13:08:35+00:00 NOTICE Email "customer_failed_order" for order #10208 not sent: email type is disabled CONTEXT: {"email_type":"customer_failed_order","status":"disabled","recipient":"guest","order":10208}
2026-09-14T13:08:40+00:00 INFO Email "cancelled_order" for order #10337 sent CONTEXT: {"email_type":"cancelled_order","status":"sent","recipient":"guest","order":10337}
2026-09-14T13:09:25+00:00 INFO Email "cancelled_order" for order #10356 sent CONTEXT: {"email_type":"cancelled_order","status":"sent","recipient":"guest","order":10356}
2026-09-14T13:10:13+00:00 NOTICE Email "customer_failed_order" for order #10302 not sent: email type is disabled CONTEXT: {"email_type":"customer_failed_order","status":"disabled","recipient":"guest","order":10302}
2026-09-14T13:10:13+00:00 NOTICE Email "customer_completed_order" for order #10140 not sent: email type is disabled CONTEXT: {"email_type":"customer_completed_order","status":"disabled","recipient":"guest","order":10140}
2026-09-14T13:10:22+00:00 NOTICE Email "customer_completed_order" for order #9906 not sent: email type is disabled CONTEXT: {"email_type":"customer_completed_order","status":"disabled","recipient":"guest","order":9906}
2026-09-14T13:11:11+00:00 NOTICE Email "customer_completed_order" for order #10112 not sent: email type is disabled CONTEXT: {"email_type":"customer_completed_order","status":"disabled","recipient":"guest","order":10112}
2026-09-14T13:11:47+00:00 INFO Email "cancelled_order" for order #10369 sent CONTEXT: {"email_type":"cancelled_order","status":"sent","recipient":"guest","order":10369}
2026-09-14T13:11:48+00:00 INFO Email "cancelled_order" for order #10372 sent CONTEXT: {"email_type":"cancelled_order","status":"sent","recipient":"guest","order":10372}
2026-09-14T13:12:11+00:00 INFO Email "cancelled_order" for order #10350 sent CONTEXT: {"email_type":"cancelled_order","status":"sent","recipient":"guest","order":10350}
2026-09-14T13:12:29+00:00 NOTICE Email "customer_failed_order" for order #10208 not sent: email type is disabled CONTEXT: {"email_type":"customer_failed_order","status":"disabled","recipient":"guest","order":10208}
2026-09-14T13:13:03+00:00 NOTICE Email "customer_completed_order" for order #10333 not sent: email type is disabled CONTEXT: {"email_type":"customer_completed_order","status":"disabled","recipient":"guest","order":10333}
2026-09-14T13:13:56+00:00 NOTICE Email "customer_completed_order" for order #10126 not sent: email type is disabled CONTEXT: {"email_type":"customer_completed_order","status":"disabled","recipient":"guest","order":10126}
2026-09-14T13:13:57+00:00 NOTICE Email "customer_completed_order" for order #10034 not sent: email type is disabled CONTEXT: {"email_type":"customer_completed_order","status":"disabled","recipient":"guest","order":10034}
2026-09-14T13:13:57+00:00 NOTICE Email "customer_completed_order" for order #10158 not sent: email type is disabled CONTEXT: {"email_type":"customer_completed_order","status":"disabled","recipient":"guest","order":10158}
2026-09-14T13:14:04+00:00 INFO Email "cancelled_order" for order #10331 sent CONTEXT: {"email_type":"cancelled_order","status":"sent","recipient":"guest","order":10331}
2026-09-14T13:14:05+00:00 NOTICE Email "customer_failed_order" for order #10388 not sent: email type is disabled CONTEXT: {"email_type":"customer_failed_order","status":"disabled","recipient":"guest","order":10388}
2026-09-14T13:14:10+00:00 INFO Email "failed_order" for order #10388 sent CONTEXT: {"email_type":"failed_order","status":"sent","recipient":"guest","order":10388}
2026-09-14T13:14:31+00:00 NOTICE Email "customer_completed_order" for order #10148 not sent: email type is disabled CONTEXT: {"email_type":"customer_completed_order","status":"disabled","recipient":"guest","order":10148}
2026-09-14T13:14:32+00:00 NOTICE Email "customer_completed_order" for order #9766 not sent: email type is disabled CONTEXT: {"email_type":"customer_completed_order","status":"disabled","recipient":"guest","order":9766}
2026-09-14T13:14:32+00:00 NOTICE Email "customer_completed_order" for order #10200 not sent: email type is disabled CONTEXT: {"email_type":"customer_completed_order","status":"disabled","recipient":"guest","order":10200}
2026-09-14T13:14:48+00:00 NOTICE Email "customer_completed_order" for order #10086 not sent: email type is disabled CONTEXT: {"email_type":"customer_completed_order","status":"disabled","recipient":"guest","order":10086}
2026-09-14T13:15:06+00:00 NOTICE Email "customer_completed_order" for order #9892 not sent: email type is disabled CONTEXT: {"email_type":"customer_completed_order","status":"disabled","recipient":"guest","order":9892}
2026-09-14T13:15:10+00:00 NOTICE Email "customer_completed_order" for order #10194 not sent: email type is disabled CONTEXT: {"email_type":"customer_completed_order","status":"disabled","recipient":"guest","order":10194}
2026-09-14T13:15:14+00:00 INFO Email "cancelled_order" for order #10360 sent CONTEXT: {"email_type":"cancelled_order","status":"sent","recipient":"guest","order":10360}
2026-09-14T13:15:25+00:00 INFO Email "cancelled_order" for order #10373 sent CONTEXT: {"email_type":"cancelled_order","status":"sent","recipient":"guest","order":10373}
2026-09-14T13:15:48+00:00 INFO Email "cancelled_order" for order #10371 sent CONTEXT: {"email_type":"cancelled_order","status":"sent","recipient":"guest","order":10371}
2026-09-14T13:16:13+00:00 NOTICE Email "customer_completed_order" for order #10338 not sent: email type is disabled CONTEXT: {"email_type":"customer_completed_order","status":"disabled","recipient":"guest","order":10338}
2026-09-14T13:16:13+00:00 NOTICE Email "customer_completed_order" for order #10249 not sent: email type is disabled CONTEXT: {"email_type":"customer_completed_order","status":"disabled","recipient":"guest","order":10249}
2026-09-14T13:16:30+00:00 NOTICE Email "customer_completed_order" for order #10198 not sent: email type is disabled CONTEXT: {"email_type":"customer_completed_order","status":"disabled","recipient":"guest","order":10198}
2026-09-14T13:16:34+00:00 NOTICE Email "customer_completed_order" for order #10162 not sent: email type is disabled CONTEXT: {"email_type":"customer_completed_order","status":"disabled","recipient":"guest","order":10162}
2026-09-14T13:16:35+00:00 NOTICE Email "customer_failed_order" for order #10302 not sent: email type is disabled CONTEXT: {"email_type":"customer_failed_order","status":"disabled","recipient":"guest","order":10302}
2026-09-14T13:16:47+00:00 NOTICE Email "customer_completed_order" for order #10112 not sent: email type is disabled CONTEXT: {"email_type":"customer_completed_order","status":"disabled","recipient":"guest","order":10112}
2026-09-14T13:16:56+00:00 NOTICE Email "customer_completed_order" for order #7526 not sent: email type is disabled CONTEXT: {"email_type":"customer_completed_order","status":"disabled","recipient":"guest","order":7526}
2026-09-14T13:16:57+00:00 NOTICE Email "customer_note" for order #10681 not sent: email type is disabled CONTEXT: {"email_type":"customer_note","status":"disabled","recipient":"guest","order":10681}
2026-09-14T13:17:13+00:00 NOTICE Email "customer_completed_order" for order #10309 not sent: email type is disabled CONTEXT: {"email_type":"customer_completed_order","status":"disabled","recipient":"guest","order":10309}
2026-09-14T13:17:17+00:00 INFO Email "cancelled_order" for order #10351 sent CONTEXT: {"email_type":"cancelled_order","status":"sent","recipient":"guest","order":10351}
2026-09-14T13:17:22+00:00 INFO Email "cancelled_order" for order #10332 sent CONTEXT: {"email_type":"cancelled_order","status":"sent","recipient":"guest","order":10332}
2026-09-14T13:17:33+00:00 NOTICE Email "customer_completed_order" for order #9938 not sent: email type is disabled CONTEXT: {"email_type":"customer_completed_order","status":"disabled","recipient":"guest","order":9938}
2026-09-14T13:17:34+00:00 NOTICE Email "customer_completed_order" for order #9900 not sent: email type is disabled CONTEXT: {"email_type":"customer_completed_order","status":"disabled","recipient":"guest","order":9900}
2026-09-14T13:17:35+00:00 NOTICE Email "customer_completed_order" for order #9936 not sent: email type is disabled CONTEXT: {"email_type":"customer_completed_order","status":"disabled","recipient":"guest","order":9936}
2026-09-14T13:17:35+00:00 NOTICE Email "customer_completed_order" for order #9833 not sent: email type is disabled CONTEXT: {"email_type":"customer_completed_order","status":"disabled","recipient":"guest","order":9833}
2026-09-14T13:17:35+00:00 NOTICE Email "customer_completed_order" for order #10289 not sent: email type is disabled CONTEXT: {"email_type":"customer_completed_order","status":"disabled","recipient":"guest","order":10289}
2026-09-14T13:17:40+00:00 NOTICE Email "customer_completed_order" for order #9851 not sent: email type is disabled CONTEXT: {"email_type":"customer_completed_order","status":"disabled","recipient":"guest","order":9851}
2026-09-14T13:17:48+00:00 INFO Email "cancelled_order" for order #10389 sent CONTEXT: {"email_type":"cancelled_order","status":"sent","recipient":"guest","order":10389}
2026-09-14T13:17:52+00:00 NOTICE Email "customer_completed_order" for order #10168 not sent: email type is disabled CONTEXT: {"email_type":"customer_completed_order","status":"disabled","recipient":"guest","order":10168}
2026-09-14T13:17:57+00:00 NOTICE Email "customer_completed_order" for order #9943 not sent: email type is disabled CONTEXT: {"email_type":"customer_completed_order","status":"disabled","recipient":"guest","order":9943}
2026-09-14T13:17:57+00:00 NOTICE Email "customer_completed_order" for order #10018 not sent: email type is disabled CONTEXT: {"email_type":"customer_completed_order","status":"disabled","recipient":"guest","order":10018}
2026-09-14T13:18:11+00:00 NOTICE Email "customer_completed_order" for order #9784 not sent: email type is disabled CONTEXT: {"email_type":"customer_completed_order","status":"disabled","recipient":"guest","order":9784}
2026-09-14T13:18:29+00:00 NOTICE Email "customer_completed_order" for order #9923 not sent: email type is disabled CONTEXT: {"email_type":"customer_completed_order","status":"disabled","recipient":"guest","order":9923}
2026-09-14T13:18:30+00:00 NOTICE Email "customer_completed_order" for order #9786 not sent: email type is disabled CONTEXT: {"email_type":"customer_completed_order","status":"disabled","recipient":"guest","order":9786}
2026-09-14T13:18:34+00:00 NOTICE Email "customer_completed_order" for order #9798 not sent: email type is disabled CONTEXT: {"email_type":"customer_completed_order","status":"disabled","recipient":"guest","order":9798}
2026-09-14T13:18:34+00:00 NOTICE Email "customer_completed_order" for order #7923 not sent: email type is disabled CONTEXT: {"email_type":"customer_completed_order","status":"disabled","recipient":"guest","order":7923}
2026-09-14T13:18:35+00:00 INFO Email "cancelled_order" for order #10391 sent CONTEXT: {"email_type":"cancelled_order","status":"sent","recipient":"guest","order":10391}
2026-09-14T13:18:41+00:00 INFO Email "cancelled_order" for order #10350 sent CONTEXT: {"email_type":"cancelled_order","status":"sent","recipient":"guest","order":10350}
2026-09-14T13:18:45+00:00 NOTICE Email "customer_completed_order" for order #9974 not sent: email type is disabled CONTEXT: {"email_type":"customer_completed_order","status":"disabled","recipient":"guest","order":9974}
2026-09-14T13:18:48+00:00 NOTICE Email "customer_completed_order" for order #10086 not sent: email type is disabled CONTEXT: {"email_type":"customer_completed_order","status":"disabled","recipient":"guest","order":10086}
2026-09-14T13:18:49+00:00 NOTICE Email "customer_completed_order" for order #10141 not sent: email type is disabled CONTEXT: {"email_type":"customer_completed_order","status":"disabled","recipient":"guest","order":10141}
2026-09-14T13:18:49+00:00 NOTICE Email "customer_failed_order" for order #10388 not sent: email type is disabled CONTEXT: {"email_type":"customer_failed_order","status":"disabled","recipient":"guest","order":10388}
2026-09-14T13:18:51+00:00 NOTICE Email "customer_completed_order" for order #10262 not sent: email type is disabled CONTEXT: {"email_type":"customer_completed_order","status":"disabled","recipient":"guest","order":10262}
2026-09-14T13:18:55+00:00 INFO Email "failed_order" for order #10388 sent CONTEXT: {"email_type":"failed_order","status":"sent","recipient":"guest","order":10388}
2026-09-14T13:18:59+00:00 INFO Email "cancelled_order" for order #10397 sent CONTEXT: {"email_type":"cancelled_order","status":"sent","recipient":"guest","order":10397}
2026-09-14T13:19:35+00:00 NOTICE Email "customer_completed_order" for order #10247 not sent: email type is disabled CONTEXT: {"email_type":"customer_completed_order","status":"disabled","recipient":"guest","order":10247}
2026-09-14T13:20:04+00:00 NOTICE Email "customer_completed_order" for order #9773 not sent: email type is disabled CONTEXT: {"email_type":"customer_completed_order","status":"disabled","recipient":"guest","order":9773}
2026-09-14T13:20:04+00:00 NOTICE Email "customer_completed_order" for order #9907 not sent: email type is disabled CONTEXT: {"email_type":"customer_completed_order","status":"disabled","recipient":"guest","order":9907}
2026-09-14T13:20:04+00:00 NOTICE Email "customer_completed_order" for order #9798 not sent: email type is disabled CONTEXT: {"email_type":"customer_completed_order","status":"disabled","recipient":"guest","order":9798}
2026-09-14T13:20:16+00:00 NOTICE Email "customer_completed_order" for order #10126 not sent: email type is disabled CONTEXT: {"email_type":"customer_completed_order","status":"disabled","recipient":"guest","order":10126}
2026-09-14T13:20:16+00:00 NOTICE Email "customer_completed_order" for order #10034 not sent: email type is disabled CONTEXT: {"email_type":"customer_completed_order","status":"disabled","recipient":"guest","order":10034}
2026-09-14T13:20:24+00:00 NOTICE Email "customer_failed_order" for order #10390 not sent: email type is disabled CONTEXT: {"email_type":"customer_failed_order","status":"disabled","recipient":"guest","order":10390}
2026-09-14T13:20:25+00:00 INFO Email "cancelled_order" for order #10373 sent CONTEXT: {"email_type":"cancelled_order","status":"sent","recipient":"guest","order":10373}
2026-09-14T13:20:29+00:00 INFO Email "failed_order" for order #10390 sent CONTEXT: {"email_type":"failed_order","status":"sent","recipient":"guest","order":10390}
2026-09-14T13:20:31+00:00 INFO Email "cancelled_order" for order #10371 sent CONTEXT: {"email_type":"cancelled_order","status":"sent","recipient":"guest","order":10371}
2026-09-14T13:20:39+00:00 NOTICE Email "customer_completed_order" for order #10200 not sent: email type is disabled CONTEXT: {"email_type":"customer_completed_order","status":"disabled","recipient":"guest","order":10200}
2026-09-14T13:20:54+00:00 NOTICE Email "customer_completed_order" for order #10319 not sent: email type is disabled CONTEXT: {"email_type":"customer_completed_order","status":"disabled","recipient":"guest","order":10319}
2026-09-14T13:20:56+00:00 NOTICE Email "customer_completed_order" for order #501 not sent: email type is disabled CONTEXT: {"email_type":"customer_completed_order","status":"disabled","recipient":"guest","order":501}
2026-09-14T13:21:03+00:00 NOTICE Email "customer_completed_order" for order #9900 not sent: email type is disabled CONTEXT: {"email_type":"customer_completed_order","status":"disabled","recipient":"guest","order":9900}
2026-09-14T13:21:04+00:00 NOTICE Email "customer_completed_order" for order #9938 not sent: email type is disabled CONTEXT: {"email_type":"customer_completed_order","status":"disabled","recipient":"guest","order":9938}
2026-09-14T13:21:25+00:00 INFO Email "cancelled_order" for order #10389 sent CONTEXT: {"email_type":"cancelled_order","status":"sent","recipient":"guest","order":10389}
2026-09-14T13:21:53+00:00 NOTICE Email "customer_completed_order" for order #10338 not sent: email type is disabled CONTEXT: {"email_type":"customer_completed_order","status":"disabled","recipient":"guest","order":10338}
2026-09-14T13:21:54+00:00 NOTICE Email "customer_completed_order" for order #9810 not sent: email type is disabled CONTEXT: {"email_type":"customer_completed_order","status":"disabled","recipient":"guest","order":9810}
2026-09-14T13:21:58+00:00 INFO Email "cancelled_order" for order #10337 sent CONTEXT: {"email_type":"cancelled_order","status":"sent","recipient":"guest","order":10337}
2026-09-14T13:21:58+00:00 NOTICE Email "customer_failed_order" for order #10208 not sent: email type is disabled CONTEXT: {"email_type":"customer_failed_order","status":"disabled","recipient":"guest","order":10208}
2026-09-14T13:22:03+00:00 INFO Email "cancelled_order" for order #10369 sent CONTEXT: {"email_type":"cancelled_order","status":"sent","recipient":"guest","order":10369}
2026-09-14T13:22:26+00:00 INFO Email "cancelled_order" for order #10372 sent CONTEXT: {"email_type":"cancelled_order","status":"sent","recipient":"guest","order":10372}
2026-09-14T13:22:28+00:00 NOTICE Email "customer_completed_order" for order #501 not sent: email type is disabled CONTEXT: {"email_type":"customer_completed_order","status":"disabled","recipient":"guest","order":501}
2026-09-14T13:22:57+00:00 INFO Email "cancelled_order" for order #10391 sent CONTEXT: {"email_type":"cancelled_order","status":"sent","recipient":"guest","order":10391}
2026-09-14T13:22:58+00:00 NOTICE Email "customer_failed_order" for order #10358 not sent: email type is disabled CONTEXT: {"email_type":"customer_failed_order","status":"disabled","recipient":"guest","order":10358}
2026-09-14T13:23:02+00:00 NOTICE Email "customer_completed_order" for order #9832 not sent: email type is disabled CONTEXT: {"email_type":"customer_completed_order","status":"disabled","recipient":"guest","order":9832}
2026-09-14T13:23:02+00:00 INFO Email "failed_order" for order #10358 sent CONTEXT: {"email_type":"failed_order","status":"sent","recipient":"guest","order":10358}
2026-09-14T13:23:03+00:00 NOTICE Email "customer_completed_order" for order #9952 not sent: email type is disabled CONTEXT: {"email_type":"customer_completed_order","status":"disabled","recipient":"guest","order":9952}
2026-09-14T13:23:07+00:00 INFO Email "cancelled_order" for order #10366 sent CONTEXT: {"email_type":"cancelled_order","status":"sent","recipient":"guest","order":10366}
2026-09-14T13:23:07+00:00 NOTICE Email "customer_note" for order #10681 not sent: email type is disabled CONTEXT: {"email_type":"customer_note","status":"disabled","recipient":"guest","order":10681}
2026-09-14T13:23:17+00:00 NOTICE Email "customer_note" for order #10681 not sent: email type is disabled CONTEXT: {"email_type":"customer_note","status":"disabled","recipient":"guest","order":10681}
2026-09-14T13:23:31+00:00 NOTICE Email "customer_completed_order" for order #9766 not sent: email type is disabled CONTEXT: {"email_type":"customer_completed_order","status":"disabled","recipient":"guest","order":9766}
2026-09-14T13:23:31+00:00 NOTICE Email "customer_completed_order" for order #9785 not sent: email type is disabled CONTEXT: {"email_type":"customer_completed_order","status":"disabled","recipient":"guest","order":9785}
2026-09-14T13:23:32+00:00 NOTICE Email "customer_completed_order" for order #9865 not sent: email type is disabled CONTEXT: {"email_type":"customer_completed_order","status":"disabled","recipient":"guest","order":9865}
2026-09-14T13:23:32+00:00 NOTICE Email "customer_completed_order" for order #9867 not sent: email type is disabled CONTEXT: {"email_type":"customer_completed_order","status":"disabled","recipient":"guest","order":9867}
2026-09-14T13:23:37+00:00 NOTICE Email "customer_completed_order" for order #9923 not sent: email type is disabled CONTEXT: {"email_type":"customer_completed_order","status":"disabled","recipient":"guest","order":9923}
2026-09-14T13:23:39+00:00 NOTICE Email "customer_completed_order" for order #10128 not sent: email type is disabled CONTEXT: {"email_type":"customer_completed_order","status":"disabled","recipient":"guest","order":10128}
2026-09-14T13:23:43+00:00 NOTICE Email "customer_completed_order" for order #10086 not sent: email type is disabled CONTEXT: {"email_type":"customer_completed_order","status":"disabled","recipient":"guest","order":10086}
2026-09-14T13:23:44+00:00 NOTICE Email "customer_completed_order" for order #10156 not sent: email type is disabled CONTEXT: {"email_type":"customer_completed_order","status":"disabled","recipient":"guest","order":10156}
2026-09-14T13:23:44+00:00 NOTICE Email "customer_completed_order" for order #10158 not sent: email type is disabled CONTEXT: {"email_type":"customer_completed_order","status":"disabled","recipient":"guest","order":10158}
2026-09-14T13:23:49+00:00 NOTICE Email "customer_failed_order" for order #10390 not sent: email type is disabled CONTEXT: {"email_type":"customer_failed_order","status":"disabled","recipient":"guest","order":10390}
2026-09-14T13:23:51+00:00 NOTICE Email "customer_failed_order" for order #10411 not sent: email type is disabled CONTEXT: {"email_type":"customer_failed_order","status":"disabled","recipient":"guest","order":10411}
2026-09-14T13:23:54+00:00 NOTICE Email "customer_completed_order" for order #10319 not sent: email type is disabled CONTEXT: {"email_type":"customer_completed_order","status":"disabled","recipient":"guest","order":10319}
2026-09-14T13:23:54+00:00 INFO Email "cancelled_order" for order #10371 sent CONTEXT: {"email_type":"cancelled_order","status":"sent","recipient":"guest","order":10371}
2026-09-14T13:23:54+00:00 NOTICE Email "customer_completed_order" for order #10327 not sent: email type is disabled CONTEXT: {"email_type":"customer_completed_order","status":"disabled","recipient":"guest","order":10327}
2026-09-14T13:23:54+00:00 INFO Email "failed_order" for order #10390 sent CONTEXT: {"email_type":"failed_order","status":"sent","recipient":"guest","order":10390}
2026-09-14T13:23:56+00:00 NOTICE Email "customer_completed_order" for order #7526 not sent: email type is disabled CONTEXT: {"email_type":"customer_completed_order","status":"disabled","recipient":"guest","order":7526}
2026-09-14T13:23:56+00:00 NOTICE Email "customer_completed_order" for order #10267 not sent: email type is disabled CONTEXT: {"email_type":"customer_completed_order","status":"disabled","recipient":"guest","order":10267}
2026-09-14T13:23:57+00:00 INFO Email "failed_order" for order #10411 sent CONTEXT: {"email_type":"failed_order","status":"sent","recipient":"guest","order":10411}
2026-09-14T13:23:58+00:00 INFO Email "cancelled_order" for order #10331 sent CONTEXT: {"email_type":"cancelled_order","status":"sent","recipient":"guest","order":10331}
2026-09-14T13:24:03+00:00 NOTICE Email "customer_note" for order #10681 not sent: email type is disabled CONTEXT: {"email_type":"customer_note","status":"disabled","recipient":"guest","order":10681}
2026-09-14T13:24:47+00:00 INFO Email "cancelled_order" for order #10332 sent CONTEXT: {"email_type":"cancelled_order","status":"sent","recipient":"guest","order":10332}
2026-09-14T13:24:50+00:00 INFO Email "cancelled_order" for order #10350 sent CONTEXT: {"email_type":"cancelled_order","status":"sent","recipient":"guest","order":10350}
2026-09-14T13:24:52+00:00 NOTICE Email "customer_completed_order" for order #9786 not sent: email type is disabled CONTEXT: {"email_type":"customer_completed_order","status":"disabled","recipient":"guest","order":9786}
2026-09-14T13:25:03+00:00 NOTICE Email "customer_failed_order" for order #10358 not sent: email type is disabled CONTEXT: {"email_type":"customer_failed_order","status":"disabled","recipient":"guest","order":10358}
2026-09-14T13:25:08+00:00 INFO Email "failed_order" for order #10358 sent CONTEXT: {"email_type":"failed_order","status":"sent","recipient":"guest","order":10358}
2026-09-14T13:25:11+00:00 NOTICE Email "customer_completed_order" for order #10239 not sent: email type is disabled CONTEXT: {"email_type":"customer_completed_order","status":"disabled","recipient":"guest","order":10239}
2026-09-14T13:25:19+00:00 INFO Email "cancelled_order" for order #10389 sent CONTEXT: {"email_type":"cancelled_order","status":"sent","recipient":"guest","order":10389}
2026-09-14T13:25:37+00:00 INFO Email "cancelled_order" for order #10366 sent CONTEXT: {"email_type":"cancelled_order","status":"sent","recipient":"guest","order":10366}
2026-09-14T13:26:03+00:00 INFO Email "cancelled_order" for order #10331 sent CONTEXT: {"email_type":"cancelled_order","status":"sent","recipient":"guest","order":10331}
2026-09-14T13:26:31+00:00 NOTICE Email "customer_completed_order" for order #10250 not sent: email type is disabled CONTEXT: {"email_type":"customer_completed_order","status":"disabled","recipient":"guest","order":10250}
2026-09-14T13:26:35+00:00 INFO Email "cancelled_order" for order #10371 sent CONTEXT: {"email_type":"cancelled_order","status":"sent","recipient":"guest","order":10371}
2026-09-14T13:26:37+00:00 INFO Email "new_order" for order #10681 sent CONTEXT: {"email_type":"new_order","status":"sent","recipient":"guest","order":10681}
2026-09-14T13:26:37+00:00 NOTICE Email "customer_processing_order" for order #10681 not sent: email type is disabled CONTEXT: {"email_type":"customer_processing_order","status":"disabled","recipient":"guest","order":10681}
2026-09-14T13:26:37+00:00 NOTICE Email "customer_note" for order #10681 not sent: email type is disabled CONTEXT: {"email_type":"customer_note","status":"disabled","recipient":"guest","order":10681}
2026-09-14T13:26:49+00:00 NOTICE Email "customer_completed_order" for order #9938 not sent: email type is disabled CONTEXT: {"email_type":"customer_completed_order","status":"disabled","recipient":"guest","order":9938}
2026-09-14T13:26:52+00:00 NOTICE Email "customer_completed_order" for order #10162 not sent: email type is disabled CONTEXT: {"email_type":"customer_completed_order","status":"disabled","recipient":"guest","order":10162}
2026-09-14T13:27:07+00:00 NOTICE Email "customer_completed_order" for order #10286 not sent: email type is disabled CONTEXT: {"email_type":"customer_completed_order","status":"disabled","recipient":"guest","order":10286}
2026-09-14T13:27:10+00:00 NOTICE Email "customer_completed_order" for order #9997 not sent: email type is disabled CONTEXT: {"email_type":"customer_completed_order","status":"disabled","recipient":"guest","order":9997}
2026-09-14T13:27:10+00:00 NOTICE Email "customer_completed_order" for order #9757 not sent: email type is disabled CONTEXT: {"email_type":"customer_completed_order","status":"disabled","recipient":"guest","order":9757}
2026-09-14T13:28:16+00:00 NOTICE Email "customer_completed_order" for order #10112 not sent: email type is disabled CONTEXT: {"email_type":"customer_completed_order","status":"disabled","recipient":"guest","order":10112}
2026-09-14T13:28:58+00:00 INFO Email "cancelled_order" for order #10391 sent CONTEXT: {"email_type":"cancelled_order","status":"sent","recipient":"guest","order":10391}
2026-09-14T13:29:21+00:00 NOTICE Email "customer_completed_order" for order #10210 not sent: email type is disabled CONTEXT: {"email_type":"customer_completed_order","status":"disabled","recipient":"guest","order":10210}
2026-09-14T13:29:37+00:00 INFO Email "cancelled_order" for order #10350 sent CONTEXT: {"email_type":"cancelled_order","status":"sent","recipient":"guest","order":10350}
2026-09-14T13:29:45+00:00 INFO Email "cancelled_order" for order #10389 sent CONTEXT: {"email_type":"cancelled_order","status":"sent","recipient":"guest","order":10389}
2026-09-14T13:29:50+00:00 NOTICE Email "customer_completed_order" for order #10195 not sent: email type is disabled CONTEXT: {"email_type":"customer_completed_order","status":"disabled","recipient":"guest","order":10195}
2026-09-14T13:30:02+00:00 NOTICE Email "customer_failed_order" for order #10390 not sent: email type is disabled CONTEXT: {"email_type":"customer_failed_order","status":"disabled","recipient":"guest","order":10390}
2026-09-14T13:30:07+00:00 INFO Email "failed_order" for order #10390 sent CONTEXT: {"email_type":"failed_order","status":"sent","recipient":"guest","order":10390}
2026-09-14T13:30:21+00:00 NOTICE Email "customer_completed_order" for order #8058 not sent: email type is disabled CONTEXT: {"email_type":"customer_completed_order","status":"disabled","recipient":"guest","order":8058}
2026-09-14T13:30:44+00:00 NOTICE Email "customer_completed_order" for order #9900 not sent: email type is disabled CONTEXT: {"email_type":"customer_completed_order","status":"disabled","recipient":"guest","order":9900}
2026-09-14T13:30:46+00:00 INFO Email "cancelled_order" for order #10356 sent CONTEXT: {"email_type":"cancelled_order","status":"sent","recipient":"guest","order":10356}
2026-09-14T13:30:46+00:00 NOTICE Email "customer_failed_order" for order #10302 not sent: email type is disabled CONTEXT: {"email_type":"customer_failed_order","status":"disabled","recipient":"guest","order":10302}
2026-09-14T13:30:47+00:00 NOTICE Email "customer_completed_order" for order #10086 not sent: email type is disabled CONTEXT: {"email_type":"customer_completed_order","status":"disabled","recipient":"guest","order":10086}
2026-09-14T13:30:56+00:00 NOTICE Email "customer_completed_order" for order #10216 not sent: email type is disabled CONTEXT: {"email_type":"customer_completed_order","status":"disabled","recipient":"guest","order":10216}
2026-09-14T13:31:00+00:00 NOTICE Email "customer_completed_order" for order #9786 not sent: email type is disabled CONTEXT: {"email_type":"customer_completed_order","status":"disabled","recipient":"guest","order":9786}
2026-09-14T13:31:02+00:00 NOTICE Email "customer_completed_order" for order #9923 not sent: email type is disabled CONTEXT: {"email_type":"customer_completed_order","status":"disabled","recipient":"guest","order":9923}
2026-09-14T13:31:02+00:00 NOTICE Email "customer_completed_order" for order #10262 not sent: email type is disabled CONTEXT: {"email_type":"customer_completed_order","status":"disabled","recipient":"guest","order":10262}
2026-09-14T13:31:04+00:00 NOTICE Email "customer_completed_order" for order #10267 not sent: email type is disabled CONTEXT: {"email_type":"customer_completed_order","status":"disabled","recipient":"guest","order":10267}
2026-09-14T13:31:17+00:00 NOTICE Email "customer_completed_order" for order #10034 not sent: email type is disabled CONTEXT: {"email_type":"customer_completed_order","status":"disabled","recipient":"guest","order":10034}
2026-09-14T13:31:25+00:00 NOTICE Email "customer_completed_order" for order #9952 not sent: email type is disabled CONTEXT: {"email_type":"customer_completed_order","status":"disabled","recipient":"guest","order":9952}
2026-09-14T13:31:40+00:00 INFO Email "cancelled_order" for order #10351 sent CONTEXT: {"email_type":"cancelled_order","status":"sent","recipient":"guest","order":10351}
2026-09-14T13:31:43+00:00 NOTICE Email "customer_completed_order" for order #10319 not sent: email type is disabled CONTEXT: {"email_type":"customer_completed_order","status":"disabled","recipient":"guest","order":10319}
2026-09-14T13:31:43+00:00 NOTICE Email "customer_completed_order" for order #10128 not sent: email type is disabled CONTEXT: {"email_type":"customer_completed_order","status":"disabled","recipient":"guest","order":10128}
2026-09-14T13:31:44+00:00 NOTICE Email "customer_completed_order" for order #10148 not sent: email type is disabled CONTEXT: {"email_type":"customer_completed_order","status":"disabled","recipient":"guest","order":10148}
2026-09-14T13:31:58+00:00 NOTICE Email "customer_completed_order" for order #10200 not sent: email type is disabled CONTEXT: {"email_type":"customer_completed_order","status":"disabled","recipient":"guest","order":10200}
2026-09-14T13:32:00+00:00 NOTICE Email "customer_completed_order" for order #10345 not sent: email type is disabled CONTEXT: {"email_type":"customer_completed_order","status":"disabled","recipient":"guest","order":10345}
2026-09-14T13:32:02+00:00 NOTICE Email "customer_failed_order" for order #10320 not sent: email type is disabled CONTEXT: {"email_type":"customer_failed_order","status":"disabled","recipient":"guest","order":10320}
2026-09-14T13:32:03+00:00 NOTICE Email "customer_completed_order" for order #9766 not sent: email type is disabled CONTEXT: {"email_type":"customer_completed_order","status":"disabled","recipient":"guest","order":9766}
2026-09-14T13:32:20+00:00 NOTICE Email "customer_completed_order" for order #10338 not sent: email type is disabled CONTEXT: {"email_type":"customer_completed_order","status":"disabled","recipient":"guest","order":10338}
2026-09-14T13:32:20+00:00 NOTICE Email "customer_completed_order" for order #9950 not sent: email type is disabled CONTEXT: {"email_type":"customer_completed_order","status":"disabled","recipient":"guest","order":9950}
2026-09-14T13:32:29+00:00 NOTICE Email "customer_completed_order" for order #10312 not sent: email type is disabled CONTEXT: {"email_type":"customer_completed_order","status":"disabled","recipient":"guest","order":10312}
2026-09-14T13:32:33+00:00 NOTICE Email "customer_completed_order" for order #10333 not sent: email type is disabled CONTEXT: {"email_type":"customer_completed_order","status":"disabled","recipient":"guest","order":10333}
2026-09-14T13:32:33+00:00 NOTICE Email "customer_completed_order" for order #9865 not sent: email type is disabled CONTEXT: {"email_type":"customer_completed_order","status":"disabled","recipient":"guest","order":9865}
2026-09-14T13:32:36+00:00 NOTICE Email "customer_completed_order" for order #9810 not sent: email type is disabled CONTEXT: {"email_type":"customer_completed_order","status":"disabled","recipient":"guest","order":9810}
2026-09-14T13:32:37+00:00 NOTICE Email "customer_completed_order" for order #9784 not sent: email type is disabled CONTEXT: {"email_type":"customer_completed_order","status":"disabled","recipient":"guest","order":9784}
2026-09-14T13:32:46+00:00 INFO Email "cancelled_order" for order #10397 sent CONTEXT: {"email_type":"cancelled_order","status":"sent","recipient":"guest","order":10397}
2026-09-14T13:32:50+00:00 NOTICE Email "customer_completed_order" for order #10197 not sent: email type is disabled CONTEXT: {"email_type":"customer_completed_order","status":"disabled","recipient":"guest","order":10197}
2026-09-14T13:32:51+00:00 NOTICE Email "customer_completed_order" for order #10156 not sent: email type is disabled CONTEXT: {"email_type":"customer_completed_order","status":"disabled","recipient":"guest","order":10156}
2026-09-14T13:32:55+00:00 INFO Email "cancelled_order" for order #10366 sent CONTEXT: {"email_type":"cancelled_order","status":"sent","recipient":"guest","order":10366}
2026-09-14T13:32:59+00:00 NOTICE Email "customer_completed_order" for order #10018 not sent: email type is disabled CONTEXT: {"email_type":"customer_completed_order","status":"disabled","recipient":"guest","order":10018}
2026-09-14T13:32:59+00:00 NOTICE Email "customer_completed_order" for order #10112 not sent: email type is disabled CONTEXT: {"email_type":"customer_completed_order","status":"disabled","recipient":"guest","order":10112}
2026-09-14T13:33:09+00:00 NOTICE Email "customer_completed_order" for order #9867 not sent: email type is disabled CONTEXT: {"email_type":"customer_completed_order","status":"disabled","recipient":"guest","order":9867}
2026-09-14T13:33:09+00:00 NOTICE Email "customer_completed_order" for order #9809 not sent: email type is disabled CONTEXT: {"email_type":"customer_completed_order","status":"disabled","recipient":"guest","order":9809}
2026-09-14T13:33:09+00:00 NOTICE Email "customer_completed_order" for order #9773 not sent: email type is disabled CONTEXT: {"email_type":"customer_completed_order","status":"disabled","recipient":"guest","order":9773}
2026-09-14T13:33:12+00:00 NOTICE Email "customer_completed_order" for order #10158 not sent: email type is disabled CONTEXT: {"email_type":"customer_completed_order","status":"disabled","recipient":"guest","order":10158}
2026-09-14T13:33:19+00:00 NOTICE Email "customer_completed_order" for order #9907 not sent: email type is disabled CONTEXT: {"email_type":"customer_completed_order","status":"disabled","recipient":"guest","order":9907}
2026-09-14T13:33:19+00:00 NOTICE Email "customer_completed_order" for order #9785 not sent: email type is disabled CONTEXT: {"email_type":"customer_completed_order","status":"disabled","recipient":"guest","order":9785}
2026-09-14T13:33:20+00:00 NOTICE Email "customer_completed_order" for order #10199 not sent: email type is disabled CONTEXT: {"email_type":"customer_completed_order","status":"disabled","recipient":"guest","order":10199}
2026-09-14T13:33:33+00:00 NOTICE Email "customer_completed_order" for order #10249 not sent: email type is disabled CONTEXT: {"email_type":"customer_completed_order","status":"disabled","recipient":"guest","order":10249}
2026-09-14T13:33:34+00:00 NOTICE Email "customer_completed_order" for order #9943 not sent: email type is disabled CONTEXT: {"email_type":"customer_completed_order","status":"disabled","recipient":"guest","order":9943}
2026-09-14T13:33:45+00:00 NOTICE Email "customer_completed_order" for order #9757 not sent: email type is disabled CONTEXT: {"email_type":"customer_completed_order","status":"disabled","recipient":"guest","order":9757}
2026-09-14T13:33:45+00:00 NOTICE Email "customer_completed_order" for order #9997 not sent: email type is disabled CONTEXT: {"email_type":"customer_completed_order","status":"disabled","recipient":"guest","order":9997}
2026-09-14T13:33:55+00:00 NOTICE Email "customer_completed_order" for order #10342 not sent: email type is disabled CONTEXT: {"email_type":"customer_completed_order","status":"disabled","recipient":"guest","order":10342}
2026-09-14T13:33:56+00:00 NOTICE Email "customer_failed_order" for order #10388 not sent: email type is disabled CONTEXT: {"email_type":"customer_failed_order","status":"disabled","recipient":"guest","order":10388}
2026-09-14T13:34:00+00:00 INFO Email "failed_order" for order #10388 sent CONTEXT: {"email_type":"failed_order","status":"sent","recipient":"guest","order":10388}
2026-09-14T13:34:02+00:00 INFO Email "cancelled_order" for order #10350 sent CONTEXT: {"email_type":"cancelled_order","status":"sent","recipient":"guest","order":10350}
2026-09-14T13:34:07+00:00 INFO Email "cancelled_order" for order #10331 sent CONTEXT: {"email_type":"cancelled_order","status":"sent","recipient":"guest","order":10331}
2026-09-14T13:34:14+00:00 NOTICE Email "customer_completed_order" for order #9936 not sent: email type is disabled CONTEXT: {"email_type":"customer_completed_order","status":"disabled","recipient":"guest","order":9936}
2026-09-14T13:34:14+00:00 NOTICE Email "customer_completed_order" for order #9833 not sent: email type is disabled CONTEXT: {"email_type":"customer_completed_order","status":"disabled","recipient":"guest","order":9833}
2026-09-14T13:34:14+00:00 NOTICE Email "customer_completed_order" for order #10289 not sent: email type is disabled CONTEXT: {"email_type":"customer_completed_order","status":"disabled","recipient":"guest","order":10289}
2026-09-14T13:34:25+00:00 NOTICE Email "customer_completed_order" for order #10334 not sent: email type is disabled CONTEXT: {"email_type":"customer_completed_order","status":"disabled","recipient":"guest","order":10334}
2026-09-14T13:34:26+00:00 NOTICE Email "customer_failed_order" for order #10358 not sent: email type is disabled CONTEXT: {"email_type":"customer_failed_order","status":"disabled","recipient":"guest","order":10358}
2026-09-14T13:34:31+00:00 INFO Email "failed_order" for order #10358 sent CONTEXT: {"email_type":"failed_order","status":"sent","recipient":"guest","order":10358}
2026-09-14T13:34:32+00:00 NOTICE Email "customer_completed_order" for order #10247 not sent: email type is disabled CONTEXT: {"email_type":"customer_completed_order","status":"disabled","recipient":"guest","order":10247}
2026-09-14T13:34:51+00:00 NOTICE Email "customer_completed_order" for order #10168 not sent: email type is disabled CONTEXT: {"email_type":"customer_completed_order","status":"disabled","recipient":"guest","order":10168}
2026-09-14T13:34:52+00:00 INFO Email "cancelled_order" for order #10337 sent CONTEXT: {"email_type":"cancelled_order","status":"sent","recipient":"guest","order":10337}
2026-09-14T13:34:53+00:00 NOTICE Email "customer_failed_order" for order #10208 not sent: email type is disabled CONTEXT: {"email_type":"customer_failed_order","status":"disabled","recipient":"guest","order":10208}
2026-09-14T13:35:10+00:00 NOTICE Email "customer_completed_order" for order #9852 not sent: email type is disabled CONTEXT: {"email_type":"customer_completed_order","status":"disabled","recipient":"guest","order":9852}
2026-09-14T13:35:10+00:00 NOTICE Email "customer_completed_order" for order #9832 not sent: email type is disabled CONTEXT: {"email_type":"customer_completed_order","status":"disabled","recipient":"guest","order":9832}
2026-09-14T13:35:16+00:00 NOTICE Email "customer_completed_order" for order #10239 not sent: email type is disabled CONTEXT: {"email_type":"customer_completed_order","status":"disabled","recipient":"guest","order":10239}
2026-09-14T13:35:16+00:00 NOTICE Email "customer_completed_order" for order #9851 not sent: email type is disabled CONTEXT: {"email_type":"customer_completed_order","status":"disabled","recipient":"guest","order":9851}
2026-09-14T13:35:20+00:00 NOTICE Email "customer_note" for order #10683 not sent: email type is disabled CONTEXT: {"email_type":"customer_note","status":"disabled","recipient":"guest","order":10683}
2026-09-14T13:35:27+00:00 NOTICE Email "customer_completed_order" for order #10061 not sent: email type is disabled CONTEXT: {"email_type":"customer_completed_order","status":"disabled","recipient":"guest","order":10061}
2026-09-14T13:35:45+00:00 INFO Email "cancelled_order" for order #10372 sent CONTEXT: {"email_type":"cancelled_order","status":"sent","recipient":"guest","order":10372}
2026-09-14T13:35:50+00:00 NOTICE Email "customer_completed_order" for order #10215 not sent: email type is disabled CONTEXT: {"email_type":"customer_completed_order","status":"disabled","recipient":"guest","order":10215}
2026-09-14T13:36:26+00:00 NOTICE Email "customer_completed_order" for order #10233 not sent: email type is disabled CONTEXT: {"email_type":"customer_completed_order","status":"disabled","recipient":"guest","order":10233}
2026-09-14T13:37:02+00:00 NOTICE Email "customer_completed_order" for order #9938 not sent: email type is disabled CONTEXT: {"email_type":"customer_completed_order","status":"disabled","recipient":"guest","order":9938}
2026-09-14T13:37:14+00:00 NOTICE Email "customer_note" for order #10684 not sent: email type is disabled CONTEXT: {"email_type":"customer_note","status":"disabled","recipient":"guest","order":10684}
2026-09-14T13:37:23+00:00 NOTICE Email "customer_completed_order" for order #10162 not sent: email type is disabled CONTEXT: {"email_type":"customer_completed_order","status":"disabled","recipient":"guest","order":10162}
2026-09-14T13:37:23+00:00 NOTICE Email "customer_completed_order" for order #10250 not sent: email type is disabled CONTEXT: {"email_type":"customer_completed_order","status":"disabled","recipient":"guest","order":10250}
2026-09-14T13:37:40+00:00 NOTICE Email "customer_note" for order #10685 not sent: email type is disabled CONTEXT: {"email_type":"customer_note","status":"disabled","recipient":"guest","order":10685}
2026-09-14T13:37:41+00:00 NOTICE Email "customer_completed_order" for order #9900 not sent: email type is disabled CONTEXT: {"email_type":"customer_completed_order","status":"disabled","recipient":"guest","order":9900}
2026-09-14T13:37:52+00:00 NOTICE Email "customer_completed_order" for order #9766 not sent: email type is disabled CONTEXT: {"email_type":"customer_completed_order","status":"disabled","recipient":"guest","order":9766}
2026-09-14T13:37:52+00:00 NOTICE Email "customer_completed_order" for order #9773 not sent: email type is disabled CONTEXT: {"email_type":"customer_completed_order","status":"disabled","recipient":"guest","order":9773}
2026-09-14T13:37:52+00:00 NOTICE Email "customer_completed_order" for order #9785 not sent: email type is disabled CONTEXT: {"email_type":"customer_completed_order","status":"disabled","recipient":"guest","order":9785}
2026-09-14T13:37:59+00:00 NOTICE Email "customer_completed_order" for order #9892 not sent: email type is disabled CONTEXT: {"email_type":"customer_completed_order","status":"disabled","recipient":"guest","order":9892}
2026-09-14T13:38:00+00:00 NOTICE Email "customer_completed_order" for order #9923 not sent: email type is disabled CONTEXT: {"email_type":"customer_completed_order","status":"disabled","recipient":"guest","order":9923}
2026-09-14T13:38:06+00:00 NOTICE Email "customer_completed_order" for order #9997 not sent: email type is disabled CONTEXT: {"email_type":"customer_completed_order","status":"disabled","recipient":"guest","order":9997}
2026-09-14T13:38:06+00:00 NOTICE Email "customer_completed_order" for order #10003 not sent: email type is disabled CONTEXT: {"email_type":"customer_completed_order","status":"disabled","recipient":"guest","order":10003}
2026-09-14T13:38:20+00:00 NOTICE Email "customer_completed_order" for order #10128 not sent: email type is disabled CONTEXT: {"email_type":"customer_completed_order","status":"disabled","recipient":"guest","order":10128}
2026-09-14T13:38:20+00:00 NOTICE Email "customer_completed_order" for order #10262 not sent: email type is disabled CONTEXT: {"email_type":"customer_completed_order","status":"disabled","recipient":"guest","order":10262}
2026-09-14T13:38:20+00:00 NOTICE Email "customer_completed_order" for order #10140 not sent: email type is disabled CONTEXT: {"email_type":"customer_completed_order","status":"disabled","recipient":"guest","order":10140}
2026-09-14T13:38:20+00:00 NOTICE Email "customer_completed_order" for order #10141 not sent: email type is disabled CONTEXT: {"email_type":"customer_completed_order","status":"disabled","recipient":"guest","order":10141}
2026-09-14T13:38:20+00:00 NOTICE Email "customer_completed_order" for order #10156 not sent: email type is disabled CONTEXT: {"email_type":"customer_completed_order","status":"disabled","recipient":"guest","order":10156}
2026-09-14T13:38:26+00:00 INFO Email "new_order" for order #10684 sent CONTEXT: {"email_type":"new_order","status":"sent","recipient":"guest","order":10684}
2026-09-14T13:38:26+00:00 NOTICE Email "customer_processing_order" for order #10684 not sent: email type is disabled CONTEXT: {"email_type":"customer_processing_order","status":"disabled","recipient":"guest","order":10684}
2026-09-14T13:38:26+00:00 NOTICE Email "customer_note" for order #10684 not sent: email type is disabled CONTEXT: {"email_type":"customer_note","status":"disabled","recipient":"guest","order":10684}
2026-09-14T13:38:28+00:00 NOTICE Email "customer_completed_order" for order #10249 not sent: email type is disabled CONTEXT: {"email_type":"customer_completed_order","status":"disabled","recipient":"guest","order":10249}
2026-09-14T13:38:29+00:00 NOTICE Email "customer_completed_order" for order #10286 not sent: email type is disabled CONTEXT: {"email_type":"customer_completed_order","status":"disabled","recipient":"guest","order":10286}
2026-09-14T13:38:30+00:00 NOTICE Email "customer_failed_order" for order #10320 not sent: email type is disabled CONTEXT: {"email_type":"customer_failed_order","status":"disabled","recipient":"guest","order":10320}
2026-09-14T13:38:30+00:00 NOTICE Email "customer_completed_order" for order #10327 not sent: email type is disabled CONTEXT: {"email_type":"customer_completed_order","status":"disabled","recipient":"guest","order":10327}
2026-09-14T13:38:30+00:00 NOTICE Email "customer_completed_order" for order #10345 not sent: email type is disabled CONTEXT: {"email_type":"customer_completed_order","status":"disabled","recipient":"guest","order":10345}
2026-09-14T13:38:35+00:00 INFO Email "cancelled_order" for order #10360 sent CONTEXT: {"email_type":"cancelled_order","status":"sent","recipient":"guest","order":10360}
2026-09-14T13:38:37+00:00 NOTICE Email "customer_completed_order" for order #10285 not sent: email type is disabled CONTEXT: {"email_type":"customer_completed_order","status":"disabled","recipient":"guest","order":10285}
2026-09-14T13:38:42+00:00 INFO Email "cancelled_order" for order #10371 sent CONTEXT: {"email_type":"cancelled_order","status":"sent","recipient":"guest","order":10371}
2026-09-14T13:40:27+00:00 INFO Email "new_order" for order #10685 sent CONTEXT: {"email_type":"new_order","status":"sent","recipient":"guest","order":10685}
2026-09-14T13:40:27+00:00 NOTICE Email "customer_processing_order" for order #10685 not sent: email type is disabled CONTEXT: {"email_type":"customer_processing_order","status":"disabled","recipient":"guest","order":10685}
2026-09-14T13:40:27+00:00 NOTICE Email "customer_note" for order #10685 not sent: email type is disabled CONTEXT: {"email_type":"customer_note","status":"disabled","recipient":"guest","order":10685}
2026-09-14T13:40:32+00:00 INFO Email "cancelled_order" for order #10350 sent CONTEXT: {"email_type":"cancelled_order","status":"sent","recipient":"guest","order":10350}
2026-09-14T13:40:53+00:00 NOTICE Email "customer_failed_order" for order #10390 not sent: email type is disabled CONTEXT: {"email_type":"customer_failed_order","status":"disabled","recipient":"guest","order":10390}
2026-09-14T13:40:56+00:00 INFO Email "cancelled_order" for order #10391 sent CONTEXT: {"email_type":"cancelled_order","status":"sent","recipient":"guest","order":10391}
2026-09-14T13:40:58+00:00 INFO Email "failed_order" for order #10390 sent CONTEXT: {"email_type":"failed_order","status":"sent","recipient":"guest","order":10390}
2026-09-14T13:41:05+00:00 INFO Email "cancelled_order" for order #10337 sent CONTEXT: {"email_type":"cancelled_order","status":"sent","recipient":"guest","order":10337}
2026-09-14T13:42:31+00:00 INFO Email "cancelled_order" for order #10389 sent CONTEXT: {"email_type":"cancelled_order","status":"sent","recipient":"guest","order":10389}
2026-09-14T13:43:08+00:00 INFO Email "cancelled_order" for order #10331 sent CONTEXT: {"email_type":"cancelled_order","status":"sent","recipient":"guest","order":10331}
2026-09-14T13:43:29+00:00 INFO Email "cancelled_order" for order #10332 sent CONTEXT: {"email_type":"cancelled_order","status":"sent","recipient":"guest","order":10332}
2026-09-14T13:43:44+00:00 NOTICE Email "customer_completed_order" for order #9935 not sent: email type is disabled CONTEXT: {"email_type":"customer_completed_order","status":"disabled","recipient":"guest","order":9935}
2026-09-14T13:44:06+00:00 INFO Email "cancelled_order" for order #10369 sent CONTEXT: {"email_type":"cancelled_order","status":"sent","recipient":"guest","order":10369}
2026-09-14T13:44:45+00:00 NOTICE Email "customer_completed_order" for order #10349 not sent: email type is disabled CONTEXT: {"email_type":"customer_completed_order","status":"disabled","recipient":"guest","order":10349}
2026-09-14T13:45:24+00:00 NOTICE Email "customer_completed_order" for order #10291 not sent: email type is disabled CONTEXT: {"email_type":"customer_completed_order","status":"disabled","recipient":"guest","order":10291}
2026-09-14T13:45:32+00:00 NOTICE Email "customer_completed_order" for order #10162 not sent: email type is disabled CONTEXT: {"email_type":"customer_completed_order","status":"disabled","recipient":"guest","order":10162}
2026-09-14T13:45:32+00:00 NOTICE Email "customer_completed_order" for order #10250 not sent: email type is disabled CONTEXT: {"email_type":"customer_completed_order","status":"disabled","recipient":"guest","order":10250}
2026-09-14T13:45:52+00:00 NOTICE Email "customer_completed_order" for order #9900 not sent: email type is disabled CONTEXT: {"email_type":"customer_completed_order","status":"disabled","recipient":"guest","order":9900}
2026-09-14T13:46:33+00:00 INFO Email "cancelled_order" for order #10351 sent CONTEXT: {"email_type":"cancelled_order","status":"sent","recipient":"guest","order":10351}
2026-09-14T13:46:34+00:00 NOTICE Email "customer_completed_order" for order #10319 not sent: email type is disabled CONTEXT: {"email_type":"customer_completed_order","status":"disabled","recipient":"guest","order":10319}
2026-09-14T13:46:34+00:00 NOTICE Email "customer_completed_order" for order #9798 not sent: email type is disabled CONTEXT: {"email_type":"customer_completed_order","status":"disabled","recipient":"guest","order":9798}
2026-09-14T13:47:19+00:00 NOTICE Email "customer_completed_order" for order #10262 not sent: email type is disabled CONTEXT: {"email_type":"customer_completed_order","status":"disabled","recipient":"guest","order":10262}
2026-09-14T13:47:19+00:00 NOTICE Email "customer_completed_order" for order #9923 not sent: email type is disabled CONTEXT: {"email_type":"customer_completed_order","status":"disabled","recipient":"guest","order":9923}
2026-09-14T13:47:19+00:00 INFO Email "cancelled_order" for order #10356 sent CONTEXT: {"email_type":"cancelled_order","status":"sent","recipient":"guest","order":10356}
2026-09-14T13:47:19+00:00 NOTICE Email "customer_completed_order" for order #9952 not sent: email type is disabled CONTEXT: {"email_type":"customer_completed_order","status":"disabled","recipient":"guest","order":9952}
2026-09-14T13:47:19+00:00 NOTICE Email "customer_completed_order" for order #10086 not sent: email type is disabled CONTEXT: {"email_type":"customer_completed_order","status":"disabled","recipient":"guest","order":10086}
2026-09-14T13:47:36+00:00 NOTICE Email "customer_completed_order" for order #9785 not sent: email type is disabled CONTEXT: {"email_type":"customer_completed_order","status":"disabled","recipient":"guest","order":9785}
2026-09-14T13:47:37+00:00 NOTICE Email "customer_completed_order" for order #10312 not sent: email type is disabled CONTEXT: {"email_type":"customer_completed_order","status":"disabled","recipient":"guest","order":10312}
2026-09-14T13:47:53+00:00 NOTICE Email "customer_failed_order" for order #10302 not sent: email type is disabled CONTEXT: {"email_type":"customer_failed_order","status":"disabled","recipient":"guest","order":10302}
2026-09-14T13:47:53+00:00 NOTICE Email "customer_completed_order" for order #7526 not sent: email type is disabled CONTEXT: {"email_type":"customer_completed_order","status":"disabled","recipient":"guest","order":7526}
2026-09-14T13:47:53+00:00 NOTICE Email "customer_completed_order" for order #10267 not sent: email type is disabled CONTEXT: {"email_type":"customer_completed_order","status":"disabled","recipient":"guest","order":10267}
2026-09-14T13:47:57+00:00 NOTICE Email "customer_completed_order" for order #10333 not sent: email type is disabled CONTEXT: {"email_type":"customer_completed_order","status":"disabled","recipient":"guest","order":10333}
2026-09-14T13:48:27+00:00 NOTICE Email "customer_completed_order" for order #9950 not sent: email type is disabled CONTEXT: {"email_type":"customer_completed_order","status":"disabled","recipient":"guest","order":9950}
2026-09-14T13:48:27+00:00 NOTICE Email "customer_completed_order" for order #9810 not sent: email type is disabled CONTEXT: {"email_type":"customer_completed_order","status":"disabled","recipient":"guest","order":9810}
2026-09-14T13:48:44+00:00 NOTICE Email "customer_completed_order" for order #9865 not sent: email type is disabled CONTEXT: {"email_type":"customer_completed_order","status":"disabled","recipient":"guest","order":9865}
2026-09-14T13:48:44+00:00 NOTICE Email "customer_completed_order" for order #10200 not sent: email type is disabled CONTEXT: {"email_type":"customer_completed_order","status":"disabled","recipient":"guest","order":10200}
2026-09-14T13:49:06+00:00 NOTICE Email "customer_completed_order" for order #10128 not sent: email type is disabled CONTEXT: {"email_type":"customer_completed_order","status":"disabled","recipient":"guest","order":10128}
2026-09-14T13:49:06+00:00 NOTICE Email "customer_completed_order" for order #10196 not sent: email type is disabled CONTEXT: {"email_type":"customer_completed_order","status":"disabled","recipient":"guest","order":10196}
2026-09-14T13:49:06+00:00 NOTICE Email "customer_completed_order" for order #10003 not sent: email type is disabled CONTEXT: {"email_type":"customer_completed_order","status":"disabled","recipient":"guest","order":10003}
2026-09-14T13:49:19+00:00 NOTICE Email "customer_note" for order #10687 not sent: email type is disabled CONTEXT: {"email_type":"customer_note","status":"disabled","recipient":"guest","order":10687}
2026-09-14T13:49:42+00:00 NOTICE Email "customer_completed_order" for order #10278 not sent: email type is disabled CONTEXT: {"email_type":"customer_completed_order","status":"disabled","recipient":"guest","order":10278}
2026-09-14T13:50:19+00:00 NOTICE Email "customer_completed_order" for order #10327 not sent: email type is disabled CONTEXT: {"email_type":"customer_completed_order","status":"disabled","recipient":"guest","order":10327}
2026-09-14T13:50:25+00:00 NOTICE Email "customer_note" for order #10688 not sent: email type is disabled CONTEXT: {"email_type":"customer_note","status":"disabled","recipient":"guest","order":10688}
2026-09-14T13:50:36+00:00 NOTICE Email "customer_completed_order" for order #10197 not sent: email type is disabled CONTEXT: {"email_type":"customer_completed_order","status":"disabled","recipient":"guest","order":10197}
2026-09-14T13:50:45+00:00 NOTICE Email "customer_completed_order" for order #10018 not sent: email type is disabled CONTEXT: {"email_type":"customer_completed_order","status":"disabled","recipient":"guest","order":10018}
2026-09-14T13:50:48+00:00 NOTICE Email "customer_completed_order" for order #10034 not sent: email type is disabled CONTEXT: {"email_type":"customer_completed_order","status":"disabled","recipient":"guest","order":10034}
2026-09-14T13:50:48+00:00 NOTICE Email "customer_completed_order" for order #10112 not sent: email type is disabled CONTEXT: {"email_type":"customer_completed_order","status":"disabled","recipient":"guest","order":10112}
2026-09-14T13:50:53+00:00 NOTICE Email "customer_completed_order" for order #10156 not sent: email type is disabled CONTEXT: {"email_type":"customer_completed_order","status":"disabled","recipient":"guest","order":10156}
2026-09-14T13:50:53+00:00 NOTICE Email "customer_completed_order" for order #10338 not sent: email type is disabled CONTEXT: {"email_type":"customer_completed_order","status":"disabled","recipient":"guest","order":10338}
2026-09-14T13:51:02+00:00 NOTICE Email "customer_completed_order" for order #9766 not sent: email type is disabled CONTEXT: {"email_type":"customer_completed_order","status":"disabled","recipient":"guest","order":9766}
2026-09-14T13:51:03+00:00 NOTICE Email "customer_completed_order" for order #9867 not sent: email type is disabled CONTEXT: {"email_type":"customer_completed_order","status":"disabled","recipient":"guest","order":9867}
2026-09-14T13:51:09+00:00 NOTICE Email "customer_completed_order" for order #9784 not sent: email type is disabled CONTEXT: {"email_type":"customer_completed_order","status":"disabled","recipient":"guest","order":9784}
2026-09-14T13:51:26+00:00 NOTICE Email "customer_completed_order" for order #10216 not sent: email type is disabled CONTEXT: {"email_type":"customer_completed_order","status":"disabled","recipient":"guest","order":10216}
2026-09-14T13:51:51+00:00 INFO Email "new_order" for order #10688 sent CONTEXT: {"email_type":"new_order","status":"sent","recipient":"guest","order":10688}
2026-09-14T13:51:51+00:00 NOTICE Email "customer_processing_order" for order #10688 not sent: email type is disabled CONTEXT: {"email_type":"customer_processing_order","status":"disabled","recipient":"guest","order":10688}
2026-09-14T13:51:51+00:00 NOTICE Email "customer_note" for order #10688 not sent: email type is disabled CONTEXT: {"email_type":"customer_note","status":"disabled","recipient":"guest","order":10688}
2026-09-14T13:52:09+00:00 NOTICE Email "customer_note" for order #10683 not sent: email type is disabled CONTEXT: {"email_type":"customer_note","status":"disabled","recipient":"guest","order":10683}
2026-09-14T13:52:30+00:00 NOTICE Email "customer_completed_order" for order #9757 not sent: email type is disabled CONTEXT: {"email_type":"customer_completed_order","status":"disabled","recipient":"guest","order":9757}
2026-09-14T13:52:31+00:00 NOTICE Email "customer_completed_order" for order #9786 not sent: email type is disabled CONTEXT: {"email_type":"customer_completed_order","status":"disabled","recipient":"guest","order":9786}
2026-09-14T13:52:31+00:00 NOTICE Email "customer_completed_order" for order #9892 not sent: email type is disabled CONTEXT: {"email_type":"customer_completed_order","status":"disabled","recipient":"guest","order":9892}
2026-09-14T13:52:38+00:00 NOTICE Email "customer_completed_order" for order #9938 not sent: email type is disabled CONTEXT: {"email_type":"customer_completed_order","status":"disabled","recipient":"guest","order":9938}
2026-09-14T13:52:38+00:00 NOTICE Email "customer_completed_order" for order #9943 not sent: email type is disabled CONTEXT: {"email_type":"customer_completed_order","status":"disabled","recipient":"guest","order":9943}
2026-09-14T13:52:39+00:00 NOTICE Email "customer_completed_order" for order #10140 not sent: email type is disabled CONTEXT: {"email_type":"customer_completed_order","status":"disabled","recipient":"guest","order":10140}
2026-09-14T13:52:42+00:00 NOTICE Email "customer_completed_order" for order #10148 not sent: email type is disabled CONTEXT: {"email_type":"customer_completed_order","status":"disabled","recipient":"guest","order":10148}
2026-09-14T13:52:42+00:00 NOTICE Email "customer_completed_order" for order #10249 not sent: email type is disabled CONTEXT: {"email_type":"customer_completed_order","status":"disabled","recipient":"guest","order":10249}
2026-09-14T13:52:42+00:00 INFO Email "cancelled_order" for order #10331 sent CONTEXT: {"email_type":"cancelled_order","status":"sent","recipient":"guest","order":10331}
2026-09-14T13:52:45+00:00 NOTICE Email "customer_completed_order" for order #10215 not sent: email type is disabled CONTEXT: {"email_type":"customer_completed_order","status":"disabled","recipient":"guest","order":10215}
2026-09-14T13:52:45+00:00 NOTICE Email "customer_completed_order" for order #10249 not sent: email type is disabled CONTEXT: {"email_type":"customer_completed_order","status":"disabled","recipient":"guest","order":10249}
2026-09-14T13:52:45+00:00 NOTICE Email "customer_completed_order" for order #10286 not sent: email type is disabled CONTEXT: {"email_type":"customer_completed_order","status":"disabled","recipient":"guest","order":10286}
2026-09-14T13:52:52+00:00 NOTICE Email "customer_note" for order #10689 not sent: email type is disabled CONTEXT: {"email_type":"customer_note","status":"disabled","recipient":"guest","order":10689}
2026-09-14T13:54:49+00:00 INFO Email "cancelled_order" for order #10389 sent CONTEXT: {"email_type":"cancelled_order","status":"sent","recipient":"guest","order":10389}
2026-09-14T13:55:52+00:00 INFO Email "cancelled_order" for order #10371 sent CONTEXT: {"email_type":"cancelled_order","status":"sent","recipient":"guest","order":10371}
2026-09-14T13:55:53+00:00 NOTICE Email "customer_failed_order" for order #10358 not sent: email type is disabled CONTEXT: {"email_type":"customer_failed_order","status":"disabled","recipient":"guest","order":10358}
2026-09-14T13:55:58+00:00 INFO Email "failed_order" for order #10358 sent CONTEXT: {"email_type":"failed_order","status":"sent","recipient":"guest","order":10358}
2026-09-14T13:56:10+00:00 NOTICE Email "customer_failed_order" for order #10388 not sent: email type is disabled CONTEXT: {"email_type":"customer_failed_order","status":"disabled","recipient":"guest","order":10388}
2026-09-14T13:56:15+00:00 INFO Email "failed_order" for order #10388 sent CONTEXT: {"email_type":"failed_order","status":"sent","recipient":"guest","order":10388}
2026-09-14T13:56:17+00:00 INFO Email "cancelled_order" for order #10350 sent CONTEXT: {"email_type":"cancelled_order","status":"sent","recipient":"guest","order":10350}
2026-09-14T13:56:22+00:00 INFO Email "cancelled_order" for order #10372 sent CONTEXT: {"email_type":"cancelled_order","status":"sent","recipient":"guest","order":10372}
2026-09-14T13:56:23+00:00 NOTICE Email "customer_failed_order" for order #10390 not sent: email type is disabled CONTEXT: {"email_type":"customer_failed_order","status":"disabled","recipient":"guest","order":10390}
2026-09-14T13:56:24+00:00 NOTICE Email "customer_completed_order" for order #10034 not sent: email type is disabled CONTEXT: {"email_type":"customer_completed_order","status":"disabled","recipient":"guest","order":10034}
2026-09-14T13:56:28+00:00 INFO Email "failed_order" for order #10390 sent CONTEXT: {"email_type":"failed_order","status":"sent","recipient":"guest","order":10390}
2026-09-14T13:56:45+00:00 INFO Email "cancelled_order" for order #10351 sent CONTEXT: {"email_type":"cancelled_order","status":"sent","recipient":"guest","order":10351}
2026-09-14T13:57:08+00:00 NOTICE Email "customer_failed_order" for order #10208 not sent: email type is disabled CONTEXT: {"email_type":"customer_failed_order","status":"disabled","recipient":"guest","order":10208}
2026-09-14T13:57:13+00:00 NOTICE Email "customer_completed_order" for order #10319 not sent: email type is disabled CONTEXT: {"email_type":"customer_completed_order","status":"disabled","recipient":"guest","order":10319}
2026-09-14T13:57:13+00:00 INFO Email "cancelled_order" for order #10373 sent CONTEXT: {"email_type":"cancelled_order","status":"sent","recipient":"guest","order":10373}
2026-09-14T13:57:35+00:00 NOTICE Email "customer_completed_order" for order #9833 not sent: email type is disabled CONTEXT: {"email_type":"customer_completed_order","status":"disabled","recipient":"guest","order":9833}
2026-09-14T13:57:35+00:00 NOTICE Email "customer_completed_order" for order #10061 not sent: email type is disabled CONTEXT: {"email_type":"customer_completed_order","status":"disabled","recipient":"guest","order":10061}
2026-09-14T13:57:36+00:00 NOTICE Email "customer_completed_order" for order #10289 not sent: email type is disabled CONTEXT: {"email_type":"customer_completed_order","status":"disabled","recipient":"guest","order":10289}
2026-09-14T13:57:36+00:00 NOTICE Email "customer_completed_order" for order #9851 not sent: email type is disabled CONTEXT: {"email_type":"customer_completed_order","status":"disabled","recipient":"guest","order":9851}
2026-09-14T13:57:36+00:00 NOTICE Email "customer_completed_order" for order #10141 not sent: email type is disabled CONTEXT: {"email_type":"customer_completed_order","status":"disabled","recipient":"guest","order":10141}
2026-09-14T13:57:47+00:00 NOTICE Email "customer_completed_order" for order #10345 not sent: email type is disabled CONTEXT: {"email_type":"customer_completed_order","status":"disabled","recipient":"guest","order":10345}
2026-09-14T13:57:47+00:00 NOTICE Email "customer_completed_order" for order #10247 not sent: email type is disabled CONTEXT: {"email_type":"customer_completed_order","status":"disabled","recipient":"guest","order":10247}
2026-09-14T13:57:59+00:00 NOTICE Email "customer_completed_order" for order #10199 not sent: email type is disabled CONTEXT: {"email_type":"customer_completed_order","status":"disabled","recipient":"guest","order":10199}
2026-09-14T13:58:12+00:00 NOTICE Email "customer_completed_order" for order #10168 not sent: email type is disabled CONTEXT: {"email_type":"customer_completed_order","status":"disabled","recipient":"guest","order":10168}
2026-09-14T13:58:48+00:00 INFO Email "cancelled_order" for order #10397 sent CONTEXT: {"email_type":"cancelled_order","status":"sent","recipient":"guest","order":10397}
2026-09-14T13:59:55+00:00 INFO Email "cancelled_order" for order #10389 sent CONTEXT: {"email_type":"cancelled_order","status":"sent","recipient":"guest","order":10389}
2026-09-14T14:00:06+00:00 NOTICE Email "customer_completed_order" for order #10267 not sent: email type is disabled CONTEXT: {"email_type":"customer_completed_order","status":"disabled","recipient":"guest","order":10267}
2026-09-14T14:00:17+00:00 NOTICE Email "customer_completed_order" for order #10200 not sent: email type is disabled CONTEXT: {"email_type":"customer_completed_order","status":"disabled","recipient":"guest","order":10200}
2026-09-14T14:00:28+00:00 NOTICE Email "customer_failed_order" for order #10320 not sent: email type is disabled CONTEXT: {"email_type":"customer_failed_order","status":"disabled","recipient":"guest","order":10320}
2026-09-14T14:00:28+00:00 NOTICE Email "customer_completed_order" for order #9865 not sent: email type is disabled CONTEXT: {"email_type":"customer_completed_order","status":"disabled","recipient":"guest","order":9865}
2026-09-14T14:00:28+00:00 NOTICE Email "customer_completed_order" for order #9923 not sent: email type is disabled CONTEXT: {"email_type":"customer_completed_order","status":"disabled","recipient":"guest","order":9923}
2026-09-14T14:00:38+00:00 NOTICE Email "customer_completed_order" for order #10262 not sent: email type is disabled CONTEXT: {"email_type":"customer_completed_order","status":"disabled","recipient":"guest","order":10262}
2026-09-14T14:00:38+00:00 NOTICE Email "customer_completed_order" for order #10285 not sent: email type is disabled CONTEXT: {"email_type":"customer_completed_order","status":"disabled","recipient":"guest","order":10285}
2026-09-14T14:00:42+00:00 INFO Email "cancelled_order" for order #10350 sent CONTEXT: {"email_type":"cancelled_order","status":"sent","recipient":"guest","order":10350}
2026-09-14T14:00:43+00:00 NOTICE Email "customer_failed_order" for order #10390 not sent: email type is disabled CONTEXT: {"email_type":"customer_failed_order","status":"disabled","recipient":"guest","order":10390}
2026-09-14T14:00:43+00:00 INFO Email "cancelled_order" for order #10356 sent CONTEXT: {"email_type":"cancelled_order","status":"sent","recipient":"guest","order":10356}
2026-09-14T14:00:48+00:00 INFO Email "failed_order" for order #10390 sent CONTEXT: {"email_type":"failed_order","status":"sent","recipient":"guest","order":10390}
2026-09-14T14:00:54+00:00 NOTICE Email "customer_completed_order" for order #9952 not sent: email type is disabled CONTEXT: {"email_type":"customer_completed_order","status":"disabled","recipient":"guest","order":9952}
2026-09-14T14:00:54+00:00 NOTICE Email "customer_completed_order" for order #10333 not sent: email type is disabled CONTEXT: {"email_type":"customer_completed_order","status":"disabled","recipient":"guest","order":10333}
2026-09-14T14:01:07+00:00 INFO Email "cancelled_order" for order #10369 sent CONTEXT: {"email_type":"cancelled_order","status":"sent","recipient":"guest","order":10369}
2026-09-14T14:01:16+00:00 NOTICE Email "customer_completed_order" for order #9943 not sent: email type is disabled CONTEXT: {"email_type":"customer_completed_order","status":"disabled","recipient":"guest","order":9943}
2026-09-14T14:01:26+00:00 NOTICE Email "customer_completed_order" for order #10249 not sent: email type is disabled CONTEXT: {"email_type":"customer_completed_order","status":"disabled","recipient":"guest","order":10249}
2026-09-14T14:01:26+00:00 NOTICE Email "customer_completed_order" for order #10327 not sent: email type is disabled CONTEXT: {"email_type":"customer_completed_order","status":"disabled","recipient":"guest","order":10327}
2026-09-14T14:01:27+00:00 NOTICE Email "customer_completed_order" for order #9833 not sent: email type is disabled CONTEXT: {"email_type":"customer_completed_order","status":"disabled","recipient":"guest","order":9833}
2026-09-14T14:01:35+00:00 INFO Email "cancelled_order" for order #10373 sent CONTEXT: {"email_type":"cancelled_order","status":"sent","recipient":"guest","order":10373}
2026-09-14T14:01:37+00:00 NOTICE Email "customer_completed_order" for order #9757 not sent: email type is disabled CONTEXT: {"email_type":"customer_completed_order","status":"disabled","recipient":"guest","order":9757}
2026-09-14T14:01:37+00:00 NOTICE Email "customer_completed_order" for order #9892 not sent: email type is disabled CONTEXT: {"email_type":"customer_completed_order","status":"disabled","recipient":"guest","order":9892}
2026-09-14T14:01:42+00:00 NOTICE Email "customer_completed_order" for order #10141 not sent: email type is disabled CONTEXT: {"email_type":"customer_completed_order","status":"disabled","recipient":"guest","order":10141}
2026-09-14T14:01:43+00:00 NOTICE Email "customer_completed_order" for order #10345 not sent: email type is disabled CONTEXT: {"email_type":"customer_completed_order","status":"disabled","recipient":"guest","order":10345}
2026-09-14T14:01:43+00:00 NOTICE Email "customer_completed_order" for order #10247 not sent: email type is disabled CONTEXT: {"email_type":"customer_completed_order","status":"disabled","recipient":"guest","order":10247}
2026-09-14T14:01:43+00:00 NOTICE Email "customer_completed_order" for order #10199 not sent: email type is disabled CONTEXT: {"email_type":"customer_completed_order","status":"disabled","recipient":"guest","order":10199}
2026-09-14T14:01:48+00:00 NOTICE Email "customer_completed_order" for order #9997 not sent: email type is disabled CONTEXT: {"email_type":"customer_completed_order","status":"disabled","recipient":"guest","order":9997}
2026-09-14T14:01:48+00:00 NOTICE Email "customer_completed_order" for order #10140 not sent: email type is disabled CONTEXT: {"email_type":"customer_completed_order","status":"disabled","recipient":"guest","order":10140}
2026-09-14T14:01:48+00:00 NOTICE Email "customer_completed_order" for order #10286 not sent: email type is disabled CONTEXT: {"email_type":"customer_completed_order","status":"disabled","recipient":"guest","order":10286}
2026-09-14T14:01:59+00:00 NOTICE Email "customer_completed_order" for order #10168 not sent: email type is disabled CONTEXT: {"email_type":"customer_completed_order","status":"disabled","recipient":"guest","order":10168}
2026-09-14T14:02:04+00:00 INFO Email "cancelled_order" for order #10360 sent CONTEXT: {"email_type":"cancelled_order","status":"sent","recipient":"guest","order":10360}
2026-09-14T14:02:15+00:00 NOTICE Email "customer_completed_order" for order #9852 not sent: email type is disabled CONTEXT: {"email_type":"customer_completed_order","status":"disabled","recipient":"guest","order":9852}
2026-09-14T14:02:15+00:00 NOTICE Email "customer_completed_order" for order #9832 not sent: email type is disabled CONTEXT: {"email_type":"customer_completed_order","status":"disabled","recipient":"guest","order":9832}
2026-09-14T14:02:26+00:00 NOTICE Email "customer_completed_order" for order #10239 not sent: email type is disabled CONTEXT: {"email_type":"customer_completed_order","status":"disabled","recipient":"guest","order":10239}
2026-09-14T14:02:35+00:00 NOTICE Email "customer_completed_order" for order #9907 not sent: email type is disabled CONTEXT: {"email_type":"customer_completed_order","status":"disabled","recipient":"guest","order":9907}
2026-09-14T14:02:35+00:00 NOTICE Email "customer_completed_order" for order #10158 not sent: email type is disabled CONTEXT: {"email_type":"customer_completed_order","status":"disabled","recipient":"guest","order":10158}
2026-09-14T14:02:35+00:00 NOTICE Email "customer_completed_order" for order #10233 not sent: email type is disabled CONTEXT: {"email_type":"customer_completed_order","status":"disabled","recipient":"guest","order":10233}
2026-09-14T14:02:46+00:00 NOTICE Email "customer_completed_order" for order #9773 not sent: email type is disabled CONTEXT: {"email_type":"customer_completed_order","status":"disabled","recipient":"guest","order":9773}
2026-09-14T14:02:46+00:00 NOTICE Email "customer_completed_order" for order #10342 not sent: email type is disabled CONTEXT: {"email_type":"customer_completed_order","status":"disabled","recipient":"guest","order":10342}
2026-09-14T14:02:46+00:00 NOTICE Email "customer_completed_order" for order #10334 not sent: email type is disabled CONTEXT: {"email_type":"customer_completed_order","status":"disabled","recipient":"guest","order":10334}
2026-09-14T14:02:46+00:00 NOTICE Email "customer_completed_order" for order #9938 not sent: email type is disabled CONTEXT: {"email_type":"customer_completed_order","status":"disabled","recipient":"guest","order":9938}
2026-09-14T14:02:58+00:00 NOTICE Email "customer_completed_order" for order #10126 not sent: email type is disabled CONTEXT: {"email_type":"customer_completed_order","status":"disabled","recipient":"guest","order":10126}
2026-09-14T14:02:58+00:00 NOTICE Email "customer_completed_order" for order #9809 not sent: email type is disabled CONTEXT: {"email_type":"customer_completed_order","status":"disabled","recipient":"guest","order":9809}
2026-09-14T14:02:58+00:00 NOTICE Email "customer_completed_order" for order #9786 not sent: email type is disabled CONTEXT: {"email_type":"customer_completed_order","status":"disabled","recipient":"guest","order":9786}
2026-09-14T14:03:07+00:00 NOTICE Email "customer_completed_order" for order #10112 not sent: email type is disabled CONTEXT: {"email_type":"customer_completed_order","status":"disabled","recipient":"guest","order":10112}
2026-09-14T14:03:25+00:00 NOTICE Email "customer_completed_order" for order #10034 not sent: email type is disabled CONTEXT: {"email_type":"customer_completed_order","status":"disabled","recipient":"guest","order":10034}
2026-09-14T14:03:33+00:00 NOTICE Email "customer_note" for order #10686 not sent: email type is disabled CONTEXT: {"email_type":"customer_note","status":"disabled","recipient":"guest","order":10686}
2026-09-14T14:03:43+00:00 NOTICE Email "customer_completed_order" for order #9952 not sent: email type is disabled CONTEXT: {"email_type":"customer_completed_order","status":"disabled","recipient":"guest","order":9952}
2026-09-14T14:03:56+00:00 INFO Email "cancelled_order" for order #10337 sent CONTEXT: {"email_type":"cancelled_order","status":"sent","recipient":"guest","order":10337}
2026-09-14T14:04:34+00:00 INFO Email "cancelled_order" for order #10351 sent CONTEXT: {"email_type":"cancelled_order","status":"sent","recipient":"guest","order":10351}
2026-09-14T14:04:46+00:00 INFO Email "new_order" for order #10686 sent CONTEXT: {"email_type":"new_order","status":"sent","recipient":"guest","order":10686}
2026-09-14T14:04:46+00:00 NOTICE Email "customer_processing_order" for order #10686 not sent: email type is disabled CONTEXT: {"email_type":"customer_processing_order","status":"disabled","recipient":"guest","order":10686}
2026-09-14T14:04:46+00:00 NOTICE Email "customer_note" for order #10686 not sent: email type is disabled CONTEXT: {"email_type":"customer_note","status":"disabled","recipient":"guest","order":10686}
2026-09-14T14:04:54+00:00 INFO Email "cancelled_order" for order #10371 sent CONTEXT: {"email_type":"cancelled_order","status":"sent","recipient":"guest","order":10371}
2026-09-14T14:05:07+00:00 NOTICE Email "customer_completed_order" for order #9900 not sent: email type is disabled CONTEXT: {"email_type":"customer_completed_order","status":"disabled","recipient":"guest","order":9900}
2026-09-14T14:05:08+00:00 NOTICE Email "customer_failed_order" for order #10358 not sent: email type is disabled CONTEXT: {"email_type":"customer_failed_order","status":"disabled","recipient":"guest","order":10358}
2026-09-14T14:05:13+00:00 INFO Email "failed_order" for order #10358 sent CONTEXT: {"email_type":"failed_order","status":"sent","recipient":"guest","order":10358}
2026-09-14T14:05:20+00:00 NOTICE Email "customer_completed_order" for order #10162 not sent: email type is disabled CONTEXT: {"email_type":"customer_completed_order","status":"disabled","recipient":"guest","order":10162}
2026-09-14T14:05:20+00:00 NOTICE Email "customer_completed_order" for order #10250 not sent: email type is disabled CONTEXT: {"email_type":"customer_completed_order","status":"disabled","recipient":"guest","order":10250}
2026-09-14T14:05:25+00:00 NOTICE Email "customer_completed_order" for order #10286 not sent: email type is disabled CONTEXT: {"email_type":"customer_completed_order","status":"disabled","recipient":"guest","order":10286}
2026-09-14T14:05:41+00:00 NOTICE Email "customer_completed_order" for order #9936 not sent: email type is disabled CONTEXT: {"email_type":"customer_completed_order","status":"disabled","recipient":"guest","order":9936}
2026-09-14T14:05:41+00:00 NOTICE Email "customer_completed_order" for order #10289 not sent: email type is disabled CONTEXT: {"email_type":"customer_completed_order","status":"disabled","recipient":"guest","order":10289}
2026-09-14T14:06:22+00:00 NOTICE Email "customer_failed_order" for order #10390 not sent: email type is disabled CONTEXT: {"email_type":"customer_failed_order","status":"disabled","recipient":"guest","order":10390}
2026-09-14T14:06:27+00:00 INFO Email "failed_order" for order #10390 sent CONTEXT: {"email_type":"failed_order","status":"sent","recipient":"guest","order":10390}
2026-09-14T14:06:30+00:00 NOTICE Email "customer_completed_order" for order #10215 not sent: email type is disabled CONTEXT: {"email_type":"customer_completed_order","status":"disabled","recipient":"guest","order":10215}
2026-09-14T14:06:46+00:00 NOTICE Email "customer_completed_order" for order #10349 not sent: email type is disabled CONTEXT: {"email_type":"customer_completed_order","status":"disabled","recipient":"guest","order":10349}
2026-09-14T14:06:50+00:00 NOTICE Email "customer_completed_order" for order #10285 not sent: email type is disabled CONTEXT: {"email_type":"customer_completed_order","status":"disabled","recipient":"guest","order":10285}
2026-09-14T14:07:00+00:00 INFO Email "cancelled_order" for order #10391 sent CONTEXT: {"email_type":"cancelled_order","status":"sent","recipient":"guest","order":10391}
2026-09-14T14:07:02+00:00 NOTICE Email "customer_completed_order" for order #10291 not sent: email type is disabled CONTEXT: {"email_type":"customer_completed_order","status":"disabled","recipient":"guest","order":10291}
2026-09-14T14:07:07+00:00 NOTICE Email "customer_completed_order" for order #9923 not sent: email type is disabled CONTEXT: {"email_type":"customer_completed_order","status":"disabled","recipient":"guest","order":9923}
2026-09-14T14:07:26+00:00 NOTICE Email "customer_failed_order" for order #10208 not sent: email type is disabled CONTEXT: {"email_type":"customer_failed_order","status":"disabled","recipient":"guest","order":10208}
2026-09-14T14:07:32+00:00 INFO Email "cancelled_order" for order #10373 sent CONTEXT: {"email_type":"cancelled_order","status":"sent","recipient":"guest","order":10373}
2026-09-14T14:07:36+00:00 INFO Email "cancelled_order" for order #10397 sent CONTEXT: {"email_type":"cancelled_order","status":"sent","recipient":"guest","order":10397}
2026-09-14T14:07:42+00:00 NOTICE Email "customer_completed_order" for order #9892 not sent: email type is disabled CONTEXT: {"email_type":"customer_completed_order","status":"disabled","recipient":"guest","order":9892}
2026-09-14T14:07:46+00:00 NOTICE Email "customer_failed_order" for order #10320 not sent: email type is disabled CONTEXT: {"email_type":"customer_failed_order","status":"disabled","recipient":"guest","order":10320}
2026-09-14T14:07:46+00:00 NOTICE Email "customer_completed_order" for order #10267 not sent: email type is disabled CONTEXT: {"email_type":"customer_completed_order","status":"disabled","recipient":"guest","order":10267}
2026-09-14T14:08:07+00:00 NOTICE Email "customer_completed_order" for order #10251 not sent: email type is disabled CONTEXT: {"email_type":"customer_completed_order","status":"disabled","recipient":"guest","order":10251}
2026-09-14T14:08:20+00:00 NOTICE Email "customer_completed_order" for order #10200 not sent: email type is disabled CONTEXT: {"email_type":"customer_completed_order","status":"disabled","recipient":"guest","order":10200}
2026-09-14T14:08:22+00:00 NOTICE Email "customer_completed_order" for order #9832 not sent: email type is disabled CONTEXT: {"email_type":"customer_completed_order","status":"disabled","recipient":"guest","order":9832}
2026-09-14T14:08:25+00:00 NOTICE Email "customer_completed_order" for order #9757 not sent: email type is disabled CONTEXT: {"email_type":"customer_completed_order","status":"disabled","recipient":"guest","order":9757}
2026-09-14T14:08:25+00:00 NOTICE Email "customer_completed_order" for order #9936 not sent: email type is disabled CONTEXT: {"email_type":"customer_completed_order","status":"disabled","recipient":"guest","order":9936}
2026-09-14T14:08:25+00:00 NOTICE Email "customer_completed_order" for order #10061 not sent: email type is disabled CONTEXT: {"email_type":"customer_completed_order","status":"disabled","recipient":"guest","order":10061}
2026-09-14T14:08:31+00:00 NOTICE Email "customer_completed_order" for order #9766 not sent: email type is disabled CONTEXT: {"email_type":"customer_completed_order","status":"disabled","recipient":"guest","order":9766}
2026-09-14T14:08:31+00:00 NOTICE Email "customer_completed_order" for order #9784 not sent: email type is disabled CONTEXT: {"email_type":"customer_completed_order","status":"disabled","recipient":"guest","order":9784}
2026-09-14T14:08:31+00:00 NOTICE Email "customer_completed_order" for order #9786 not sent: email type is disabled CONTEXT: {"email_type":"customer_completed_order","status":"disabled","recipient":"guest","order":9786}
2026-09-14T14:08:31+00:00 NOTICE Email "customer_completed_order" for order #9798 not sent: email type is disabled CONTEXT: {"email_type":"customer_completed_order","status":"disabled","recipient":"guest","order":9798}
2026-09-14T14:08:31+00:00 NOTICE Email "customer_completed_order" for order #9809 not sent: email type is disabled CONTEXT: {"email_type":"customer_completed_order","status":"disabled","recipient":"guest","order":9809}
2026-09-14T14:08:31+00:00 NOTICE Email "customer_completed_order" for order #9851 not sent: email type is disabled CONTEXT: {"email_type":"customer_completed_order","status":"disabled","recipient":"guest","order":9851}
2026-09-14T14:08:31+00:00 NOTICE Email "customer_completed_order" for order #9865 not sent: email type is disabled CONTEXT: {"email_type":"customer_completed_order","status":"disabled","recipient":"guest","order":9865}
2026-09-14T14:08:31+00:00 NOTICE Email "customer_completed_order" for order #9867 not sent: email type is disabled CONTEXT: {"email_type":"customer_completed_order","status":"disabled","recipient":"guest","order":9867}
2026-09-14T14:08:31+00:00 NOTICE Email "customer_completed_order" for order #9892 not sent: email type is disabled CONTEXT: {"email_type":"customer_completed_order","status":"disabled","recipient":"guest","order":9892}
2026-09-14T14:08:37+00:00 NOTICE Email "customer_completed_order" for order #10216 not sent: email type is disabled CONTEXT: {"email_type":"customer_completed_order","status":"disabled","recipient":"guest","order":10216}
2026-09-14T14:08:40+00:00 NOTICE Email "customer_completed_order" for order #10003 not sent: email type is disabled CONTEXT: {"email_type":"customer_completed_order","status":"disabled","recipient":"guest","order":10003}
2026-09-14T14:08:40+00:00 NOTICE Email "customer_completed_order" for order #10128 not sent: email type is disabled CONTEXT: {"email_type":"customer_completed_order","status":"disabled","recipient":"guest","order":10128}
2026-09-14T14:08:40+00:00 NOTICE Email "customer_completed_order" for order #10196 not sent: email type is disabled CONTEXT: {"email_type":"customer_completed_order","status":"disabled","recipient":"guest","order":10196}
2026-09-14T14:08:43+00:00 NOTICE Email "customer_completed_order" for order #9997 not sent: email type is disabled CONTEXT: {"email_type":"customer_completed_order","status":"disabled","recipient":"guest","order":9997}
2026-09-14T14:08:44+00:00 NOTICE Email "customer_completed_order" for order #10003 not sent: email type is disabled CONTEXT: {"email_type":"customer_completed_order","status":"disabled","recipient":"guest","order":10003}
2026-09-14T14:08:44+00:00 NOTICE Email "customer_completed_order" for order #10018 not sent: email type is disabled CONTEXT: {"email_type":"customer_completed_order","status":"disabled","recipient":"guest","order":10018}
2026-09-14T14:08:45+00:00 NOTICE Email "customer_completed_order" for order #10128 not sent: email type is disabled CONTEXT: {"email_type":"customer_completed_order","status":"disabled","recipient":"guest","order":10128}
2026-09-14T14:08:45+00:00 NOTICE Email "customer_completed_order" for order #10156 not sent: email type is disabled CONTEXT: {"email_type":"customer_completed_order","status":"disabled","recipient":"guest","order":10156}
2026-09-14T14:08:59+00:00 NOTICE Email "customer_completed_order" for order #10338 not sent: email type is disabled CONTEXT: {"email_type":"customer_completed_order","status":"disabled","recipient":"guest","order":10338}
2026-09-14T14:09:01+00:00 NOTICE Email "customer_completed_order" for order #10345 not sent: email type is disabled CONTEXT: {"email_type":"customer_completed_order","status":"disabled","recipient":"guest","order":10345}
2026-09-14T14:09:20+00:00 INFO Email "cancelled_order" for order #10371 sent CONTEXT: {"email_type":"cancelled_order","status":"sent","recipient":"guest","order":10371}
2026-09-14T14:09:25+00:00 INFO Email "cancelled_order" for order #10350 sent CONTEXT: {"email_type":"cancelled_order","status":"sent","recipient":"guest","order":10350}
2026-09-14T14:09:44+00:00 NOTICE Email "customer_failed_order" for order #10388 not sent: email type is disabled CONTEXT: {"email_type":"customer_failed_order","status":"disabled","recipient":"guest","order":10388}
2026-09-14T14:09:50+00:00 INFO Email "failed_order" for order #10388 sent CONTEXT: {"email_type":"failed_order","status":"sent","recipient":"guest","order":10388}
2026-09-14T14:10:20+00:00 NOTICE Email "customer_completed_order" for order #10336 not sent: email type is disabled CONTEXT: {"email_type":"customer_completed_order","status":"disabled","recipient":"guest","order":10336}
2026-09-14T14:10:31+00:00 NOTICE Email "customer_completed_order" for order #10215 not sent: email type is disabled CONTEXT: {"email_type":"customer_completed_order","status":"disabled","recipient":"guest","order":10215}
2026-09-14T14:10:32+00:00 NOTICE Email "customer_completed_order" for order #9938 not sent: email type is disabled CONTEXT: {"email_type":"customer_completed_order","status":"disabled","recipient":"guest","order":9938}
2026-09-14T14:10:32+00:00 NOTICE Email "customer_completed_order" for order #10334 not sent: email type is disabled CONTEXT: {"email_type":"customer_completed_order","status":"disabled","recipient":"guest","order":10334}
2026-09-14T14:10:50+00:00 NOTICE Email "customer_completed_order" for order #10233 not sent: email type is disabled CONTEXT: {"email_type":"customer_completed_order","status":"disabled","recipient":"guest","order":10233}
2026-09-14T14:10:57+00:00 NOTICE Email "customer_completed_order" for order #7526 not sent: email type is disabled CONTEXT: {"email_type":"customer_completed_order","status":"disabled","recipient":"guest","order":7526}
2026-09-14T14:11:16+00:00 NOTICE Email "customer_completed_order" for order #9810 not sent: email type is disabled CONTEXT: {"email_type":"customer_completed_order","status":"disabled","recipient":"guest","order":9810}
2026-09-14T14:11:16+00:00 NOTICE Email "customer_completed_order" for order #9950 not sent: email type is disabled CONTEXT: {"email_type":"customer_completed_order","status":"disabled","recipient":"guest","order":9950}
2026-09-14T14:11:44+00:00 NOTICE Email "customer_completed_order" for order #10306 not sent: email type is disabled CONTEXT: {"email_type":"customer_completed_order","status":"disabled","recipient":"guest","order":10306}
2026-09-14T14:11:50+00:00 NOTICE Email "customer_note" for order #10692 not sent: email type is disabled CONTEXT: {"email_type":"customer_note","status":"disabled","recipient":"guest","order":10692}
2026-09-14T14:11:53+00:00 INFO Email "cancelled_order" for order #10332 sent CONTEXT: {"email_type":"cancelled_order","status":"sent","recipient":"guest","order":10332}
2026-09-14T14:11:54+00:00 INFO Email "cancelled_order" for order #10369 sent CONTEXT: {"email_type":"cancelled_order","status":"sent","recipient":"guest","order":10369}
2026-09-14T14:12:54+00:00 NOTICE Email "customer_completed_order" for order #9907 not sent: email type is disabled CONTEXT: {"email_type":"customer_completed_order","status":"disabled","recipient":"guest","order":9907}
2026-09-14T14:12:58+00:00 NOTICE Email "customer_completed_order" for order #10343 not sent: email type is disabled CONTEXT: {"email_type":"customer_completed_order","status":"disabled","recipient":"guest","order":10343}
2026-09-14T14:13:12+00:00 NOTICE Email "customer_completed_order" for order #10239 not sent: email type is disabled CONTEXT: {"email_type":"customer_completed_order","status":"disabled","recipient":"guest","order":10239}
2026-09-14T14:13:12+00:00 INFO Email "cancelled_order" for order #10389 sent CONTEXT: {"email_type":"cancelled_order","status":"sent","recipient":"guest","order":10389}
2026-09-14T14:13:25+00:00 NOTICE Email "customer_completed_order" for order #9786 not sent: email type is disabled CONTEXT: {"email_type":"customer_completed_order","status":"disabled","recipient":"guest","order":9786}
2026-09-14T14:13:26+00:00 NOTICE Email "customer_completed_order" for order #9809 not sent: email type is disabled CONTEXT: {"email_type":"customer_completed_order","status":"disabled","recipient":"guest","order":9809}
2026-09-14T14:13:26+00:00 NOTICE Email "customer_completed_order" for order #10018 not sent: email type is disabled CONTEXT: {"email_type":"customer_completed_order","status":"disabled","recipient":"guest","order":10018}
2026-09-14T14:13:26+00:00 NOTICE Email "customer_completed_order" for order #10345 not sent: email type is disabled CONTEXT: {"email_type":"customer_completed_order","status":"disabled","recipient":"guest","order":10345}
2026-09-14T14:13:26+00:00 NOTICE Email "customer_completed_order" for order #10086 not sent: email type is disabled CONTEXT: {"email_type":"customer_completed_order","status":"disabled","recipient":"guest","order":10086}
2026-09-14T14:13:28+00:00 INFO Email "cancelled_order" for order #10372 sent CONTEXT: {"email_type":"cancelled_order","status":"sent","recipient":"guest","order":10372}
2026-09-14T14:13:28+00:00 NOTICE Email "customer_note" for order #10692 not sent: email type is disabled CONTEXT: {"email_type":"customer_note","status":"disabled","recipient":"guest","order":10692}
2026-09-14T14:13:40+00:00 NOTICE Email "customer_completed_order" for order #10338 not sent: email type is disabled CONTEXT: {"email_type":"customer_completed_order","status":"disabled","recipient":"guest","order":10338}
2026-09-14T14:13:40+00:00 NOTICE Email "customer_completed_order" for order #10247 not sent: email type is disabled CONTEXT: {"email_type":"customer_completed_order","status":"disabled","recipient":"guest","order":10247}
2026-09-14T14:13:44+00:00 NOTICE Email "customer_completed_order" for order #10196 not sent: email type is disabled CONTEXT: {"email_type":"customer_completed_order","status":"disabled","recipient":"guest","order":10196}
2026-09-14T14:13:49+00:00 NOTICE Email "customer_completed_order" for order #10319 not sent: email type is disabled CONTEXT: {"email_type":"customer_completed_order","status":"disabled","recipient":"guest","order":10319}
2026-09-14T14:13:49+00:00 NOTICE Email "customer_completed_order" for order #9900 not sent: email type is disabled CONTEXT: {"email_type":"customer_completed_order","status":"disabled","recipient":"guest","order":9900}
2026-09-14T14:13:49+00:00 NOTICE Email "customer_completed_order" for order #10162 not sent: email type is disabled CONTEXT: {"email_type":"customer_completed_order","status":"disabled","recipient":"guest","order":10162}
2026-09-14T14:13:59+00:00 NOTICE Email "customer_completed_order" for order #10141 not sent: email type is disabled CONTEXT: {"email_type":"customer_completed_order","status":"disabled","recipient":"guest","order":10141}
2026-09-14T14:14:03+00:00 NOTICE Email "customer_completed_order" for order #10216 not sent: email type is disabled CONTEXT: {"email_type":"customer_completed_order","status":"disabled","recipient":"guest","order":10216}
2026-09-14T14:14:06+00:00 NOTICE Email "customer_completed_order" for order #10250 not sent: email type is disabled CONTEXT: {"email_type":"customer_completed_order","status":"disabled","recipient":"guest","order":10250}
2026-09-14T14:14:08+00:00 INFO Email "cancelled_order" for order #10371 sent CONTEXT: {"email_type":"cancelled_order","status":"sent","recipient":"guest","order":10371}
2026-09-14T14:14:11+00:00 INFO Email "cancelled_order" for order #10373 sent CONTEXT: {"email_type":"cancelled_order","status":"sent","recipient":"guest","order":10373}
2026-09-14T14:14:12+00:00 INFO Email "cancelled_order" for order #10350 sent CONTEXT: {"email_type":"cancelled_order","status":"sent","recipient":"guest","order":10350}
2026-09-14T14:14:17+00:00 NOTICE Email "customer_completed_order" for order #10222 not sent: email type is disabled CONTEXT: {"email_type":"customer_completed_order","status":"disabled","recipient":"guest","order":10222}
2026-09-14T14:14:19+00:00 NOTICE Email "customer_completed_order" for order #10289 not sent: email type is disabled CONTEXT: {"email_type":"customer_completed_order","status":"disabled","recipient":"guest","order":10289}
2026-09-14T14:14:19+00:00 NOTICE Email "customer_completed_order" for order #10128 not sent: email type is disabled CONTEXT: {"email_type":"customer_completed_order","status":"disabled","recipient":"guest","order":10128}
2026-09-14T14:14:20+00:00 NOTICE Email "customer_completed_order" for order #9851 not sent: email type is disabled CONTEXT: {"email_type":"customer_completed_order","status":"disabled","recipient":"guest","order":9851}
2026-09-14T14:14:22+00:00 INFO Email "cancelled_order" for order #10356 sent CONTEXT: {"email_type":"cancelled_order","status":"sent","recipient":"guest","order":10356}
2026-09-14T14:14:22+00:00 NOTICE Email "customer_completed_order" for order #10285 not sent: email type is disabled CONTEXT: {"email_type":"customer_completed_order","status":"disabled","recipient":"guest","order":10285}
2026-09-14T14:14:22+00:00 NOTICE Email "customer_completed_order" for order #10262 not sent: email type is disabled CONTEXT: {"email_type":"customer_completed_order","status":"disabled","recipient":"guest","order":10262}
2026-09-14T14:14:34+00:00 INFO Email "cancelled_order" for order #10331 sent CONTEXT: {"email_type":"cancelled_order","status":"sent","recipient":"guest","order":10331}
2026-09-14T14:14:36+00:00 NOTICE Email "customer_completed_order" for order #10003 not sent: email type is disabled CONTEXT: {"email_type":"customer_completed_order","status":"disabled","recipient":"guest","order":10003}
2026-09-14T14:14:36+00:00 NOTICE Email "customer_completed_order" for order #9867 not sent: email type is disabled CONTEXT: {"email_type":"customer_completed_order","status":"disabled","recipient":"guest","order":9867}
2026-09-14T14:14:36+00:00 NOTICE Email "customer_completed_order" for order #10061 not sent: email type is disabled CONTEXT: {"email_type":"customer_completed_order","status":"disabled","recipient":"guest","order":10061}
2026-09-14T14:14:36+00:00 NOTICE Email "customer_completed_order" for order #9766 not sent: email type is disabled CONTEXT: {"email_type":"customer_completed_order","status":"disabled","recipient":"guest","order":9766}
2026-09-14T14:14:38+00:00 NOTICE Email "customer_completed_order" for order #10333 not sent: email type is disabled CONTEXT: {"email_type":"customer_completed_order","status":"disabled","recipient":"guest","order":10333}
2026-09-14T14:15:16+00:00 NOTICE Email "customer_completed_order" for order #10349 not sent: email type is disabled CONTEXT: {"email_type":"customer_completed_order","status":"disabled","recipient":"guest","order":10349}
2026-09-14T14:15:16+00:00 NOTICE Email "customer_completed_order" for order #10312 not sent: email type is disabled CONTEXT: {"email_type":"customer_completed_order","status":"disabled","recipient":"guest","order":10312}
2026-09-14T14:15:16+00:00 NOTICE Email "customer_completed_order" for order #9773 not sent: email type is disabled CONTEXT: {"email_type":"customer_completed_order","status":"disabled","recipient":"guest","order":9773}
2026-09-14T14:15:16+00:00 NOTICE Email "customer_completed_order" for order #10233 not sent: email type is disabled CONTEXT: {"email_type":"customer_completed_order","status":"disabled","recipient":"guest","order":10233}
2026-09-14T14:15:32+00:00 NOTICE Email "customer_completed_order" for order #9785 not sent: email type is disabled CONTEXT: {"email_type":"customer_completed_order","status":"disabled","recipient":"guest","order":9785}
2026-09-14T14:15:33+00:00 NOTICE Email "customer_completed_order" for order #10126 not sent: email type is disabled CONTEXT: {"email_type":"customer_completed_order","status":"disabled","recipient":"guest","order":10126}
2026-09-14T14:15:33+00:00 NOTICE Email "customer_completed_order" for order #9832 not sent: email type is disabled CONTEXT: {"email_type":"customer_completed_order","status":"disabled","recipient":"guest","order":9832}
2026-09-14T14:15:33+00:00 NOTICE Email "customer_completed_order" for order #10200 not sent: email type is disabled CONTEXT: {"email_type":"customer_completed_order","status":"disabled","recipient":"guest","order":10200}
2026-09-14T14:15:34+00:00 NOTICE Email "customer_completed_order" for order #10342 not sent: email type is disabled CONTEXT: {"email_type":"customer_completed_order","status":"disabled","recipient":"guest","order":10342}
2026-09-14T14:15:34+00:00 NOTICE Email "customer_completed_order" for order #10334 not sent: email type is disabled CONTEXT: {"email_type":"customer_completed_order","status":"disabled","recipient":"guest","order":10334}
2026-09-14T14:15:38+00:00 NOTICE Email "customer_completed_order" for order #10266 not sent: email type is disabled CONTEXT: {"email_type":"customer_completed_order","status":"disabled","recipient":"guest","order":10266}
2026-09-14T14:15:51+00:00 NOTICE Email "customer_completed_order" for order #9810 not sent: email type is disabled CONTEXT: {"email_type":"customer_completed_order","status":"disabled","recipient":"guest","order":9810}
2026-09-14T14:15:52+00:00 NOTICE Email "customer_completed_order" for order #10215 not sent: email type is disabled CONTEXT: {"email_type":"customer_completed_order","status":"disabled","recipient":"guest","order":10215}
2026-09-14T14:15:52+00:00 NOTICE Email "customer_completed_order" for order #9865 not sent: email type is disabled CONTEXT: {"email_type":"customer_completed_order","status":"disabled","recipient":"guest","order":9865}
2026-09-14T14:16:10+00:00 NOTICE Email "customer_completed_order" for order #9997 not sent: email type is disabled CONTEXT: {"email_type":"customer_completed_order","status":"disabled","recipient":"guest","order":9997}
2026-09-14T14:16:10+00:00 NOTICE Email "customer_completed_order" for order #10199 not sent: email type is disabled CONTEXT: {"email_type":"customer_completed_order","status":"disabled","recipient":"guest","order":10199}
2026-09-14T14:16:10+00:00 NOTICE Email "customer_completed_order" for order #9892 not sent: email type is disabled CONTEXT: {"email_type":"customer_completed_order","status":"disabled","recipient":"guest","order":9892}
2026-09-14T14:16:10+00:00 NOTICE Email "customer_failed_order" for order #10320 not sent: email type is disabled CONTEXT: {"email_type":"customer_failed_order","status":"disabled","recipient":"guest","order":10320}
2026-09-14T14:16:15+00:00 INFO Email "cancelled_order" for order #10351 sent CONTEXT: {"email_type":"cancelled_order","status":"sent","recipient":"guest","order":10351}
2026-09-14T14:16:15+00:00 NOTICE Email "customer_completed_order" for order #10267 not sent: email type is disabled CONTEXT: {"email_type":"customer_completed_order","status":"disabled","recipient":"guest","order":10267}
2026-09-14T14:16:24+00:00 NOTICE Email "customer_failed_order" for order #10358 not sent: email type is disabled CONTEXT: {"email_type":"customer_failed_order","status":"disabled","recipient":"guest","order":10358}
2026-09-14T14:16:27+00:00 NOTICE Email "customer_completed_order" for order #10291 not sent: email type is disabled CONTEXT: {"email_type":"customer_completed_order","status":"disabled","recipient":"guest","order":10291}
2026-09-14T14:16:27+00:00 NOTICE Email "customer_completed_order" for order #10112 not sent: email type is disabled CONTEXT: {"email_type":"customer_completed_order","status":"disabled","recipient":"guest","order":10112}
2026-09-14T14:16:29+00:00 INFO Email "failed_order" for order #10358 sent CONTEXT: {"email_type":"failed_order","status":"sent","recipient":"guest","order":10358}
2026-09-14T14:16:51+00:00 NOTICE Email "customer_completed_order" for order #10219 not sent: email type is disabled CONTEXT: {"email_type":"customer_completed_order","status":"disabled","recipient":"guest","order":10219}
2026-09-14T14:20:07+00:00 NOTICE Email "customer_completed_order" for order #9950 not sent: email type is disabled CONTEXT: {"email_type":"customer_completed_order","status":"disabled","recipient":"guest","order":9950}
2026-09-14T14:20:25+00:00 NOTICE Email "customer_completed_order" for order #9852 not sent: email type is disabled CONTEXT: {"email_type":"customer_completed_order","status":"disabled","recipient":"guest","order":9852}
2026-09-14T14:20:42+00:00 NOTICE Email "customer_completed_order" for order #9833 not sent: email type is disabled CONTEXT: {"email_type":"customer_completed_order","status":"disabled","recipient":"guest","order":9833}
2026-09-14T14:20:43+00:00 NOTICE Email "customer_completed_order" for order #9936 not sent: email type is disabled CONTEXT: {"email_type":"customer_completed_order","status":"disabled","recipient":"guest","order":9936}
2026-09-14T14:20:54+00:00 NOTICE Email "customer_completed_order" for order #10333 not sent: email type is disabled CONTEXT: {"email_type":"customer_completed_order","status":"disabled","recipient":"guest","order":10333}
2026-09-14T14:20:55+00:00 INFO Email "cancelled_order" for order #10391 sent CONTEXT: {"email_type":"cancelled_order","status":"sent","recipient":"guest","order":10391}
2026-09-14T14:20:59+00:00 INFO Email "new_order" for order #10693 sent CONTEXT: {"email_type":"new_order","status":"sent","recipient":"guest","order":10693}
2026-09-14T14:20:59+00:00 NOTICE Email "customer_processing_order" for order #10693 not sent: email type is disabled CONTEXT: {"email_type":"customer_processing_order","status":"disabled","recipient":"guest","order":10693}
2026-09-14T14:21:14+00:00 NOTICE Email "customer_failed_order" for order #10208 not sent: email type is disabled CONTEXT: {"email_type":"customer_failed_order","status":"disabled","recipient":"guest","order":10208}
2026-09-14T14:21:25+00:00 NOTICE Email "customer_completed_order" for order #10197 not sent: email type is disabled CONTEXT: {"email_type":"customer_completed_order","status":"disabled","recipient":"guest","order":10197}
2026-09-14T14:21:36+00:00 INFO Email "cancelled_order" for order #10389 sent CONTEXT: {"email_type":"cancelled_order","status":"sent","recipient":"guest","order":10389}
2026-09-14T14:21:42+00:00 INFO Email "cancelled_order" for order #10371 sent CONTEXT: {"email_type":"cancelled_order","status":"sent","recipient":"guest","order":10371}
2026-09-14T14:21:43+00:00 NOTICE Email "customer_completed_order" for order #10148 not sent: email type is disabled CONTEXT: {"email_type":"customer_completed_order","status":"disabled","recipient":"guest","order":10148}
2026-09-14T14:21:43+00:00 NOTICE Email "customer_failed_order" for order #10302 not sent: email type is disabled CONTEXT: {"email_type":"customer_failed_order","status":"disabled","recipient":"guest","order":10302}
2026-09-14T14:22:10+00:00 NOTICE Email "customer_completed_order" for order #10299 not sent: email type is disabled CONTEXT: {"email_type":"customer_completed_order","status":"disabled","recipient":"guest","order":10299}
2026-09-14T14:23:12+00:00 NOTICE Email "customer_failed_order" for order #10388 not sent: email type is disabled CONTEXT: {"email_type":"customer_failed_order","status":"disabled","recipient":"guest","order":10388}
2026-09-14T14:23:17+00:00 INFO Email "failed_order" for order #10388 sent CONTEXT: {"email_type":"failed_order","status":"sent","recipient":"guest","order":10388}
2026-09-14T14:23:38+00:00 INFO Email "cancelled_order" for order #10369 sent CONTEXT: {"email_type":"cancelled_order","status":"sent","recipient":"guest","order":10369}
2026-09-14T14:23:53+00:00 INFO Email "cancelled_order" for order #10687 sent CONTEXT: {"email_type":"cancelled_order","status":"sent","recipient":"guest","order":10687}
2026-09-14T14:24:19+00:00 INFO Email "cancelled_order" for order #10351 sent CONTEXT: {"email_type":"cancelled_order","status":"sent","recipient":"guest","order":10351}
2026-09-14T14:24:36+00:00 NOTICE Email "customer_completed_order" for order #10267 not sent: email type is disabled CONTEXT: {"email_type":"customer_completed_order","status":"disabled","recipient":"guest","order":10267}
2026-09-14T14:24:36+00:00 NOTICE Email "customer_completed_order" for order #10291 not sent: email type is disabled CONTEXT: {"email_type":"customer_completed_order","status":"disabled","recipient":"guest","order":10291}
2026-09-14T14:24:57+00:00 NOTICE Email "customer_completed_order" for order #10223 not sent: email type is disabled CONTEXT: {"email_type":"customer_completed_order","status":"disabled","recipient":"guest","order":10223}
2026-09-14T14:25:11+00:00 NOTICE Email "customer_completed_order" for order #10266 not sent: email type is disabled CONTEXT: {"email_type":"customer_completed_order","status":"disabled","recipient":"guest","order":10266}
2026-09-14T14:25:27+00:00 NOTICE Email "customer_completed_order" for order #9773 not sent: email type is disabled CONTEXT: {"email_type":"customer_completed_order","status":"disabled","recipient":"guest","order":9773}
2026-09-14T14:25:27+00:00 NOTICE Email "customer_completed_order" for order #9798 not sent: email type is disabled CONTEXT: {"email_type":"customer_completed_order","status":"disabled","recipient":"guest","order":9798}
2026-09-14T14:25:28+00:00 NOTICE Email "customer_completed_order" for order #9923 not sent: email type is disabled CONTEXT: {"email_type":"customer_completed_order","status":"disabled","recipient":"guest","order":9923}
2026-09-14T14:25:36+00:00 NOTICE Email "customer_completed_order" for order #9943 not sent: email type is disabled CONTEXT: {"email_type":"customer_completed_order","status":"disabled","recipient":"guest","order":9943}
2026-09-14T14:25:36+00:00 NOTICE Email "customer_completed_order" for order #9952 not sent: email type is disabled CONTEXT: {"email_type":"customer_completed_order","status":"disabled","recipient":"guest","order":9952}
2026-09-14T14:25:37+00:00 NOTICE Email "customer_completed_order" for order #10034 not sent: email type is disabled CONTEXT: {"email_type":"customer_completed_order","status":"disabled","recipient":"guest","order":10034}
2026-09-14T14:25:37+00:00 NOTICE Email "customer_completed_order" for order #10086 not sent: email type is disabled CONTEXT: {"email_type":"customer_completed_order","status":"disabled","recipient":"guest","order":10086}
2026-09-14T14:26:00+00:00 NOTICE Email "customer_completed_order" for order #10250 not sent: email type is disabled CONTEXT: {"email_type":"customer_completed_order","status":"disabled","recipient":"guest","order":10250}
2026-09-14T14:26:00+00:00 NOTICE Email "customer_completed_order" for order #10162 not sent: email type is disabled CONTEXT: {"email_type":"customer_completed_order","status":"disabled","recipient":"guest","order":10162}
2026-09-14T14:26:00+00:00 NOTICE Email "customer_completed_order" for order #10349 not sent: email type is disabled CONTEXT: {"email_type":"customer_completed_order","status":"disabled","recipient":"guest","order":10349}
2026-09-14T14:26:01+00:00 NOTICE Email "customer_completed_order" for order #10216 not sent: email type is disabled CONTEXT: {"email_type":"customer_completed_order","status":"disabled","recipient":"guest","order":10216}
2026-09-14T14:26:14+00:00 NOTICE Email "customer_completed_order" for order #10315 not sent: email type is disabled CONTEXT: {"email_type":"customer_completed_order","status":"disabled","recipient":"guest","order":10315}
2026-09-14T14:26:35+00:00 NOTICE Email "customer_completed_order" for order #10312 not sent: email type is disabled CONTEXT: {"email_type":"customer_completed_order","status":"disabled","recipient":"guest","order":10312}
2026-09-14T14:26:55+00:00 NOTICE Email "customer_failed_order" for order #10320 not sent: email type is disabled CONTEXT: {"email_type":"customer_failed_order","status":"disabled","recipient":"guest","order":10320}
2026-09-14T14:27:24+00:00 NOTICE Email "customer_completed_order" for order #9773 not sent: email type is disabled CONTEXT: {"email_type":"customer_completed_order","status":"disabled","recipient":"guest","order":9773}
2026-09-14T14:27:25+00:00 NOTICE Email "customer_completed_order" for order #9833 not sent: email type is disabled CONTEXT: {"email_type":"customer_completed_order","status":"disabled","recipient":"guest","order":9833}
2026-09-14T14:27:26+00:00 NOTICE Email "customer_failed_order" for order #10390 not sent: email type is disabled CONTEXT: {"email_type":"customer_failed_order","status":"disabled","recipient":"guest","order":10390}
2026-09-14T14:27:31+00:00 INFO Email "failed_order" for order #10390 sent CONTEXT: {"email_type":"failed_order","status":"sent","recipient":"guest","order":10390}
2026-09-14T14:27:32+00:00 NOTICE Email "customer_completed_order" for order #9867 not sent: email type is disabled CONTEXT: {"email_type":"customer_completed_order","status":"disabled","recipient":"guest","order":9867}
2026-09-14T14:27:50+00:00 NOTICE Email "customer_completed_order" for order #9997 not sent: email type is disabled CONTEXT: {"email_type":"customer_completed_order","status":"disabled","recipient":"guest","order":9997}
2026-09-14T14:27:50+00:00 NOTICE Email "customer_completed_order" for order #10003 not sent: email type is disabled CONTEXT: {"email_type":"customer_completed_order","status":"disabled","recipient":"guest","order":10003}
2026-09-14T14:28:13+00:00 NOTICE Email "customer_completed_order" for order #10156 not sent: email type is disabled CONTEXT: {"email_type":"customer_completed_order","status":"disabled","recipient":"guest","order":10156}
2026-09-14T14:28:35+00:00 INFO Email "new_order" for order #10597 sent CONTEXT: {"email_type":"new_order","status":"sent","recipient":"guest","order":10597}
2026-09-14T14:28:35+00:00 NOTICE Email "customer_processing_order" for order #10597 not sent: email type is disabled CONTEXT: {"email_type":"customer_processing_order","status":"disabled","recipient":"guest","order":10597}
2026-09-14T14:28:40+00:00 NOTICE Email "customer_completed_order" for order #10168 not sent: email type is disabled CONTEXT: {"email_type":"customer_completed_order","status":"disabled","recipient":"guest","order":10168}
2026-09-14T14:28:40+00:00 NOTICE Email "customer_completed_order" for order #10219 not sent: email type is disabled CONTEXT: {"email_type":"customer_completed_order","status":"disabled","recipient":"guest","order":10219}
2026-09-14T14:28:40+00:00 NOTICE Email "customer_completed_order" for order #10249 not sent: email type is disabled CONTEXT: {"email_type":"customer_completed_order","status":"disabled","recipient":"guest","order":10249}
2026-09-14T14:28:40+00:00 NOTICE Email "customer_completed_order" for order #10266 not sent: email type is disabled CONTEXT: {"email_type":"customer_completed_order","status":"disabled","recipient":"guest","order":10266}
2026-09-14T14:28:58+00:00 NOTICE Email "customer_completed_order" for order #10291 not sent: email type is disabled CONTEXT: {"email_type":"customer_completed_order","status":"disabled","recipient":"guest","order":10291}
2026-09-14T14:28:58+00:00 NOTICE Email "customer_failed_order" for order #10302 not sent: email type is disabled CONTEXT: {"email_type":"customer_failed_order","status":"disabled","recipient":"guest","order":10302}
2026-09-14T14:28:58+00:00 NOTICE Email "customer_failed_order" for order #10320 not sent: email type is disabled CONTEXT: {"email_type":"customer_failed_order","status":"disabled","recipient":"guest","order":10320}
2026-09-14T14:28:58+00:00 NOTICE Email "customer_completed_order" for order #10327 not sent: email type is disabled CONTEXT: {"email_type":"customer_completed_order","status":"disabled","recipient":"guest","order":10327}
2026-09-14T14:28:58+00:00 NOTICE Email "customer_completed_order" for order #10333 not sent: email type is disabled CONTEXT: {"email_type":"customer_completed_order","status":"disabled","recipient":"guest","order":10333}
2026-09-14T14:28:58+00:00 NOTICE Email "customer_completed_order" for order #10336 not sent: email type is disabled CONTEXT: {"email_type":"customer_completed_order","status":"disabled","recipient":"guest","order":10336}
2026-09-14T14:29:03+00:00 INFO Email "cancelled_order" for order #10360 sent CONTEXT: {"email_type":"cancelled_order","status":"sent","recipient":"guest","order":10360}
2026-09-14T14:29:26+00:00 NOTICE Email "customer_completed_order" for order #10307 not sent: email type is disabled CONTEXT: {"email_type":"customer_completed_order","status":"disabled","recipient":"guest","order":10307}
2026-09-14T14:31:08+00:00 NOTICE Email "customer_completed_order" for order #10148 not sent: email type is disabled CONTEXT: {"email_type":"customer_completed_order","status":"disabled","recipient":"guest","order":10148}
2026-09-14T14:31:51+00:00 NOTICE Email "customer_completed_order" for order #10225 not sent: email type is disabled CONTEXT: {"email_type":"customer_completed_order","status":"disabled","recipient":"guest","order":10225}
2026-09-14T14:32:18+00:00 NOTICE Email "customer_completed_order" for order #10327 not sent: email type is disabled CONTEXT: {"email_type":"customer_completed_order","status":"disabled","recipient":"guest","order":10327}
2026-09-14T14:32:49+00:00 NOTICE Email "customer_note" for order #10281 not sent: email type is disabled CONTEXT: {"email_type":"customer_note","status":"disabled","recipient":"guest","order":10281}
2026-09-14T14:33:06+00:00 NOTICE Email "customer_completed_order" for order #10239 not sent: email type is disabled CONTEXT: {"email_type":"customer_completed_order","status":"disabled","recipient":"guest","order":10239}
2026-09-14T14:33:09+00:00 NOTICE Email "customer_completed_order" for order #10281 not sent: email type is disabled CONTEXT: {"email_type":"customer_completed_order","status":"disabled","recipient":"guest","order":10281}
2026-09-14T14:33:23+00:00 NOTICE Email "customer_completed_order" for order #9809 not sent: email type is disabled CONTEXT: {"email_type":"customer_completed_order","status":"disabled","recipient":"guest","order":9809}
2026-09-14T14:33:23+00:00 NOTICE Email "customer_completed_order" for order #10286 not sent: email type is disabled CONTEXT: {"email_type":"customer_completed_order","status":"disabled","recipient":"guest","order":10286}
2026-09-14T14:33:26+00:00 NOTICE Email "customer_completed_order" for order #10003 not sent: email type is disabled CONTEXT: {"email_type":"customer_completed_order","status":"disabled","recipient":"guest","order":10003}
2026-09-14T14:33:29+00:00 INFO Email "cancelled_order" for order #10350 sent CONTEXT: {"email_type":"cancelled_order","status":"sent","recipient":"guest","order":10350}
2026-09-14T14:33:47+00:00 NOTICE Email "customer_completed_order" for order #10112 not sent: email type is disabled CONTEXT: {"email_type":"customer_completed_order","status":"disabled","recipient":"guest","order":10112}
2026-09-14T14:33:47+00:00 NOTICE Email "customer_completed_order" for order #10219 not sent: email type is disabled CONTEXT: {"email_type":"customer_completed_order","status":"disabled","recipient":"guest","order":10219}
2026-09-14T14:34:18+00:00 NOTICE Email "customer_note" for order #10176 not sent: email type is disabled CONTEXT: {"email_type":"customer_note","status":"disabled","recipient":"guest","order":10176}
2026-09-14T14:34:34+00:00 NOTICE Email "customer_completed_order" for order #10176 not sent: email type is disabled CONTEXT: {"email_type":"customer_completed_order","status":"disabled","recipient":"guest","order":10176}
2026-09-14T14:34:58+00:00 NOTICE Email "customer_failed_order" for order #10390 not sent: email type is disabled CONTEXT: {"email_type":"customer_failed_order","status":"disabled","recipient":"guest","order":10390}
2026-09-14T14:35:02+00:00 NOTICE Email "customer_completed_order" for order #10061 not sent: email type is disabled CONTEXT: {"email_type":"customer_completed_order","status":"disabled","recipient":"guest","order":10061}
2026-09-14T14:35:02+00:00 NOTICE Email "customer_completed_order" for order #10250 not sent: email type is disabled CONTEXT: {"email_type":"customer_completed_order","status":"disabled","recipient":"guest","order":10250}
2026-09-14T14:35:03+00:00 NOTICE Email "customer_completed_order" for order #10349 not sent: email type is disabled CONTEXT: {"email_type":"customer_completed_order","status":"disabled","recipient":"guest","order":10349}
2026-09-14T14:35:03+00:00 INFO Email "failed_order" for order #10390 sent CONTEXT: {"email_type":"failed_order","status":"sent","recipient":"guest","order":10390}
2026-09-14T14:35:03+00:00 NOTICE Email "customer_completed_order" for order #10216 not sent: email type is disabled CONTEXT: {"email_type":"customer_completed_order","status":"disabled","recipient":"guest","order":10216}
2026-09-14T14:35:13+00:00 INFO Email "cancelled_order" for order #10360 sent CONTEXT: {"email_type":"cancelled_order","status":"sent","recipient":"guest","order":10360}
2026-09-14T14:35:18+00:00 NOTICE Email "customer_completed_order" for order #7526 not sent: email type is disabled CONTEXT: {"email_type":"customer_completed_order","status":"disabled","recipient":"guest","order":7526}
2026-09-14T14:35:19+00:00 NOTICE Email "customer_completed_order" for order #10141 not sent: email type is disabled CONTEXT: {"email_type":"customer_completed_order","status":"disabled","recipient":"guest","order":10141}
2026-09-14T14:35:20+00:00 NOTICE Email "customer_completed_order" for order #10168 not sent: email type is disabled CONTEXT: {"email_type":"customer_completed_order","status":"disabled","recipient":"guest","order":10168}
2026-09-14T14:35:21+00:00 NOTICE Email "customer_completed_order" for order #9773 not sent: email type is disabled CONTEXT: {"email_type":"customer_completed_order","status":"disabled","recipient":"guest","order":9773}
2026-09-14T14:35:21+00:00 NOTICE Email "customer_completed_order" for order #10299 not sent: email type is disabled CONTEXT: {"email_type":"customer_completed_order","status":"disabled","recipient":"guest","order":10299}
2026-09-14T14:35:23+00:00 INFO Email "cancelled_order" for order #10337 sent CONTEXT: {"email_type":"cancelled_order","status":"sent","recipient":"guest","order":10337}
2026-09-14T14:35:28+00:00 INFO Email "cancelled_order" for order #10397 sent CONTEXT: {"email_type":"cancelled_order","status":"sent","recipient":"guest","order":10397}
2026-09-14T14:35:29+00:00 NOTICE Email "customer_completed_order" for order #10222 not sent: email type is disabled CONTEXT: {"email_type":"customer_completed_order","status":"disabled","recipient":"guest","order":10222}
2026-09-14T14:35:29+00:00 NOTICE Email "customer_completed_order" for order #10247 not sent: email type is disabled CONTEXT: {"email_type":"customer_completed_order","status":"disabled","recipient":"guest","order":10247}
2026-09-14T14:35:37+00:00 NOTICE Email "customer_completed_order" for order #7976 not sent: email type is disabled CONTEXT: {"email_type":"customer_completed_order","status":"disabled","recipient":"guest","order":7976}
2026-09-14T14:35:37+00:00 NOTICE Email "customer_completed_order" for order #8021 not sent: email type is disabled CONTEXT: {"email_type":"customer_completed_order","status":"disabled","recipient":"guest","order":8021}
2026-09-14T14:35:38+00:00 NOTICE Email "customer_completed_order" for order #9943 not sent: email type is disabled CONTEXT: {"email_type":"customer_completed_order","status":"disabled","recipient":"guest","order":9943}
2026-09-14T14:35:50+00:00 INFO Email "cancelled_order" for order #10332 sent CONTEXT: {"email_type":"cancelled_order","status":"sent","recipient":"guest","order":10332}
2026-09-14T14:35:52+00:00 NOTICE Email "customer_completed_order" for order #9757 not sent: email type is disabled CONTEXT: {"email_type":"customer_completed_order","status":"disabled","recipient":"guest","order":9757}
2026-09-14T14:35:52+00:00 NOTICE Email "customer_completed_order" for order #9785 not sent: email type is disabled CONTEXT: {"email_type":"customer_completed_order","status":"disabled","recipient":"guest","order":9785}
2026-09-14T14:35:52+00:00 NOTICE Email "customer_completed_order" for order #9798 not sent: email type is disabled CONTEXT: {"email_type":"customer_completed_order","status":"disabled","recipient":"guest","order":9798}
2026-09-14T14:35:52+00:00 NOTICE Email "customer_completed_order" for order #9809 not sent: email type is disabled CONTEXT: {"email_type":"customer_completed_order","status":"disabled","recipient":"guest","order":9809}
2026-09-14T14:35:52+00:00 NOTICE Email "customer_completed_order" for order #9810 not sent: email type is disabled CONTEXT: {"email_type":"customer_completed_order","status":"disabled","recipient":"guest","order":9810}
2026-09-14T14:35:52+00:00 NOTICE Email "customer_completed_order" for order #9832 not sent: email type is disabled CONTEXT: {"email_type":"customer_completed_order","status":"disabled","recipient":"guest","order":9832}
2026-09-14T14:35:52+00:00 NOTICE Email "customer_completed_order" for order #9833 not sent: email type is disabled CONTEXT: {"email_type":"customer_completed_order","status":"disabled","recipient":"guest","order":9833}
2026-09-14T14:35:54+00:00 NOTICE Email "customer_completed_order" for order #10312 not sent: email type is disabled CONTEXT: {"email_type":"customer_completed_order","status":"disabled","recipient":"guest","order":10312}
2026-09-14T14:35:54+00:00 NOTICE Email "customer_completed_order" for order #9786 not sent: email type is disabled CONTEXT: {"email_type":"customer_completed_order","status":"disabled","recipient":"guest","order":9786}
2026-09-14T14:35:56+00:00 NOTICE Email "customer_completed_order" for order #9840 not sent: email type is disabled CONTEXT: {"email_type":"customer_completed_order","status":"disabled","recipient":"guest","order":9840}
2026-09-14T14:35:56+00:00 NOTICE Email "customer_completed_order" for order #9851 not sent: email type is disabled CONTEXT: {"email_type":"customer_completed_order","status":"disabled","recipient":"guest","order":9851}
2026-09-14T14:35:56+00:00 NOTICE Email "customer_completed_order" for order #9852 not sent: email type is disabled CONTEXT: {"email_type":"customer_completed_order","status":"disabled","recipient":"guest","order":9852}
2026-09-14T14:35:56+00:00 NOTICE Email "customer_completed_order" for order #9858 not sent: email type is disabled CONTEXT: {"email_type":"customer_completed_order","status":"disabled","recipient":"guest","order":9858}
2026-09-14T14:35:56+00:00 NOTICE Email "customer_completed_order" for order #9865 not sent: email type is disabled CONTEXT: {"email_type":"customer_completed_order","status":"disabled","recipient":"guest","order":9865}
2026-09-14T14:35:57+00:00 NOTICE Email "customer_completed_order" for order #9900 not sent: email type is disabled CONTEXT: {"email_type":"customer_completed_order","status":"disabled","recipient":"guest","order":9900}
2026-09-14T14:35:57+00:00 NOTICE Email "customer_completed_order" for order #9903 not sent: email type is disabled CONTEXT: {"email_type":"customer_completed_order","status":"disabled","recipient":"guest","order":9903}
2026-09-14T14:35:57+00:00 NOTICE Email "customer_completed_order" for order #9907 not sent: email type is disabled CONTEXT: {"email_type":"customer_completed_order","status":"disabled","recipient":"guest","order":9907}
2026-09-14T14:35:57+00:00 NOTICE Email "customer_completed_order" for order #9914 not sent: email type is disabled CONTEXT: {"email_type":"customer_completed_order","status":"disabled","recipient":"guest","order":9914}
2026-09-14T14:35:57+00:00 NOTICE Email "customer_completed_order" for order #9923 not sent: email type is disabled CONTEXT: {"email_type":"customer_completed_order","status":"disabled","recipient":"guest","order":9923}
2026-09-14T14:35:57+00:00 NOTICE Email "customer_completed_order" for order #9936 not sent: email type is disabled CONTEXT: {"email_type":"customer_completed_order","status":"disabled","recipient":"guest","order":9936}
2026-09-14T14:35:57+00:00 NOTICE Email "customer_completed_order" for order #9938 not sent: email type is disabled CONTEXT: {"email_type":"customer_completed_order","status":"disabled","recipient":"guest","order":9938}
2026-09-14T14:35:57+00:00 NOTICE Email "customer_completed_order" for order #9950 not sent: email type is disabled CONTEXT: {"email_type":"customer_completed_order","status":"disabled","recipient":"guest","order":9950}
2026-09-14T14:36:01+00:00 NOTICE Email "customer_completed_order" for order #9974 not sent: email type is disabled CONTEXT: {"email_type":"customer_completed_order","status":"disabled","recipient":"guest","order":9974}
2026-09-14T14:36:01+00:00 NOTICE Email "customer_completed_order" for order #9997 not sent: email type is disabled CONTEXT: {"email_type":"customer_completed_order","status":"disabled","recipient":"guest","order":9997}
2026-09-14T14:36:01+00:00 NOTICE Email "customer_completed_order" for order #10003 not sent: email type is disabled CONTEXT: {"email_type":"customer_completed_order","status":"disabled","recipient":"guest","order":10003}
2026-09-14T14:36:02+00:00 NOTICE Email "customer_completed_order" for order #10018 not sent: email type is disabled CONTEXT: {"email_type":"customer_completed_order","status":"disabled","recipient":"guest","order":10018}
2026-09-14T14:36:02+00:00 NOTICE Email "customer_completed_order" for order #10019 not sent: email type is disabled CONTEXT: {"email_type":"customer_completed_order","status":"disabled","recipient":"guest","order":10019}
2026-09-14T14:36:02+00:00 NOTICE Email "customer_completed_order" for order #10021 not sent: email type is disabled CONTEXT: {"email_type":"customer_completed_order","status":"disabled","recipient":"guest","order":10021}
2026-09-14T14:36:02+00:00 NOTICE Email "customer_completed_order" for order #10027 not sent: email type is disabled CONTEXT: {"email_type":"customer_completed_order","status":"disabled","recipient":"guest","order":10027}
2026-09-14T14:36:02+00:00 NOTICE Email "customer_completed_order" for order #10034 not sent: email type is disabled CONTEXT: {"email_type":"customer_completed_order","status":"disabled","recipient":"guest","order":10034}
2026-09-14T14:36:02+00:00 NOTICE Email "customer_completed_order" for order #10046 not sent: email type is disabled CONTEXT: {"email_type":"customer_completed_order","status":"disabled","recipient":"guest","order":10046}
2026-09-14T14:36:07+00:00 NOTICE Email "customer_completed_order" for order #10061 not sent: email type is disabled CONTEXT: {"email_type":"customer_completed_order","status":"disabled","recipient":"guest","order":10061}
2026-09-14T14:36:07+00:00 NOTICE Email "customer_completed_order" for order #10086 not sent: email type is disabled CONTEXT: {"email_type":"customer_completed_order","status":"disabled","recipient":"guest","order":10086}
2026-09-14T14:36:07+00:00 NOTICE Email "customer_completed_order" for order #10087 not sent: email type is disabled CONTEXT: {"email_type":"customer_completed_order","status":"disabled","recipient":"guest","order":10087}
2026-09-14T14:36:07+00:00 NOTICE Email "customer_completed_order" for order #10091 not sent: email type is disabled CONTEXT: {"email_type":"customer_completed_order","status":"disabled","recipient":"guest","order":10091}
2026-09-14T14:36:07+00:00 NOTICE Email "customer_completed_order" for order #10126 not sent: email type is disabled CONTEXT: {"email_type":"customer_completed_order","status":"disabled","recipient":"guest","order":10126}
2026-09-14T14:36:07+00:00 NOTICE Email "customer_completed_order" for order #10128 not sent: email type is disabled CONTEXT: {"email_type":"customer_completed_order","status":"disabled","recipient":"guest","order":10128}
2026-09-14T14:36:07+00:00 NOTICE Email "customer_completed_order" for order #10140 not sent: email type is disabled CONTEXT: {"email_type":"customer_completed_order","status":"disabled","recipient":"guest","order":10140}
2026-09-14T14:36:07+00:00 NOTICE Email "customer_completed_order" for order #10142 not sent: email type is disabled CONTEXT: {"email_type":"customer_completed_order","status":"disabled","recipient":"guest","order":10142}
2026-09-14T14:36:08+00:00 NOTICE Email "customer_completed_order" for order #10156 not sent: email type is disabled CONTEXT: {"email_type":"customer_completed_order","status":"disabled","recipient":"guest","order":10156}
2026-09-14T14:36:12+00:00 NOTICE Email "customer_completed_order" for order #10162 not sent: email type is disabled CONTEXT: {"email_type":"customer_completed_order","status":"disabled","recipient":"guest","order":10162}
2026-09-14T14:36:12+00:00 NOTICE Email "customer_completed_order" for order #10196 not sent: email type is disabled CONTEXT: {"email_type":"customer_completed_order","status":"disabled","recipient":"guest","order":10196}
2026-09-14T14:36:12+00:00 NOTICE Email "customer_completed_order" for order #10199 not sent: email type is disabled CONTEXT: {"email_type":"customer_completed_order","status":"disabled","recipient":"guest","order":10199}
2026-09-14T14:36:12+00:00 NOTICE Email "customer_completed_order" for order #10200 not sent: email type is disabled CONTEXT: {"email_type":"customer_completed_order","status":"disabled","recipient":"guest","order":10200}
2026-09-14T14:36:12+00:00 NOTICE Email "customer_completed_order" for order #10215 not sent: email type is disabled CONTEXT: {"email_type":"customer_completed_order","status":"disabled","recipient":"guest","order":10215}
2026-09-14T14:36:12+00:00 NOTICE Email "customer_completed_order" for order #10307 not sent: email type is disabled CONTEXT: {"email_type":"customer_completed_order","status":"disabled","recipient":"guest","order":10307}
2026-09-14T14:36:13+00:00 NOTICE Email "customer_completed_order" for order #10233 not sent: email type is disabled CONTEXT: {"email_type":"customer_completed_order","status":"disabled","recipient":"guest","order":10233}
2026-09-14T14:36:13+00:00 NOTICE Email "customer_completed_order" for order #10249 not sent: email type is disabled CONTEXT: {"email_type":"customer_completed_order","status":"disabled","recipient":"guest","order":10249}
2026-09-14T14:36:13+00:00 NOTICE Email "customer_completed_order" for order #10262 not sent: email type is disabled CONTEXT: {"email_type":"customer_completed_order","status":"disabled","recipient":"guest","order":10262}
2026-09-14T14:36:17+00:00 NOTICE Email "customer_failed_order" for order #10282 not sent: email type is disabled CONTEXT: {"email_type":"customer_failed_order","status":"disabled","recipient":"guest","order":10282}
2026-09-14T14:36:17+00:00 NOTICE Email "customer_completed_order" for order #10285 not sent: email type is disabled CONTEXT: {"email_type":"customer_completed_order","status":"disabled","recipient":"guest","order":10285}
2026-09-14T14:36:17+00:00 NOTICE Email "customer_completed_order" for order #10289 not sent: email type is disabled CONTEXT: {"email_type":"customer_completed_order","status":"disabled","recipient":"guest","order":10289}
2026-09-14T14:36:17+00:00 NOTICE Email "customer_failed_order" for order #10304 not sent: email type is disabled CONTEXT: {"email_type":"customer_failed_order","status":"disabled","recipient":"guest","order":10304}
2026-09-14T14:36:17+00:00 NOTICE Email "customer_completed_order" for order #10306 not sent: email type is disabled CONTEXT: {"email_type":"customer_completed_order","status":"disabled","recipient":"guest","order":10306}
2026-09-14T14:36:17+00:00 NOTICE Email "customer_completed_order" for order #10319 not sent: email type is disabled CONTEXT: {"email_type":"customer_completed_order","status":"disabled","recipient":"guest","order":10319}
2026-09-14T14:36:18+00:00 NOTICE Email "customer_completed_order" for order #10333 not sent: email type is disabled CONTEXT: {"email_type":"customer_completed_order","status":"disabled","recipient":"guest","order":10333}
2026-09-14T14:36:18+00:00 NOTICE Email "customer_completed_order" for order #10334 not sent: email type is disabled CONTEXT: {"email_type":"customer_completed_order","status":"disabled","recipient":"guest","order":10334}
2026-09-14T14:36:18+00:00 NOTICE Email "customer_completed_order" for order #10338 not sent: email type is disabled CONTEXT: {"email_type":"customer_completed_order","status":"disabled","recipient":"guest","order":10338}
2026-09-14T14:36:18+00:00 NOTICE Email "customer_completed_order" for order #10342 not sent: email type is disabled CONTEXT: {"email_type":"customer_completed_order","status":"disabled","recipient":"guest","order":10342}
2026-09-14T14:36:18+00:00 NOTICE Email "customer_completed_order" for order #10343 not sent: email type is disabled CONTEXT: {"email_type":"customer_completed_order","status":"disabled","recipient":"guest","order":10343}
2026-09-14T14:36:18+00:00 NOTICE Email "customer_completed_order" for order #10345 not sent: email type is disabled CONTEXT: {"email_type":"customer_completed_order","status":"disabled","recipient":"guest","order":10345}
2026-09-14T14:36:23+00:00 INFO Email "cancelled_order" for order #10356 sent CONTEXT: {"email_type":"cancelled_order","status":"sent","recipient":"guest","order":10356}
2026-09-14T14:36:28+00:00 INFO Email "cancelled_order" for order #10360 sent CONTEXT: {"email_type":"cancelled_order","status":"sent","recipient":"guest","order":10360}
2026-09-14T14:37:49+00:00 NOTICE Email "customer_completed_order" for order #10344 not sent: email type is disabled CONTEXT: {"email_type":"customer_completed_order","status":"disabled","recipient":"guest","order":10344}
2026-09-14T14:39:12+00:00 NOTICE Email "customer_note" for order #9830 not sent: email type is disabled CONTEXT: {"email_type":"customer_note","status":"disabled","recipient":"guest","order":9830}
2026-09-14T14:39:41+00:00 NOTICE Email "customer_completed_order" for order #9830 not sent: email type is disabled CONTEXT: {"email_type":"customer_completed_order","status":"disabled","recipient":"guest","order":9830}
2026-09-14T14:40:44+00:00 NOTICE Email "customer_note" for order #10242 not sent: email type is disabled CONTEXT: {"email_type":"customer_note","status":"disabled","recipient":"guest","order":10242}
2026-09-14T14:40:58+00:00 NOTICE Email "customer_completed_order" for order #10242 not sent: email type is disabled CONTEXT: {"email_type":"customer_completed_order","status":"disabled","recipient":"guest","order":10242}
2026-09-14T14:41:10+00:00 INFO Email "cancelled_order" for order #10690 sent CONTEXT: {"email_type":"cancelled_order","status":"sent","recipient":"guest","order":10690}
2026-09-14T14:41:15+00:00 NOTICE Email "customer_failed_order" for order #10207 not sent: email type is disabled CONTEXT: {"email_type":"customer_failed_order","status":"disabled","recipient":"guest","order":10207}
2026-09-14T14:42:05+00:00 NOTICE Email "customer_note" for order #10187 not sent: email type is disabled CONTEXT: {"email_type":"customer_note","status":"disabled","recipient":"guest","order":10187}
2026-09-14T14:42:16+00:00 NOTICE Email "customer_completed_order" for order #10187 not sent: email type is disabled CONTEXT: {"email_type":"customer_completed_order","status":"disabled","recipient":"guest","order":10187}
2026-09-14T14:42:34+00:00 NOTICE Email "customer_completed_order" for order #10334 not sent: email type is disabled CONTEXT: {"email_type":"customer_completed_order","status":"disabled","recipient":"guest","order":10334}
2026-09-14T14:43:26+00:00 NOTICE Email "customer_completed_order" for order #10162 not sent: email type is disabled CONTEXT: {"email_type":"customer_completed_order","status":"disabled","recipient":"guest","order":10162}
2026-09-14T14:43:57+00:00 NOTICE Email "customer_note" for order #10258 not sent: email type is disabled CONTEXT: {"email_type":"customer_note","status":"disabled","recipient":"guest","order":10258}
2026-09-14T14:44:11+00:00 NOTICE Email "customer_completed_order" for order #10258 not sent: email type is disabled CONTEXT: {"email_type":"customer_completed_order","status":"disabled","recipient":"guest","order":10258}
2026-09-14T14:44:42+00:00 INFO Email "cancelled_order" for order #10369 sent CONTEXT: {"email_type":"cancelled_order","status":"sent","recipient":"guest","order":10369}
2026-09-14T14:44:48+00:00 NOTICE Email "customer_completed_order" for order #9757 not sent: email type is disabled CONTEXT: {"email_type":"customer_completed_order","status":"disabled","recipient":"guest","order":9757}
2026-09-14T14:45:46+00:00 NOTICE Email "customer_note" for order #10185 not sent: email type is disabled CONTEXT: {"email_type":"customer_note","status":"disabled","recipient":"guest","order":10185}
2026-09-14T14:46:01+00:00 NOTICE Email "customer_completed_order" for order #10185 not sent: email type is disabled CONTEXT: {"email_type":"customer_completed_order","status":"disabled","recipient":"guest","order":10185}
2026-09-14T14:46:28+00:00 NOTICE Email "customer_completed_order" for order #8021 not sent: email type is disabled CONTEXT: {"email_type":"customer_completed_order","status":"disabled","recipient":"guest","order":8021}
2026-09-14T14:46:47+00:00 NOTICE Email "customer_completed_order" for order #9858 not sent: email type is disabled CONTEXT: {"email_type":"customer_completed_order","status":"disabled","recipient":"guest","order":9858}
2026-09-14T14:46:47+00:00 NOTICE Email "customer_completed_order" for order #9903 not sent: email type is disabled CONTEXT: {"email_type":"customer_completed_order","status":"disabled","recipient":"guest","order":9903}
2026-09-14T14:46:48+00:00 NOTICE Email "customer_completed_order" for order #9938 not sent: email type is disabled CONTEXT: {"email_type":"customer_completed_order","status":"disabled","recipient":"guest","order":9938}
2026-09-14T14:46:48+00:00 NOTICE Email "customer_completed_order" for order #9950 not sent: email type is disabled CONTEXT: {"email_type":"customer_completed_order","status":"disabled","recipient":"guest","order":9950}
2026-09-14T14:46:48+00:00 NOTICE Email "customer_completed_order" for order #9952 not sent: email type is disabled CONTEXT: {"email_type":"customer_completed_order","status":"disabled","recipient":"guest","order":9952}
2026-09-14T14:46:52+00:00 NOTICE Email "customer_completed_order" for order #9974 not sent: email type is disabled CONTEXT: {"email_type":"customer_completed_order","status":"disabled","recipient":"guest","order":9974}
2026-09-14T14:46:52+00:00 NOTICE Email "customer_completed_order" for order #9997 not sent: email type is disabled CONTEXT: {"email_type":"customer_completed_order","status":"disabled","recipient":"guest","order":9997}
2026-09-14T14:46:52+00:00 NOTICE Email "customer_completed_order" for order #10021 not sent: email type is disabled CONTEXT: {"email_type":"customer_completed_order","status":"disabled","recipient":"guest","order":10021}
2026-09-14T14:46:52+00:00 NOTICE Email "customer_completed_order" for order #10034 not sent: email type is disabled CONTEXT: {"email_type":"customer_completed_order","status":"disabled","recipient":"guest","order":10034}
2026-09-14T14:46:52+00:00 NOTICE Email "customer_completed_order" for order #10046 not sent: email type is disabled CONTEXT: {"email_type":"customer_completed_order","status":"disabled","recipient":"guest","order":10046}
2026-09-14T14:46:58+00:00 NOTICE Email "customer_completed_order" for order #10148 not sent: email type is disabled CONTEXT: {"email_type":"customer_completed_order","status":"disabled","recipient":"guest","order":10148}
2026-09-14T14:47:03+00:00 NOTICE Email "customer_completed_order" for order #10087 not sent: email type is disabled CONTEXT: {"email_type":"customer_completed_order","status":"disabled","recipient":"guest","order":10087}
2026-09-14T14:47:03+00:00 NOTICE Email "customer_completed_order" for order #10112 not sent: email type is disabled CONTEXT: {"email_type":"customer_completed_order","status":"disabled","recipient":"guest","order":10112}
2026-09-14T14:47:03+00:00 NOTICE Email "customer_completed_order" for order #10140 not sent: email type is disabled CONTEXT: {"email_type":"customer_completed_order","status":"disabled","recipient":"guest","order":10140}
2026-09-14T14:47:03+00:00 NOTICE Email "customer_completed_order" for order #10141 not sent: email type is disabled CONTEXT: {"email_type":"customer_completed_order","status":"disabled","recipient":"guest","order":10141}
2026-09-14T14:47:08+00:00 NOTICE Email "customer_completed_order" for order #10219 not sent: email type is disabled CONTEXT: {"email_type":"customer_completed_order","status":"disabled","recipient":"guest","order":10219}
2026-09-14T14:47:08+00:00 NOTICE Email "customer_completed_order" for order #10225 not sent: email type is disabled CONTEXT: {"email_type":"customer_completed_order","status":"disabled","recipient":"guest","order":10225}
2026-09-14T14:47:08+00:00 NOTICE Email "customer_completed_order" for order #10233 not sent: email type is disabled CONTEXT: {"email_type":"customer_completed_order","status":"disabled","recipient":"guest","order":10233}
2026-09-14T14:47:08+00:00 NOTICE Email "customer_completed_order" for order #10266 not sent: email type is disabled CONTEXT: {"email_type":"customer_completed_order","status":"disabled","recipient":"guest","order":10266}
2026-09-14T14:47:13+00:00 NOTICE Email "customer_completed_order" for order #10281 not sent: email type is disabled CONTEXT: {"email_type":"customer_completed_order","status":"disabled","recipient":"guest","order":10281}
2026-09-14T14:47:13+00:00 NOTICE Email "customer_failed_order" for order #10282 not sent: email type is disabled CONTEXT: {"email_type":"customer_failed_order","status":"disabled","recipient":"guest","order":10282}
2026-09-14T14:47:13+00:00 NOTICE Email "customer_completed_order" for order #10315 not sent: email type is disabled CONTEXT: {"email_type":"customer_completed_order","status":"disabled","recipient":"guest","order":10315}
2026-09-14T14:47:13+00:00 NOTICE Email "customer_completed_order" for order #10319 not sent: email type is disabled CONTEXT: {"email_type":"customer_completed_order","status":"disabled","recipient":"guest","order":10319}
2026-09-14T14:47:13+00:00 NOTICE Email "customer_completed_order" for order #10327 not sent: email type is disabled CONTEXT: {"email_type":"customer_completed_order","status":"disabled","recipient":"guest","order":10327}
2026-09-14T14:47:13+00:00 NOTICE Email "customer_completed_order" for order #10336 not sent: email type is disabled CONTEXT: {"email_type":"customer_completed_order","status":"disabled","recipient":"guest","order":10336}
2026-09-14T14:47:13+00:00 NOTICE Email "customer_completed_order" for order #10343 not sent: email type is disabled CONTEXT: {"email_type":"customer_completed_order","status":"disabled","recipient":"guest","order":10343}
2026-09-14T14:47:14+00:00 NOTICE Email "customer_completed_order" for order #10345 not sent: email type is disabled CONTEXT: {"email_type":"customer_completed_order","status":"disabled","recipient":"guest","order":10345}
2026-09-14T14:49:26+00:00 INFO Email "cancelled_order" for order #10331 sent CONTEXT: {"email_type":"cancelled_order","status":"sent","recipient":"guest","order":10331}
2026-09-14T14:49:26+00:00 NOTICE Email "customer_failed_order" for order #10388 not sent: email type is disabled CONTEXT: {"email_type":"customer_failed_order","status":"disabled","recipient":"guest","order":10388}
2026-09-14T14:49:31+00:00 INFO Email "failed_order" for order #10388 sent CONTEXT: {"email_type":"failed_order","status":"sent","recipient":"guest","order":10388}
2026-09-14T14:49:40+00:00 NOTICE Email "customer_failed_order" for order #10320 not sent: email type is disabled CONTEXT: {"email_type":"customer_failed_order","status":"disabled","recipient":"guest","order":10320}
2026-09-14T14:49:57+00:00 INFO Email "cancelled_order" for order #10397 sent CONTEXT: {"email_type":"cancelled_order","status":"sent","recipient":"guest","order":10397}
2026-09-14T14:51:36+00:00 NOTICE Email "customer_completed_order" for order #10148 not sent: email type is disabled CONTEXT: {"email_type":"customer_completed_order","status":"disabled","recipient":"guest","order":10148}
2026-09-14T14:51:41+00:00 NOTICE Email "customer_completed_order" for order #10233 not sent: email type is disabled CONTEXT: {"email_type":"customer_completed_order","status":"disabled","recipient":"guest","order":10233}
2026-09-14T14:51:45+00:00 INFO Email "cancelled_order" for order #10369 sent CONTEXT: {"email_type":"cancelled_order","status":"sent","recipient":"guest","order":10369}
2026-09-14T14:51:49+00:00 NOTICE Email "customer_completed_order" for order #10034 not sent: email type is disabled CONTEXT: {"email_type":"customer_completed_order","status":"disabled","recipient":"guest","order":10034}
2026-09-14T14:53:06+00:00 INFO Email "cancelled_order" for order #10373 sent CONTEXT: {"email_type":"cancelled_order","status":"sent","recipient":"guest","order":10373}
2026-09-14T14:53:22+00:00 NOTICE Email "customer_failed_order" for order #10207 not sent: email type is disabled CONTEXT: {"email_type":"customer_failed_order","status":"disabled","recipient":"guest","order":10207}
2026-09-14T14:53:26+00:00 INFO Email "cancelled_order" for order #10391 sent CONTEXT: {"email_type":"cancelled_order","status":"sent","recipient":"guest","order":10391}
2026-09-14T14:54:00+00:00 NOTICE Email "customer_failed_order" for order #10358 not sent: email type is disabled CONTEXT: {"email_type":"customer_failed_order","status":"disabled","recipient":"guest","order":10358}
2026-09-14T14:54:05+00:00 INFO Email "failed_order" for order #10358 sent CONTEXT: {"email_type":"failed_order","status":"sent","recipient":"guest","order":10358}
2026-09-14T14:54:22+00:00 NOTICE Email "customer_completed_order" for order #9809 not sent: email type is disabled CONTEXT: {"email_type":"customer_completed_order","status":"disabled","recipient":"guest","order":9809}
2026-09-14T14:54:56+00:00 NOTICE Email "customer_completed_order" for order #10200 not sent: email type is disabled CONTEXT: {"email_type":"customer_completed_order","status":"disabled","recipient":"guest","order":10200}
2026-09-14T14:55:13+00:00 INFO Email "cancelled_order" for order #10337 sent CONTEXT: {"email_type":"cancelled_order","status":"sent","recipient":"guest","order":10337}
2026-09-14T14:55:13+00:00 NOTICE Email "customer_completed_order" for order #9786 not sent: email type is disabled CONTEXT: {"email_type":"customer_completed_order","status":"disabled","recipient":"guest","order":9786}
2026-09-14T14:55:14+00:00 NOTICE Email "customer_completed_order" for order #10345 not sent: email type is disabled CONTEXT: {"email_type":"customer_completed_order","status":"disabled","recipient":"guest","order":10345}
2026-09-14T14:55:27+00:00 NOTICE Email "customer_completed_order" for order #9900 not sent: email type is disabled CONTEXT: {"email_type":"customer_completed_order","status":"disabled","recipient":"guest","order":9900}
2026-09-14T14:55:28+00:00 NOTICE Email "customer_completed_order" for order #9923 not sent: email type is disabled CONTEXT: {"email_type":"customer_completed_order","status":"disabled","recipient":"guest","order":9923}
2026-09-14T14:55:34+00:00 NOTICE Email "customer_completed_order" for order #9950 not sent: email type is disabled CONTEXT: {"email_type":"customer_completed_order","status":"disabled","recipient":"guest","order":9950}
2026-09-14T14:55:35+00:00 NOTICE Email "customer_completed_order" for order #10140 not sent: email type is disabled CONTEXT: {"email_type":"customer_completed_order","status":"disabled","recipient":"guest","order":10140}
2026-09-14T14:55:42+00:00 NOTICE Email "customer_completed_order" for order #10196 not sent: email type is disabled CONTEXT: {"email_type":"customer_completed_order","status":"disabled","recipient":"guest","order":10196}
2026-09-14T14:55:42+00:00 NOTICE Email "customer_completed_order" for order #10215 not sent: email type is disabled CONTEXT: {"email_type":"customer_completed_order","status":"disabled","recipient":"guest","order":10215}
2026-09-14T14:55:43+00:00 NOTICE Email "customer_failed_order" for order #10320 not sent: email type is disabled CONTEXT: {"email_type":"customer_failed_order","status":"disabled","recipient":"guest","order":10320}
2026-09-14T14:56:51+00:00 NOTICE Email "customer_failed_order" for order #10390 not sent: email type is disabled CONTEXT: {"email_type":"customer_failed_order","status":"disabled","recipient":"guest","order":10390}
2026-09-14T14:56:56+00:00 INFO Email "failed_order" for order #10390 sent CONTEXT: {"email_type":"failed_order","status":"sent","recipient":"guest","order":10390}
2026-09-14T14:57:08+00:00 NOTICE Email "customer_completed_order" for order #9851 not sent: email type is disabled CONTEXT: {"email_type":"customer_completed_order","status":"disabled","recipient":"guest","order":9851}
2026-09-14T14:57:08+00:00 NOTICE Email "customer_completed_order" for order #9773 not sent: email type is disabled CONTEXT: {"email_type":"customer_completed_order","status":"disabled","recipient":"guest","order":9773}
2026-09-14T14:57:08+00:00 NOTICE Email "customer_completed_order" for order #9952 not sent: email type is disabled CONTEXT: {"email_type":"customer_completed_order","status":"disabled","recipient":"guest","order":9952}
2026-09-14T14:57:22+00:00 INFO Email "cancelled_order" for order #10350 sent CONTEXT: {"email_type":"cancelled_order","status":"sent","recipient":"guest","order":10350}
2026-09-14T14:57:22+00:00 NOTICE Email "customer_note" for order #4908 not sent: email type is disabled CONTEXT: {"email_type":"customer_note","status":"disabled","recipient":"guest","order":4908}
2026-09-14T14:57:27+00:00 INFO Email "cancelled_order" for order #10371 sent CONTEXT: {"email_type":"cancelled_order","status":"sent","recipient":"guest","order":10371}
2026-09-14T14:57:41+00:00 NOTICE Email "customer_completed_order" for order #9830 not sent: email type is disabled CONTEXT: {"email_type":"customer_completed_order","status":"disabled","recipient":"guest","order":9830}
2026-09-14T14:58:02+00:00 INFO Email "cancelled_order" for order #10360 sent CONTEXT: {"email_type":"cancelled_order","status":"sent","recipient":"guest","order":10360}
2026-09-14T14:58:19+00:00 NOTICE Email "customer_completed_order" for order #9936 not sent: email type is disabled CONTEXT: {"email_type":"customer_completed_order","status":"disabled","recipient":"guest","order":9936}
2026-09-14T14:58:39+00:00 NOTICE Email "customer_completed_order" for order #10176 not sent: email type is disabled CONTEXT: {"email_type":"customer_completed_order","status":"disabled","recipient":"guest","order":10176}
2026-09-14T14:58:52+00:00 NOTICE Email "customer_completed_order" for order #10249 not sent: email type is disabled CONTEXT: {"email_type":"customer_completed_order","status":"disabled","recipient":"guest","order":10249}
2026-09-14T14:58:53+00:00 NOTICE Email "customer_completed_order" for order #10307 not sent: email type is disabled CONTEXT: {"email_type":"customer_completed_order","status":"disabled","recipient":"guest","order":10307}
2026-09-14T14:58:53+00:00 NOTICE Email "customer_completed_order" for order #10262 not sent: email type is disabled CONTEXT: {"email_type":"customer_completed_order","status":"disabled","recipient":"guest","order":10262}
2026-09-14T14:58:56+00:00 NOTICE Email "customer_completed_order" for order #9865 not sent: email type is disabled CONTEXT: {"email_type":"customer_completed_order","status":"disabled","recipient":"guest","order":9865}
2026-09-14T14:58:57+00:00 NOTICE Email "customer_completed_order" for order #10003 not sent: email type is disabled CONTEXT: {"email_type":"customer_completed_order","status":"disabled","recipient":"guest","order":10003}
2026-09-14T14:59:08+00:00 NOTICE Email "customer_failed_order" for order #10208 not sent: email type is disabled CONTEXT: {"email_type":"customer_failed_order","status":"disabled","recipient":"guest","order":10208}
2026-09-14T14:59:09+00:00 NOTICE Email "customer_completed_order" for order #9907 not sent: email type is disabled CONTEXT: {"email_type":"customer_completed_order","status":"disabled","recipient":"guest","order":9907}
2026-09-14T14:59:12+00:00 NOTICE Email "customer_completed_order" for order #10333 not sent: email type is disabled CONTEXT: {"email_type":"customer_completed_order","status":"disabled","recipient":"guest","order":10333}
2026-09-14T14:59:16+00:00 NOTICE Email "customer_completed_order" for order #9950 not sent: email type is disabled CONTEXT: {"email_type":"customer_completed_order","status":"disabled","recipient":"guest","order":9950}
2026-09-14T14:59:28+00:00 NOTICE Email "customer_completed_order" for order #9785 not sent: email type is disabled CONTEXT: {"email_type":"customer_completed_order","status":"disabled","recipient":"guest","order":9785}
2026-09-14T14:59:29+00:00 NOTICE Email "customer_completed_order" for order #10349 not sent: email type is disabled CONTEXT: {"email_type":"customer_completed_order","status":"disabled","recipient":"guest","order":10349}
2026-09-14T14:59:29+00:00 NOTICE Email "customer_completed_order" for order #10338 not sent: email type is disabled CONTEXT: {"email_type":"customer_completed_order","status":"disabled","recipient":"guest","order":10338}
2026-09-14T14:59:30+00:00 NOTICE Email "customer_completed_order" for order #10289 not sent: email type is disabled CONTEXT: {"email_type":"customer_completed_order","status":"disabled","recipient":"guest","order":10289}
2026-09-14T14:59:30+00:00 NOTICE Email "customer_completed_order" for order #9798 not sent: email type is disabled CONTEXT: {"email_type":"customer_completed_order","status":"disabled","recipient":"guest","order":9798}
2026-09-14T14:59:34+00:00 INFO Email "cancelled_order" for order #10351 sent CONTEXT: {"email_type":"cancelled_order","status":"sent","recipient":"guest","order":10351}
2026-09-14T14:59:50+00:00 NOTICE Email "customer_completed_order" for order #9892 not sent: email type is disabled CONTEXT: {"email_type":"customer_completed_order","status":"disabled","recipient":"guest","order":9892}
2026-09-14T14:59:50+00:00 NOTICE Email "customer_completed_order" for order #10247 not sent: email type is disabled CONTEXT: {"email_type":"customer_completed_order","status":"disabled","recipient":"guest","order":10247}
2026-09-14T14:59:50+00:00 NOTICE Email "customer_completed_order" for order #10126 not sent: email type is disabled CONTEXT: {"email_type":"customer_completed_order","status":"disabled","recipient":"guest","order":10126}
2026-09-14T14:59:51+00:00 NOTICE Email "customer_completed_order" for order #10291 not sent: email type is disabled CONTEXT: {"email_type":"customer_completed_order","status":"disabled","recipient":"guest","order":10291}
2026-09-14T14:59:58+00:00 INFO Email "cancelled_order" for order #10372 sent CONTEXT: {"email_type":"cancelled_order","status":"sent","recipient":"guest","order":10372}
2026-09-14T15:00:04+00:00 NOTICE Email "customer_completed_order" for order #9867 not sent: email type is disabled CONTEXT: {"email_type":"customer_completed_order","status":"disabled","recipient":"guest","order":9867}
2026-09-14T15:00:04+00:00 NOTICE Email "customer_completed_order" for order #10140 not sent: email type is disabled CONTEXT: {"email_type":"customer_completed_order","status":"disabled","recipient":"guest","order":10140}
2026-09-14T15:00:07+00:00 NOTICE Email "customer_completed_order" for order #9943 not sent: email type is disabled CONTEXT: {"email_type":"customer_completed_order","status":"disabled","recipient":"guest","order":9943}
2026-09-14T15:00:07+00:00 NOTICE Email "customer_completed_order" for order #10222 not sent: email type is disabled CONTEXT: {"email_type":"customer_completed_order","status":"disabled","recipient":"guest","order":10222}
2026-09-14T15:00:07+00:00 NOTICE Email "customer_completed_order" for order #10342 not sent: email type is disabled CONTEXT: {"email_type":"customer_completed_order","status":"disabled","recipient":"guest","order":10342}
2026-09-14T15:00:25+00:00 INFO Email "cancelled_order" for order #10389 sent CONTEXT: {"email_type":"cancelled_order","status":"sent","recipient":"guest","order":10389}
2026-09-14T15:00:25+00:00 NOTICE Email "customer_completed_order" for order #10034 not sent: email type is disabled CONTEXT: {"email_type":"customer_completed_order","status":"disabled","recipient":"guest","order":10034}
2026-09-14T15:00:39+00:00 NOTICE Email "customer_completed_order" for order #10345 not sent: email type is disabled CONTEXT: {"email_type":"customer_completed_order","status":"disabled","recipient":"guest","order":10345}
2026-09-14T15:00:43+00:00 NOTICE Email "customer_completed_order" for order #10334 not sent: email type is disabled CONTEXT: {"email_type":"customer_completed_order","status":"disabled","recipient":"guest","order":10334}
2026-09-14T15:00:43+00:00 NOTICE Email "customer_completed_order" for order #9757 not sent: email type is disabled CONTEXT: {"email_type":"customer_completed_order","status":"disabled","recipient":"guest","order":9757}
2026-09-14T15:01:17+00:00 NOTICE Email "customer_completed_order" for order #10112 not sent: email type is disabled CONTEXT: {"email_type":"customer_completed_order","status":"disabled","recipient":"guest","order":10112}
2026-09-14T15:01:30+00:00 NOTICE Email "customer_completed_order" for order #10225 not sent: email type is disabled CONTEXT: {"email_type":"customer_completed_order","status":"disabled","recipient":"guest","order":10225}
2026-09-14T15:01:30+00:00 NOTICE Email "customer_completed_order" for order #10086 not sent: email type is disabled CONTEXT: {"email_type":"customer_completed_order","status":"disabled","recipient":"guest","order":10086}
2026-09-14T15:01:35+00:00 NOTICE Email "customer_completed_order" for order #7526 not sent: email type is disabled CONTEXT: {"email_type":"customer_completed_order","status":"disabled","recipient":"guest","order":7526}
2026-09-14T15:01:47+00:00 NOTICE Email "customer_completed_order" for order #10216 not sent: email type is disabled CONTEXT: {"email_type":"customer_completed_order","status":"disabled","recipient":"guest","order":10216}
2026-09-14T15:01:47+00:00 NOTICE Email "customer_completed_order" for order #10141 not sent: email type is disabled CONTEXT: {"email_type":"customer_completed_order","status":"disabled","recipient":"guest","order":10141}
2026-09-14T15:01:47+00:00 NOTICE Email "customer_completed_order" for order #10336 not sent: email type is disabled CONTEXT: {"email_type":"customer_completed_order","status":"disabled","recipient":"guest","order":10336}
2026-09-14T15:01:48+00:00 NOTICE Email "customer_completed_order" for order #10258 not sent: email type is disabled CONTEXT: {"email_type":"customer_completed_order","status":"disabled","recipient":"guest","order":10258}
2026-09-14T15:01:48+00:00 NOTICE Email "customer_completed_order" for order #10018 not sent: email type is disabled CONTEXT: {"email_type":"customer_completed_order","status":"disabled","recipient":"guest","order":10018}
2026-09-14T15:02:04+00:00 NOTICE Email "customer_completed_order" for order #9833 not sent: email type is disabled CONTEXT: {"email_type":"customer_completed_order","status":"disabled","recipient":"guest","order":9833}
2026-09-14T15:02:05+00:00 NOTICE Email "customer_completed_order" for order #9997 not sent: email type is disabled CONTEXT: {"email_type":"customer_completed_order","status":"disabled","recipient":"guest","order":9997}
2026-09-14T15:02:21+00:00 NOTICE Email "customer_completed_order" for order #10266 not sent: email type is disabled CONTEXT: {"email_type":"customer_completed_order","status":"disabled","recipient":"guest","order":10266}
2026-09-14T15:02:21+00:00 NOTICE Email "customer_completed_order" for order #10242 not sent: email type is disabled CONTEXT: {"email_type":"customer_completed_order","status":"disabled","recipient":"guest","order":10242}
2026-09-14T15:02:25+00:00 NOTICE Email "customer_completed_order" for order #9766 not sent: email type is disabled CONTEXT: {"email_type":"customer_completed_order","status":"disabled","recipient":"guest","order":9766}
2026-09-14T15:02:25+00:00 NOTICE Email "customer_completed_order" for order #10061 not sent: email type is disabled CONTEXT: {"email_type":"customer_completed_order","status":"disabled","recipient":"guest","order":10061}
2026-09-14T15:02:25+00:00 NOTICE Email "customer_completed_order" for order #10299 not sent: email type is disabled CONTEXT: {"email_type":"customer_completed_order","status":"disabled","recipient":"guest","order":10299}
2026-09-14T15:02:26+00:00 NOTICE Email "customer_completed_order" for order #9852 not sent: email type is disabled CONTEXT: {"email_type":"customer_completed_order","status":"disabled","recipient":"guest","order":9852}
2026-09-14T15:02:43+00:00 NOTICE Email "customer_completed_order" for order #10199 not sent: email type is disabled CONTEXT: {"email_type":"customer_completed_order","status":"disabled","recipient":"guest","order":10199}
2026-09-14T15:02:43+00:00 NOTICE Email "customer_completed_order" for order #10286 not sent: email type is disabled CONTEXT: {"email_type":"customer_completed_order","status":"disabled","recipient":"guest","order":10286}
2026-09-14T15:02:43+00:00 NOTICE Email "customer_failed_order" for order #10302 not sent: email type is disabled CONTEXT: {"email_type":"customer_failed_order","status":"disabled","recipient":"guest","order":10302}
2026-09-14T15:02:44+00:00 NOTICE Email "customer_completed_order" for order #10168 not sent: email type is disabled CONTEXT: {"email_type":"customer_completed_order","status":"disabled","recipient":"guest","order":10168}
2026-09-14T15:02:53+00:00 INFO Email "cancelled_order" for order #10332 sent CONTEXT: {"email_type":"cancelled_order","status":"sent","recipient":"guest","order":10332}
2026-09-14T15:02:54+00:00 NOTICE Email "customer_completed_order" for order #10327 not sent: email type is disabled CONTEXT: {"email_type":"customer_completed_order","status":"disabled","recipient":"guest","order":10327}
2026-09-14T15:03:03+00:00 NOTICE Email "customer_completed_order" for order #10285 not sent: email type is disabled CONTEXT: {"email_type":"customer_completed_order","status":"disabled","recipient":"guest","order":10285}
2026-09-14T15:03:03+00:00 NOTICE Email "customer_completed_order" for order #10148 not sent: email type is disabled CONTEXT: {"email_type":"customer_completed_order","status":"disabled","recipient":"guest","order":10148}
2026-09-14T15:03:03+00:00 NOTICE Email "customer_completed_order" for order #10128 not sent: email type is disabled CONTEXT: {"email_type":"customer_completed_order","status":"disabled","recipient":"guest","order":10128}
2026-09-14T15:03:13+00:00 NOTICE Email "customer_completed_order" for order #9832 not sent: email type is disabled CONTEXT: {"email_type":"customer_completed_order","status":"disabled","recipient":"guest","order":9832}
2026-09-14T15:03:19+00:00 INFO Email "cancelled_order" for order #10369 sent CONTEXT: {"email_type":"cancelled_order","status":"sent","recipient":"guest","order":10369}
2026-09-14T15:03:22+00:00 NOTICE Email "customer_completed_order" for order #9938 not sent: email type is disabled CONTEXT: {"email_type":"customer_completed_order","status":"disabled","recipient":"guest","order":9938}
2026-09-14T15:03:31+00:00 NOTICE Email "customer_completed_order" for order #9810 not sent: email type is disabled CONTEXT: {"email_type":"customer_completed_order","status":"disabled","recipient":"guest","order":9810}
2026-09-14T15:03:31+00:00 NOTICE Email "customer_completed_order" for order #10250 not sent: email type is disabled CONTEXT: {"email_type":"customer_completed_order","status":"disabled","recipient":"guest","order":10250}
2026-09-14T15:04:29+00:00 INFO Email "cancelled_order" for order #10397 sent CONTEXT: {"email_type":"cancelled_order","status":"sent","recipient":"guest","order":10397}
2026-09-14T15:04:59+00:00 INFO Email "new_order" for order #10696 sent CONTEXT: {"email_type":"new_order","status":"sent","recipient":"guest","order":10696}
2026-09-14T15:04:59+00:00 NOTICE Email "customer_processing_order" for order #10696 not sent: email type is disabled CONTEXT: {"email_type":"customer_processing_order","status":"disabled","recipient":"guest","order":10696}
2026-09-14T15:05:10+00:00 NOTICE Email "customer_failed_order" for order #10388 not sent: email type is disabled CONTEXT: {"email_type":"customer_failed_order","status":"disabled","recipient":"guest","order":10388}
2026-09-14T15:05:14+00:00 INFO Email "failed_order" for order #10388 sent CONTEXT: {"email_type":"failed_order","status":"sent","recipient":"guest","order":10388}
2026-09-14T15:05:19+00:00 INFO Email "cancelled_order" for order #10331 sent CONTEXT: {"email_type":"cancelled_order","status":"sent","recipient":"guest","order":10331}
2026-09-14T15:08:02+00:00 NOTICE Email "customer_completed_order" for order #7082 not sent: email type is disabled CONTEXT: {"email_type":"customer_completed_order","status":"disabled","recipient":"guest","order":7082}
2026-09-14T15:08:11+00:00 NOTICE Email "customer_completed_order" for order #10086 not sent: email type is disabled CONTEXT: {"email_type":"customer_completed_order","status":"disabled","recipient":"guest","order":10086}
2026-09-14T15:08:27+00:00 NOTICE Email "customer_completed_order" for order #9809 not sent: email type is disabled CONTEXT: {"email_type":"customer_completed_order","status":"disabled","recipient":"guest","order":9809}
2026-09-14T15:08:27+00:00 NOTICE Email "customer_completed_order" for order #9923 not sent: email type is disabled CONTEXT: {"email_type":"customer_completed_order","status":"disabled","recipient":"guest","order":9923}
2026-09-14T15:08:49+00:00 INFO Email "cancelled_order" for order #10373 sent CONTEXT: {"email_type":"cancelled_order","status":"sent","recipient":"guest","order":10373}
2026-09-14T15:09:03+00:00 NOTICE Email "customer_completed_order" for order #10156 not sent: email type is disabled CONTEXT: {"email_type":"customer_completed_order","status":"disabled","recipient":"guest","order":10156}
2026-09-14T15:09:20+00:00 NOTICE Email "customer_completed_order" for order #9786 not sent: email type is disabled CONTEXT: {"email_type":"customer_completed_order","status":"disabled","recipient":"guest","order":9786}
2026-09-14T15:09:22+00:00 INFO Email "cancelled_order" for order #10391 sent CONTEXT: {"email_type":"cancelled_order","status":"sent","recipient":"guest","order":10391}
2026-09-14T15:09:31+00:00 NOTICE Email "customer_completed_order" for order #7412 not sent: email type is disabled CONTEXT: {"email_type":"customer_completed_order","status":"disabled","recipient":"guest","order":7412}
2026-09-14T15:09:33+00:00 NOTICE Email "customer_completed_order" for order #10034 not sent: email type is disabled CONTEXT: {"email_type":"customer_completed_order","status":"disabled","recipient":"guest","order":10034}
2026-09-14T15:09:37+00:00 NOTICE Email "customer_completed_order" for order #10333 not sent: email type is disabled CONTEXT: {"email_type":"customer_completed_order","status":"disabled","recipient":"guest","order":10333}
2026-09-14T15:10:07+00:00 NOTICE Email "customer_completed_order" for order #7505 not sent: email type is disabled CONTEXT: {"email_type":"customer_completed_order","status":"disabled","recipient":"guest","order":7505}
2026-09-14T15:10:09+00:00 NOTICE Email "customer_completed_order" for order #10249 not sent: email type is disabled CONTEXT: {"email_type":"customer_completed_order","status":"disabled","recipient":"guest","order":10249}
2026-09-14T15:10:10+00:00 NOTICE Email "customer_completed_order" for order #10319 not sent: email type is disabled CONTEXT: {"email_type":"customer_completed_order","status":"disabled","recipient":"guest","order":10319}
2026-09-14T15:10:24+00:00 NOTICE Email "customer_completed_order" for order #9757 not sent: email type is disabled CONTEXT: {"email_type":"customer_completed_order","status":"disabled","recipient":"guest","order":9757}
2026-09-14T15:10:25+00:00 NOTICE Email "customer_completed_order" for order #9773 not sent: email type is disabled CONTEXT: {"email_type":"customer_completed_order","status":"disabled","recipient":"guest","order":9773}
2026-09-14T15:10:25+00:00 NOTICE Email "customer_completed_order" for order #9830 not sent: email type is disabled CONTEXT: {"email_type":"customer_completed_order","status":"disabled","recipient":"guest","order":9830}
2026-09-14T15:10:25+00:00 NOTICE Email "customer_completed_order" for order #9867 not sent: email type is disabled CONTEXT: {"email_type":"customer_completed_order","status":"disabled","recipient":"guest","order":9867}
2026-09-14T15:10:26+00:00 NOTICE Email "customer_completed_order" for order #9892 not sent: email type is disabled CONTEXT: {"email_type":"customer_completed_order","status":"disabled","recipient":"guest","order":9892}
2026-09-14T15:10:27+00:00 NOTICE Email "customer_completed_order" for order #10200 not sent: email type is disabled CONTEXT: {"email_type":"customer_completed_order","status":"disabled","recipient":"guest","order":10200}
2026-09-14T15:10:33+00:00 NOTICE Email "customer_completed_order" for order #9952 not sent: email type is disabled CONTEXT: {"email_type":"customer_completed_order","status":"disabled","recipient":"guest","order":9952}
2026-09-14T15:10:35+00:00 NOTICE Email "customer_completed_order" for order #10126 not sent: email type is disabled CONTEXT: {"email_type":"customer_completed_order","status":"disabled","recipient":"guest","order":10126}
2026-09-14T15:10:46+00:00 NOTICE Email "customer_completed_order" for order #10196 not sent: email type is disabled CONTEXT: {"email_type":"customer_completed_order","status":"disabled","recipient":"guest","order":10196}
2026-09-14T15:10:46+00:00 NOTICE Email "customer_completed_order" for order #10185 not sent: email type is disabled CONTEXT: {"email_type":"customer_completed_order","status":"disabled","recipient":"guest","order":10185}
2026-09-14T15:10:48+00:00 NOTICE Email "customer_completed_order" for order #10176 not sent: email type is disabled CONTEXT: {"email_type":"customer_completed_order","status":"disabled","recipient":"guest","order":10176}
2026-09-14T15:10:50+00:00 NOTICE Email "customer_completed_order" for order #10247 not sent: email type is disabled CONTEXT: {"email_type":"customer_completed_order","status":"disabled","recipient":"guest","order":10247}
2026-09-14T15:10:50+00:00 NOTICE Email "customer_completed_order" for order #10286 not sent: email type is disabled CONTEXT: {"email_type":"customer_completed_order","status":"disabled","recipient":"guest","order":10286}
2026-09-14T15:10:50+00:00 NOTICE Email "customer_completed_order" for order #10291 not sent: email type is disabled CONTEXT: {"email_type":"customer_completed_order","status":"disabled","recipient":"guest","order":10291}
2026-09-14T15:10:50+00:00 NOTICE Email "customer_completed_order" for order #10307 not sent: email type is disabled CONTEXT: {"email_type":"customer_completed_order","status":"disabled","recipient":"guest","order":10307}
2026-09-14T15:10:50+00:00 NOTICE Email "customer_completed_order" for order #10312 not sent: email type is disabled CONTEXT: {"email_type":"customer_completed_order","status":"disabled","recipient":"guest","order":10312}
2026-09-14T15:10:50+00:00 NOTICE Email "customer_failed_order" for order #10320 not sent: email type is disabled CONTEXT: {"email_type":"customer_failed_order","status":"disabled","recipient":"guest","order":10320}
2026-09-14T15:10:50+00:00 NOTICE Email "customer_completed_order" for order #10334 not sent: email type is disabled CONTEXT: {"email_type":"customer_completed_order","status":"disabled","recipient":"guest","order":10334}
2026-09-14T15:10:51+00:00 INFO Email "cancelled_order" for order #10360 sent CONTEXT: {"email_type":"cancelled_order","status":"sent","recipient":"guest","order":10360}
2026-09-14T15:10:55+00:00 INFO Email "cancelled_order" for order #10356 sent CONTEXT: {"email_type":"cancelled_order","status":"sent","recipient":"guest","order":10356}
2026-09-14T15:10:58+00:00 NOTICE Email "customer_completed_order" for order #7754 not sent: email type is disabled CONTEXT: {"email_type":"customer_completed_order","status":"disabled","recipient":"guest","order":7754}
2026-09-14T15:11:10+00:00 NOTICE Email "customer_completed_order" for order #10215 not sent: email type is disabled CONTEXT: {"email_type":"customer_completed_order","status":"disabled","recipient":"guest","order":10215}
2026-09-14T15:11:16+00:00 NOTICE Email "customer_failed_order" for order #10358 not sent: email type is disabled CONTEXT: {"email_type":"customer_failed_order","status":"disabled","recipient":"guest","order":10358}
2026-09-14T15:11:21+00:00 INFO Email "failed_order" for order #10358 sent CONTEXT: {"email_type":"failed_order","status":"sent","recipient":"guest","order":10358}
2026-09-14T15:11:22+00:00 NOTICE Email "customer_completed_order" for order #10199 not sent: email type is disabled CONTEXT: {"email_type":"customer_completed_order","status":"disabled","recipient":"guest","order":10199}
2026-09-14T15:11:50+00:00 NOTICE Email "customer_completed_order" for order #7825 not sent: email type is disabled CONTEXT: {"email_type":"customer_completed_order","status":"disabled","recipient":"guest","order":7825}
2026-09-14T15:12:06+00:00 NOTICE Email "customer_completed_order" for order #9832 not sent: email type is disabled CONTEXT: {"email_type":"customer_completed_order","status":"disabled","recipient":"guest","order":9832}
2026-09-14T15:12:26+00:00 NOTICE Email "customer_completed_order" for order #7982 not sent: email type is disabled CONTEXT: {"email_type":"customer_completed_order","status":"disabled","recipient":"guest","order":7982}
2026-09-14T15:13:02+00:00 INFO Email "cancelled_order" for order #10373 sent CONTEXT: {"email_type":"cancelled_order","status":"sent","recipient":"guest","order":10373}
2026-09-14T15:13:04+00:00 NOTICE Email "customer_completed_order" for order #10222 not sent: email type is disabled CONTEXT: {"email_type":"customer_completed_order","status":"disabled","recipient":"guest","order":10222}
2026-09-14T15:13:04+00:00 NOTICE Email "customer_completed_order" for order #9943 not sent: email type is disabled CONTEXT: {"email_type":"customer_completed_order","status":"disabled","recipient":"guest","order":9943}
2026-09-14T15:13:05+00:00 NOTICE Email "customer_completed_order" for order #7990 not sent: email type is disabled CONTEXT: {"email_type":"customer_completed_order","status":"disabled","recipient":"guest","order":7990}
2026-09-14T15:13:09+00:00 NOTICE Email "customer_completed_order" for order #10197 not sent: email type is disabled CONTEXT: {"email_type":"customer_completed_order","status":"disabled","recipient":"guest","order":10197}
2026-09-14T15:13:27+00:00 NOTICE Email "customer_completed_order" for order #10225 not sent: email type is disabled CONTEXT: {"email_type":"customer_completed_order","status":"disabled","recipient":"guest","order":10225}
2026-09-14T15:13:30+00:00 NOTICE Email "customer_completed_order" for order #10307 not sent: email type is disabled CONTEXT: {"email_type":"customer_completed_order","status":"disabled","recipient":"guest","order":10307}
2026-09-14T15:13:44+00:00 NOTICE Email "customer_completed_order" for order #10216 not sent: email type is disabled CONTEXT: {"email_type":"customer_completed_order","status":"disabled","recipient":"guest","order":10216}
2026-09-14T15:13:44+00:00 NOTICE Email "customer_completed_order" for order #9833 not sent: email type is disabled CONTEXT: {"email_type":"customer_completed_order","status":"disabled","recipient":"guest","order":9833}
2026-09-14T15:13:51+00:00 NOTICE Email "customer_completed_order" for order #9809 not sent: email type is disabled CONTEXT: {"email_type":"customer_completed_order","status":"disabled","recipient":"guest","order":9809}
2026-09-14T15:14:54+00:00 NOTICE Email "customer_completed_order" for order #10185 not sent: email type is disabled CONTEXT: {"email_type":"customer_completed_order","status":"disabled","recipient":"guest","order":10185}
2026-09-14T15:14:56+00:00 NOTICE Email "customer_completed_order" for order #10247 not sent: email type is disabled CONTEXT: {"email_type":"customer_completed_order","status":"disabled","recipient":"guest","order":10247}
2026-09-14T15:15:08+00:00 NOTICE Email "customer_completed_order" for order #9793 not sent: email type is disabled CONTEXT: {"email_type":"customer_completed_order","status":"disabled","recipient":"guest","order":9793}
2026-09-14T15:15:10+00:00 INFO Email "cancelled_order" for order #10371 sent CONTEXT: {"email_type":"cancelled_order","status":"sent","recipient":"guest","order":10371}
2026-09-14T15:15:25+00:00 NOTICE Email "customer_failed_order" for order #10320 not sent: email type is disabled CONTEXT: {"email_type":"customer_failed_order","status":"disabled","recipient":"guest","order":10320}
2026-09-14T15:15:32+00:00 NOTICE Email "customer_completed_order" for order #10168 not sent: email type is disabled CONTEXT: {"email_type":"customer_completed_order","status":"disabled","recipient":"guest","order":10168}
2026-09-14T15:15:33+00:00 INFO Email "cancelled_order" for order #10337 sent CONTEXT: {"email_type":"cancelled_order","status":"sent","recipient":"guest","order":10337}
2026-09-14T15:15:38+00:00 NOTICE Email "customer_completed_order" for order #10176 not sent: email type is disabled CONTEXT: {"email_type":"customer_completed_order","status":"disabled","recipient":"guest","order":10176}
2026-09-14T15:15:39+00:00 NOTICE Email "customer_failed_order" for order #10302 not sent: email type is disabled CONTEXT: {"email_type":"customer_failed_order","status":"disabled","recipient":"guest","order":10302}
2026-09-14T15:15:41+00:00 NOTICE Email "customer_completed_order" for order #10215 not sent: email type is disabled CONTEXT: {"email_type":"customer_completed_order","status":"disabled","recipient":"guest","order":10215}
2026-09-14T15:15:53+00:00 INFO Email "cancelled_order" for order #10389 sent CONTEXT: {"email_type":"cancelled_order","status":"sent","recipient":"guest","order":10389}
2026-09-14T15:15:55+00:00 NOTICE Email "customer_completed_order" for order #9785 not sent: email type is disabled CONTEXT: {"email_type":"customer_completed_order","status":"disabled","recipient":"guest","order":9785}
2026-09-14T15:16:01+00:00 NOTICE Email "customer_completed_order" for order #10327 not sent: email type is disabled CONTEXT: {"email_type":"customer_completed_order","status":"disabled","recipient":"guest","order":10327}
2026-09-14T15:16:13+00:00 NOTICE Email "customer_completed_order" for order #9936 not sent: email type is disabled CONTEXT: {"email_type":"customer_completed_order","status":"disabled","recipient":"guest","order":9936}
2026-09-14T15:16:21+00:00 NOTICE Email "customer_completed_order" for order #10239 not sent: email type is disabled CONTEXT: {"email_type":"customer_completed_order","status":"disabled","recipient":"guest","order":10239}
2026-09-14T15:16:21+00:00 NOTICE Email "customer_completed_order" for order #10148 not sent: email type is disabled CONTEXT: {"email_type":"customer_completed_order","status":"disabled","recipient":"guest","order":10148}
2026-09-14T15:16:22+00:00 NOTICE Email "customer_completed_order" for order #10128 not sent: email type is disabled CONTEXT: {"email_type":"customer_completed_order","status":"disabled","recipient":"guest","order":10128}
2026-09-14T15:16:31+00:00 NOTICE Email "customer_completed_order" for order #10267 not sent: email type is disabled CONTEXT: {"email_type":"customer_completed_order","status":"disabled","recipient":"guest","order":10267}
2026-09-14T15:16:33+00:00 INFO Email "cancelled_order" for order #10372 sent CONTEXT: {"email_type":"cancelled_order","status":"sent","recipient":"guest","order":10372}
2026-09-14T15:16:41+00:00 NOTICE Email "customer_completed_order" for order #10018 not sent: email type is disabled CONTEXT: {"email_type":"customer_completed_order","status":"disabled","recipient":"guest","order":10018}
2026-09-14T15:16:44+00:00 NOTICE Email "customer_completed_order" for order #10336 not sent: email type is disabled CONTEXT: {"email_type":"customer_completed_order","status":"disabled","recipient":"guest","order":10336}
2026-09-14T15:17:02+00:00 NOTICE Email "customer_completed_order" for order #9851 not sent: email type is disabled CONTEXT: {"email_type":"customer_completed_order","status":"disabled","recipient":"guest","order":9851}
2026-09-14T15:17:02+00:00 NOTICE Email "customer_completed_order" for order #9997 not sent: email type is disabled CONTEXT: {"email_type":"customer_completed_order","status":"disabled","recipient":"guest","order":9997}
2026-09-14T15:17:16+00:00 NOTICE Email "customer_completed_order" for order #10162 not sent: email type is disabled CONTEXT: {"email_type":"customer_completed_order","status":"disabled","recipient":"guest","order":10162}
2026-09-14T15:17:17+00:00 NOTICE Email "customer_completed_order" for order #7526 not sent: email type is disabled CONTEXT: {"email_type":"customer_completed_order","status":"disabled","recipient":"guest","order":7526}
2026-09-14T15:17:22+00:00 INFO Email "cancelled_order" for order #10350 sent CONTEXT: {"email_type":"cancelled_order","status":"sent","recipient":"guest","order":10350}
2026-09-14T15:17:23+00:00 NOTICE Email "customer_completed_order" for order #9952 not sent: email type is disabled CONTEXT: {"email_type":"customer_completed_order","status":"disabled","recipient":"guest","order":9952}
2026-09-14T15:17:36+00:00 NOTICE Email "customer_completed_order" for order #10333 not sent: email type is disabled CONTEXT: {"email_type":"customer_completed_order","status":"disabled","recipient":"guest","order":10333}
2026-09-14T15:17:36+00:00 NOTICE Email "customer_completed_order" for order #10349 not sent: email type is disabled CONTEXT: {"email_type":"customer_completed_order","status":"disabled","recipient":"guest","order":10349}
2026-09-14T15:17:37+00:00 NOTICE Email "customer_completed_order" for order #10216 not sent: email type is disabled CONTEXT: {"email_type":"customer_completed_order","status":"disabled","recipient":"guest","order":10216}
2026-09-14T15:17:40+00:00 NOTICE Email "customer_completed_order" for order #10200 not sent: email type is disabled CONTEXT: {"email_type":"customer_completed_order","status":"disabled","recipient":"guest","order":10200}
2026-09-14T15:17:40+00:00 NOTICE Email "customer_completed_order" for order #10219 not sent: email type is disabled CONTEXT: {"email_type":"customer_completed_order","status":"disabled","recipient":"guest","order":10219}
2026-09-14T15:17:47+00:00 NOTICE Email "customer_completed_order" for order #9920 not sent: email type is disabled CONTEXT: {"email_type":"customer_completed_order","status":"disabled","recipient":"guest","order":9920}
2026-09-14T15:17:50+00:00 INFO Email "cancelled_order" for order #10332 sent CONTEXT: {"email_type":"cancelled_order","status":"sent","recipient":"guest","order":10332}
2026-09-14T15:17:52+00:00 NOTICE Email "customer_completed_order" for order #9830 not sent: email type is disabled CONTEXT: {"email_type":"customer_completed_order","status":"disabled","recipient":"guest","order":9830}
2026-09-14T15:17:52+00:00 NOTICE Email "customer_completed_order" for order #10233 not sent: email type is disabled CONTEXT: {"email_type":"customer_completed_order","status":"disabled","recipient":"guest","order":10233}
2026-09-14T15:17:57+00:00 NOTICE Email "customer_completed_order" for order #10196 not sent: email type is disabled CONTEXT: {"email_type":"customer_completed_order","status":"disabled","recipient":"guest","order":10196}
2026-09-14T15:17:59+00:00 NOTICE Email "customer_completed_order" for order #9833 not sent: email type is disabled CONTEXT: {"email_type":"customer_completed_order","status":"disabled","recipient":"guest","order":9833}
2026-09-14T15:18:00+00:00 NOTICE Email "customer_completed_order" for order #10312 not sent: email type is disabled CONTEXT: {"email_type":"customer_completed_order","status":"disabled","recipient":"guest","order":10312}
2026-09-14T15:18:00+00:00 NOTICE Email "customer_failed_order" for order #10208 not sent: email type is disabled CONTEXT: {"email_type":"customer_failed_order","status":"disabled","recipient":"guest","order":10208}
2026-09-14T15:18:03+00:00 NOTICE Email "customer_completed_order" for order #10345 not sent: email type is disabled CONTEXT: {"email_type":"customer_completed_order","status":"disabled","recipient":"guest","order":10345}
2026-09-14T15:18:12+00:00 NOTICE Email "customer_completed_order" for order #9950 not sent: email type is disabled CONTEXT: {"email_type":"customer_completed_order","status":"disabled","recipient":"guest","order":9950}
2026-09-14T15:18:14+00:00 NOTICE Email "customer_completed_order" for order #10197 not sent: email type is disabled CONTEXT: {"email_type":"customer_completed_order","status":"disabled","recipient":"guest","order":10197}
2026-09-14T15:18:21+00:00 NOTICE Email "customer_failed_order" for order #10390 not sent: email type is disabled CONTEXT: {"email_type":"customer_failed_order","status":"disabled","recipient":"guest","order":10390}
2026-09-14T15:18:26+00:00 INFO Email "failed_order" for order #10390 sent CONTEXT: {"email_type":"failed_order","status":"sent","recipient":"guest","order":10390}
2026-09-14T15:18:27+00:00 INFO Email "cancelled_order" for order #10369 sent CONTEXT: {"email_type":"cancelled_order","status":"sent","recipient":"guest","order":10369}
2026-09-14T15:18:31+00:00 NOTICE Email "customer_completed_order" for order #9955 not sent: email type is disabled CONTEXT: {"email_type":"customer_completed_order","status":"disabled","recipient":"guest","order":9955}
2026-09-14T15:18:47+00:00 NOTICE Email "customer_note" for order #10697 not sent: email type is disabled CONTEXT: {"email_type":"customer_note","status":"disabled","recipient":"guest","order":10697}
2026-09-14T15:19:53+00:00 NOTICE Email "customer_completed_order" for order #10034 not sent: email type is disabled CONTEXT: {"email_type":"customer_completed_order","status":"disabled","recipient":"guest","order":10034}
2026-09-14T15:19:53+00:00 NOTICE Email "customer_completed_order" for order #10225 not sent: email type is disabled CONTEXT: {"email_type":"customer_completed_order","status":"disabled","recipient":"guest","order":10225}
2026-09-14T15:19:53+00:00 NOTICE Email "customer_completed_order" for order #10289 not sent: email type is disabled CONTEXT: {"email_type":"customer_completed_order","status":"disabled","recipient":"guest","order":10289}
2026-09-14T15:20:03+00:00 NOTICE Email "customer_completed_order" for order #9852 not sent: email type is disabled CONTEXT: {"email_type":"customer_completed_order","status":"disabled","recipient":"guest","order":9852}
2026-09-14T15:20:11+00:00 NOTICE Email "customer_completed_order" for order #10086 not sent: email type is disabled CONTEXT: {"email_type":"customer_completed_order","status":"disabled","recipient":"guest","order":10086}
2026-09-14T15:20:11+00:00 NOTICE Email "customer_completed_order" for order #9923 not sent: email type is disabled CONTEXT: {"email_type":"customer_completed_order","status":"disabled","recipient":"guest","order":9923}
2026-09-14T15:20:11+00:00 NOTICE Email "customer_completed_order" for order #10250 not sent: email type is disabled CONTEXT: {"email_type":"customer_completed_order","status":"disabled","recipient":"guest","order":10250}
2026-09-14T15:20:19+00:00 NOTICE Email "customer_completed_order" for order #9798 not sent: email type is disabled CONTEXT: {"email_type":"customer_completed_order","status":"disabled","recipient":"guest","order":9798}
2026-09-14T15:20:20+00:00 NOTICE Email "customer_completed_order" for order #10140 not sent: email type is disabled CONTEXT: {"email_type":"customer_completed_order","status":"disabled","recipient":"guest","order":10140}
2026-09-14T15:20:28+00:00 NOTICE Email "customer_completed_order" for order #10003 not sent: email type is disabled CONTEXT: {"email_type":"customer_completed_order","status":"disabled","recipient":"guest","order":10003}
2026-09-14T15:20:36+00:00 NOTICE Email "customer_completed_order" for order #10338 not sent: email type is disabled CONTEXT: {"email_type":"customer_completed_order","status":"disabled","recipient":"guest","order":10338}
2026-09-14T15:20:36+00:00 NOTICE Email "customer_completed_order" for order #9943 not sent: email type is disabled CONTEXT: {"email_type":"customer_completed_order","status":"disabled","recipient":"guest","order":9943}
2026-09-14T15:20:37+00:00 NOTICE Email "customer_completed_order" for order #10299 not sent: email type is disabled CONTEXT: {"email_type":"customer_completed_order","status":"disabled","recipient":"guest","order":10299}
2026-09-14T15:20:38+00:00 NOTICE Email "customer_completed_order" for order #10239 not sent: email type is disabled CONTEXT: {"email_type":"customer_completed_order","status":"disabled","recipient":"guest","order":10239}
2026-09-14T15:20:38+00:00 NOTICE Email "customer_completed_order" for order #10128 not sent: email type is disabled CONTEXT: {"email_type":"customer_completed_order","status":"disabled","recipient":"guest","order":10128}
2026-09-14T15:20:55+00:00 NOTICE Email "customer_completed_order" for order #10266 not sent: email type is disabled CONTEXT: {"email_type":"customer_completed_order","status":"disabled","recipient":"guest","order":10266}
2026-09-14T15:20:55+00:00 NOTICE Email "customer_completed_order" for order #9786 not sent: email type is disabled CONTEXT: {"email_type":"customer_completed_order","status":"disabled","recipient":"guest","order":9786}
2026-09-14T15:20:56+00:00 NOTICE Email "customer_completed_order" for order #10148 not sent: email type is disabled CONTEXT: {"email_type":"customer_completed_order","status":"disabled","recipient":"guest","order":10148}
2026-09-14T15:20:58+00:00 INFO Email "cancelled_order" for order #10372 sent CONTEXT: {"email_type":"cancelled_order","status":"sent","recipient":"guest","order":10372}
2026-09-14T15:20:59+00:00 INFO Email "new_order" for order #10697 sent CONTEXT: {"email_type":"new_order","status":"sent","recipient":"guest","order":10697}
2026-09-14T15:20:59+00:00 NOTICE Email "customer_processing_order" for order #10697 not sent: email type is disabled CONTEXT: {"email_type":"customer_processing_order","status":"disabled","recipient":"guest","order":10697}
2026-09-14T15:20:59+00:00 NOTICE Email "customer_note" for order #10697 not sent: email type is disabled CONTEXT: {"email_type":"customer_note","status":"disabled","recipient":"guest","order":10697}
2026-09-14T15:21:14+00:00 NOTICE Email "customer_completed_order" for order #9936 not sent: email type is disabled CONTEXT: {"email_type":"customer_completed_order","status":"disabled","recipient":"guest","order":9936}
2026-09-14T15:21:18+00:00 INFO Email "cancelled_order" for order #10331 sent CONTEXT: {"email_type":"cancelled_order","status":"sent","recipient":"guest","order":10331}
2026-09-14T15:21:24+00:00 INFO Email "cancelled_order" for order #10389 sent CONTEXT: {"email_type":"cancelled_order","status":"sent","recipient":"guest","order":10389}
2026-09-14T15:21:30+00:00 NOTICE Email "customer_completed_order" for order #9865 not sent: email type is disabled CONTEXT: {"email_type":"customer_completed_order","status":"disabled","recipient":"guest","order":9865}
2026-09-14T15:21:47+00:00 NOTICE Email "customer_failed_order" for order #10388 not sent: email type is disabled CONTEXT: {"email_type":"customer_failed_order","status":"disabled","recipient":"guest","order":10388}
2026-09-14T15:21:52+00:00 INFO Email "failed_order" for order #10388 sent CONTEXT: {"email_type":"failed_order","status":"sent","recipient":"guest","order":10388}
2026-09-14T15:22:19+00:00 NOTICE Email "customer_failed_order" for order #10358 not sent: email type is disabled CONTEXT: {"email_type":"customer_failed_order","status":"disabled","recipient":"guest","order":10358}
2026-09-14T15:22:24+00:00 INFO Email "failed_order" for order #10358 sent CONTEXT: {"email_type":"failed_order","status":"sent","recipient":"guest","order":10358}
2026-09-14T15:22:51+00:00 NOTICE Email "customer_completed_order" for order #10334 not sent: email type is disabled CONTEXT: {"email_type":"customer_completed_order","status":"disabled","recipient":"guest","order":10334}
2026-09-14T15:23:03+00:00 NOTICE Email "customer_completed_order" for order #9757 not sent: email type is disabled CONTEXT: {"email_type":"customer_completed_order","status":"disabled","recipient":"guest","order":9757}
2026-09-14T15:23:03+00:00 NOTICE Email "customer_completed_order" for order #10345 not sent: email type is disabled CONTEXT: {"email_type":"customer_completed_order","status":"disabled","recipient":"guest","order":10345}
2026-09-14T15:23:04+00:00 NOTICE Email "customer_completed_order" for order #10197 not sent: email type is disabled CONTEXT: {"email_type":"customer_completed_order","status":"disabled","recipient":"guest","order":10197}
2026-09-14T15:23:21+00:00 NOTICE Email "customer_completed_order" for order #7526 not sent: email type is disabled CONTEXT: {"email_type":"customer_completed_order","status":"disabled","recipient":"guest","order":7526}
2026-09-14T15:23:25+00:00 NOTICE Email "customer_completed_order" for order #10336 not sent: email type is disabled CONTEXT: {"email_type":"customer_completed_order","status":"disabled","recipient":"guest","order":10336}
2026-09-14T15:23:25+00:00 NOTICE Email "customer_completed_order" for order #10312 not sent: email type is disabled CONTEXT: {"email_type":"customer_completed_order","status":"disabled","recipient":"guest","order":10312}
2026-09-14T15:23:28+00:00 INFO Email "cancelled_order" for order #10373 sent CONTEXT: {"email_type":"cancelled_order","status":"sent","recipient":"guest","order":10373}
2026-09-14T15:23:38+00:00 NOTICE Email "customer_completed_order" for order #9900 not sent: email type is disabled CONTEXT: {"email_type":"customer_completed_order","status":"disabled","recipient":"guest","order":9900}
2026-09-14T15:23:38+00:00 NOTICE Email "customer_completed_order" for order #10262 not sent: email type is disabled CONTEXT: {"email_type":"customer_completed_order","status":"disabled","recipient":"guest","order":10262}
2026-09-14T15:23:43+00:00 NOTICE Email "customer_completed_order" for order #10319 not sent: email type is disabled CONTEXT: {"email_type":"customer_completed_order","status":"disabled","recipient":"guest","order":10319}
2026-09-14T15:23:44+00:00 NOTICE Email "customer_completed_order" for order #9892 not sent: email type is disabled CONTEXT: {"email_type":"customer_completed_order","status":"disabled","recipient":"guest","order":9892}
2026-09-14T15:23:44+00:00 NOTICE Email "customer_completed_order" for order #9832 not sent: email type is disabled CONTEXT: {"email_type":"customer_completed_order","status":"disabled","recipient":"guest","order":9832}
2026-09-14T15:23:53+00:00 NOTICE Email "customer_failed_order" for order #10208 not sent: email type is disabled CONTEXT: {"email_type":"customer_failed_order","status":"disabled","recipient":"guest","order":10208}
2026-09-14T15:23:54+00:00 NOTICE Email "customer_completed_order" for order #10219 not sent: email type is disabled CONTEXT: {"email_type":"customer_completed_order","status":"disabled","recipient":"guest","order":10219}
2026-09-14T15:23:54+00:00 NOTICE Email "customer_completed_order" for order #9830 not sent: email type is disabled CONTEXT: {"email_type":"customer_completed_order","status":"disabled","recipient":"guest","order":9830}
2026-09-14T15:23:54+00:00 NOTICE Email "customer_completed_order" for order #9810 not sent: email type is disabled CONTEXT: {"email_type":"customer_completed_order","status":"disabled","recipient":"guest","order":9810}
2026-09-14T15:23:54+00:00 INFO Email "cancelled_order" for order #10369 sent CONTEXT: {"email_type":"cancelled_order","status":"sent","recipient":"guest","order":10369}
2026-09-14T15:24:00+00:00 INFO Email "cancelled_order" for order #10356 sent CONTEXT: {"email_type":"cancelled_order","status":"sent","recipient":"guest","order":10356}
2026-09-14T15:24:02+00:00 NOTICE Email "customer_completed_order" for order #10156 not sent: email type is disabled CONTEXT: {"email_type":"customer_completed_order","status":"disabled","recipient":"guest","order":10156}
2026-09-14T15:24:10+00:00 NOTICE Email "customer_completed_order" for order #10349 not sent: email type is disabled CONTEXT: {"email_type":"customer_completed_order","status":"disabled","recipient":"guest","order":10349}
2026-09-14T15:24:11+00:00 NOTICE Email "customer_completed_order" for order #9952 not sent: email type is disabled CONTEXT: {"email_type":"customer_completed_order","status":"disabled","recipient":"guest","order":9952}
2026-09-14T15:24:20+00:00 NOTICE Email "customer_completed_order" for order #10267 not sent: email type is disabled CONTEXT: {"email_type":"customer_completed_order","status":"disabled","recipient":"guest","order":10267}
2026-09-14T15:24:33+00:00 INFO Email "cancelled_order" for order #10360 sent CONTEXT: {"email_type":"cancelled_order","status":"sent","recipient":"guest","order":10360}
2026-09-14T15:25:01+00:00 INFO Email "cancelled_order" for order #10389 sent CONTEXT: {"email_type":"cancelled_order","status":"sent","recipient":"guest","order":10389}
2026-09-14T15:25:12+00:00 INFO Email "cancelled_order" for order #10391 sent CONTEXT: {"email_type":"cancelled_order","status":"sent","recipient":"guest","order":10391}
2026-09-14T15:25:45+00:00 INFO Email "cancelled_order" for order #10371 sent CONTEXT: {"email_type":"cancelled_order","status":"sent","recipient":"guest","order":10371}
2026-09-14T15:25:56+00:00 NOTICE Email "customer_completed_order" for order #9936 not sent: email type is disabled CONTEXT: {"email_type":"customer_completed_order","status":"disabled","recipient":"guest","order":9936}
2026-09-14T15:25:56+00:00 NOTICE Email "customer_completed_order" for order #10233 not sent: email type is disabled CONTEXT: {"email_type":"customer_completed_order","status":"disabled","recipient":"guest","order":10233}
2026-09-14T15:25:57+00:00 NOTICE Email "customer_completed_order" for order #9773 not sent: email type is disabled CONTEXT: {"email_type":"customer_completed_order","status":"disabled","recipient":"guest","order":9773}
2026-09-14T15:25:57+00:00 NOTICE Email "customer_completed_order" for order #9950 not sent: email type is disabled CONTEXT: {"email_type":"customer_completed_order","status":"disabled","recipient":"guest","order":9950}
2026-09-14T15:25:57+00:00 NOTICE Email "customer_completed_order" for order #10266 not sent: email type is disabled CONTEXT: {"email_type":"customer_completed_order","status":"disabled","recipient":"guest","order":10266}
2026-09-14T15:25:58+00:00 NOTICE Email "customer_completed_order" for order #10338 not sent: email type is disabled CONTEXT: {"email_type":"customer_completed_order","status":"disabled","recipient":"guest","order":10338}
2026-09-14T15:25:59+00:00 INFO Email "cancelled_order" for order #10372 sent CONTEXT: {"email_type":"cancelled_order","status":"sent","recipient":"guest","order":10372}
2026-09-14T15:26:05+00:00 NOTICE Email "customer_completed_order" for order #9786 not sent: email type is disabled CONTEXT: {"email_type":"customer_completed_order","status":"disabled","recipient":"guest","order":9786}
2026-09-14T15:26:05+00:00 NOTICE Email "customer_completed_order" for order #9798 not sent: email type is disabled CONTEXT: {"email_type":"customer_completed_order","status":"disabled","recipient":"guest","order":9798}
2026-09-14T15:26:05+00:00 NOTICE Email "customer_completed_order" for order #9867 not sent: email type is disabled CONTEXT: {"email_type":"customer_completed_order","status":"disabled","recipient":"guest","order":9867}
2026-09-14T15:26:06+00:00 NOTICE Email "customer_completed_order" for order #9907 not sent: email type is disabled CONTEXT: {"email_type":"customer_completed_order","status":"disabled","recipient":"guest","order":9907}
2026-09-14T15:26:13+00:00 NOTICE Email "customer_completed_order" for order #10018 not sent: email type is disabled CONTEXT: {"email_type":"customer_completed_order","status":"disabled","recipient":"guest","order":10018}
2026-09-14T15:26:13+00:00 NOTICE Email "customer_completed_order" for order #10061 not sent: email type is disabled CONTEXT: {"email_type":"customer_completed_order","status":"disabled","recipient":"guest","order":10061}
2026-09-14T15:26:14+00:00 NOTICE Email "customer_completed_order" for order #10126 not sent: email type is disabled CONTEXT: {"email_type":"customer_completed_order","status":"disabled","recipient":"guest","order":10126}
2026-09-14T15:26:14+00:00 NOTICE Email "customer_completed_order" for order #10128 not sent: email type is disabled CONTEXT: {"email_type":"customer_completed_order","status":"disabled","recipient":"guest","order":10128}
2026-09-14T15:26:14+00:00 NOTICE Email "customer_completed_order" for order #10140 not sent: email type is disabled CONTEXT: {"email_type":"customer_completed_order","status":"disabled","recipient":"guest","order":10140}
2026-09-14T15:26:14+00:00 NOTICE Email "customer_completed_order" for order #10148 not sent: email type is disabled CONTEXT: {"email_type":"customer_completed_order","status":"disabled","recipient":"guest","order":10148}
2026-09-14T15:26:14+00:00 NOTICE Email "customer_completed_order" for order #10168 not sent: email type is disabled CONTEXT: {"email_type":"customer_completed_order","status":"disabled","recipient":"guest","order":10168}
2026-09-14T15:26:17+00:00 NOTICE Email "customer_completed_order" for order #10285 not sent: email type is disabled CONTEXT: {"email_type":"customer_completed_order","status":"disabled","recipient":"guest","order":10285}
2026-09-14T15:26:21+00:00 NOTICE Email "customer_completed_order" for order #10199 not sent: email type is disabled CONTEXT: {"email_type":"customer_completed_order","status":"disabled","recipient":"guest","order":10199}
2026-09-14T15:26:21+00:00 NOTICE Email "customer_completed_order" for order #10200 not sent: email type is disabled CONTEXT: {"email_type":"customer_completed_order","status":"disabled","recipient":"guest","order":10200}
2026-09-14T15:26:21+00:00 NOTICE Email "customer_completed_order" for order #10215 not sent: email type is disabled CONTEXT: {"email_type":"customer_completed_order","status":"disabled","recipient":"guest","order":10215}
2026-09-14T15:26:21+00:00 NOTICE Email "customer_completed_order" for order #10219 not sent: email type is disabled CONTEXT: {"email_type":"customer_completed_order","status":"disabled","recipient":"guest","order":10219}
2026-09-14T15:26:21+00:00 NOTICE Email "customer_completed_order" for order #10242 not sent: email type is disabled CONTEXT: {"email_type":"customer_completed_order","status":"disabled","recipient":"guest","order":10242}
2026-09-14T15:26:21+00:00 NOTICE Email "customer_completed_order" for order #10262 not sent: email type is disabled CONTEXT: {"email_type":"customer_completed_order","status":"disabled","recipient":"guest","order":10262}
2026-09-14T15:26:21+00:00 NOTICE Email "customer_completed_order" for order #10285 not sent: email type is disabled CONTEXT: {"email_type":"customer_completed_order","status":"disabled","recipient":"guest","order":10285}
2026-09-14T15:26:21+00:00 NOTICE Email "customer_completed_order" for order #10286 not sent: email type is disabled CONTEXT: {"email_type":"customer_completed_order","status":"disabled","recipient":"guest","order":10286}
2026-09-14T15:26:21+00:00 NOTICE Email "customer_completed_order" for order #10299 not sent: email type is disabled CONTEXT: {"email_type":"customer_completed_order","status":"disabled","recipient":"guest","order":10299}
2026-09-14T15:26:21+00:00 NOTICE Email "customer_completed_order" for order #10307 not sent: email type is disabled CONTEXT: {"email_type":"customer_completed_order","status":"disabled","recipient":"guest","order":10307}
2026-09-14T15:26:22+00:00 NOTICE Email "customer_completed_order" for order #10312 not sent: email type is disabled CONTEXT: {"email_type":"customer_completed_order","status":"disabled","recipient":"guest","order":10312}
2026-09-14T15:26:22+00:00 NOTICE Email "customer_failed_order" for order #10320 not sent: email type is disabled CONTEXT: {"email_type":"customer_failed_order","status":"disabled","recipient":"guest","order":10320}
2026-09-14T15:26:22+00:00 NOTICE Email "customer_completed_order" for order #10327 not sent: email type is disabled CONTEXT: {"email_type":"customer_completed_order","status":"disabled","recipient":"guest","order":10327}
2026-09-14T15:26:22+00:00 NOTICE Email "customer_completed_order" for order #10333 not sent: email type is disabled CONTEXT: {"email_type":"customer_completed_order","status":"disabled","recipient":"guest","order":10333}
2026-09-14T15:26:22+00:00 NOTICE Email "customer_completed_order" for order #10342 not sent: email type is disabled CONTEXT: {"email_type":"customer_completed_order","status":"disabled","recipient":"guest","order":10342}
2026-09-14T15:26:27+00:00 INFO Email "cancelled_order" for order #10351 sent CONTEXT: {"email_type":"cancelled_order","status":"sent","recipient":"guest","order":10351}
2026-09-14T15:26:31+00:00 NOTICE Email "customer_completed_order" for order #10291 not sent: email type is disabled CONTEXT: {"email_type":"customer_completed_order","status":"disabled","recipient":"guest","order":10291}
2026-09-14T15:26:31+00:00 NOTICE Email "customer_completed_order" for order #9938 not sent: email type is disabled CONTEXT: {"email_type":"customer_completed_order","status":"disabled","recipient":"guest","order":9938}
2026-09-14T15:26:31+00:00 NOTICE Email "customer_completed_order" for order #10112 not sent: email type is disabled CONTEXT: {"email_type":"customer_completed_order","status":"disabled","recipient":"guest","order":10112}
2026-09-14T15:26:32+00:00 NOTICE Email "customer_completed_order" for order #10258 not sent: email type is disabled CONTEXT: {"email_type":"customer_completed_order","status":"disabled","recipient":"guest","order":10258}
2026-09-14T15:26:41+00:00 NOTICE Email "customer_failed_order" for order #10388 not sent: email type is disabled CONTEXT: {"email_type":"customer_failed_order","status":"disabled","recipient":"guest","order":10388}
2026-09-14T15:26:42+00:00 NOTICE Email "customer_failed_order" for order #10302 not sent: email type is disabled CONTEXT: {"email_type":"customer_failed_order","status":"disabled","recipient":"guest","order":10302}
2026-09-14T15:26:42+00:00 NOTICE Email "customer_completed_order" for order #9997 not sent: email type is disabled CONTEXT: {"email_type":"customer_completed_order","status":"disabled","recipient":"guest","order":9997}
2026-09-14T15:26:42+00:00 NOTICE Email "customer_completed_order" for order #9766 not sent: email type is disabled CONTEXT: {"email_type":"customer_completed_order","status":"disabled","recipient":"guest","order":9766}
2026-09-14T15:26:42+00:00 NOTICE Email "customer_completed_order" for order #10162 not sent: email type is disabled CONTEXT: {"email_type":"customer_completed_order","status":"disabled","recipient":"guest","order":10162}
2026-09-14T15:26:45+00:00 INFO Email "failed_order" for order #10388 sent CONTEXT: {"email_type":"failed_order","status":"sent","recipient":"guest","order":10388}
2026-09-14T15:27:01+00:00 NOTICE Email "customer_completed_order" for order #9852 not sent: email type is disabled CONTEXT: {"email_type":"customer_completed_order","status":"disabled","recipient":"guest","order":9852}
2026-09-14T15:27:11+00:00 INFO Email "cancelled_order" for order #10337 sent CONTEXT: {"email_type":"cancelled_order","status":"sent","recipient":"guest","order":10337}
2026-09-14T15:27:11+00:00 NOTICE Email "customer_completed_order" for order #10176 not sent: email type is disabled CONTEXT: {"email_type":"customer_completed_order","status":"disabled","recipient":"guest","order":10176}
2026-09-14T15:27:56+00:00 INFO Email "cancelled_order" for order #10397 sent CONTEXT: {"email_type":"cancelled_order","status":"sent","recipient":"guest","order":10397}
2026-09-14T15:28:30+00:00 INFO Email "cancelled_order" for order #10350 sent CONTEXT: {"email_type":"cancelled_order","status":"sent","recipient":"guest","order":10350}
2026-09-14T15:28:42+00:00 INFO Email "cancelled_order" for order #10369 sent CONTEXT: {"email_type":"cancelled_order","status":"sent","recipient":"guest","order":10369}
2026-09-14T15:28:42+00:00 NOTICE Email "customer_failed_order" for order #10390 not sent: email type is disabled CONTEXT: {"email_type":"customer_failed_order","status":"disabled","recipient":"guest","order":10390}
2026-09-14T15:28:47+00:00 INFO Email "failed_order" for order #10390 sent CONTEXT: {"email_type":"failed_order","status":"sent","recipient":"guest","order":10390}
2026-09-14T15:28:50+00:00 NOTICE Email "customer_failed_order" for order #10208 not sent: email type is disabled CONTEXT: {"email_type":"customer_failed_order","status":"disabled","recipient":"guest","order":10208}
2026-09-14T15:29:14+00:00 INFO Email "cancelled_order" for order #10391 sent CONTEXT: {"email_type":"cancelled_order","status":"sent","recipient":"guest","order":10391}
2026-09-14T15:29:16+00:00 NOTICE Email "customer_completed_order" for order #9923 not sent: email type is disabled CONTEXT: {"email_type":"customer_completed_order","status":"disabled","recipient":"guest","order":9923}
2026-09-14T15:29:23+00:00 NOTICE Email "customer_completed_order" for order #10219 not sent: email type is disabled CONTEXT: {"email_type":"customer_completed_order","status":"disabled","recipient":"guest","order":10219}
2026-09-14T15:29:33+00:00 NOTICE Email "customer_completed_order" for order #10327 not sent: email type is disabled CONTEXT: {"email_type":"customer_completed_order","status":"disabled","recipient":"guest","order":10327}
2026-09-14T15:29:40+00:00 INFO Email "cancelled_order" for order #10371 sent CONTEXT: {"email_type":"cancelled_order","status":"sent","recipient":"guest","order":10371}
2026-09-14T15:29:40+00:00 NOTICE Email "customer_completed_order" for order #10196 not sent: email type is disabled CONTEXT: {"email_type":"customer_completed_order","status":"disabled","recipient":"guest","order":10196}
2026-09-14T15:29:41+00:00 NOTICE Email "customer_completed_order" for order #9900 not sent: email type is disabled CONTEXT: {"email_type":"customer_completed_order","status":"disabled","recipient":"guest","order":9900}
2026-09-14T15:29:49+00:00 NOTICE Email "customer_completed_order" for order #10141 not sent: email type is disabled CONTEXT: {"email_type":"customer_completed_order","status":"disabled","recipient":"guest","order":10141}
2026-09-14T15:29:49+00:00 NOTICE Email "customer_completed_order" for order #9809 not sent: email type is disabled CONTEXT: {"email_type":"customer_completed_order","status":"disabled","recipient":"guest","order":9809}
2026-09-14T15:29:57+00:00 INFO Email "cancelled_order" for order #10332 sent CONTEXT: {"email_type":"cancelled_order","status":"sent","recipient":"guest","order":10332}
2026-09-14T15:29:57+00:00 NOTICE Email "customer_completed_order" for order #10086 not sent: email type is disabled CONTEXT: {"email_type":"customer_completed_order","status":"disabled","recipient":"guest","order":10086}
2026-09-14T15:29:57+00:00 NOTICE Email "customer_completed_order" for order #9785 not sent: email type is disabled CONTEXT: {"email_type":"customer_completed_order","status":"disabled","recipient":"guest","order":9785}
2026-09-14T15:30:06+00:00 NOTICE Email "customer_completed_order" for order #9851 not sent: email type is disabled CONTEXT: {"email_type":"customer_completed_order","status":"disabled","recipient":"guest","order":9851}
2026-09-14T15:30:14+00:00 NOTICE Email "customer_completed_order" for order #9865 not sent: email type is disabled CONTEXT: {"email_type":"customer_completed_order","status":"disabled","recipient":"guest","order":9865}
2026-09-14T15:30:14+00:00 NOTICE Email "customer_completed_order" for order #10216 not sent: email type is disabled CONTEXT: {"email_type":"customer_completed_order","status":"disabled","recipient":"guest","order":10216}
2026-09-14T15:30:30+00:00 NOTICE Email "customer_completed_order" for order #9907 not sent: email type is disabled CONTEXT: {"email_type":"customer_completed_order","status":"disabled","recipient":"guest","order":9907}
2026-09-14T15:31:25+00:00 NOTICE Email "customer_completed_order" for order #10140 not sent: email type is disabled CONTEXT: {"email_type":"customer_completed_order","status":"disabled","recipient":"guest","order":10140}
2026-09-14T15:31:40+00:00 NOTICE Email "customer_completed_order" for order #10338 not sent: email type is disabled CONTEXT: {"email_type":"customer_completed_order","status":"disabled","recipient":"guest","order":10338}
2026-09-14T15:31:57+00:00 NOTICE Email "customer_completed_order" for order #10249 not sent: email type is disabled CONTEXT: {"email_type":"customer_completed_order","status":"disabled","recipient":"guest","order":10249}
2026-09-14T15:32:25+00:00 INFO Email "cancelled_order" for order #10331 sent CONTEXT: {"email_type":"cancelled_order","status":"sent","recipient":"guest","order":10331}
2026-09-14T15:32:30+00:00 NOTICE Email "customer_completed_order" for order #10242 not sent: email type is disabled CONTEXT: {"email_type":"customer_completed_order","status":"disabled","recipient":"guest","order":10242}
2026-09-14T15:32:31+00:00 NOTICE Email "customer_completed_order" for order #10334 not sent: email type is disabled CONTEXT: {"email_type":"customer_completed_order","status":"disabled","recipient":"guest","order":10334}
2026-09-14T15:32:31+00:00 NOTICE Email "customer_completed_order" for order #10018 not sent: email type is disabled CONTEXT: {"email_type":"customer_completed_order","status":"disabled","recipient":"guest","order":10018}
2026-09-14T15:32:40+00:00 NOTICE Email "customer_completed_order" for order #10168 not sent: email type is disabled CONTEXT: {"email_type":"customer_completed_order","status":"disabled","recipient":"guest","order":10168}
2026-09-14T15:32:40+00:00 NOTICE Email "customer_completed_order" for order #10176 not sent: email type is disabled CONTEXT: {"email_type":"customer_completed_order","status":"disabled","recipient":"guest","order":10176}
2026-09-14T15:32:40+00:00 NOTICE Email "customer_completed_order" for order #10034 not sent: email type is disabled CONTEXT: {"email_type":"customer_completed_order","status":"disabled","recipient":"guest","order":10034}
2026-09-14T15:32:40+00:00 NOTICE Email "customer_completed_order" for order #9867 not sent: email type is disabled CONTEXT: {"email_type":"customer_completed_order","status":"disabled","recipient":"guest","order":9867}
2026-09-14T15:32:57+00:00 NOTICE Email "customer_completed_order" for order #10199 not sent: email type is disabled CONTEXT: {"email_type":"customer_completed_order","status":"disabled","recipient":"guest","order":10199}
2026-09-14T15:32:57+00:00 NOTICE Email "customer_completed_order" for order #10286 not sent: email type is disabled CONTEXT: {"email_type":"customer_completed_order","status":"disabled","recipient":"guest","order":10286}
2026-09-14T15:33:15+00:00 NOTICE Email "customer_completed_order" for order #9766 not sent: email type is disabled CONTEXT: {"email_type":"customer_completed_order","status":"disabled","recipient":"guest","order":9766}
2026-09-14T15:33:15+00:00 NOTICE Email "customer_failed_order" for order #10302 not sent: email type is disabled CONTEXT: {"email_type":"customer_failed_order","status":"disabled","recipient":"guest","order":10302}
2026-09-14T15:33:50+00:00 NOTICE Email "customer_note" for order #10698 not sent: email type is disabled CONTEXT: {"email_type":"customer_note","status":"disabled","recipient":"guest","order":10698}
2026-09-14T15:34:02+00:00 NOTICE Email "customer_completed_order" for order #10289 not sent: email type is disabled CONTEXT: {"email_type":"customer_completed_order","status":"disabled","recipient":"guest","order":10289}
2026-09-14T15:34:06+00:00 NOTICE Email "customer_completed_order" for order #10312 not sent: email type is disabled CONTEXT: {"email_type":"customer_completed_order","status":"disabled","recipient":"guest","order":10312}
2026-09-14T15:34:24+00:00 NOTICE Email "customer_completed_order" for order #10247 not sent: email type is disabled CONTEXT: {"email_type":"customer_completed_order","status":"disabled","recipient":"guest","order":10247}
2026-09-14T15:34:24+00:00 NOTICE Email "customer_completed_order" for order #10185 not sent: email type is disabled CONTEXT: {"email_type":"customer_completed_order","status":"disabled","recipient":"guest","order":10185}
2026-09-14T15:34:40+00:00 NOTICE Email "customer_completed_order" for order #10307 not sent: email type is disabled CONTEXT: {"email_type":"customer_completed_order","status":"disabled","recipient":"guest","order":10307}
2026-09-14T15:34:40+00:00 NOTICE Email "customer_completed_order" for order #10349 not sent: email type is disabled CONTEXT: {"email_type":"customer_completed_order","status":"disabled","recipient":"guest","order":10349}
2026-09-14T15:34:42+00:00 INFO Email "cancelled_order" for order #10351 sent CONTEXT: {"email_type":"cancelled_order","status":"sent","recipient":"guest","order":10351}
2026-09-14T15:34:57+00:00 NOTICE Email "customer_completed_order" for order #9952 not sent: email type is disabled CONTEXT: {"email_type":"customer_completed_order","status":"disabled","recipient":"guest","order":9952}
2026-09-14T15:34:58+00:00 NOTICE Email "customer_completed_order" for order #10162 not sent: email type is disabled CONTEXT: {"email_type":"customer_completed_order","status":"disabled","recipient":"guest","order":10162}
2026-09-14T15:35:13+00:00 INFO Email "new_order" for order #10698 sent CONTEXT: {"email_type":"new_order","status":"sent","recipient":"guest","order":10698}
2026-09-14T15:35:13+00:00 NOTICE Email "customer_processing_order" for order #10698 not sent: email type is disabled CONTEXT: {"email_type":"customer_processing_order","status":"disabled","recipient":"guest","order":10698}
2026-09-14T15:35:13+00:00 NOTICE Email "customer_note" for order #10698 not sent: email type is disabled CONTEXT: {"email_type":"customer_note","status":"disabled","recipient":"guest","order":10698}
2026-09-14T15:35:17+00:00 NOTICE Email "customer_completed_order" for order #9943 not sent: email type is disabled CONTEXT: {"email_type":"customer_completed_order","status":"disabled","recipient":"guest","order":9943}
2026-09-14T15:35:33+00:00 NOTICE Email "customer_completed_order" for order #10258 not sent: email type is disabled CONTEXT: {"email_type":"customer_completed_order","status":"disabled","recipient":"guest","order":10258}
2026-09-14T15:35:49+00:00 NOTICE Email "customer_completed_order" for order #10112 not sent: email type is disabled CONTEXT: {"email_type":"customer_completed_order","status":"disabled","recipient":"guest","order":10112}
2026-09-14T15:35:50+00:00 NOTICE Email "customer_completed_order" for order #9938 not sent: email type is disabled CONTEXT: {"email_type":"customer_completed_order","status":"disabled","recipient":"guest","order":9938}
2026-09-14T15:36:13+00:00 NOTICE Email "customer_completed_order" for order #10222 not sent: email type is disabled CONTEXT: {"email_type":"customer_completed_order","status":"disabled","recipient":"guest","order":10222}
2026-09-14T15:36:22+00:00 NOTICE Email "customer_completed_order" for order #10003 not sent: email type is disabled CONTEXT: {"email_type":"customer_completed_order","status":"disabled","recipient":"guest","order":10003}
2026-09-14T15:36:25+00:00 INFO Email "cancelled_order" for order #10360 sent CONTEXT: {"email_type":"cancelled_order","status":"sent","recipient":"guest","order":10360}
2026-09-14T15:36:26+00:00 NOTICE Email "customer_completed_order" for order #9833 not sent: email type is disabled CONTEXT: {"email_type":"customer_completed_order","status":"disabled","recipient":"guest","order":9833}
2026-09-14T15:36:26+00:00 NOTICE Email "customer_completed_order" for order #9950 not sent: email type is disabled CONTEXT: {"email_type":"customer_completed_order","status":"disabled","recipient":"guest","order":9950}
2026-09-14T15:36:42+00:00 NOTICE Email "customer_completed_order" for order #10250 not sent: email type is disabled CONTEXT: {"email_type":"customer_completed_order","status":"disabled","recipient":"guest","order":10250}
2026-09-14T15:36:42+00:00 NOTICE Email "customer_completed_order" for order #10239 not sent: email type is disabled CONTEXT: {"email_type":"customer_completed_order","status":"disabled","recipient":"guest","order":10239}
2026-09-14T15:37:50+00:00 NOTICE Email "customer_completed_order" for order #10061 not sent: email type is disabled CONTEXT: {"email_type":"customer_completed_order","status":"disabled","recipient":"guest","order":10061}
2026-09-14T15:38:25+00:00 NOTICE Email "customer_completed_order" for order #10200 not sent: email type is disabled CONTEXT: {"email_type":"customer_completed_order","status":"disabled","recipient":"guest","order":10200}
2026-09-14T15:38:26+00:00 NOTICE Email "customer_completed_order" for order #10086 not sent: email type is disabled CONTEXT: {"email_type":"customer_completed_order","status":"disabled","recipient":"guest","order":10086}
2026-09-14T15:38:27+00:00 NOTICE Email "customer_completed_order" for order #9809 not sent: email type is disabled CONTEXT: {"email_type":"customer_completed_order","status":"disabled","recipient":"guest","order":9809}
2026-09-14T15:41:02+00:00 NOTICE Email "customer_completed_order" for order #9810 not sent: email type is disabled CONTEXT: {"email_type":"customer_completed_order","status":"disabled","recipient":"guest","order":9810}
2026-09-14T15:41:31+00:00 NOTICE Email "customer_completed_order" for order #10319 not sent: email type is disabled CONTEXT: {"email_type":"customer_completed_order","status":"disabled","recipient":"guest","order":10319}
2026-09-14T15:41:31+00:00 NOTICE Email "customer_completed_order" for order #10333 not sent: email type is disabled CONTEXT: {"email_type":"customer_completed_order","status":"disabled","recipient":"guest","order":10333}
2026-09-14T15:41:31+00:00 NOTICE Email "customer_completed_order" for order #10342 not sent: email type is disabled CONTEXT: {"email_type":"customer_completed_order","status":"disabled","recipient":"guest","order":10342}
2026-09-14T15:42:35+00:00 INFO Email "cancelled_order" for order #10373 sent CONTEXT: {"email_type":"cancelled_order","status":"sent","recipient":"guest","order":10373}
2026-09-14T15:46:02+00:00 NOTICE Email "customer_completed_order" for order #10233 not sent: email type is disabled CONTEXT: {"email_type":"customer_completed_order","status":"disabled","recipient":"guest","order":10233}
2026-09-14T15:46:22+00:00 NOTICE Email "customer_completed_order" for order #10266 not sent: email type is disabled CONTEXT: {"email_type":"customer_completed_order","status":"disabled","recipient":"guest","order":10266}
2026-09-14T15:47:22+00:00 NOTICE Email "customer_completed_order" for order #10262 not sent: email type is disabled CONTEXT: {"email_type":"customer_completed_order","status":"disabled","recipient":"guest","order":10262}
2026-09-14T15:47:41+00:00 NOTICE Email "customer_failed_order" for order #10320 not sent: email type is disabled CONTEXT: {"email_type":"customer_failed_order","status":"disabled","recipient":"guest","order":10320}
2026-09-14T15:47:57+00:00 NOTICE Email "customer_completed_order" for order #10242 not sent: email type is disabled CONTEXT: {"email_type":"customer_completed_order","status":"disabled","recipient":"guest","order":10242}
2026-09-14T15:48:13+00:00 NOTICE Email "customer_completed_order" for order #10334 not sent: email type is disabled CONTEXT: {"email_type":"customer_completed_order","status":"disabled","recipient":"guest","order":10334}
2026-09-14T15:48:14+00:00 NOTICE Email "customer_completed_order" for order #10299 not sent: email type is disabled CONTEXT: {"email_type":"customer_completed_order","status":"disabled","recipient":"guest","order":10299}
2026-09-14T15:48:14+00:00 NOTICE Email "customer_completed_order" for order #10018 not sent: email type is disabled CONTEXT: {"email_type":"customer_completed_order","status":"disabled","recipient":"guest","order":10018}
2026-09-14T15:48:33+00:00 NOTICE Email "customer_completed_order" for order #10286 not sent: email type is disabled CONTEXT: {"email_type":"customer_completed_order","status":"disabled","recipient":"guest","order":10286}
2026-09-14T15:48:46+00:00 NOTICE Email "customer_completed_order" for order #9867 not sent: email type is disabled CONTEXT: {"email_type":"customer_completed_order","status":"disabled","recipient":"guest","order":9867}
2026-09-14T15:48:50+00:00 NOTICE Email "customer_completed_order" for order #9997 not sent: email type is disabled CONTEXT: {"email_type":"customer_completed_order","status":"disabled","recipient":"guest","order":9997}
2026-09-14T15:49:35+00:00 NOTICE Email "customer_completed_order" for order #10185 not sent: email type is disabled CONTEXT: {"email_type":"customer_completed_order","status":"disabled","recipient":"guest","order":10185}
2026-09-14T15:52:49+00:00 NOTICE Email "customer_note" for order #10699 not sent: email type is disabled CONTEXT: {"email_type":"customer_note","status":"disabled","recipient":"guest","order":10699}
2026-09-14T15:53:28+00:00 NOTICE Email "customer_failed_order" for order #10559 not sent: email type is disabled CONTEXT: {"email_type":"customer_failed_order","status":"disabled","recipient":"guest","order":10559}
2026-09-14T15:53:33+00:00 INFO Email "failed_order" for order #10559 sent CONTEXT: {"email_type":"failed_order","status":"sent","recipient":"guest","order":10559}
2026-09-14T15:53:39+00:00 INFO Email "cancelled_order" for order #10612 sent CONTEXT: {"email_type":"cancelled_order","status":"sent","recipient":"guest","order":10612}
2026-09-14T15:55:35+00:00 NOTICE Email "customer_note" for order #10701 not sent: email type is disabled CONTEXT: {"email_type":"customer_note","status":"disabled","recipient":"guest","order":10701}
2026-09-14T15:55:42+00:00 NOTICE Email "customer_note" for order #10702 not sent: email type is disabled CONTEXT: {"email_type":"customer_note","status":"disabled","recipient":"guest","order":10702}
2026-09-14T15:56:33+00:00 INFO Email "new_order" for order #10700 sent CONTEXT: {"email_type":"new_order","status":"sent","recipient":"guest","order":10700}
2026-09-14T15:56:33+00:00 NOTICE Email "customer_processing_order" for order #10700 not sent: email type is disabled CONTEXT: {"email_type":"customer_processing_order","status":"disabled","recipient":"guest","order":10700}
2026-09-14T16:08:57+00:00 NOTICE Email "customer_note" for order #10704 not sent: email type is disabled CONTEXT: {"email_type":"customer_note","status":"disabled","recipient":"guest","order":10704}
2026-09-14T16:09:41+00:00 INFO Email "new_order" for order #10703 sent CONTEXT: {"email_type":"new_order","status":"sent","recipient":"guest","order":10703}
2026-09-14T16:09:41+00:00 NOTICE Email "customer_processing_order" for order #10703 not sent: email type is disabled CONTEXT: {"email_type":"customer_processing_order","status":"disabled","recipient":"guest","order":10703}
2026-09-14T16:10:21+00:00 NOTICE Email "customer_note" for order #10704 not sent: email type is disabled CONTEXT: {"email_type":"customer_note","status":"disabled","recipient":"guest","order":10704}
2026-09-14T16:10:21+00:00 NOTICE Email "customer_note" for order #10704 not sent: email type is disabled CONTEXT: {"email_type":"customer_note","status":"disabled","recipient":"guest","order":10704}
2026-09-14T16:11:13+00:00 NOTICE Email "customer_note" for order #10704 not sent: email type is disabled CONTEXT: {"email_type":"customer_note","status":"disabled","recipient":"guest","order":10704}
2026-09-14T16:20:24+00:00 NOTICE Email "customer_note" for order #10704 not sent: email type is disabled CONTEXT: {"email_type":"customer_note","status":"disabled","recipient":"guest","order":10704}
2026-09-14T16:23:41+00:00 INFO Email "new_order" for order #10704 sent CONTEXT: {"email_type":"new_order","status":"sent","recipient":"guest","order":10704}
2026-09-14T16:23:41+00:00 NOTICE Email "customer_processing_order" for order #10704 not sent: email type is disabled CONTEXT: {"email_type":"customer_processing_order","status":"disabled","recipient":"guest","order":10704}
2026-09-14T16:23:41+00:00 NOTICE Email "customer_note" for order #10704 not sent: email type is disabled CONTEXT: {"email_type":"customer_note","status":"disabled","recipient":"guest","order":10704}
2026-09-14T16:23:59+00:00 INFO Email "cancelled_order" for order #10459 sent CONTEXT: {"email_type":"cancelled_order","status":"sent","recipient":"guest","order":10459}
2026-09-14T16:29:12+00:00 NOTICE Email "customer_note" for order #10704 not sent: email type is disabled CONTEXT: {"email_type":"customer_note","status":"disabled","recipient":"guest","order":10704}
2026-09-14T16:29:12+00:00 NOTICE Email "customer_note" for order #10704 not sent: email type is disabled CONTEXT: {"email_type":"customer_note","status":"disabled","recipient":"guest","order":10704}
2026-09-14T16:29:12+00:00 NOTICE Email "customer_note" for order #10704 not sent: email type is disabled CONTEXT: {"email_type":"customer_note","status":"disabled","recipient":"guest","order":10704}
2026-09-14T16:29:18+00:00 NOTICE Email "customer_note" for order #10704 not sent: email type is disabled CONTEXT: {"email_type":"customer_note","status":"disabled","recipient":"guest","order":10704}
2026-09-14T16:38:34+00:00 NOTICE Email "customer_note" for order #10706 not sent: email type is disabled CONTEXT: {"email_type":"customer_note","status":"disabled","recipient":"guest","order":10706}
2026-09-14T16:39:29+00:00 NOTICE Email "customer_note" for order #10707 not sent: email type is disabled CONTEXT: {"email_type":"customer_note","status":"disabled","recipient":"guest","order":10707}
2026-09-14T16:40:56+00:00 INFO Email "new_order" for order #10706 sent CONTEXT: {"email_type":"new_order","status":"sent","recipient":"guest","order":10706}
2026-09-14T16:40:56+00:00 NOTICE Email "customer_processing_order" for order #10706 not sent: email type is disabled CONTEXT: {"email_type":"customer_processing_order","status":"disabled","recipient":"guest","order":10706}
2026-09-14T16:40:56+00:00 NOTICE Email "customer_note" for order #10706 not sent: email type is disabled CONTEXT: {"email_type":"customer_note","status":"disabled","recipient":"guest","order":10706}
2026-09-14T16:40:59+00:00 INFO Email "cancelled_order" for order #10705 sent CONTEXT: {"email_type":"cancelled_order","status":"sent","recipient":"guest","order":10705}
2026-09-14T16:45:17+00:00 NOTICE Email "customer_note" for order #10708 not sent: email type is disabled CONTEXT: {"email_type":"customer_note","status":"disabled","recipient":"guest","order":10708}
2026-09-14T16:55:08+00:00 NOTICE Email "customer_note" for order #10709 not sent: email type is disabled CONTEXT: {"email_type":"customer_note","status":"disabled","recipient":"guest","order":10709}
2026-09-14T16:55:14+00:00 INFO Email "cancelled_order" for order #10699 sent CONTEXT: {"email_type":"cancelled_order","status":"sent","recipient":"guest","order":10699}
2026-09-14T16:57:21+00:00 INFO Email "new_order" for order #10709 sent CONTEXT: {"email_type":"new_order","status":"sent","recipient":"guest","order":10709}
2026-09-14T16:57:21+00:00 NOTICE Email "customer_processing_order" for order #10709 not sent: email type is disabled CONTEXT: {"email_type":"customer_processing_order","status":"disabled","recipient":"guest","order":10709}
2026-09-14T16:57:21+00:00 NOTICE Email "customer_note" for order #10709 not sent: email type is disabled CONTEXT: {"email_type":"customer_note","status":"disabled","recipient":"guest","order":10709}
2026-09-14T17:08:12+00:00 NOTICE Email "customer_note" for order #10711 not sent: email type is disabled CONTEXT: {"email_type":"customer_note","status":"disabled","recipient":"guest","order":10711}
2026-09-14T17:21:12+00:00 NOTICE Email "customer_note" for order #10713 not sent: email type is disabled CONTEXT: {"email_type":"customer_note","status":"disabled","recipient":"guest","order":10713}
2026-09-14T17:24:40+00:00 NOTICE Email "customer_note" for order #10714 not sent: email type is disabled CONTEXT: {"email_type":"customer_note","status":"disabled","recipient":"guest","order":10714}
2026-09-14T17:24:40+00:00 INFO Email "cancelled_order" for order #10711 sent CONTEXT: {"email_type":"cancelled_order","status":"sent","recipient":"guest","order":10711}
2026-09-14T17:25:25+00:00 NOTICE Email "customer_note" for order #10715 not sent: email type is disabled CONTEXT: {"email_type":"customer_note","status":"disabled","recipient":"guest","order":10715}
2026-09-14T17:25:38+00:00 INFO Email "new_order" for order #10713 sent CONTEXT: {"email_type":"new_order","status":"sent","recipient":"guest","order":10713}
2026-09-14T17:25:38+00:00 NOTICE Email "customer_processing_order" for order #10713 not sent: email type is disabled CONTEXT: {"email_type":"customer_processing_order","status":"disabled","recipient":"guest","order":10713}
2026-09-14T17:25:38+00:00 NOTICE Email "customer_note" for order #10713 not sent: email type is disabled CONTEXT: {"email_type":"customer_note","status":"disabled","recipient":"guest","order":10713}
2026-09-14T17:27:04+00:00 INFO Email "new_order" for order #10714 sent CONTEXT: {"email_type":"new_order","status":"sent","recipient":"guest","order":10714}
2026-09-14T17:27:04+00:00 NOTICE Email "customer_processing_order" for order #10714 not sent: email type is disabled CONTEXT: {"email_type":"customer_processing_order","status":"disabled","recipient":"guest","order":10714}
2026-09-14T17:27:04+00:00 NOTICE Email "customer_note" for order #10714 not sent: email type is disabled CONTEXT: {"email_type":"customer_note","status":"disabled","recipient":"guest","order":10714}
2026-09-14T17:27:07+00:00 INFO Email "cancelled_order" for order #10710 sent CONTEXT: {"email_type":"cancelled_order","status":"sent","recipient":"guest","order":10710}
2026-09-14T17:29:20+00:00 NOTICE Email "customer_note" for order #10718 not sent: email type is disabled CONTEXT: {"email_type":"customer_note","status":"disabled","recipient":"guest","order":10718}
2026-09-14T17:30:44+00:00 INFO Email "new_order" for order #10718 sent CONTEXT: {"email_type":"new_order","status":"sent","recipient":"guest","order":10718}
2026-09-14T17:30:44+00:00 NOTICE Email "customer_processing_order" for order #10718 not sent: email type is disabled CONTEXT: {"email_type":"customer_processing_order","status":"disabled","recipient":"guest","order":10718}
2026-09-14T17:30:44+00:00 NOTICE Email "customer_note" for order #10718 not sent: email type is disabled CONTEXT: {"email_type":"customer_note","status":"disabled","recipient":"guest","order":10718}
2026-09-14T17:30:58+00:00 NOTICE Email "customer_note" for order #10718 not sent: email type is disabled CONTEXT: {"email_type":"customer_note","status":"disabled","recipient":"guest","order":10718}
2026-09-14T17:34:49+00:00 NOTICE Email "customer_note" for order #10720 not sent: email type is disabled CONTEXT: {"email_type":"customer_note","status":"disabled","recipient":"guest","order":10720}
2026-09-14T17:34:55+00:00 INFO Email "cancelled_order" for order #10715 sent CONTEXT: {"email_type":"cancelled_order","status":"sent","recipient":"guest","order":10715}
2026-09-14T17:36:05+00:00 INFO Email "new_order" for order #10720 sent CONTEXT: {"email_type":"new_order","status":"sent","recipient":"guest","order":10720}
2026-09-14T17:36:05+00:00 NOTICE Email "customer_processing_order" for order #10720 not sent: email type is disabled CONTEXT: {"email_type":"customer_processing_order","status":"disabled","recipient":"guest","order":10720}
2026-09-14T17:36:05+00:00 NOTICE Email "customer_note" for order #10720 not sent: email type is disabled CONTEXT: {"email_type":"customer_note","status":"disabled","recipient":"guest","order":10720}
2026-09-14T17:42:23+00:00 INFO Email "cancelled_order" for order #10712 sent CONTEXT: {"email_type":"cancelled_order","status":"sent","recipient":"guest","order":10712}
2026-09-14T17:51:46+00:00 NOTICE Email "customer_note" for order #10721 not sent: email type is disabled CONTEXT: {"email_type":"customer_note","status":"disabled","recipient":"guest","order":10721}
2026-09-14T17:52:37+00:00 NOTICE Email "customer_note" for order #10722 not sent: email type is disabled CONTEXT: {"email_type":"customer_note","status":"disabled","recipient":"guest","order":10722}
2026-09-14T17:54:18+00:00 NOTICE Email "customer_note" for order #10723 not sent: email type is disabled CONTEXT: {"email_type":"customer_note","status":"disabled","recipient":"guest","order":10723}
2026-09-14T17:54:23+00:00 INFO Email "cancelled_order" for order #10721 sent CONTEXT: {"email_type":"cancelled_order","status":"sent","recipient":"guest","order":10721}
2026-09-14T17:54:55+00:00 NOTICE Email "customer_note" for order #10724 not sent: email type is disabled CONTEXT: {"email_type":"customer_note","status":"disabled","recipient":"guest","order":10724}
2026-09-14T17:55:01+00:00 INFO Email "cancelled_order" for order #10722 sent CONTEXT: {"email_type":"cancelled_order","status":"sent","recipient":"guest","order":10722}
2026-09-14T17:56:49+00:00 INFO Email "cancelled_order" for order #10717 sent CONTEXT: {"email_type":"cancelled_order","status":"sent","recipient":"guest","order":10717}
2026-09-14T17:58:05+00:00 INFO Email "new_order" for order #10724 sent CONTEXT: {"email_type":"new_order","status":"sent","recipient":"guest","order":10724}
2026-09-14T17:58:05+00:00 NOTICE Email "customer_processing_order" for order #10724 not sent: email type is disabled CONTEXT: {"email_type":"customer_processing_order","status":"disabled","recipient":"guest","order":10724}
2026-09-14T17:58:05+00:00 NOTICE Email "customer_note" for order #10724 not sent: email type is disabled CONTEXT: {"email_type":"customer_note","status":"disabled","recipient":"guest","order":10724}
2026-09-14T18:02:41+00:00 NOTICE Email "customer_note" for order #10725 not sent: email type is disabled CONTEXT: {"email_type":"customer_note","status":"disabled","recipient":"guest","order":10725}
2026-09-14T18:02:46+00:00 INFO Email "cancelled_order" for order #10723 sent CONTEXT: {"email_type":"cancelled_order","status":"sent","recipient":"guest","order":10723}
2026-09-14T18:08:30+00:00 NOTICE Email "customer_note" for order #10726 not sent: email type is disabled CONTEXT: {"email_type":"customer_note","status":"disabled","recipient":"guest","order":10726}
2026-09-14T18:08:35+00:00 INFO Email "cancelled_order" for order #10725 sent CONTEXT: {"email_type":"cancelled_order","status":"sent","recipient":"guest","order":10725}
2026-09-14T18:11:22+00:00 NOTICE Email "customer_note" for order #10727 not sent: email type is disabled CONTEXT: {"email_type":"customer_note","status":"disabled","recipient":"guest","order":10727}
2026-09-14T18:11:27+00:00 INFO Email "cancelled_order" for order #10726 sent CONTEXT: {"email_type":"cancelled_order","status":"sent","recipient":"guest","order":10726}
2026-09-14T18:12:04+00:00 NOTICE Email "customer_note" for order #10728 not sent: email type is disabled CONTEXT: {"email_type":"customer_note","status":"disabled","recipient":"guest","order":10728}
2026-09-14T18:13:20+00:00 INFO Email "new_order" for order #10727 sent CONTEXT: {"email_type":"new_order","status":"sent","recipient":"guest","order":10727}
2026-09-14T18:13:20+00:00 NOTICE Email "customer_processing_order" for order #10727 not sent: email type is disabled CONTEXT: {"email_type":"customer_processing_order","status":"disabled","recipient":"guest","order":10727}
2026-09-14T18:13:20+00:00 NOTICE Email "customer_note" for order #10727 not sent: email type is disabled CONTEXT: {"email_type":"customer_note","status":"disabled","recipient":"guest","order":10727}
2026-09-14T18:32:09+00:00 NOTICE Email "customer_note" for order #10730 not sent: email type is disabled CONTEXT: {"email_type":"customer_note","status":"disabled","recipient":"guest","order":10730}
2026-09-14T18:34:44+00:00 NOTICE Email "customer_note" for order #10731 not sent: email type is disabled CONTEXT: {"email_type":"customer_note","status":"disabled","recipient":"guest","order":10731}
2026-09-14T18:40:15+00:00 NOTICE Email "customer_note" for order #10732 not sent: email type is disabled CONTEXT: {"email_type":"customer_note","status":"disabled","recipient":"guest","order":10732}
2026-09-14T18:42:01+00:00 INFO Email "new_order" for order #10732 sent CONTEXT: {"email_type":"new_order","status":"sent","recipient":"guest","order":10732}
2026-09-14T18:42:01+00:00 NOTICE Email "customer_processing_order" for order #10732 not sent: email type is disabled CONTEXT: {"email_type":"customer_processing_order","status":"disabled","recipient":"guest","order":10732}
2026-09-14T18:42:01+00:00 NOTICE Email "customer_note" for order #10732 not sent: email type is disabled CONTEXT: {"email_type":"customer_note","status":"disabled","recipient":"guest","order":10732}
2026-09-14T18:57:02+00:00 NOTICE Email "customer_note" for order #10734 not sent: email type is disabled CONTEXT: {"email_type":"customer_note","status":"disabled","recipient":"guest","order":10734}
2026-09-14T18:58:40+00:00 NOTICE Email "customer_note" for order #10735 not sent: email type is disabled CONTEXT: {"email_type":"customer_note","status":"disabled","recipient":"guest","order":10735}
2026-09-14T19:00:14+00:00 NOTICE Email "customer_note" for order #10735 not sent: email type is disabled CONTEXT: {"email_type":"customer_note","status":"disabled","recipient":"guest","order":10735}
2026-09-14T19:01:00+00:00 INFO Email "new_order" for order #10733 sent CONTEXT: {"email_type":"new_order","status":"sent","recipient":"guest","order":10733}
2026-09-14T19:01:00+00:00 NOTICE Email "customer_processing_order" for order #10733 not sent: email type is disabled CONTEXT: {"email_type":"customer_processing_order","status":"disabled","recipient":"guest","order":10733}
2026-09-14T19:04:59+00:00 NOTICE Email "customer_note" for order #10736 not sent: email type is disabled CONTEXT: {"email_type":"customer_note","status":"disabled","recipient":"guest","order":10736}
2026-09-14T19:07:02+00:00 INFO Email "new_order" for order #10736 sent CONTEXT: {"email_type":"new_order","status":"sent","recipient":"guest","order":10736}
2026-09-14T19:07:02+00:00 NOTICE Email "customer_processing_order" for order #10736 not sent: email type is disabled CONTEXT: {"email_type":"customer_processing_order","status":"disabled","recipient":"guest","order":10736}
2026-09-14T19:07:02+00:00 NOTICE Email "customer_note" for order #10736 not sent: email type is disabled CONTEXT: {"email_type":"customer_note","status":"disabled","recipient":"guest","order":10736}
2026-09-14T19:24:19+00:00 INFO Email "cancelled_order" for order #10730 sent CONTEXT: {"email_type":"cancelled_order","status":"sent","recipient":"guest","order":10730}
2026-09-14T19:25:43+00:00 INFO Email "new_order" for order #10737 sent CONTEXT: {"email_type":"new_order","status":"sent","recipient":"guest","order":10737}
2026-09-14T19:25:43+00:00 NOTICE Email "customer_processing_order" for order #10737 not sent: email type is disabled CONTEXT: {"email_type":"customer_processing_order","status":"disabled","recipient":"guest","order":10737}
2026-09-14T19:29:22+00:00 NOTICE Email "customer_note" for order #10738 not sent: email type is disabled CONTEXT: {"email_type":"customer_note","status":"disabled","recipient":"guest","order":10738}
2026-09-14T19:30:15+00:00 NOTICE Email "customer_note" for order #10738 not sent: email type is disabled CONTEXT: {"email_type":"customer_note","status":"disabled","recipient":"guest","order":10738}
2026-09-14T19:30:15+00:00 NOTICE Email "customer_note" for order #10738 not sent: email type is disabled CONTEXT: {"email_type":"customer_note","status":"disabled","recipient":"guest","order":10738}
2026-09-14T19:33:14+00:00 NOTICE Email "customer_note" for order #10738 not sent: email type is disabled CONTEXT: {"email_type":"customer_note","status":"disabled","recipient":"guest","order":10738}
2026-09-14T19:35:37+00:00 INFO Email "new_order" for order #10738 sent CONTEXT: {"email_type":"new_order","status":"sent","recipient":"guest","order":10738}
2026-09-14T19:35:37+00:00 NOTICE Email "customer_processing_order" for order #10738 not sent: email type is disabled CONTEXT: {"email_type":"customer_processing_order","status":"disabled","recipient":"guest","order":10738}
2026-09-14T19:35:37+00:00 NOTICE Email "customer_note" for order #10738 not sent: email type is disabled CONTEXT: {"email_type":"customer_note","status":"disabled","recipient":"guest","order":10738}
2026-09-14T19:37:34+00:00 NOTICE Email "customer_note" for order #10739 not sent: email type is disabled CONTEXT: {"email_type":"customer_note","status":"disabled","recipient":"guest","order":10739}
2026-09-14T19:38:30+00:00 NOTICE Email "customer_note" for order #10740 not sent: email type is disabled CONTEXT: {"email_type":"customer_note","status":"disabled","recipient":"guest","order":10740}
2026-09-14T19:46:04+00:00 NOTICE Email "customer_note" for order #10741 not sent: email type is disabled CONTEXT: {"email_type":"customer_note","status":"disabled","recipient":"guest","order":10741}
2026-09-14T19:47:09+00:00 INFO Email "new_order" for order #10740 sent CONTEXT: {"email_type":"new_order","status":"sent","recipient":"guest","order":10740}
2026-09-14T19:47:09+00:00 NOTICE Email "customer_processing_order" for order #10740 not sent: email type is disabled CONTEXT: {"email_type":"customer_processing_order","status":"disabled","recipient":"guest","order":10740}
2026-09-14T19:47:09+00:00 NOTICE Email "customer_note" for order #10740 not sent: email type is disabled CONTEXT: {"email_type":"customer_note","status":"disabled","recipient":"guest","order":10740}
2026-09-14T19:52:55+00:00 NOTICE Email "customer_note" for order #10742 not sent: email type is disabled CONTEXT: {"email_type":"customer_note","status":"disabled","recipient":"guest","order":10742}
2026-09-14T19:55:03+00:00 NOTICE Email "customer_note" for order #10743 not sent: email type is disabled CONTEXT: {"email_type":"customer_note","status":"disabled","recipient":"guest","order":10743}
2026-09-14T19:55:08+00:00 INFO Email "cancelled_order" for order #10741 sent CONTEXT: {"email_type":"cancelled_order","status":"sent","recipient":"guest","order":10741}
2026-09-14T19:59:07+00:00 NOTICE Email "customer_note" for order #10744 not sent: email type is disabled CONTEXT: {"email_type":"customer_note","status":"disabled","recipient":"guest","order":10744}
2026-09-14T19:59:12+00:00 INFO Email "cancelled_order" for order #10743 sent CONTEXT: {"email_type":"cancelled_order","status":"sent","recipient":"guest","order":10743}
2026-09-14T20:04:44+00:00 NOTICE Email "customer_note" for order #10745 not sent: email type is disabled CONTEXT: {"email_type":"customer_note","status":"disabled","recipient":"guest","order":10745}
2026-09-14T20:04:49+00:00 INFO Email "cancelled_order" for order #10744 sent CONTEXT: {"email_type":"cancelled_order","status":"sent","recipient":"guest","order":10744}
2026-09-14T20:10:27+00:00 NOTICE Email "customer_note" for order #10746 not sent: email type is disabled CONTEXT: {"email_type":"customer_note","status":"disabled","recipient":"guest","order":10746}
2026-09-14T20:10:41+00:00 NOTICE Email "customer_note" for order #10747 not sent: email type is disabled CONTEXT: {"email_type":"customer_note","status":"disabled","recipient":"guest","order":10747}
2026-09-14T20:11:50+00:00 NOTICE Email "customer_note" for order #10748 not sent: email type is disabled CONTEXT: {"email_type":"customer_note","status":"disabled","recipient":"guest","order":10748}
2026-09-14T20:12:28+00:00 NOTICE Email "customer_note" for order #10749 not sent: email type is disabled CONTEXT: {"email_type":"customer_note","status":"disabled","recipient":"guest","order":10749}
2026-09-14T20:14:37+00:00 INFO Email "new_order" for order #10747 sent CONTEXT: {"email_type":"new_order","status":"sent","recipient":"guest","order":10747}
2026-09-14T20:14:37+00:00 NOTICE Email "customer_processing_order" for order #10747 not sent: email type is disabled CONTEXT: {"email_type":"customer_processing_order","status":"disabled","recipient":"guest","order":10747}
2026-09-14T20:14:37+00:00 NOTICE Email "customer_note" for order #10747 not sent: email type is disabled CONTEXT: {"email_type":"customer_note","status":"disabled","recipient":"guest","order":10747}
2026-09-14T20:16:12+00:00 INFO Email "new_order" for order #10749 sent CONTEXT: {"email_type":"new_order","status":"sent","recipient":"guest","order":10749}
2026-09-14T20:16:12+00:00 NOTICE Email "customer_processing_order" for order #10749 not sent: email type is disabled CONTEXT: {"email_type":"customer_processing_order","status":"disabled","recipient":"guest","order":10749}
2026-09-14T20:16:12+00:00 NOTICE Email "customer_note" for order #10749 not sent: email type is disabled CONTEXT: {"email_type":"customer_note","status":"disabled","recipient":"guest","order":10749}
2026-09-14T20:17:05+00:00 NOTICE Email "customer_note" for order #10750 not sent: email type is disabled CONTEXT: {"email_type":"customer_note","status":"disabled","recipient":"guest","order":10750}
2026-09-14T20:17:10+00:00 INFO Email "cancelled_order" for order #10745 sent CONTEXT: {"email_type":"cancelled_order","status":"sent","recipient":"guest","order":10745}
2026-09-14T20:19:03+00:00 INFO Email "new_order" for order #10750 sent CONTEXT: {"email_type":"new_order","status":"sent","recipient":"guest","order":10750}
2026-09-14T20:19:03+00:00 NOTICE Email "customer_processing_order" for order #10750 not sent: email type is disabled CONTEXT: {"email_type":"customer_processing_order","status":"disabled","recipient":"guest","order":10750}
2026-09-14T20:19:03+00:00 NOTICE Email "customer_note" for order #10750 not sent: email type is disabled CONTEXT: {"email_type":"customer_note","status":"disabled","recipient":"guest","order":10750}
2026-09-14T20:44:38+00:00 INFO Email "cancelled_order" for order #10752 sent CONTEXT: {"email_type":"cancelled_order","status":"sent","recipient":"guest","order":10752}
2026-09-14T20:44:38+00:00 NOTICE Email "customer_note" for order #10753 not sent: email type is disabled CONTEXT: {"email_type":"customer_note","status":"disabled","recipient":"guest","order":10753}
2026-09-14T20:48:04+00:00 NOTICE Email "customer_note" for order #10754 not sent: email type is disabled CONTEXT: {"email_type":"customer_note","status":"disabled","recipient":"guest","order":10754}
2026-09-14T20:49:10+00:00 INFO Email "new_order" for order #10754 sent CONTEXT: {"email_type":"new_order","status":"sent","recipient":"guest","order":10754}
2026-09-14T20:49:10+00:00 NOTICE Email "customer_processing_order" for order #10754 not sent: email type is disabled CONTEXT: {"email_type":"customer_processing_order","status":"disabled","recipient":"guest","order":10754}
2026-09-14T20:49:10+00:00 NOTICE Email "customer_note" for order #10754 not sent: email type is disabled CONTEXT: {"email_type":"customer_note","status":"disabled","recipient":"guest","order":10754}
2026-09-14T20:54:25+00:00 NOTICE Email "customer_failed_order" for order #10548 not sent: email type is disabled CONTEXT: {"email_type":"customer_failed_order","status":"disabled","recipient":"guest","order":10548}
2026-09-14T20:54:30+00:00 INFO Email "failed_order" for order #10548 sent CONTEXT: {"email_type":"failed_order","status":"sent","recipient":"guest","order":10548}
2026-09-14T20:54:35+00:00 INFO Email "cancelled_order" for order #10651 sent CONTEXT: {"email_type":"cancelled_order","status":"sent","recipient":"guest","order":10651}
2026-09-14T20:54:35+00:00 NOTICE Email "customer_failed_order" for order #10735 not sent: email type is disabled CONTEXT: {"email_type":"customer_failed_order","status":"disabled","recipient":"guest","order":10735}
2026-09-14T20:54:40+00:00 INFO Email "failed_order" for order #10735 sent CONTEXT: {"email_type":"failed_order","status":"sent","recipient":"guest","order":10735}
2026-09-14T20:55:01+00:00 NOTICE Email "customer_note" for order #10755 not sent: email type is disabled CONTEXT: {"email_type":"customer_note","status":"disabled","recipient":"guest","order":10755}
2026-09-14T20:59:06+00:00 NOTICE Email "customer_note" for order #10758 not sent: email type is disabled CONTEXT: {"email_type":"customer_note","status":"disabled","recipient":"guest","order":10758}
2026-09-14T20:59:10+00:00 INFO Email "new_order" for order #10755 sent CONTEXT: {"email_type":"new_order","status":"sent","recipient":"guest","order":10755}
2026-09-14T20:59:10+00:00 NOTICE Email "customer_processing_order" for order #10755 not sent: email type is disabled CONTEXT: {"email_type":"customer_processing_order","status":"disabled","recipient":"guest","order":10755}
2026-09-14T20:59:10+00:00 NOTICE Email "customer_note" for order #10755 not sent: email type is disabled CONTEXT: {"email_type":"customer_note","status":"disabled","recipient":"guest","order":10755}
2026-09-14T20:59:11+00:00 INFO Email "new_order" for order #10760 sent CONTEXT: {"email_type":"new_order","status":"sent","recipient":"guest","order":10760}
2026-09-14T20:59:11+00:00 NOTICE Email "customer_processing_order" for order #10760 not sent: email type is disabled CONTEXT: {"email_type":"customer_processing_order","status":"disabled","recipient":"guest","order":10760}
2026-09-14T20:59:23+00:00 INFO Email "new_order" for order #10756 sent CONTEXT: {"email_type":"new_order","status":"sent","recipient":"guest","order":10756}
2026-09-14T20:59:23+00:00 NOTICE Email "customer_processing_order" for order #10756 not sent: email type is disabled CONTEXT: {"email_type":"customer_processing_order","status":"disabled","recipient":"guest","order":10756}
2026-09-14T20:59:23+00:00 NOTICE Email "customer_note" for order #10756 not sent: email type is disabled CONTEXT: {"email_type":"customer_note","status":"disabled","recipient":"guest","order":10756}
2026-09-14T21:13:34+00:00 NOTICE Email "customer_note" for order #10762 not sent: email type is disabled CONTEXT: {"email_type":"customer_note","status":"disabled","recipient":"guest","order":10762}
2026-09-14T21:13:57+00:00 INFO Email "cancelled_order" for order #10753 sent CONTEXT: {"email_type":"cancelled_order","status":"sent","recipient":"guest","order":10753}
2026-09-14T21:14:02+00:00 INFO Email "new_order" for order #10763 sent CONTEXT: {"email_type":"new_order","status":"sent","recipient":"guest","order":10763}
2026-09-14T21:14:02+00:00 NOTICE Email "customer_processing_order" for order #10763 not sent: email type is disabled CONTEXT: {"email_type":"customer_processing_order","status":"disabled","recipient":"guest","order":10763}
2026-09-14T21:14:02+00:00 NOTICE Email "customer_note" for order #10763 not sent: email type is disabled CONTEXT: {"email_type":"customer_note","status":"disabled","recipient":"guest","order":10763}
2026-09-14T21:14:02+00:00 NOTICE Email "customer_note" for order #10763 not sent: email type is disabled CONTEXT: {"email_type":"customer_note","status":"disabled","recipient":"guest","order":10763}
2026-09-14T21:25:49+00:00 INFO Email "cancelled_order" for order #10373 sent CONTEXT: {"email_type":"cancelled_order","status":"sent","recipient":"guest","order":10373}
2026-09-14T21:29:03+00:00 INFO Email "cancelled_order" for order #10757 sent CONTEXT: {"email_type":"cancelled_order","status":"sent","recipient":"guest","order":10757}
2026-09-14T21:29:08+00:00 INFO Email "cancelled_order" for order #10758 sent CONTEXT: {"email_type":"cancelled_order","status":"sent","recipient":"guest","order":10758}
2026-09-14T21:29:13+00:00 INFO Email "cancelled_order" for order #10759 sent CONTEXT: {"email_type":"cancelled_order","status":"sent","recipient":"guest","order":10759}
2026-09-14T21:29:18+00:00 INFO Email "cancelled_order" for order #10761 sent CONTEXT: {"email_type":"cancelled_order","status":"sent","recipient":"guest","order":10761}
2026-09-14T21:38:18+00:00 NOTICE Email "customer_note" for order #10764 not sent: email type is disabled CONTEXT: {"email_type":"customer_note","status":"disabled","recipient":"guest","order":10764}
2026-09-14T21:38:24+00:00 INFO Email "cancelled_order" for order #10762 sent CONTEXT: {"email_type":"cancelled_order","status":"sent","recipient":"guest","order":10762}
2026-09-14T21:55:15+00:00 INFO Email "new_order" for order #10767 sent CONTEXT: {"email_type":"new_order","status":"sent","recipient":"guest","order":10767}
2026-09-14T21:55:15+00:00 NOTICE Email "customer_processing_order" for order #10767 not sent: email type is disabled CONTEXT: {"email_type":"customer_processing_order","status":"disabled","recipient":"guest","order":10767}
2026-09-14T22:20:05+00:00 NOTICE Email "customer_note" for order #10748 not sent: email type is disabled CONTEXT: {"email_type":"customer_note","status":"disabled","recipient":"guest","order":10748}
2026-09-14T22:20:09+00:00 NOTICE Email "customer_note" for order #10748 not sent: email type is disabled CONTEXT: {"email_type":"customer_note","status":"disabled","recipient":"guest","order":10748}
2026-09-14T22:23:07+00:00 NOTICE Email "customer_note" for order #10748 not sent: email type is disabled CONTEXT: {"email_type":"customer_note","status":"disabled","recipient":"guest","order":10748}
2026-09-14T22:25:16+00:00 NOTICE Email "customer_failed_order" for order #10528 not sent: email type is disabled CONTEXT: {"email_type":"customer_failed_order","status":"disabled","recipient":"guest","order":10528}
2026-09-14T22:25:22+00:00 INFO Email "failed_order" for order #10528 sent CONTEXT: {"email_type":"failed_order","status":"sent","recipient":"guest","order":10528}
2026-09-14T22:25:26+00:00 INFO Email "cancelled_order" for order #10550 sent CONTEXT: {"email_type":"cancelled_order","status":"sent","recipient":"guest","order":10550}
2026-09-14T22:25:31+00:00 INFO Email "cancelled_order" for order #10642 sent CONTEXT: {"email_type":"cancelled_order","status":"sent","recipient":"guest","order":10642}
2026-09-14T22:26:44+00:00 NOTICE Email "customer_note" for order #10748 not sent: email type is disabled CONTEXT: {"email_type":"customer_note","status":"disabled","recipient":"guest","order":10748}
2026-09-14T22:31:46+00:00 NOTICE Email "customer_note" for order #10769 not sent: email type is disabled CONTEXT: {"email_type":"customer_note","status":"disabled","recipient":"guest","order":10769}
2026-09-14T22:34:39+00:00 NOTICE Email "customer_note" for order #10770 not sent: email type is disabled CONTEXT: {"email_type":"customer_note","status":"disabled","recipient":"guest","order":10770}
2026-09-14T22:55:12+00:00 INFO Email "cancelled_order" for order #10561 sent CONTEXT: {"email_type":"cancelled_order","status":"sent","recipient":"guest","order":10561}
2026-09-14T22:55:16+00:00 INFO Email "cancelled_order" for order #10595 sent CONTEXT: {"email_type":"cancelled_order","status":"sent","recipient":"guest","order":10595}
2026-09-14T23:11:26+00:00 NOTICE Email "customer_note" for order #10772 not sent: email type is disabled CONTEXT: {"email_type":"customer_note","status":"disabled","recipient":"guest","order":10772}
2026-09-14T23:38:09+00:00 INFO Email "cancelled_order" for order #10771 sent CONTEXT: {"email_type":"cancelled_order","status":"sent","recipient":"guest","order":10771}
2026-09-14T23:39:08+00:00 INFO Email "new_order" for order #10773 sent CONTEXT: {"email_type":"new_order","status":"sent","recipient":"guest","order":10773}
2026-09-14T23:39:08+00:00 NOTICE Email "customer_processing_order" for order #10773 not sent: email type is disabled CONTEXT: {"email_type":"customer_processing_order","status":"disabled","recipient":"guest","order":10773}
