2026-09-11T00:01:30+00:00 INFO Email "cancelled_order" for order #9093 sent CONTEXT: {"email_type":"cancelled_order","status":"sent","recipient":"guest","order":9093}
2026-09-11T00:01:35+00:00 INFO Email "cancelled_order" for order #9624 sent CONTEXT: {"email_type":"cancelled_order","status":"sent","recipient":"guest","order":9624}
2026-09-11T00:01:57+00:00 INFO Email "cancelled_order" for order #8106 sent CONTEXT: {"email_type":"cancelled_order","status":"sent","recipient":"guest","order":8106}
2026-09-11T00:01:57+00:00 NOTICE Email "customer_failed_order" for order #9091 not sent: email type is disabled CONTEXT: {"email_type":"customer_failed_order","status":"disabled","recipient":"guest","order":9091}
2026-09-11T00:02:02+00:00 INFO Email "failed_order" for order #9091 sent CONTEXT: {"email_type":"failed_order","status":"sent","recipient":"guest","order":9091}
2026-09-11T00:02:21+00:00 NOTICE Email "customer_failed_order" for order #8082 not sent: email type is disabled CONTEXT: {"email_type":"customer_failed_order","status":"disabled","recipient":"guest","order":8082}
2026-09-11T00:02:26+00:00 INFO Email "failed_order" for order #8082 sent CONTEXT: {"email_type":"failed_order","status":"sent","recipient":"guest","order":8082}
2026-09-11T00:03:00+00:00 INFO Email "cancelled_order" for order #9088 sent CONTEXT: {"email_type":"cancelled_order","status":"sent","recipient":"guest","order":9088}
2026-09-11T00:03:00+00:00 NOTICE Email "customer_failed_order" for order #9089 not sent: email type is disabled CONTEXT: {"email_type":"customer_failed_order","status":"disabled","recipient":"guest","order":9089}
2026-09-11T00:03:05+00:00 INFO Email "failed_order" for order #9089 sent CONTEXT: {"email_type":"failed_order","status":"sent","recipient":"guest","order":9089}
2026-09-11T00:03:05+00:00 NOTICE Email "customer_failed_order" for order #8020 not sent: email type is disabled CONTEXT: {"email_type":"customer_failed_order","status":"disabled","recipient":"guest","order":8020}
2026-09-11T00:03:10+00:00 INFO Email "failed_order" for order #8020 sent CONTEXT: {"email_type":"failed_order","status":"sent","recipient":"guest","order":8020}
2026-09-11T00:03:12+00:00 NOTICE Email "customer_failed_order" for order #9622 not sent: email type is disabled CONTEXT: {"email_type":"customer_failed_order","status":"disabled","recipient":"guest","order":9622}
2026-09-11T00:03:17+00:00 INFO Email "failed_order" for order #9622 sent CONTEXT: {"email_type":"failed_order","status":"sent","recipient":"guest","order":9622}
2026-09-11T00:03:17+00:00 NOTICE Email "customer_failed_order" for order #9621 not sent: email type is disabled CONTEXT: {"email_type":"customer_failed_order","status":"disabled","recipient":"guest","order":9621}
2026-09-11T00:03:22+00:00 INFO Email "failed_order" for order #9621 sent CONTEXT: {"email_type":"failed_order","status":"sent","recipient":"guest","order":9621}
2026-09-11T00:03:27+00:00 INFO Email "cancelled_order" for order #9095 sent CONTEXT: {"email_type":"cancelled_order","status":"sent","recipient":"guest","order":9095}
2026-09-11T00:03:27+00:00 INFO Email "cancelled_order" for order #9620 sent CONTEXT: {"email_type":"cancelled_order","status":"sent","recipient":"guest","order":9620}
2026-09-11T00:03:33+00:00 INFO Email "cancelled_order" for order #9555 sent CONTEXT: {"email_type":"cancelled_order","status":"sent","recipient":"guest","order":9555}
2026-09-11T00:03:38+00:00 INFO Email "cancelled_order" for order #9458 sent CONTEXT: {"email_type":"cancelled_order","status":"sent","recipient":"guest","order":9458}
2026-09-11T00:03:38+00:00 NOTICE Email "customer_failed_order" for order #9446 not sent: email type is disabled CONTEXT: {"email_type":"customer_failed_order","status":"disabled","recipient":"guest","order":9446}
2026-09-11T00:03:43+00:00 INFO Email "failed_order" for order #9446 sent CONTEXT: {"email_type":"failed_order","status":"sent","recipient":"guest","order":9446}
2026-09-11T00:03:48+00:00 INFO Email "cancelled_order" for order #9433 sent CONTEXT: {"email_type":"cancelled_order","status":"sent","recipient":"guest","order":9433}
2026-09-11T00:03:53+00:00 INFO Email "cancelled_order" for order #9338 sent CONTEXT: {"email_type":"cancelled_order","status":"sent","recipient":"guest","order":9338}
2026-09-11T00:03:55+00:00 INFO Email "cancelled_order" for order #8333 sent CONTEXT: {"email_type":"cancelled_order","status":"sent","recipient":"guest","order":8333}
2026-09-11T00:03:55+00:00 INFO Email "cancelled_order" for order #8126 sent CONTEXT: {"email_type":"cancelled_order","status":"sent","recipient":"guest","order":8126}
2026-09-11T00:03:58+00:00 INFO Email "cancelled_order" for order #9115 sent CONTEXT: {"email_type":"cancelled_order","status":"sent","recipient":"guest","order":9115}
2026-09-11T00:04:01+00:00 INFO Email "cancelled_order" for order #8123 sent CONTEXT: {"email_type":"cancelled_order","status":"sent","recipient":"guest","order":8123}
2026-09-11T00:04:03+00:00 INFO Email "cancelled_order" for order #9113 sent CONTEXT: {"email_type":"cancelled_order","status":"sent","recipient":"guest","order":9113}
2026-09-11T00:04:04+00:00 NOTICE Email "customer_failed_order" for order #9111 not sent: email type is disabled CONTEXT: {"email_type":"customer_failed_order","status":"disabled","recipient":"guest","order":9111}
2026-09-11T00:04:06+00:00 INFO Email "cancelled_order" for order #8121 sent CONTEXT: {"email_type":"cancelled_order","status":"sent","recipient":"guest","order":8121}
2026-09-11T00:04:06+00:00 NOTICE Email "customer_failed_order" for order #8109 not sent: email type is disabled CONTEXT: {"email_type":"customer_failed_order","status":"disabled","recipient":"guest","order":8109}
2026-09-11T00:04:09+00:00 INFO Email "failed_order" for order #9111 sent CONTEXT: {"email_type":"failed_order","status":"sent","recipient":"guest","order":9111}
2026-09-11T00:04:09+00:00 NOTICE Email "customer_failed_order" for order #9106 not sent: email type is disabled CONTEXT: {"email_type":"customer_failed_order","status":"disabled","recipient":"guest","order":9106}
2026-09-11T00:04:10+00:00 INFO Email "cancelled_order" for order #7941 sent CONTEXT: {"email_type":"cancelled_order","status":"sent","recipient":"guest","order":7941}
2026-09-11T00:04:11+00:00 INFO Email "failed_order" for order #8109 sent CONTEXT: {"email_type":"failed_order","status":"sent","recipient":"guest","order":8109}
2026-09-11T00:04:14+00:00 INFO Email "failed_order" for order #9106 sent CONTEXT: {"email_type":"failed_order","status":"sent","recipient":"guest","order":9106}
2026-09-11T00:04:14+00:00 NOTICE Email "customer_failed_order" for order #9105 not sent: email type is disabled CONTEXT: {"email_type":"customer_failed_order","status":"disabled","recipient":"guest","order":9105}
2026-09-11T00:04:16+00:00 INFO Email "cancelled_order" for order #8108 sent CONTEXT: {"email_type":"cancelled_order","status":"sent","recipient":"guest","order":8108}
2026-09-11T00:04:19+00:00 INFO Email "failed_order" for order #9105 sent CONTEXT: {"email_type":"failed_order","status":"sent","recipient":"guest","order":9105}
2026-09-11T00:04:21+00:00 INFO Email "cancelled_order" for order #8105 sent CONTEXT: {"email_type":"cancelled_order","status":"sent","recipient":"guest","order":8105}
2026-09-11T00:04:23+00:00 INFO Email "cancelled_order" for order #9104 sent CONTEXT: {"email_type":"cancelled_order","status":"sent","recipient":"guest","order":9104}
2026-09-11T00:04:26+00:00 INFO Email "cancelled_order" for order #8104 sent CONTEXT: {"email_type":"cancelled_order","status":"sent","recipient":"guest","order":8104}
2026-09-11T00:04:28+00:00 INFO Email "cancelled_order" for order #9102 sent CONTEXT: {"email_type":"cancelled_order","status":"sent","recipient":"guest","order":9102}
2026-09-11T00:04:31+00:00 INFO Email "cancelled_order" for order #8103 sent CONTEXT: {"email_type":"cancelled_order","status":"sent","recipient":"guest","order":8103}
2026-09-11T00:04:33+00:00 INFO Email "cancelled_order" for order #8080 sent CONTEXT: {"email_type":"cancelled_order","status":"sent","recipient":"guest","order":8080}
2026-09-11T00:04:33+00:00 INFO Email "cancelled_order" for order #9100 sent CONTEXT: {"email_type":"cancelled_order","status":"sent","recipient":"guest","order":9100}
2026-09-11T00:04:35+00:00 INFO Email "cancelled_order" for order #8100 sent CONTEXT: {"email_type":"cancelled_order","status":"sent","recipient":"guest","order":8100}
2026-09-11T00:04:37+00:00 INFO Email "cancelled_order" for order #8079 sent CONTEXT: {"email_type":"cancelled_order","status":"sent","recipient":"guest","order":8079}
2026-09-11T00:04:37+00:00 NOTICE Email "customer_failed_order" for order #8078 not sent: email type is disabled CONTEXT: {"email_type":"customer_failed_order","status":"disabled","recipient":"guest","order":8078}
2026-09-11T00:04:39+00:00 INFO Email "cancelled_order" for order #8099 sent CONTEXT: {"email_type":"cancelled_order","status":"sent","recipient":"guest","order":8099}
2026-09-11T00:04:42+00:00 INFO Email "failed_order" for order #8078 sent CONTEXT: {"email_type":"failed_order","status":"sent","recipient":"guest","order":8078}
2026-09-11T00:04:45+00:00 INFO Email "cancelled_order" for order #8097 sent CONTEXT: {"email_type":"cancelled_order","status":"sent","recipient":"guest","order":8097}
2026-09-11T00:04:47+00:00 INFO Email "cancelled_order" for order #8074 sent CONTEXT: {"email_type":"cancelled_order","status":"sent","recipient":"guest","order":8074}
2026-09-11T00:04:50+00:00 INFO Email "cancelled_order" for order #8086 sent CONTEXT: {"email_type":"cancelled_order","status":"sent","recipient":"guest","order":8086}
2026-09-11T00:04:53+00:00 INFO Email "cancelled_order" for order #8065 sent CONTEXT: {"email_type":"cancelled_order","status":"sent","recipient":"guest","order":8065}
2026-09-11T00:04:55+00:00 INFO Email "cancelled_order" for order #8084 sent CONTEXT: {"email_type":"cancelled_order","status":"sent","recipient":"guest","order":8084}
2026-09-11T00:04:58+00:00 INFO Email "cancelled_order" for order #8063 sent CONTEXT: {"email_type":"cancelled_order","status":"sent","recipient":"guest","order":8063}
2026-09-11T00:05:03+00:00 INFO Email "cancelled_order" for order #8062 sent CONTEXT: {"email_type":"cancelled_order","status":"sent","recipient":"guest","order":8062}
2026-09-11T00:05:08+00:00 INFO Email "cancelled_order" for order #8060 sent CONTEXT: {"email_type":"cancelled_order","status":"sent","recipient":"guest","order":8060}
2026-09-11T00:05:08+00:00 NOTICE Email "customer_failed_order" for order #8049 not sent: email type is disabled CONTEXT: {"email_type":"customer_failed_order","status":"disabled","recipient":"guest","order":8049}
2026-09-11T00:05:12+00:00 INFO Email "cancelled_order" for order #8028 sent CONTEXT: {"email_type":"cancelled_order","status":"sent","recipient":"guest","order":8028}
2026-09-11T00:05:13+00:00 NOTICE Email "customer_failed_order" for order #8019 not sent: email type is disabled CONTEXT: {"email_type":"customer_failed_order","status":"disabled","recipient":"guest","order":8019}
2026-09-11T00:05:13+00:00 INFO Email "failed_order" for order #8049 sent CONTEXT: {"email_type":"failed_order","status":"sent","recipient":"guest","order":8049}
2026-09-11T00:05:17+00:00 INFO Email "failed_order" for order #8019 sent CONTEXT: {"email_type":"failed_order","status":"sent","recipient":"guest","order":8019}
2026-09-11T00:05:17+00:00 NOTICE Email "customer_failed_order" for order #8018 not sent: email type is disabled CONTEXT: {"email_type":"customer_failed_order","status":"disabled","recipient":"guest","order":8018}
2026-09-11T00:05:18+00:00 INFO Email "cancelled_order" for order #8048 sent CONTEXT: {"email_type":"cancelled_order","status":"sent","recipient":"guest","order":8048}
2026-09-11T00:05:19+00:00 NOTICE Email "customer_failed_order" for order #8039 not sent: email type is disabled CONTEXT: {"email_type":"customer_failed_order","status":"disabled","recipient":"guest","order":8039}
2026-09-11T00:05:22+00:00 INFO Email "failed_order" for order #8018 sent CONTEXT: {"email_type":"failed_order","status":"sent","recipient":"guest","order":8018}
2026-09-11T00:05:24+00:00 INFO Email "failed_order" for order #8039 sent CONTEXT: {"email_type":"failed_order","status":"sent","recipient":"guest","order":8039}
2026-09-11T00:05:26+00:00 INFO Email "cancelled_order" for order #8014 sent CONTEXT: {"email_type":"cancelled_order","status":"sent","recipient":"guest","order":8014}
2026-09-11T00:05:28+00:00 INFO Email "cancelled_order" for order #8036 sent CONTEXT: {"email_type":"cancelled_order","status":"sent","recipient":"guest","order":8036}
2026-09-11T00:05:31+00:00 INFO Email "cancelled_order" for order #8006 sent CONTEXT: {"email_type":"cancelled_order","status":"sent","recipient":"guest","order":8006}
2026-09-11T00:05:31+00:00 NOTICE Email "customer_failed_order" for order #8002 not sent: email type is disabled CONTEXT: {"email_type":"customer_failed_order","status":"disabled","recipient":"guest","order":8002}
2026-09-11T00:05:33+00:00 INFO Email "cancelled_order" for order #8030 sent CONTEXT: {"email_type":"cancelled_order","status":"sent","recipient":"guest","order":8030}
2026-09-11T00:05:36+00:00 INFO Email "failed_order" for order #8002 sent CONTEXT: {"email_type":"failed_order","status":"sent","recipient":"guest","order":8002}
2026-09-11T00:05:41+00:00 INFO Email "cancelled_order" for order #7997 sent CONTEXT: {"email_type":"cancelled_order","status":"sent","recipient":"guest","order":7997}
2026-09-11T00:05:47+00:00 INFO Email "cancelled_order" for order #7996 sent CONTEXT: {"email_type":"cancelled_order","status":"sent","recipient":"guest","order":7996}
2026-09-11T00:05:51+00:00 INFO Email "cancelled_order" for order #7995 sent CONTEXT: {"email_type":"cancelled_order","status":"sent","recipient":"guest","order":7995}
2026-09-11T00:05:51+00:00 INFO Email "cancelled_order" for order #7972 sent CONTEXT: {"email_type":"cancelled_order","status":"sent","recipient":"guest","order":7972}
2026-09-11T00:05:51+00:00 NOTICE Email "customer_failed_order" for order #7969 not sent: email type is disabled CONTEXT: {"email_type":"customer_failed_order","status":"disabled","recipient":"guest","order":7969}
2026-09-11T00:05:56+00:00 INFO Email "cancelled_order" for order #7994 sent CONTEXT: {"email_type":"cancelled_order","status":"sent","recipient":"guest","order":7994}
2026-09-11T00:05:56+00:00 NOTICE Email "customer_failed_order" for order #7989 not sent: email type is disabled CONTEXT: {"email_type":"customer_failed_order","status":"disabled","recipient":"guest","order":7989}
2026-09-11T00:05:56+00:00 INFO Email "failed_order" for order #7969 sent CONTEXT: {"email_type":"failed_order","status":"sent","recipient":"guest","order":7969}
2026-09-11T00:06:01+00:00 INFO Email "failed_order" for order #7989 sent CONTEXT: {"email_type":"failed_order","status":"sent","recipient":"guest","order":7989}
2026-09-11T00:06:01+00:00 NOTICE Email "customer_failed_order" for order #7980 not sent: email type is disabled CONTEXT: {"email_type":"customer_failed_order","status":"disabled","recipient":"guest","order":7980}
2026-09-11T00:06:02+00:00 INFO Email "cancelled_order" for order #7963 sent CONTEXT: {"email_type":"cancelled_order","status":"sent","recipient":"guest","order":7963}
2026-09-11T00:06:06+00:00 INFO Email "cancelled_order" for order #7959 sent CONTEXT: {"email_type":"cancelled_order","status":"sent","recipient":"guest","order":7959}
2026-09-11T00:06:07+00:00 INFO Email "failed_order" for order #7980 sent CONTEXT: {"email_type":"failed_order","status":"sent","recipient":"guest","order":7980}
2026-09-11T00:06:07+00:00 NOTICE Email "customer_failed_order" for order #7977 not sent: email type is disabled CONTEXT: {"email_type":"customer_failed_order","status":"disabled","recipient":"guest","order":7977}
2026-09-11T00:06:10+00:00 INFO Email "cancelled_order" for order #7950 sent CONTEXT: {"email_type":"cancelled_order","status":"sent","recipient":"guest","order":7950}
2026-09-11T00:06:12+00:00 INFO Email "failed_order" for order #7977 sent CONTEXT: {"email_type":"failed_order","status":"sent","recipient":"guest","order":7977}
2026-09-11T00:06:15+00:00 INFO Email "cancelled_order" for order #7943 sent CONTEXT: {"email_type":"cancelled_order","status":"sent","recipient":"guest","order":7943}
2026-09-11T00:06:17+00:00 INFO Email "cancelled_order" for order #7974 sent CONTEXT: {"email_type":"cancelled_order","status":"sent","recipient":"guest","order":7974}
2026-09-11T00:06:21+00:00 INFO Email "cancelled_order" for order #7973 sent CONTEXT: {"email_type":"cancelled_order","status":"sent","recipient":"guest","order":7973}
2026-09-11T00:07:42+00:00 NOTICE Email "customer_failed_order" for order #8124 not sent: email type is disabled CONTEXT: {"email_type":"customer_failed_order","status":"disabled","recipient":"guest","order":8124}
2026-09-11T00:07:47+00:00 INFO Email "failed_order" for order #8124 sent CONTEXT: {"email_type":"failed_order","status":"sent","recipient":"guest","order":8124}
2026-09-11T00:07:47+00:00 NOTICE Email "customer_failed_order" for order #8091 not sent: email type is disabled CONTEXT: {"email_type":"customer_failed_order","status":"disabled","recipient":"guest","order":8091}
2026-09-11T00:07:53+00:00 INFO Email "failed_order" for order #8091 sent CONTEXT: {"email_type":"failed_order","status":"sent","recipient":"guest","order":8091}
2026-09-11T00:07:53+00:00 NOTICE Email "customer_failed_order" for order #8088 not sent: email type is disabled CONTEXT: {"email_type":"customer_failed_order","status":"disabled","recipient":"guest","order":8088}
2026-09-11T00:07:58+00:00 INFO Email "failed_order" for order #8088 sent CONTEXT: {"email_type":"failed_order","status":"sent","recipient":"guest","order":8088}
2026-09-11T00:07:58+00:00 NOTICE Email "customer_failed_order" for order #8081 not sent: email type is disabled CONTEXT: {"email_type":"customer_failed_order","status":"disabled","recipient":"guest","order":8081}
2026-09-11T00:08:03+00:00 INFO Email "failed_order" for order #8081 sent CONTEXT: {"email_type":"failed_order","status":"sent","recipient":"guest","order":8081}
2026-09-11T00:08:03+00:00 NOTICE Email "customer_failed_order" for order #8059 not sent: email type is disabled CONTEXT: {"email_type":"customer_failed_order","status":"disabled","recipient":"guest","order":8059}
2026-09-11T00:08:08+00:00 INFO Email "failed_order" for order #8059 sent CONTEXT: {"email_type":"failed_order","status":"sent","recipient":"guest","order":8059}
2026-09-11T00:08:08+00:00 NOTICE Email "customer_failed_order" for order #8053 not sent: email type is disabled CONTEXT: {"email_type":"customer_failed_order","status":"disabled","recipient":"guest","order":8053}
2026-09-11T00:08:13+00:00 INFO Email "failed_order" for order #8053 sent CONTEXT: {"email_type":"failed_order","status":"sent","recipient":"guest","order":8053}
2026-09-11T00:08:13+00:00 NOTICE Email "customer_failed_order" for order #8042 not sent: email type is disabled CONTEXT: {"email_type":"customer_failed_order","status":"disabled","recipient":"guest","order":8042}
2026-09-11T00:08:18+00:00 INFO Email "failed_order" for order #8042 sent CONTEXT: {"email_type":"failed_order","status":"sent","recipient":"guest","order":8042}
2026-09-11T00:08:18+00:00 NOTICE Email "customer_failed_order" for order #8034 not sent: email type is disabled CONTEXT: {"email_type":"customer_failed_order","status":"disabled","recipient":"guest","order":8034}
2026-09-11T00:08:24+00:00 INFO Email "failed_order" for order #8034 sent CONTEXT: {"email_type":"failed_order","status":"sent","recipient":"guest","order":8034}
2026-09-11T00:08:24+00:00 NOTICE Email "customer_failed_order" for order #8029 not sent: email type is disabled CONTEXT: {"email_type":"customer_failed_order","status":"disabled","recipient":"guest","order":8029}
2026-09-11T00:08:29+00:00 INFO Email "failed_order" for order #8029 sent CONTEXT: {"email_type":"failed_order","status":"sent","recipient":"guest","order":8029}
2026-09-11T00:08:29+00:00 NOTICE Email "customer_failed_order" for order #8025 not sent: email type is disabled CONTEXT: {"email_type":"customer_failed_order","status":"disabled","recipient":"guest","order":8025}
2026-09-11T00:08:34+00:00 INFO Email "failed_order" for order #8025 sent CONTEXT: {"email_type":"failed_order","status":"sent","recipient":"guest","order":8025}
2026-09-11T00:08:34+00:00 NOTICE Email "customer_failed_order" for order #8013 not sent: email type is disabled CONTEXT: {"email_type":"customer_failed_order","status":"disabled","recipient":"guest","order":8013}
2026-09-11T00:08:39+00:00 INFO Email "failed_order" for order #8013 sent CONTEXT: {"email_type":"failed_order","status":"sent","recipient":"guest","order":8013}
2026-09-11T00:08:39+00:00 NOTICE Email "customer_failed_order" for order #7984 not sent: email type is disabled CONTEXT: {"email_type":"customer_failed_order","status":"disabled","recipient":"guest","order":7984}
2026-09-11T00:08:44+00:00 INFO Email "failed_order" for order #7984 sent CONTEXT: {"email_type":"failed_order","status":"sent","recipient":"guest","order":7984}
2026-09-11T00:08:44+00:00 NOTICE Email "customer_failed_order" for order #7983 not sent: email type is disabled CONTEXT: {"email_type":"customer_failed_order","status":"disabled","recipient":"guest","order":7983}
2026-09-11T00:08:49+00:00 INFO Email "failed_order" for order #7983 sent CONTEXT: {"email_type":"failed_order","status":"sent","recipient":"guest","order":7983}
2026-09-11T00:08:49+00:00 NOTICE Email "customer_failed_order" for order #7948 not sent: email type is disabled CONTEXT: {"email_type":"customer_failed_order","status":"disabled","recipient":"guest","order":7948}
2026-09-11T00:08:55+00:00 INFO Email "failed_order" for order #7948 sent CONTEXT: {"email_type":"failed_order","status":"sent","recipient":"guest","order":7948}
2026-09-11T00:12:00+00:00 NOTICE Email "customer_note" for order #9954 not sent: email type is disabled CONTEXT: {"email_type":"customer_note","status":"disabled","recipient":"guest","order":9954}
2026-09-11T01:02:33+00:00 INFO Email "new_order" for order #9955 sent CONTEXT: {"email_type":"new_order","status":"sent","recipient":"guest","order":9955}
2026-09-11T01:02:33+00:00 NOTICE Email "customer_processing_order" for order #9955 not sent: email type is disabled CONTEXT: {"email_type":"customer_processing_order","status":"disabled","recipient":"guest","order":9955}
2026-09-11T02:32:54+00:00 NOTICE Email "customer_note" for order #9956 not sent: email type is disabled CONTEXT: {"email_type":"customer_note","status":"disabled","recipient":"guest","order":9956}
2026-09-11T02:36:18+00:00 INFO Email "cancelled_order" for order #9956 sent CONTEXT: {"email_type":"cancelled_order","status":"sent","recipient":"guest","order":9956}
2026-09-11T02:37:40+00:00 INFO Email "new_order" for order #9957 sent CONTEXT: {"email_type":"new_order","status":"sent","recipient":"guest","order":9957}
2026-09-11T02:37:40+00:00 NOTICE Email "customer_processing_order" for order #9957 not sent: email type is disabled CONTEXT: {"email_type":"customer_processing_order","status":"disabled","recipient":"guest","order":9957}
2026-09-11T03:07:29+00:00 NOTICE Email "customer_note" for order #9958 not sent: email type is disabled CONTEXT: {"email_type":"customer_note","status":"disabled","recipient":"guest","order":9958}
2026-09-11T03:08:48+00:00 NOTICE Email "customer_note" for order #9958 not sent: email type is disabled CONTEXT: {"email_type":"customer_note","status":"disabled","recipient":"guest","order":9958}
2026-09-11T03:23:29+00:00 NOTICE Email "customer_note" for order #9959 not sent: email type is disabled CONTEXT: {"email_type":"customer_note","status":"disabled","recipient":"guest","order":9959}
2026-09-11T03:25:09+00:00 NOTICE Email "customer_note" for order #9959 not sent: email type is disabled CONTEXT: {"email_type":"customer_note","status":"disabled","recipient":"guest","order":9959}
2026-09-11T03:25:10+00:00 NOTICE Email "customer_note" for order #9959 not sent: email type is disabled CONTEXT: {"email_type":"customer_note","status":"disabled","recipient":"guest","order":9959}
2026-09-11T03:25:13+00:00 NOTICE Email "customer_note" for order #9959 not sent: email type is disabled CONTEXT: {"email_type":"customer_note","status":"disabled","recipient":"guest","order":9959}
2026-09-11T03:49:08+00:00 NOTICE Email "customer_failed_order" for order #9958 not sent: email type is disabled CONTEXT: {"email_type":"customer_failed_order","status":"disabled","recipient":"guest","order":9958}
2026-09-11T03:49:13+00:00 INFO Email "failed_order" for order #9958 sent CONTEXT: {"email_type":"failed_order","status":"sent","recipient":"guest","order":9958}
2026-09-11T04:19:16+00:00 INFO Email "cancelled_order" for order #9779 sent CONTEXT: {"email_type":"cancelled_order","status":"sent","recipient":"guest","order":9779}
2026-09-11T04:19:21+00:00 INFO Email "cancelled_order" for order #9854 sent CONTEXT: {"email_type":"cancelled_order","status":"sent","recipient":"guest","order":9854}
2026-09-11T05:19:35+00:00 INFO Email "cancelled_order" for order #9778 sent CONTEXT: {"email_type":"cancelled_order","status":"sent","recipient":"guest","order":9778}
2026-09-11T06:07:53+00:00 INFO Email "new_order" for order #9961 sent CONTEXT: {"email_type":"new_order","status":"sent","recipient":"guest","order":9961}
2026-09-11T06:07:53+00:00 NOTICE Email "customer_processing_order" for order #9961 not sent: email type is disabled CONTEXT: {"email_type":"customer_processing_order","status":"disabled","recipient":"guest","order":9961}
2026-09-11T06:21:06+00:00 INFO Email "cancelled_order" for order #9755 sent CONTEXT: {"email_type":"cancelled_order","status":"sent","recipient":"guest","order":9755}
2026-09-11T06:43:16+00:00 NOTICE Email "customer_note" for order #9962 not sent: email type is disabled CONTEXT: {"email_type":"customer_note","status":"disabled","recipient":"guest","order":9962}
2026-09-11T06:48:35+00:00 NOTICE Email "customer_note" for order #9963 not sent: email type is disabled CONTEXT: {"email_type":"customer_note","status":"disabled","recipient":"guest","order":9963}
2026-09-11T06:49:58+00:00 INFO Email "new_order" for order #9963 sent CONTEXT: {"email_type":"new_order","status":"sent","recipient":"guest","order":9963}
2026-09-11T06:49:58+00:00 NOTICE Email "customer_processing_order" for order #9963 not sent: email type is disabled CONTEXT: {"email_type":"customer_processing_order","status":"disabled","recipient":"guest","order":9963}
2026-09-11T06:49:58+00:00 NOTICE Email "customer_note" for order #9963 not sent: email type is disabled CONTEXT: {"email_type":"customer_note","status":"disabled","recipient":"guest","order":9963}
2026-09-11T06:51:11+00:00 INFO Email "cancelled_order" for order #9886 sent CONTEXT: {"email_type":"cancelled_order","status":"sent","recipient":"guest","order":9886}
2026-09-11T07:19:14+00:00 NOTICE Email "customer_note" for order #9965 not sent: email type is disabled CONTEXT: {"email_type":"customer_note","status":"disabled","recipient":"guest","order":9965}
2026-09-11T07:37:55+00:00 NOTICE Email "customer_note" for order #9966 not sent: email type is disabled CONTEXT: {"email_type":"customer_note","status":"disabled","recipient":"guest","order":9966}
2026-09-11T07:55:15+00:00 INFO Email "new_order" for order #9967 sent CONTEXT: {"email_type":"new_order","status":"sent","recipient":"guest","order":9967}
2026-09-11T07:55:15+00:00 NOTICE Email "customer_processing_order" for order #9967 not sent: email type is disabled CONTEXT: {"email_type":"customer_processing_order","status":"disabled","recipient":"guest","order":9967}
2026-09-11T07:55:15+00:00 NOTICE Email "customer_note" for order #9967 not sent: email type is disabled CONTEXT: {"email_type":"customer_note","status":"disabled","recipient":"guest","order":9967}
2026-09-11T08:22:31+00:00 NOTICE Email "customer_note" for order #9968 not sent: email type is disabled CONTEXT: {"email_type":"customer_note","status":"disabled","recipient":"guest","order":9968}
2026-09-11T08:23:35+00:00 INFO Email "new_order" for order #9968 sent CONTEXT: {"email_type":"new_order","status":"sent","recipient":"guest","order":9968}
2026-09-11T08:23:35+00:00 NOTICE Email "customer_processing_order" for order #9968 not sent: email type is disabled CONTEXT: {"email_type":"customer_processing_order","status":"disabled","recipient":"guest","order":9968}
2026-09-11T08:23:35+00:00 NOTICE Email "customer_note" for order #9968 not sent: email type is disabled CONTEXT: {"email_type":"customer_note","status":"disabled","recipient":"guest","order":9968}
2026-09-11T08:24:07+00:00 NOTICE Email "customer_note" for order #9969 not sent: email type is disabled CONTEXT: {"email_type":"customer_note","status":"disabled","recipient":"guest","order":9969}
2026-09-11T08:25:47+00:00 NOTICE Email "customer_note" for order #9970 not sent: email type is disabled CONTEXT: {"email_type":"customer_note","status":"disabled","recipient":"guest","order":9970}
2026-09-11T08:28:01+00:00 NOTICE Email "customer_note" for order #9970 not sent: email type is disabled CONTEXT: {"email_type":"customer_note","status":"disabled","recipient":"guest","order":9970}
2026-09-11T08:28:34+00:00 NOTICE Email "customer_note" for order #9971 not sent: email type is disabled CONTEXT: {"email_type":"customer_note","status":"disabled","recipient":"guest","order":9971}
2026-09-11T08:31:41+00:00 NOTICE Email "customer_note" for order #9972 not sent: email type is disabled CONTEXT: {"email_type":"customer_note","status":"disabled","recipient":"guest","order":9972}
2026-09-11T08:34:19+00:00 NOTICE Email "customer_note" for order #9970 not sent: email type is disabled CONTEXT: {"email_type":"customer_note","status":"disabled","recipient":"guest","order":9970}
2026-09-11T08:35:50+00:00 NOTICE Email "customer_note" for order #9973 not sent: email type is disabled CONTEXT: {"email_type":"customer_note","status":"disabled","recipient":"guest","order":9973}
2026-09-11T08:35:54+00:00 INFO Email "cancelled_order" for order #9972 sent CONTEXT: {"email_type":"cancelled_order","status":"sent","recipient":"guest","order":9972}
2026-09-11T08:36:49+00:00 NOTICE Email "customer_note" for order #9970 not sent: email type is disabled CONTEXT: {"email_type":"customer_note","status":"disabled","recipient":"guest","order":9970}
2026-09-11T08:38:55+00:00 INFO Email "new_order" for order #9970 sent CONTEXT: {"email_type":"new_order","status":"sent","recipient":"guest","order":9970}
2026-09-11T08:38:55+00:00 NOTICE Email "customer_processing_order" for order #9970 not sent: email type is disabled CONTEXT: {"email_type":"customer_processing_order","status":"disabled","recipient":"guest","order":9970}
2026-09-11T08:38:55+00:00 NOTICE Email "customer_note" for order #9970 not sent: email type is disabled CONTEXT: {"email_type":"customer_note","status":"disabled","recipient":"guest","order":9970}
2026-09-11T08:43:30+00:00 NOTICE Email "customer_note" for order #9974 not sent: email type is disabled CONTEXT: {"email_type":"customer_note","status":"disabled","recipient":"guest","order":9974}
2026-09-11T08:46:30+00:00 INFO Email "new_order" for order #9974 sent CONTEXT: {"email_type":"new_order","status":"sent","recipient":"guest","order":9974}
2026-09-11T08:46:30+00:00 NOTICE Email "customer_processing_order" for order #9974 not sent: email type is disabled CONTEXT: {"email_type":"customer_processing_order","status":"disabled","recipient":"guest","order":9974}
2026-09-11T08:46:30+00:00 NOTICE Email "customer_note" for order #9974 not sent: email type is disabled CONTEXT: {"email_type":"customer_note","status":"disabled","recipient":"guest","order":9974}
2026-09-11T08:48:42+00:00 INFO Email "new_order" for order #9975 sent CONTEXT: {"email_type":"new_order","status":"sent","recipient":"guest","order":9975}
2026-09-11T08:48:42+00:00 NOTICE Email "customer_processing_order" for order #9975 not sent: email type is disabled CONTEXT: {"email_type":"customer_processing_order","status":"disabled","recipient":"guest","order":9975}
2026-09-11T08:51:40+00:00 INFO Email "new_order" for order #9976 sent CONTEXT: {"email_type":"new_order","status":"sent","recipient":"guest","order":9976}
2026-09-11T08:51:40+00:00 NOTICE Email "customer_processing_order" for order #9976 not sent: email type is disabled CONTEXT: {"email_type":"customer_processing_order","status":"disabled","recipient":"guest","order":9976}
2026-09-11T08:59:46+00:00 NOTICE Email "customer_note" for order #9978 not sent: email type is disabled CONTEXT: {"email_type":"customer_note","status":"disabled","recipient":"guest","order":9978}
2026-09-11T08:59:51+00:00 INFO Email "cancelled_order" for order #9973 sent CONTEXT: {"email_type":"cancelled_order","status":"sent","recipient":"guest","order":9973}
2026-09-11T09:02:29+00:00 NOTICE Email "customer_note" for order #9980 not sent: email type is disabled CONTEXT: {"email_type":"customer_note","status":"disabled","recipient":"guest","order":9980}
2026-09-11T09:02:50+00:00 NOTICE Email "customer_note" for order #9981 not sent: email type is disabled CONTEXT: {"email_type":"customer_note","status":"disabled","recipient":"guest","order":9981}
2026-09-11T09:09:17+00:00 NOTICE Email "customer_note" for order #9984 not sent: email type is disabled CONTEXT: {"email_type":"customer_note","status":"disabled","recipient":"guest","order":9984}
2026-09-11T09:12:05+00:00 NOTICE Email "customer_note" for order #9986 not sent: email type is disabled CONTEXT: {"email_type":"customer_note","status":"disabled","recipient":"guest","order":9986}
2026-09-11T09:13:02+00:00 INFO Email "new_order" for order #9984 sent CONTEXT: {"email_type":"new_order","status":"sent","recipient":"guest","order":9984}
2026-09-11T09:13:03+00:00 NOTICE Email "customer_processing_order" for order #9984 not sent: email type is disabled CONTEXT: {"email_type":"customer_processing_order","status":"disabled","recipient":"guest","order":9984}
2026-09-11T09:13:03+00:00 NOTICE Email "customer_note" for order #9984 not sent: email type is disabled CONTEXT: {"email_type":"customer_note","status":"disabled","recipient":"guest","order":9984}
2026-09-11T09:13:06+00:00 NOTICE Email "customer_note" for order #9969 not sent: email type is disabled CONTEXT: {"email_type":"customer_note","status":"disabled","recipient":"guest","order":9969}
2026-09-11T09:13:16+00:00 INFO Email "new_order" for order #9985 sent CONTEXT: {"email_type":"new_order","status":"sent","recipient":"guest","order":9985}
2026-09-11T09:13:16+00:00 NOTICE Email "customer_processing_order" for order #9985 not sent: email type is disabled CONTEXT: {"email_type":"customer_processing_order","status":"disabled","recipient":"guest","order":9985}
2026-09-11T09:13:29+00:00 NOTICE Email "customer_note" for order #9988 not sent: email type is disabled CONTEXT: {"email_type":"customer_note","status":"disabled","recipient":"guest","order":9988}
2026-09-11T09:21:32+00:00 INFO Email "cancelled_order" for order #9917 sent CONTEXT: {"email_type":"cancelled_order","status":"sent","recipient":"guest","order":9917}
2026-09-11T09:21:38+00:00 INFO Email "cancelled_order" for order #9929 sent CONTEXT: {"email_type":"cancelled_order","status":"sent","recipient":"guest","order":9929}
2026-09-11T09:21:43+00:00 INFO Email "cancelled_order" for order #9945 sent CONTEXT: {"email_type":"cancelled_order","status":"sent","recipient":"guest","order":9945}
2026-09-11T09:24:01+00:00 NOTICE Email "customer_note" for order #9989 not sent: email type is disabled CONTEXT: {"email_type":"customer_note","status":"disabled","recipient":"guest","order":9989}
2026-09-11T09:26:39+00:00 NOTICE Email "customer_note" for order #9990 not sent: email type is disabled CONTEXT: {"email_type":"customer_note","status":"disabled","recipient":"guest","order":9990}
2026-09-11T09:27:16+00:00 NOTICE Email "customer_note" for order #9990 not sent: email type is disabled CONTEXT: {"email_type":"customer_note","status":"disabled","recipient":"guest","order":9990}
2026-09-11T09:28:12+00:00 NOTICE Email "customer_note" for order #9990 not sent: email type is disabled CONTEXT: {"email_type":"customer_note","status":"disabled","recipient":"guest","order":9990}
2026-09-11T09:29:10+00:00 INFO Email "cancelled_order" for order #9977 sent CONTEXT: {"email_type":"cancelled_order","status":"sent","recipient":"guest","order":9977}
2026-09-11T09:30:17+00:00 INFO Email "new_order" for order #9990 sent CONTEXT: {"email_type":"new_order","status":"sent","recipient":"guest","order":9990}
2026-09-11T09:30:17+00:00 NOTICE Email "customer_processing_order" for order #9990 not sent: email type is disabled CONTEXT: {"email_type":"customer_processing_order","status":"disabled","recipient":"guest","order":9990}
2026-09-11T09:30:17+00:00 NOTICE Email "customer_note" for order #9990 not sent: email type is disabled CONTEXT: {"email_type":"customer_note","status":"disabled","recipient":"guest","order":9990}
2026-09-11T09:30:39+00:00 NOTICE Email "customer_note" for order #9993 not sent: email type is disabled CONTEXT: {"email_type":"customer_note","status":"disabled","recipient":"guest","order":9993}
2026-09-11T09:38:23+00:00 NOTICE Email "customer_note" for order #9995 not sent: email type is disabled CONTEXT: {"email_type":"customer_note","status":"disabled","recipient":"guest","order":9995}
2026-09-11T09:39:41+00:00 NOTICE Email "customer_note" for order #9996 not sent: email type is disabled CONTEXT: {"email_type":"customer_note","status":"disabled","recipient":"guest","order":9996}
2026-09-11T09:50:06+00:00 INFO Email "new_order" for order #9997 sent CONTEXT: {"email_type":"new_order","status":"sent","recipient":"guest","order":9997}
2026-09-11T09:50:06+00:00 NOTICE Email "customer_processing_order" for order #9997 not sent: email type is disabled CONTEXT: {"email_type":"customer_processing_order","status":"disabled","recipient":"guest","order":9997}
2026-09-11T09:51:54+00:00 INFO Email "cancelled_order" for order #9981 sent CONTEXT: {"email_type":"cancelled_order","status":"sent","recipient":"guest","order":9981}
2026-09-11T09:55:43+00:00 NOTICE Email "customer_note" for order #9999 not sent: email type is disabled CONTEXT: {"email_type":"customer_note","status":"disabled","recipient":"guest","order":9999}
2026-09-11T09:56:32+00:00 INFO Email "new_order" for order #9998 sent CONTEXT: {"email_type":"new_order","status":"sent","recipient":"guest","order":9998}
2026-09-11T09:56:32+00:00 NOTICE Email "customer_processing_order" for order #9998 not sent: email type is disabled CONTEXT: {"email_type":"customer_processing_order","status":"disabled","recipient":"guest","order":9998}
2026-09-11T09:56:32+00:00 NOTICE Email "customer_note" for order #9998 not sent: email type is disabled CONTEXT: {"email_type":"customer_note","status":"disabled","recipient":"guest","order":9998}
2026-09-11T09:59:50+00:00 NOTICE Email "customer_note" for order #9999 not sent: email type is disabled CONTEXT: {"email_type":"customer_note","status":"disabled","recipient":"guest","order":9999}
2026-09-11T10:00:10+00:00 INFO Email "cancelled_order" for order #9991 sent CONTEXT: {"email_type":"cancelled_order","status":"sent","recipient":"guest","order":9991}
2026-09-11T10:00:14+00:00 INFO Email "cancelled_order" for order #9992 sent CONTEXT: {"email_type":"cancelled_order","status":"sent","recipient":"guest","order":9992}
2026-09-11T10:04:08+00:00 INFO Email "new_order" for order #10000 sent CONTEXT: {"email_type":"new_order","status":"sent","recipient":"guest","order":10000}
2026-09-11T10:04:08+00:00 NOTICE Email "customer_processing_order" for order #10000 not sent: email type is disabled CONTEXT: {"email_type":"customer_processing_order","status":"disabled","recipient":"guest","order":10000}
2026-09-11T10:06:32+00:00 NOTICE Email "customer_note" for order #10001 not sent: email type is disabled CONTEXT: {"email_type":"customer_note","status":"disabled","recipient":"guest","order":10001}
2026-09-11T10:11:15+00:00 NOTICE Email "customer_note" for order #10002 not sent: email type is disabled CONTEXT: {"email_type":"customer_note","status":"disabled","recipient":"guest","order":10002}
2026-09-11T10:13:18+00:00 INFO Email "new_order" for order #10002 sent CONTEXT: {"email_type":"new_order","status":"sent","recipient":"guest","order":10002}
2026-09-11T10:13:18+00:00 NOTICE Email "customer_processing_order" for order #10002 not sent: email type is disabled CONTEXT: {"email_type":"customer_processing_order","status":"disabled","recipient":"guest","order":10002}
2026-09-11T10:13:18+00:00 NOTICE Email "customer_note" for order #10002 not sent: email type is disabled CONTEXT: {"email_type":"customer_note","status":"disabled","recipient":"guest","order":10002}
2026-09-11T10:13:36+00:00 NOTICE Email "customer_note" for order #10003 not sent: email type is disabled CONTEXT: {"email_type":"customer_note","status":"disabled","recipient":"guest","order":10003}
2026-09-11T10:18:44+00:00 INFO Email "new_order" for order #10003 sent CONTEXT: {"email_type":"new_order","status":"sent","recipient":"guest","order":10003}
2026-09-11T10:18:44+00:00 NOTICE Email "customer_processing_order" for order #10003 not sent: email type is disabled CONTEXT: {"email_type":"customer_processing_order","status":"disabled","recipient":"guest","order":10003}
2026-09-11T10:18:44+00:00 NOTICE Email "customer_note" for order #10003 not sent: email type is disabled CONTEXT: {"email_type":"customer_note","status":"disabled","recipient":"guest","order":10003}
2026-09-11T10:20:56+00:00 NOTICE Email "customer_note" for order #10004 not sent: email type is disabled CONTEXT: {"email_type":"customer_note","status":"disabled","recipient":"guest","order":10004}
2026-09-11T10:21:56+00:00 INFO Email "cancelled_order" for order #9989 sent CONTEXT: {"email_type":"cancelled_order","status":"sent","recipient":"guest","order":9989}
2026-09-11T10:22:01+00:00 INFO Email "cancelled_order" for order #9996 sent CONTEXT: {"email_type":"cancelled_order","status":"sent","recipient":"guest","order":9996}
2026-09-11T10:25:10+00:00 NOTICE Email "customer_note" for order #10006 not sent: email type is disabled CONTEXT: {"email_type":"customer_note","status":"disabled","recipient":"guest","order":10006}
2026-09-11T10:34:16+00:00 NOTICE Email "customer_note" for order #10009 not sent: email type is disabled CONTEXT: {"email_type":"customer_note","status":"disabled","recipient":"guest","order":10009}
2026-09-11T10:35:56+00:00 INFO Email "new_order" for order #10008 sent CONTEXT: {"email_type":"new_order","status":"sent","recipient":"guest","order":10008}
2026-09-11T10:35:57+00:00 NOTICE Email "customer_processing_order" for order #10008 not sent: email type is disabled CONTEXT: {"email_type":"customer_processing_order","status":"disabled","recipient":"guest","order":10008}
2026-09-11T10:37:41+00:00 NOTICE Email "customer_note" for order #10010 not sent: email type is disabled CONTEXT: {"email_type":"customer_note","status":"disabled","recipient":"guest","order":10010}
2026-09-11T10:38:27+00:00 NOTICE Email "customer_note" for order #10011 not sent: email type is disabled CONTEXT: {"email_type":"customer_note","status":"disabled","recipient":"guest","order":10011}
2026-09-11T10:40:03+00:00 NOTICE Email "customer_note" for order #10012 not sent: email type is disabled CONTEXT: {"email_type":"customer_note","status":"disabled","recipient":"guest","order":10012}
2026-09-11T10:40:08+00:00 INFO Email "cancelled_order" for order #10009 sent CONTEXT: {"email_type":"cancelled_order","status":"sent","recipient":"guest","order":10009}
2026-09-11T10:42:06+00:00 INFO Email "new_order" for order #10012 sent CONTEXT: {"email_type":"new_order","status":"sent","recipient":"guest","order":10012}
2026-09-11T10:42:06+00:00 NOTICE Email "customer_processing_order" for order #10012 not sent: email type is disabled CONTEXT: {"email_type":"customer_processing_order","status":"disabled","recipient":"guest","order":10012}
2026-09-11T10:42:06+00:00 NOTICE Email "customer_note" for order #10012 not sent: email type is disabled CONTEXT: {"email_type":"customer_note","status":"disabled","recipient":"guest","order":10012}
2026-09-11T10:49:36+00:00 INFO Email "cancelled_order" for order #9868 sent CONTEXT: {"email_type":"cancelled_order","status":"sent","recipient":"guest","order":9868}
2026-09-11T10:49:57+00:00 NOTICE Email "customer_note" for order #10014 not sent: email type is disabled CONTEXT: {"email_type":"customer_note","status":"disabled","recipient":"guest","order":10014}
2026-09-11T10:52:36+00:00 INFO Email "cancelled_order" for order #9916 sent CONTEXT: {"email_type":"cancelled_order","status":"sent","recipient":"guest","order":9916}
2026-09-11T11:06:33+00:00 INFO Email "new_order" for order #10015 sent CONTEXT: {"email_type":"new_order","status":"sent","recipient":"guest","order":10015}
2026-09-11T11:06:33+00:00 NOTICE Email "customer_processing_order" for order #10015 not sent: email type is disabled CONTEXT: {"email_type":"customer_processing_order","status":"disabled","recipient":"guest","order":10015}
2026-09-11T11:06:37+00:00 NOTICE Email "customer_note" for order #10016 not sent: email type is disabled CONTEXT: {"email_type":"customer_note","status":"disabled","recipient":"guest","order":10016}
2026-09-11T11:10:41+00:00 INFO Email "new_order" for order #10016 sent CONTEXT: {"email_type":"new_order","status":"sent","recipient":"guest","order":10016}
2026-09-11T11:10:41+00:00 NOTICE Email "customer_processing_order" for order #10016 not sent: email type is disabled CONTEXT: {"email_type":"customer_processing_order","status":"disabled","recipient":"guest","order":10016}
2026-09-11T11:10:41+00:00 NOTICE Email "customer_note" for order #10016 not sent: email type is disabled CONTEXT: {"email_type":"customer_note","status":"disabled","recipient":"guest","order":10016}
2026-09-11T11:14:28+00:00 NOTICE Email "customer_note" for order #10018 not sent: email type is disabled CONTEXT: {"email_type":"customer_note","status":"disabled","recipient":"guest","order":10018}
2026-09-11T11:16:00+00:00 INFO Email "new_order" for order #10018 sent CONTEXT: {"email_type":"new_order","status":"sent","recipient":"guest","order":10018}
2026-09-11T11:16:00+00:00 NOTICE Email "customer_processing_order" for order #10018 not sent: email type is disabled CONTEXT: {"email_type":"customer_processing_order","status":"disabled","recipient":"guest","order":10018}
2026-09-11T11:16:00+00:00 NOTICE Email "customer_note" for order #10018 not sent: email type is disabled CONTEXT: {"email_type":"customer_note","status":"disabled","recipient":"guest","order":10018}
2026-09-11T11:18:43+00:00 NOTICE Email "customer_note" for order #10019 not sent: email type is disabled CONTEXT: {"email_type":"customer_note","status":"disabled","recipient":"guest","order":10019}
2026-09-11T11:20:03+00:00 INFO Email "new_order" for order #10019 sent CONTEXT: {"email_type":"new_order","status":"sent","recipient":"guest","order":10019}
2026-09-11T11:20:03+00:00 NOTICE Email "customer_processing_order" for order #10019 not sent: email type is disabled CONTEXT: {"email_type":"customer_processing_order","status":"disabled","recipient":"guest","order":10019}
2026-09-11T11:20:03+00:00 NOTICE Email "customer_note" for order #10019 not sent: email type is disabled CONTEXT: {"email_type":"customer_note","status":"disabled","recipient":"guest","order":10019}
2026-09-11T11:20:40+00:00 NOTICE Email "customer_note" for order #10020 not sent: email type is disabled CONTEXT: {"email_type":"customer_note","status":"disabled","recipient":"guest","order":10020}
2026-09-11T11:20:50+00:00 NOTICE Email "customer_note" for order #10021 not sent: email type is disabled CONTEXT: {"email_type":"customer_note","status":"disabled","recipient":"guest","order":10021}
2026-09-11T11:22:01+00:00 NOTICE Email "customer_note" for order #10022 not sent: email type is disabled CONTEXT: {"email_type":"customer_note","status":"disabled","recipient":"guest","order":10022}
2026-09-11T11:22:30+00:00 NOTICE Email "customer_failed_order" for order #9862 not sent: email type is disabled CONTEXT: {"email_type":"customer_failed_order","status":"disabled","recipient":"guest","order":9862}
2026-09-11T11:22:35+00:00 INFO Email "failed_order" for order #9862 sent CONTEXT: {"email_type":"failed_order","status":"sent","recipient":"guest","order":9862}
2026-09-11T11:22:40+00:00 INFO Email "cancelled_order" for order #10010 sent CONTEXT: {"email_type":"cancelled_order","status":"sent","recipient":"guest","order":10010}
2026-09-11T11:23:16+00:00 INFO Email "new_order" for order #10020 sent CONTEXT: {"email_type":"new_order","status":"sent","recipient":"guest","order":10020}
2026-09-11T11:23:16+00:00 NOTICE Email "customer_processing_order" for order #10020 not sent: email type is disabled CONTEXT: {"email_type":"customer_processing_order","status":"disabled","recipient":"guest","order":10020}
2026-09-11T11:23:16+00:00 NOTICE Email "customer_note" for order #10020 not sent: email type is disabled CONTEXT: {"email_type":"customer_note","status":"disabled","recipient":"guest","order":10020}
2026-09-11T11:24:40+00:00 INFO Email "new_order" for order #10021 sent CONTEXT: {"email_type":"new_order","status":"sent","recipient":"guest","order":10021}
2026-09-11T11:24:40+00:00 NOTICE Email "customer_processing_order" for order #10021 not sent: email type is disabled CONTEXT: {"email_type":"customer_processing_order","status":"disabled","recipient":"guest","order":10021}
2026-09-11T11:24:40+00:00 NOTICE Email "customer_note" for order #10021 not sent: email type is disabled CONTEXT: {"email_type":"customer_note","status":"disabled","recipient":"guest","order":10021}
2026-09-11T11:32:53+00:00 NOTICE Email "customer_note" for order #10024 not sent: email type is disabled CONTEXT: {"email_type":"customer_note","status":"disabled","recipient":"guest","order":10024}
2026-09-11T11:35:02+00:00 INFO Email "new_order" for order #10024 sent CONTEXT: {"email_type":"new_order","status":"sent","recipient":"guest","order":10024}
2026-09-11T11:35:02+00:00 NOTICE Email "customer_processing_order" for order #10024 not sent: email type is disabled CONTEXT: {"email_type":"customer_processing_order","status":"disabled","recipient":"guest","order":10024}
2026-09-11T11:35:02+00:00 NOTICE Email "customer_note" for order #10024 not sent: email type is disabled CONTEXT: {"email_type":"customer_note","status":"disabled","recipient":"guest","order":10024}
2026-09-11T11:40:45+00:00 NOTICE Email "customer_note" for order #10025 not sent: email type is disabled CONTEXT: {"email_type":"customer_note","status":"disabled","recipient":"guest","order":10025}
2026-09-11T11:41:32+00:00 NOTICE Email "customer_note" for order #10026 not sent: email type is disabled CONTEXT: {"email_type":"customer_note","status":"disabled","recipient":"guest","order":10026}
2026-09-11T11:42:11+00:00 NOTICE Email "customer_note" for order #10028 not sent: email type is disabled CONTEXT: {"email_type":"customer_note","status":"disabled","recipient":"guest","order":10028}
2026-09-11T11:42:47+00:00 INFO Email "new_order" for order #10027 sent CONTEXT: {"email_type":"new_order","status":"sent","recipient":"guest","order":10027}
2026-09-11T11:42:47+00:00 NOTICE Email "customer_processing_order" for order #10027 not sent: email type is disabled CONTEXT: {"email_type":"customer_processing_order","status":"disabled","recipient":"guest","order":10027}
2026-09-11T11:42:58+00:00 INFO Email "new_order" for order #10026 sent CONTEXT: {"email_type":"new_order","status":"sent","recipient":"guest","order":10026}
2026-09-11T11:42:58+00:00 NOTICE Email "customer_processing_order" for order #10026 not sent: email type is disabled CONTEXT: {"email_type":"customer_processing_order","status":"disabled","recipient":"guest","order":10026}
2026-09-11T11:42:58+00:00 NOTICE Email "customer_note" for order #10026 not sent: email type is disabled CONTEXT: {"email_type":"customer_note","status":"disabled","recipient":"guest","order":10026}
2026-09-11T11:45:58+00:00 NOTICE Email "customer_note" for order #10029 not sent: email type is disabled CONTEXT: {"email_type":"customer_note","status":"disabled","recipient":"guest","order":10029}
2026-09-11T11:50:34+00:00 INFO Email "new_order" for order #10029 sent CONTEXT: {"email_type":"new_order","status":"sent","recipient":"guest","order":10029}
2026-09-11T11:50:34+00:00 NOTICE Email "customer_processing_order" for order #10029 not sent: email type is disabled CONTEXT: {"email_type":"customer_processing_order","status":"disabled","recipient":"guest","order":10029}
2026-09-11T11:50:34+00:00 NOTICE Email "customer_note" for order #10029 not sent: email type is disabled CONTEXT: {"email_type":"customer_note","status":"disabled","recipient":"guest","order":10029}
2026-09-11T11:52:49+00:00 NOTICE Email "customer_note" for order #10031 not sent: email type is disabled CONTEXT: {"email_type":"customer_note","status":"disabled","recipient":"guest","order":10031}
2026-09-11T11:53:29+00:00 NOTICE Email "customer_note" for order #10032 not sent: email type is disabled CONTEXT: {"email_type":"customer_note","status":"disabled","recipient":"guest","order":10032}
2026-09-11T11:54:28+00:00 INFO Email "new_order" for order #10032 sent CONTEXT: {"email_type":"new_order","status":"sent","recipient":"guest","order":10032}
2026-09-11T11:54:28+00:00 NOTICE Email "customer_processing_order" for order #10032 not sent: email type is disabled CONTEXT: {"email_type":"customer_processing_order","status":"disabled","recipient":"guest","order":10032}
2026-09-11T11:54:28+00:00 NOTICE Email "customer_note" for order #10032 not sent: email type is disabled CONTEXT: {"email_type":"customer_note","status":"disabled","recipient":"guest","order":10032}
2026-09-11T11:54:45+00:00 NOTICE Email "customer_note" for order #10032 not sent: email type is disabled CONTEXT: {"email_type":"customer_note","status":"disabled","recipient":"guest","order":10032}
2026-09-11T11:54:45+00:00 NOTICE Email "customer_note" for order #10032 not sent: email type is disabled CONTEXT: {"email_type":"customer_note","status":"disabled","recipient":"guest","order":10032}
2026-09-11T11:55:13+00:00 NOTICE Email "customer_note" for order #10032 not sent: email type is disabled CONTEXT: {"email_type":"customer_note","status":"disabled","recipient":"guest","order":10032}
2026-09-11T11:59:21+00:00 NOTICE Email "customer_note" for order #10033 not sent: email type is disabled CONTEXT: {"email_type":"customer_note","status":"disabled","recipient":"guest","order":10033}
2026-09-11T12:03:56+00:00 INFO Email "new_order" for order #10033 sent CONTEXT: {"email_type":"new_order","status":"sent","recipient":"guest","order":10033}
2026-09-11T12:03:56+00:00 NOTICE Email "customer_processing_order" for order #10033 not sent: email type is disabled CONTEXT: {"email_type":"customer_processing_order","status":"disabled","recipient":"guest","order":10033}
2026-09-11T12:03:56+00:00 NOTICE Email "customer_note" for order #10033 not sent: email type is disabled CONTEXT: {"email_type":"customer_note","status":"disabled","recipient":"guest","order":10033}
2026-09-11T12:11:47+00:00 INFO Email "new_order" for order #10034 sent CONTEXT: {"email_type":"new_order","status":"sent","recipient":"guest","order":10034}
2026-09-11T12:11:47+00:00 NOTICE Email "customer_processing_order" for order #10034 not sent: email type is disabled CONTEXT: {"email_type":"customer_processing_order","status":"disabled","recipient":"guest","order":10034}
2026-09-11T12:11:47+00:00 NOTICE Email "customer_note" for order #10034 not sent: email type is disabled CONTEXT: {"email_type":"customer_note","status":"disabled","recipient":"guest","order":10034}
2026-09-11T12:12:41+00:00 NOTICE Email "customer_note" for order #10035 not sent: email type is disabled CONTEXT: {"email_type":"customer_note","status":"disabled","recipient":"guest","order":10035}
2026-09-11T12:14:47+00:00 INFO Email "new_order" for order #10035 sent CONTEXT: {"email_type":"new_order","status":"sent","recipient":"guest","order":10035}
2026-09-11T12:14:47+00:00 NOTICE Email "customer_processing_order" for order #10035 not sent: email type is disabled CONTEXT: {"email_type":"customer_processing_order","status":"disabled","recipient":"guest","order":10035}
2026-09-11T12:14:47+00:00 NOTICE Email "customer_note" for order #10035 not sent: email type is disabled CONTEXT: {"email_type":"customer_note","status":"disabled","recipient":"guest","order":10035}
2026-09-11T12:33:19+00:00 INFO Email "new_order" for order #10036 sent CONTEXT: {"email_type":"new_order","status":"sent","recipient":"guest","order":10036}
2026-09-11T12:33:19+00:00 NOTICE Email "customer_processing_order" for order #10036 not sent: email type is disabled CONTEXT: {"email_type":"customer_processing_order","status":"disabled","recipient":"guest","order":10036}
2026-09-11T12:34:23+00:00 NOTICE Email "customer_note" for order #10037 not sent: email type is disabled CONTEXT: {"email_type":"customer_note","status":"disabled","recipient":"guest","order":10037}
2026-09-11T12:38:28+00:00 NOTICE Email "customer_note" for order #10038 not sent: email type is disabled CONTEXT: {"email_type":"customer_note","status":"disabled","recipient":"guest","order":10038}
2026-09-11T12:38:34+00:00 NOTICE Email "customer_note" for order #10039 not sent: email type is disabled CONTEXT: {"email_type":"customer_note","status":"disabled","recipient":"guest","order":10039}
2026-09-11T12:40:23+00:00 INFO Email "new_order" for order #10039 sent CONTEXT: {"email_type":"new_order","status":"sent","recipient":"guest","order":10039}
2026-09-11T12:40:23+00:00 NOTICE Email "customer_processing_order" for order #10039 not sent: email type is disabled CONTEXT: {"email_type":"customer_processing_order","status":"disabled","recipient":"guest","order":10039}
2026-09-11T12:40:23+00:00 NOTICE Email "customer_note" for order #10039 not sent: email type is disabled CONTEXT: {"email_type":"customer_note","status":"disabled","recipient":"guest","order":10039}
2026-09-11T12:43:20+00:00 NOTICE Email "customer_note" for order #10040 not sent: email type is disabled CONTEXT: {"email_type":"customer_note","status":"disabled","recipient":"guest","order":10040}
2026-09-11T12:45:06+00:00 INFO Email "new_order" for order #10040 sent CONTEXT: {"email_type":"new_order","status":"sent","recipient":"guest","order":10040}
2026-09-11T12:45:06+00:00 NOTICE Email "customer_processing_order" for order #10040 not sent: email type is disabled CONTEXT: {"email_type":"customer_processing_order","status":"disabled","recipient":"guest","order":10040}
2026-09-11T12:45:06+00:00 NOTICE Email "customer_note" for order #10040 not sent: email type is disabled CONTEXT: {"email_type":"customer_note","status":"disabled","recipient":"guest","order":10040}
2026-09-11T12:45:25+00:00 NOTICE Email "customer_note" for order #10041 not sent: email type is disabled CONTEXT: {"email_type":"customer_note","status":"disabled","recipient":"guest","order":10041}
2026-09-11T12:48:20+00:00 NOTICE Email "customer_note" for order #10042 not sent: email type is disabled CONTEXT: {"email_type":"customer_note","status":"disabled","recipient":"guest","order":10042}
2026-09-11T12:54:47+00:00 NOTICE Email "customer_note" for order #10043 not sent: email type is disabled CONTEXT: {"email_type":"customer_note","status":"disabled","recipient":"guest","order":10043}
2026-09-11T12:56:08+00:00 NOTICE Email "customer_refunded_order" for order #4767 not sent: email type is disabled CONTEXT: {"email_type":"customer_refunded_order","status":"disabled","recipient":"guest","order":4767}
2026-09-11T13:06:21+00:00 NOTICE Email "customer_note" for order #10046 not sent: email type is disabled CONTEXT: {"email_type":"customer_note","status":"disabled","recipient":"guest","order":10046}
2026-09-11T13:16:12+00:00 NOTICE Email "customer_note" for order #10046 not sent: email type is disabled CONTEXT: {"email_type":"customer_note","status":"disabled","recipient":"guest","order":10046}
2026-09-11T13:16:29+00:00 NOTICE Email "customer_note" for order #10046 not sent: email type is disabled CONTEXT: {"email_type":"customer_note","status":"disabled","recipient":"guest","order":10046}
2026-09-11T13:18:19+00:00 NOTICE Email "customer_note" for order #10048 not sent: email type is disabled CONTEXT: {"email_type":"customer_note","status":"disabled","recipient":"guest","order":10048}
2026-09-11T13:18:57+00:00 INFO Email "new_order" for order #10046 sent CONTEXT: {"email_type":"new_order","status":"sent","recipient":"guest","order":10046}
2026-09-11T13:18:57+00:00 NOTICE Email "customer_processing_order" for order #10046 not sent: email type is disabled CONTEXT: {"email_type":"customer_processing_order","status":"disabled","recipient":"guest","order":10046}
2026-09-11T13:18:57+00:00 NOTICE Email "customer_note" for order #10046 not sent: email type is disabled CONTEXT: {"email_type":"customer_note","status":"disabled","recipient":"guest","order":10046}
2026-09-11T13:19:42+00:00 INFO Email "new_order" for order #10048 sent CONTEXT: {"email_type":"new_order","status":"sent","recipient":"guest","order":10048}
2026-09-11T13:19:42+00:00 NOTICE Email "customer_processing_order" for order #10048 not sent: email type is disabled CONTEXT: {"email_type":"customer_processing_order","status":"disabled","recipient":"guest","order":10048}
2026-09-11T13:19:42+00:00 NOTICE Email "customer_note" for order #10048 not sent: email type is disabled CONTEXT: {"email_type":"customer_note","status":"disabled","recipient":"guest","order":10048}
2026-09-11T13:26:40+00:00 INFO Email "cancelled_order" for order #10037 sent CONTEXT: {"email_type":"cancelled_order","status":"sent","recipient":"guest","order":10037}
2026-09-11T13:31:55+00:00 NOTICE Email "customer_note" for order #10050 not sent: email type is disabled CONTEXT: {"email_type":"customer_note","status":"disabled","recipient":"guest","order":10050}
2026-09-11T13:33:33+00:00 INFO Email "new_order" for order #10050 sent CONTEXT: {"email_type":"new_order","status":"sent","recipient":"guest","order":10050}
2026-09-11T13:33:33+00:00 NOTICE Email "customer_processing_order" for order #10050 not sent: email type is disabled CONTEXT: {"email_type":"customer_processing_order","status":"disabled","recipient":"guest","order":10050}
2026-09-11T13:33:33+00:00 NOTICE Email "customer_note" for order #10050 not sent: email type is disabled CONTEXT: {"email_type":"customer_note","status":"disabled","recipient":"guest","order":10050}
2026-09-11T13:34:48+00:00 NOTICE Email "customer_note" for order #10051 not sent: email type is disabled CONTEXT: {"email_type":"customer_note","status":"disabled","recipient":"guest","order":10051}
2026-09-11T13:37:52+00:00 NOTICE Email "customer_note" for order #10052 not sent: email type is disabled CONTEXT: {"email_type":"customer_note","status":"disabled","recipient":"guest","order":10052}
2026-09-11T13:41:21+00:00 NOTICE Email "customer_note" for order #10053 not sent: email type is disabled CONTEXT: {"email_type":"customer_note","status":"disabled","recipient":"guest","order":10053}
2026-09-11T13:43:13+00:00 NOTICE Email "customer_note" for order #10054 not sent: email type is disabled CONTEXT: {"email_type":"customer_note","status":"disabled","recipient":"guest","order":10054}
2026-09-11T13:43:56+00:00 NOTICE Email "customer_note" for order #10055 not sent: email type is disabled CONTEXT: {"email_type":"customer_note","status":"disabled","recipient":"guest","order":10055}
2026-09-11T13:44:21+00:00 NOTICE Email "customer_note" for order #10056 not sent: email type is disabled CONTEXT: {"email_type":"customer_note","status":"disabled","recipient":"guest","order":10056}
2026-09-11T13:44:58+00:00 NOTICE Email "customer_note" for order #10054 not sent: email type is disabled CONTEXT: {"email_type":"customer_note","status":"disabled","recipient":"guest","order":10054}
2026-09-11T13:45:54+00:00 NOTICE Email "customer_note" for order #10056 not sent: email type is disabled CONTEXT: {"email_type":"customer_note","status":"disabled","recipient":"guest","order":10056}
2026-09-11T13:45:56+00:00 NOTICE Email "customer_note" for order #10056 not sent: email type is disabled CONTEXT: {"email_type":"customer_note","status":"disabled","recipient":"guest","order":10056}
2026-09-11T13:46:08+00:00 NOTICE Email "customer_note" for order #10056 not sent: email type is disabled CONTEXT: {"email_type":"customer_note","status":"disabled","recipient":"guest","order":10056}
2026-09-11T13:47:07+00:00 NOTICE Email "customer_note" for order #10058 not sent: email type is disabled CONTEXT: {"email_type":"customer_note","status":"disabled","recipient":"guest","order":10058}
2026-09-11T13:47:10+00:00 NOTICE Email "customer_note" for order #10056 not sent: email type is disabled CONTEXT: {"email_type":"customer_note","status":"disabled","recipient":"guest","order":10056}
2026-09-11T13:48:05+00:00 INFO Email "new_order" for order #10056 sent CONTEXT: {"email_type":"new_order","status":"sent","recipient":"guest","order":10056}
2026-09-11T13:48:05+00:00 NOTICE Email "customer_processing_order" for order #10056 not sent: email type is disabled CONTEXT: {"email_type":"customer_processing_order","status":"disabled","recipient":"guest","order":10056}
2026-09-11T13:48:05+00:00 NOTICE Email "customer_note" for order #10056 not sent: email type is disabled CONTEXT: {"email_type":"customer_note","status":"disabled","recipient":"guest","order":10056}
2026-09-11T13:49:05+00:00 INFO Email "new_order" for order #10058 sent CONTEXT: {"email_type":"new_order","status":"sent","recipient":"guest","order":10058}
2026-09-11T13:49:05+00:00 NOTICE Email "customer_processing_order" for order #10058 not sent: email type is disabled CONTEXT: {"email_type":"customer_processing_order","status":"disabled","recipient":"guest","order":10058}
2026-09-11T13:49:05+00:00 NOTICE Email "customer_note" for order #10058 not sent: email type is disabled CONTEXT: {"email_type":"customer_note","status":"disabled","recipient":"guest","order":10058}
2026-09-11T13:53:45+00:00 INFO Email "new_order" for order #10059 sent CONTEXT: {"email_type":"new_order","status":"sent","recipient":"guest","order":10059}
2026-09-11T13:53:45+00:00 NOTICE Email "customer_processing_order" for order #10059 not sent: email type is disabled CONTEXT: {"email_type":"customer_processing_order","status":"disabled","recipient":"guest","order":10059}
2026-09-11T13:56:24+00:00 NOTICE Email "customer_note" for order #10054 not sent: email type is disabled CONTEXT: {"email_type":"customer_note","status":"disabled","recipient":"guest","order":10054}
2026-09-11T13:56:26+00:00 NOTICE Email "customer_note" for order #10061 not sent: email type is disabled CONTEXT: {"email_type":"customer_note","status":"disabled","recipient":"guest","order":10061}
2026-09-11T13:56:44+00:00 INFO Email "cancelled_order" for order #9835 sent CONTEXT: {"email_type":"cancelled_order","status":"sent","recipient":"guest","order":9835}
2026-09-11T13:56:44+00:00 INFO Email "cancelled_order" for order #9880 sent CONTEXT: {"email_type":"cancelled_order","status":"sent","recipient":"guest","order":9880}
2026-09-11T13:57:51+00:00 INFO Email "new_order" for order #10061 sent CONTEXT: {"email_type":"new_order","status":"sent","recipient":"guest","order":10061}
2026-09-11T13:57:51+00:00 NOTICE Email "customer_processing_order" for order #10061 not sent: email type is disabled CONTEXT: {"email_type":"customer_processing_order","status":"disabled","recipient":"guest","order":10061}
2026-09-11T13:57:51+00:00 NOTICE Email "customer_note" for order #10061 not sent: email type is disabled CONTEXT: {"email_type":"customer_note","status":"disabled","recipient":"guest","order":10061}
2026-09-11T14:01:50+00:00 NOTICE Email "customer_note" for order #10062 not sent: email type is disabled CONTEXT: {"email_type":"customer_note","status":"disabled","recipient":"guest","order":10062}
2026-09-11T14:03:07+00:00 NOTICE Email "customer_note" for order #10064 not sent: email type is disabled CONTEXT: {"email_type":"customer_note","status":"disabled","recipient":"guest","order":10064}
2026-09-11T14:05:29+00:00 NOTICE Email "customer_note" for order #10067 not sent: email type is disabled CONTEXT: {"email_type":"customer_note","status":"disabled","recipient":"guest","order":10067}
2026-09-11T14:05:30+00:00 INFO Email "cancelled_order" for order #10064 sent CONTEXT: {"email_type":"cancelled_order","status":"sent","recipient":"guest","order":10064}
2026-09-11T14:07:37+00:00 NOTICE Email "customer_note" for order #10068 not sent: email type is disabled CONTEXT: {"email_type":"customer_note","status":"disabled","recipient":"guest","order":10068}
2026-09-11T14:09:02+00:00 INFO Email "new_order" for order #10068 sent CONTEXT: {"email_type":"new_order","status":"sent","recipient":"guest","order":10068}
2026-09-11T14:09:02+00:00 NOTICE Email "customer_processing_order" for order #10068 not sent: email type is disabled CONTEXT: {"email_type":"customer_processing_order","status":"disabled","recipient":"guest","order":10068}
2026-09-11T14:09:02+00:00 NOTICE Email "customer_note" for order #10068 not sent: email type is disabled CONTEXT: {"email_type":"customer_note","status":"disabled","recipient":"guest","order":10068}
2026-09-11T14:10:10+00:00 NOTICE Email "customer_note" for order #10069 not sent: email type is disabled CONTEXT: {"email_type":"customer_note","status":"disabled","recipient":"guest","order":10069}
2026-09-11T14:20:15+00:00 NOTICE Email "customer_note" for order #10070 not sent: email type is disabled CONTEXT: {"email_type":"customer_note","status":"disabled","recipient":"guest","order":10070}
2026-09-11T14:26:26+00:00 INFO Email "cancelled_order" for order #10051 sent CONTEXT: {"email_type":"cancelled_order","status":"sent","recipient":"guest","order":10051}
2026-09-11T14:30:11+00:00 NOTICE Email "customer_note" for order #10070 not sent: email type is disabled CONTEXT: {"email_type":"customer_note","status":"disabled","recipient":"guest","order":10070}
2026-09-11T14:31:30+00:00 NOTICE Email "customer_note" for order #10070 not sent: email type is disabled CONTEXT: {"email_type":"customer_note","status":"disabled","recipient":"guest","order":10070}
2026-09-11T14:32:24+00:00 NOTICE Email "customer_note" for order #10073 not sent: email type is disabled CONTEXT: {"email_type":"customer_note","status":"disabled","recipient":"guest","order":10073}
2026-09-11T14:37:36+00:00 INFO Email "new_order" for order #10073 sent CONTEXT: {"email_type":"new_order","status":"sent","recipient":"guest","order":10073}
2026-09-11T14:37:36+00:00 NOTICE Email "customer_processing_order" for order #10073 not sent: email type is disabled CONTEXT: {"email_type":"customer_processing_order","status":"disabled","recipient":"guest","order":10073}
2026-09-11T14:37:36+00:00 NOTICE Email "customer_note" for order #10073 not sent: email type is disabled CONTEXT: {"email_type":"customer_note","status":"disabled","recipient":"guest","order":10073}
2026-09-11T14:37:55+00:00 NOTICE Email "customer_note" for order #10074 not sent: email type is disabled CONTEXT: {"email_type":"customer_note","status":"disabled","recipient":"guest","order":10074}
2026-09-11T14:54:37+00:00 NOTICE Email "customer_note" for order #10075 not sent: email type is disabled CONTEXT: {"email_type":"customer_note","status":"disabled","recipient":"guest","order":10075}
2026-09-11T14:56:36+00:00 NOTICE Email "customer_note" for order #10075 not sent: email type is disabled CONTEXT: {"email_type":"customer_note","status":"disabled","recipient":"guest","order":10075}
2026-09-11T15:00:48+00:00 NOTICE Email "customer_note" for order #10076 not sent: email type is disabled CONTEXT: {"email_type":"customer_note","status":"disabled","recipient":"guest","order":10076}
2026-09-11T15:03:47+00:00 NOTICE Email "customer_note" for order #10077 not sent: email type is disabled CONTEXT: {"email_type":"customer_note","status":"disabled","recipient":"guest","order":10077}
2026-09-11T15:07:36+00:00 NOTICE Email "customer_note" for order #10080 not sent: email type is disabled CONTEXT: {"email_type":"customer_note","status":"disabled","recipient":"guest","order":10080}
2026-09-11T15:09:17+00:00 NOTICE Email "customer_note" for order #10081 not sent: email type is disabled CONTEXT: {"email_type":"customer_note","status":"disabled","recipient":"guest","order":10081}
2026-09-11T15:13:31+00:00 INFO Email "new_order" for order #10081 sent CONTEXT: {"email_type":"new_order","status":"sent","recipient":"guest","order":10081}
2026-09-11T15:13:31+00:00 NOTICE Email "customer_processing_order" for order #10081 not sent: email type is disabled CONTEXT: {"email_type":"customer_processing_order","status":"disabled","recipient":"guest","order":10081}
2026-09-11T15:13:31+00:00 NOTICE Email "customer_note" for order #10081 not sent: email type is disabled CONTEXT: {"email_type":"customer_note","status":"disabled","recipient":"guest","order":10081}
2026-09-11T15:15:48+00:00 NOTICE Email "customer_note" for order #10081 not sent: email type is disabled CONTEXT: {"email_type":"customer_note","status":"disabled","recipient":"guest","order":10081}
2026-09-11T15:16:12+00:00 NOTICE Email "customer_note" for order #10081 not sent: email type is disabled CONTEXT: {"email_type":"customer_note","status":"disabled","recipient":"guest","order":10081}
2026-09-11T15:16:35+00:00 NOTICE Email "customer_note" for order #10083 not sent: email type is disabled CONTEXT: {"email_type":"customer_note","status":"disabled","recipient":"guest","order":10083}
2026-09-11T15:18:22+00:00 INFO Email "new_order" for order #10082 sent CONTEXT: {"email_type":"new_order","status":"sent","recipient":"guest","order":10082}
2026-09-11T15:18:22+00:00 NOTICE Email "customer_processing_order" for order #10082 not sent: email type is disabled CONTEXT: {"email_type":"customer_processing_order","status":"disabled","recipient":"guest","order":10082}
2026-09-11T15:18:22+00:00 NOTICE Email "customer_note" for order #10082 not sent: email type is disabled CONTEXT: {"email_type":"customer_note","status":"disabled","recipient":"guest","order":10082}
2026-09-11T15:19:23+00:00 NOTICE Email "customer_note" for order #10084 not sent: email type is disabled CONTEXT: {"email_type":"customer_note","status":"disabled","recipient":"guest","order":10084}
2026-09-11T15:20:13+00:00 INFO Email "new_order" for order #10084 sent CONTEXT: {"email_type":"new_order","status":"sent","recipient":"guest","order":10084}
2026-09-11T15:20:13+00:00 NOTICE Email "customer_processing_order" for order #10084 not sent: email type is disabled CONTEXT: {"email_type":"customer_processing_order","status":"disabled","recipient":"guest","order":10084}
2026-09-11T15:20:13+00:00 NOTICE Email "customer_note" for order #10084 not sent: email type is disabled CONTEXT: {"email_type":"customer_note","status":"disabled","recipient":"guest","order":10084}
2026-09-11T15:34:23+00:00 INFO Email "new_order" for order #10086 sent CONTEXT: {"email_type":"new_order","status":"sent","recipient":"guest","order":10086}
2026-09-11T15:34:23+00:00 NOTICE Email "customer_processing_order" for order #10086 not sent: email type is disabled CONTEXT: {"email_type":"customer_processing_order","status":"disabled","recipient":"guest","order":10086}
2026-09-11T15:35:27+00:00 NOTICE Email "customer_note" for order #10087 not sent: email type is disabled CONTEXT: {"email_type":"customer_note","status":"disabled","recipient":"guest","order":10087}
2026-09-11T15:36:23+00:00 INFO Email "new_order" for order #10087 sent CONTEXT: {"email_type":"new_order","status":"sent","recipient":"guest","order":10087}
2026-09-11T15:36:23+00:00 NOTICE Email "customer_processing_order" for order #10087 not sent: email type is disabled CONTEXT: {"email_type":"customer_processing_order","status":"disabled","recipient":"guest","order":10087}
2026-09-11T15:36:23+00:00 NOTICE Email "customer_note" for order #10087 not sent: email type is disabled CONTEXT: {"email_type":"customer_note","status":"disabled","recipient":"guest","order":10087}
2026-09-11T15:38:26+00:00 NOTICE Email "customer_note" for order #10088 not sent: email type is disabled CONTEXT: {"email_type":"customer_note","status":"disabled","recipient":"guest","order":10088}
2026-09-11T15:40:09+00:00 NOTICE Email "customer_note" for order #10088 not sent: email type is disabled CONTEXT: {"email_type":"customer_note","status":"disabled","recipient":"guest","order":10088}
2026-09-11T15:40:09+00:00 NOTICE Email "customer_note" for order #10088 not sent: email type is disabled CONTEXT: {"email_type":"customer_note","status":"disabled","recipient":"guest","order":10088}
2026-09-11T15:47:06+00:00 NOTICE Email "customer_note" for order #10089 not sent: email type is disabled CONTEXT: {"email_type":"customer_note","status":"disabled","recipient":"guest","order":10089}
2026-09-11T15:48:58+00:00 INFO Email "new_order" for order #10089 sent CONTEXT: {"email_type":"new_order","status":"sent","recipient":"guest","order":10089}
2026-09-11T15:48:58+00:00 NOTICE Email "customer_processing_order" for order #10089 not sent: email type is disabled CONTEXT: {"email_type":"customer_processing_order","status":"disabled","recipient":"guest","order":10089}
2026-09-11T15:48:58+00:00 NOTICE Email "customer_note" for order #10089 not sent: email type is disabled CONTEXT: {"email_type":"customer_note","status":"disabled","recipient":"guest","order":10089}
2026-09-11T15:56:50+00:00 INFO Email "cancelled_order" for order #9790 sent CONTEXT: {"email_type":"cancelled_order","status":"sent","recipient":"guest","order":9790}
2026-09-11T16:08:41+00:00 NOTICE Email "customer_note" for order #10090 not sent: email type is disabled CONTEXT: {"email_type":"customer_note","status":"disabled","recipient":"guest","order":10090}
2026-09-11T16:08:46+00:00 INFO Email "cancelled_order" for order #10028 sent CONTEXT: {"email_type":"cancelled_order","status":"sent","recipient":"guest","order":10028}
2026-09-11T16:10:23+00:00 NOTICE Email "customer_note" for order #10091 not sent: email type is disabled CONTEXT: {"email_type":"customer_note","status":"disabled","recipient":"guest","order":10091}
2026-09-11T16:11:37+00:00 INFO Email "new_order" for order #10090 sent CONTEXT: {"email_type":"new_order","status":"sent","recipient":"guest","order":10090}
2026-09-11T16:11:37+00:00 NOTICE Email "customer_processing_order" for order #10090 not sent: email type is disabled CONTEXT: {"email_type":"customer_processing_order","status":"disabled","recipient":"guest","order":10090}
2026-09-11T16:11:37+00:00 NOTICE Email "customer_note" for order #10090 not sent: email type is disabled CONTEXT: {"email_type":"customer_note","status":"disabled","recipient":"guest","order":10090}
2026-09-11T16:11:56+00:00 INFO Email "new_order" for order #10091 sent CONTEXT: {"email_type":"new_order","status":"sent","recipient":"guest","order":10091}
2026-09-11T16:11:56+00:00 NOTICE Email "customer_processing_order" for order #10091 not sent: email type is disabled CONTEXT: {"email_type":"customer_processing_order","status":"disabled","recipient":"guest","order":10091}
2026-09-11T16:11:56+00:00 NOTICE Email "customer_note" for order #10091 not sent: email type is disabled CONTEXT: {"email_type":"customer_note","status":"disabled","recipient":"guest","order":10091}
2026-09-11T16:22:11+00:00 NOTICE Email "customer_note" for order #10093 not sent: email type is disabled CONTEXT: {"email_type":"customer_note","status":"disabled","recipient":"guest","order":10093}
2026-09-11T16:23:27+00:00 INFO Email "new_order" for order #10093 sent CONTEXT: {"email_type":"new_order","status":"sent","recipient":"guest","order":10093}
2026-09-11T16:23:27+00:00 NOTICE Email "customer_processing_order" for order #10093 not sent: email type is disabled CONTEXT: {"email_type":"customer_processing_order","status":"disabled","recipient":"guest","order":10093}
2026-09-11T16:23:27+00:00 NOTICE Email "customer_note" for order #10093 not sent: email type is disabled CONTEXT: {"email_type":"customer_note","status":"disabled","recipient":"guest","order":10093}
2026-09-11T16:26:08+00:00 NOTICE Email "customer_failed_order" for order #10088 not sent: email type is disabled CONTEXT: {"email_type":"customer_failed_order","status":"disabled","recipient":"guest","order":10088}
2026-09-11T16:26:13+00:00 INFO Email "failed_order" for order #10088 sent CONTEXT: {"email_type":"failed_order","status":"sent","recipient":"guest","order":10088}
2026-09-11T16:30:16+00:00 NOTICE Email "customer_note" for order #10095 not sent: email type is disabled CONTEXT: {"email_type":"customer_note","status":"disabled","recipient":"guest","order":10095}
2026-09-11T16:35:37+00:00 INFO Email "new_order" for order #10095 sent CONTEXT: {"email_type":"new_order","status":"sent","recipient":"guest","order":10095}
2026-09-11T16:35:37+00:00 NOTICE Email "customer_processing_order" for order #10095 not sent: email type is disabled CONTEXT: {"email_type":"customer_processing_order","status":"disabled","recipient":"guest","order":10095}
2026-09-11T16:35:37+00:00 NOTICE Email "customer_note" for order #10095 not sent: email type is disabled CONTEXT: {"email_type":"customer_note","status":"disabled","recipient":"guest","order":10095}
2026-09-11T16:37:56+00:00 NOTICE Email "customer_note" for order #10097 not sent: email type is disabled CONTEXT: {"email_type":"customer_note","status":"disabled","recipient":"guest","order":10097}
2026-09-11T16:46:11+00:00 INFO Email "new_order" for order #10096 sent CONTEXT: {"email_type":"new_order","status":"sent","recipient":"guest","order":10096}
2026-09-11T16:46:11+00:00 NOTICE Email "customer_processing_order" for order #10096 not sent: email type is disabled CONTEXT: {"email_type":"customer_processing_order","status":"disabled","recipient":"guest","order":10096}
2026-09-11T16:52:10+00:00 NOTICE Email "customer_note" for order #10098 not sent: email type is disabled CONTEXT: {"email_type":"customer_note","status":"disabled","recipient":"guest","order":10098}
2026-09-11T16:59:29+00:00 INFO Email "new_order" for order #10100 sent CONTEXT: {"email_type":"new_order","status":"sent","recipient":"guest","order":10100}
2026-09-11T16:59:29+00:00 NOTICE Email "customer_processing_order" for order #10100 not sent: email type is disabled CONTEXT: {"email_type":"customer_processing_order","status":"disabled","recipient":"guest","order":10100}
2026-09-11T17:00:25+00:00 NOTICE Email "customer_note" for order #10075 not sent: email type is disabled CONTEXT: {"email_type":"customer_note","status":"disabled","recipient":"guest","order":10075}
2026-09-11T17:04:07+00:00 NOTICE Email "customer_note" for order #10101 not sent: email type is disabled CONTEXT: {"email_type":"customer_note","status":"disabled","recipient":"guest","order":10101}
2026-09-11T17:07:11+00:00 INFO Email "new_order" for order #10101 sent CONTEXT: {"email_type":"new_order","status":"sent","recipient":"guest","order":10101}
2026-09-11T17:07:11+00:00 NOTICE Email "customer_processing_order" for order #10101 not sent: email type is disabled CONTEXT: {"email_type":"customer_processing_order","status":"disabled","recipient":"guest","order":10101}
2026-09-11T17:07:11+00:00 NOTICE Email "customer_note" for order #10101 not sent: email type is disabled CONTEXT: {"email_type":"customer_note","status":"disabled","recipient":"guest","order":10101}
2026-09-11T17:15:14+00:00 NOTICE Email "customer_note" for order #10102 not sent: email type is disabled CONTEXT: {"email_type":"customer_note","status":"disabled","recipient":"guest","order":10102}
2026-09-11T17:17:19+00:00 INFO Email "new_order" for order #10102 sent CONTEXT: {"email_type":"new_order","status":"sent","recipient":"guest","order":10102}
2026-09-11T17:17:19+00:00 NOTICE Email "customer_processing_order" for order #10102 not sent: email type is disabled CONTEXT: {"email_type":"customer_processing_order","status":"disabled","recipient":"guest","order":10102}
2026-09-11T17:17:19+00:00 NOTICE Email "customer_note" for order #10102 not sent: email type is disabled CONTEXT: {"email_type":"customer_note","status":"disabled","recipient":"guest","order":10102}
2026-09-11T17:18:05+00:00 NOTICE Email "customer_note" for order #10103 not sent: email type is disabled CONTEXT: {"email_type":"customer_note","status":"disabled","recipient":"guest","order":10103}
2026-09-11T17:20:46+00:00 NOTICE Email "customer_note" for order #10104 not sent: email type is disabled CONTEXT: {"email_type":"customer_note","status":"disabled","recipient":"guest","order":10104}
2026-09-11T17:22:25+00:00 INFO Email "new_order" for order #10104 sent CONTEXT: {"email_type":"new_order","status":"sent","recipient":"guest","order":10104}
2026-09-11T17:22:25+00:00 NOTICE Email "customer_processing_order" for order #10104 not sent: email type is disabled CONTEXT: {"email_type":"customer_processing_order","status":"disabled","recipient":"guest","order":10104}
2026-09-11T17:22:25+00:00 NOTICE Email "customer_note" for order #10104 not sent: email type is disabled CONTEXT: {"email_type":"customer_note","status":"disabled","recipient":"guest","order":10104}
2026-09-11T17:26:55+00:00 INFO Email "cancelled_order" for order #10099 sent CONTEXT: {"email_type":"cancelled_order","status":"sent","recipient":"guest","order":10099}
2026-09-11T17:28:28+00:00 NOTICE Email "customer_note" for order #10105 not sent: email type is disabled CONTEXT: {"email_type":"customer_note","status":"disabled","recipient":"guest","order":10105}
2026-09-11T17:30:02+00:00 NOTICE Email "customer_note" for order #10106 not sent: email type is disabled CONTEXT: {"email_type":"customer_note","status":"disabled","recipient":"guest","order":10106}
2026-09-11T17:31:21+00:00 INFO Email "new_order" for order #10103 sent CONTEXT: {"email_type":"new_order","status":"sent","recipient":"guest","order":10103}
2026-09-11T17:31:21+00:00 NOTICE Email "customer_processing_order" for order #10103 not sent: email type is disabled CONTEXT: {"email_type":"customer_processing_order","status":"disabled","recipient":"guest","order":10103}
2026-09-11T17:31:21+00:00 NOTICE Email "customer_note" for order #10103 not sent: email type is disabled CONTEXT: {"email_type":"customer_note","status":"disabled","recipient":"guest","order":10103}
2026-09-11T17:40:31+00:00 NOTICE Email "customer_note" for order #10107 not sent: email type is disabled CONTEXT: {"email_type":"customer_note","status":"disabled","recipient":"guest","order":10107}
2026-09-11T17:40:36+00:00 INFO Email "cancelled_order" for order #10043 sent CONTEXT: {"email_type":"cancelled_order","status":"sent","recipient":"guest","order":10043}
2026-09-11T17:56:46+00:00 NOTICE Email "customer_note" for order #10075 not sent: email type is disabled CONTEXT: {"email_type":"customer_note","status":"disabled","recipient":"guest","order":10075}
2026-09-11T17:56:54+00:00 INFO Email "cancelled_order" for order #9978 sent CONTEXT: {"email_type":"cancelled_order","status":"sent","recipient":"guest","order":9978}
2026-09-11T17:59:29+00:00 INFO Email "new_order" for order #10075 sent CONTEXT: {"email_type":"new_order","status":"sent","recipient":"guest","order":10075}
2026-09-11T17:59:29+00:00 NOTICE Email "customer_processing_order" for order #10075 not sent: email type is disabled CONTEXT: {"email_type":"customer_processing_order","status":"disabled","recipient":"guest","order":10075}
2026-09-11T17:59:29+00:00 NOTICE Email "customer_note" for order #10075 not sent: email type is disabled CONTEXT: {"email_type":"customer_note","status":"disabled","recipient":"guest","order":10075}
2026-09-11T18:26:55+00:00 NOTICE Email "customer_failed_order" for order #9899 not sent: email type is disabled CONTEXT: {"email_type":"customer_failed_order","status":"disabled","recipient":"guest","order":9899}
2026-09-11T18:27:00+00:00 INFO Email "failed_order" for order #9899 sent CONTEXT: {"email_type":"failed_order","status":"sent","recipient":"guest","order":9899}
2026-09-11T18:40:40+00:00 NOTICE Email "customer_note" for order #10108 not sent: email type is disabled CONTEXT: {"email_type":"customer_note","status":"disabled","recipient":"guest","order":10108}
2026-09-11T18:42:42+00:00 NOTICE Email "customer_note" for order #10109 not sent: email type is disabled CONTEXT: {"email_type":"customer_note","status":"disabled","recipient":"guest","order":10109}
2026-09-11T18:49:11+00:00 NOTICE Email "customer_note" for order #10109 not sent: email type is disabled CONTEXT: {"email_type":"customer_note","status":"disabled","recipient":"guest","order":10109}
2026-09-11T18:51:26+00:00 NOTICE Email "customer_note" for order #10111 not sent: email type is disabled CONTEXT: {"email_type":"customer_note","status":"disabled","recipient":"guest","order":10111}
2026-09-11T18:53:43+00:00 NOTICE Email "customer_note" for order #10113 not sent: email type is disabled CONTEXT: {"email_type":"customer_note","status":"disabled","recipient":"guest","order":10113}
2026-09-11T18:54:31+00:00 INFO Email "new_order" for order #10112 sent CONTEXT: {"email_type":"new_order","status":"sent","recipient":"guest","order":10112}
2026-09-11T18:54:31+00:00 NOTICE Email "customer_processing_order" for order #10112 not sent: email type is disabled CONTEXT: {"email_type":"customer_processing_order","status":"disabled","recipient":"guest","order":10112}
2026-09-11T18:54:31+00:00 NOTICE Email "customer_note" for order #10112 not sent: email type is disabled CONTEXT: {"email_type":"customer_note","status":"disabled","recipient":"guest","order":10112}
2026-09-11T18:54:43+00:00 NOTICE Email "customer_note" for order #10115 not sent: email type is disabled CONTEXT: {"email_type":"customer_note","status":"disabled","recipient":"guest","order":10115}
2026-09-11T18:54:49+00:00 INFO Email "new_order" for order #10114 sent CONTEXT: {"email_type":"new_order","status":"sent","recipient":"guest","order":10114}
2026-09-11T18:54:49+00:00 NOTICE Email "customer_processing_order" for order #10114 not sent: email type is disabled CONTEXT: {"email_type":"customer_processing_order","status":"disabled","recipient":"guest","order":10114}
2026-09-11T18:54:49+00:00 NOTICE Email "customer_note" for order #10114 not sent: email type is disabled CONTEXT: {"email_type":"customer_note","status":"disabled","recipient":"guest","order":10114}
2026-09-11T18:56:10+00:00 NOTICE Email "customer_note" for order #10116 not sent: email type is disabled CONTEXT: {"email_type":"customer_note","status":"disabled","recipient":"guest","order":10116}
2026-09-11T18:56:15+00:00 INFO Email "cancelled_order" for order #10111 sent CONTEXT: {"email_type":"cancelled_order","status":"sent","recipient":"guest","order":10111}
2026-09-11T18:57:30+00:00 INFO Email "new_order" for order #10115 sent CONTEXT: {"email_type":"new_order","status":"sent","recipient":"guest","order":10115}
2026-09-11T18:57:30+00:00 NOTICE Email "customer_processing_order" for order #10115 not sent: email type is disabled CONTEXT: {"email_type":"customer_processing_order","status":"disabled","recipient":"guest","order":10115}
2026-09-11T18:57:30+00:00 NOTICE Email "customer_note" for order #10115 not sent: email type is disabled CONTEXT: {"email_type":"customer_note","status":"disabled","recipient":"guest","order":10115}
2026-09-11T18:58:01+00:00 INFO Email "cancelled_order" for order #10013 sent CONTEXT: {"email_type":"cancelled_order","status":"sent","recipient":"guest","order":10013}
2026-09-11T19:02:00+00:00 NOTICE Email "customer_note" for order #10117 not sent: email type is disabled CONTEXT: {"email_type":"customer_note","status":"disabled","recipient":"guest","order":10117}
2026-09-11T19:21:16+00:00 NOTICE Email "customer_note" for order #10119 not sent: email type is disabled CONTEXT: {"email_type":"customer_note","status":"disabled","recipient":"guest","order":10119}
2026-09-11T19:21:17+00:00 NOTICE Email "customer_note" for order #10120 not sent: email type is disabled CONTEXT: {"email_type":"customer_note","status":"disabled","recipient":"guest","order":10120}
2026-09-11T19:37:43+00:00 NOTICE Email "customer_note" for order #10121 not sent: email type is disabled CONTEXT: {"email_type":"customer_note","status":"disabled","recipient":"guest","order":10121}
2026-09-11T19:37:48+00:00 INFO Email "cancelled_order" for order #10116 sent CONTEXT: {"email_type":"cancelled_order","status":"sent","recipient":"guest","order":10116}
2026-09-11T19:49:03+00:00 NOTICE Email "customer_note" for order #10122 not sent: email type is disabled CONTEXT: {"email_type":"customer_note","status":"disabled","recipient":"guest","order":10122}
2026-09-11T19:51:28+00:00 INFO Email "new_order" for order #10122 sent CONTEXT: {"email_type":"new_order","status":"sent","recipient":"guest","order":10122}
2026-09-11T19:51:28+00:00 NOTICE Email "customer_processing_order" for order #10122 not sent: email type is disabled CONTEXT: {"email_type":"customer_processing_order","status":"disabled","recipient":"guest","order":10122}
2026-09-11T19:51:28+00:00 NOTICE Email "customer_note" for order #10122 not sent: email type is disabled CONTEXT: {"email_type":"customer_note","status":"disabled","recipient":"guest","order":10122}
2026-09-11T19:52:24+00:00 NOTICE Email "customer_note" for order #10123 not sent: email type is disabled CONTEXT: {"email_type":"customer_note","status":"disabled","recipient":"guest","order":10123}
2026-09-11T19:53:15+00:00 NOTICE Email "customer_note" for order #10124 not sent: email type is disabled CONTEXT: {"email_type":"customer_note","status":"disabled","recipient":"guest","order":10124}
2026-09-11T19:53:56+00:00 INFO Email "new_order" for order #10123 sent CONTEXT: {"email_type":"new_order","status":"sent","recipient":"guest","order":10123}
2026-09-11T19:53:56+00:00 NOTICE Email "customer_processing_order" for order #10123 not sent: email type is disabled CONTEXT: {"email_type":"customer_processing_order","status":"disabled","recipient":"guest","order":10123}
2026-09-11T19:53:56+00:00 NOTICE Email "customer_note" for order #10123 not sent: email type is disabled CONTEXT: {"email_type":"customer_note","status":"disabled","recipient":"guest","order":10123}
2026-09-11T19:54:49+00:00 NOTICE Email "customer_note" for order #10117 not sent: email type is disabled CONTEXT: {"email_type":"customer_note","status":"disabled","recipient":"guest","order":10117}
2026-09-11T19:58:05+00:00 INFO Email "cancelled_order" for order #9860 sent CONTEXT: {"email_type":"cancelled_order","status":"sent","recipient":"guest","order":9860}
2026-09-11T19:58:10+00:00 INFO Email "cancelled_order" for order #10120 sent CONTEXT: {"email_type":"cancelled_order","status":"sent","recipient":"guest","order":10120}
2026-09-11T19:58:43+00:00 NOTICE Email "customer_note" for order #10126 not sent: email type is disabled CONTEXT: {"email_type":"customer_note","status":"disabled","recipient":"guest","order":10126}
2026-09-11T20:00:29+00:00 INFO Email "new_order" for order #10126 sent CONTEXT: {"email_type":"new_order","status":"sent","recipient":"guest","order":10126}
2026-09-11T20:00:29+00:00 NOTICE Email "customer_processing_order" for order #10126 not sent: email type is disabled CONTEXT: {"email_type":"customer_processing_order","status":"disabled","recipient":"guest","order":10126}
2026-09-11T20:00:29+00:00 NOTICE Email "customer_note" for order #10126 not sent: email type is disabled CONTEXT: {"email_type":"customer_note","status":"disabled","recipient":"guest","order":10126}
2026-09-11T20:02:59+00:00 NOTICE Email "customer_note" for order #10127 not sent: email type is disabled CONTEXT: {"email_type":"customer_note","status":"disabled","recipient":"guest","order":10127}
2026-09-11T20:06:08+00:00 INFO Email "new_order" for order #10127 sent CONTEXT: {"email_type":"new_order","status":"sent","recipient":"guest","order":10127}
2026-09-11T20:06:08+00:00 NOTICE Email "customer_processing_order" for order #10127 not sent: email type is disabled CONTEXT: {"email_type":"customer_processing_order","status":"disabled","recipient":"guest","order":10127}
2026-09-11T20:06:08+00:00 NOTICE Email "customer_note" for order #10127 not sent: email type is disabled CONTEXT: {"email_type":"customer_note","status":"disabled","recipient":"guest","order":10127}
2026-09-11T20:06:15+00:00 NOTICE Email "customer_note" for order #10128 not sent: email type is disabled CONTEXT: {"email_type":"customer_note","status":"disabled","recipient":"guest","order":10128}
2026-09-11T20:08:25+00:00 INFO Email "new_order" for order #10128 sent CONTEXT: {"email_type":"new_order","status":"sent","recipient":"guest","order":10128}
2026-09-11T20:08:25+00:00 NOTICE Email "customer_processing_order" for order #10128 not sent: email type is disabled CONTEXT: {"email_type":"customer_processing_order","status":"disabled","recipient":"guest","order":10128}
2026-09-11T20:08:25+00:00 NOTICE Email "customer_note" for order #10128 not sent: email type is disabled CONTEXT: {"email_type":"customer_note","status":"disabled","recipient":"guest","order":10128}
2026-09-11T20:15:29+00:00 NOTICE Email "customer_note" for order #10130 not sent: email type is disabled CONTEXT: {"email_type":"customer_note","status":"disabled","recipient":"guest","order":10130}
2026-09-11T20:17:13+00:00 INFO Email "new_order" for order #10131 sent CONTEXT: {"email_type":"new_order","status":"sent","recipient":"guest","order":10131}
2026-09-11T20:17:13+00:00 NOTICE Email "customer_processing_order" for order #10131 not sent: email type is disabled CONTEXT: {"email_type":"customer_processing_order","status":"disabled","recipient":"guest","order":10131}
2026-09-11T20:17:28+00:00 NOTICE Email "customer_note" for order #10132 not sent: email type is disabled CONTEXT: {"email_type":"customer_note","status":"disabled","recipient":"guest","order":10132}
2026-09-11T20:29:16+00:00 NOTICE Email "customer_note" for order #10135 not sent: email type is disabled CONTEXT: {"email_type":"customer_note","status":"disabled","recipient":"guest","order":10135}
2026-09-11T20:30:11+00:00 NOTICE Email "customer_note" for order #10135 not sent: email type is disabled CONTEXT: {"email_type":"customer_note","status":"disabled","recipient":"guest","order":10135}
2026-09-11T20:33:25+00:00 NOTICE Email "customer_note" for order #10117 not sent: email type is disabled CONTEXT: {"email_type":"customer_note","status":"disabled","recipient":"guest","order":10117}
2026-09-11T20:33:48+00:00 NOTICE Email "customer_note" for order #10136 not sent: email type is disabled CONTEXT: {"email_type":"customer_note","status":"disabled","recipient":"guest","order":10136}
2026-09-11T20:49:44+00:00 NOTICE Email "customer_note" for order #10138 not sent: email type is disabled CONTEXT: {"email_type":"customer_note","status":"disabled","recipient":"guest","order":10138}
2026-09-11T20:51:34+00:00 INFO Email "new_order" for order #10138 sent CONTEXT: {"email_type":"new_order","status":"sent","recipient":"guest","order":10138}
2026-09-11T20:51:34+00:00 NOTICE Email "customer_processing_order" for order #10138 not sent: email type is disabled CONTEXT: {"email_type":"customer_processing_order","status":"disabled","recipient":"guest","order":10138}
2026-09-11T20:51:34+00:00 NOTICE Email "customer_note" for order #10138 not sent: email type is disabled CONTEXT: {"email_type":"customer_note","status":"disabled","recipient":"guest","order":10138}
2026-09-11T20:51:35+00:00 NOTICE Email "customer_note" for order #10140 not sent: email type is disabled CONTEXT: {"email_type":"customer_note","status":"disabled","recipient":"guest","order":10140}
2026-09-11T20:51:56+00:00 INFO Email "new_order" for order #10139 sent CONTEXT: {"email_type":"new_order","status":"sent","recipient":"guest","order":10139}
2026-09-11T20:51:56+00:00 NOTICE Email "customer_processing_order" for order #10139 not sent: email type is disabled CONTEXT: {"email_type":"customer_processing_order","status":"disabled","recipient":"guest","order":10139}
2026-09-11T20:53:37+00:00 INFO Email "new_order" for order #10140 sent CONTEXT: {"email_type":"new_order","status":"sent","recipient":"guest","order":10140}
2026-09-11T20:53:37+00:00 NOTICE Email "customer_processing_order" for order #10140 not sent: email type is disabled CONTEXT: {"email_type":"customer_processing_order","status":"disabled","recipient":"guest","order":10140}
2026-09-11T20:53:37+00:00 NOTICE Email "customer_note" for order #10140 not sent: email type is disabled CONTEXT: {"email_type":"customer_note","status":"disabled","recipient":"guest","order":10140}
2026-09-11T20:57:49+00:00 NOTICE Email "customer_note" for order #10141 not sent: email type is disabled CONTEXT: {"email_type":"customer_note","status":"disabled","recipient":"guest","order":10141}
2026-09-11T20:58:15+00:00 INFO Email "cancelled_order" for order #9753 sent CONTEXT: {"email_type":"cancelled_order","status":"sent","recipient":"guest","order":9753}
2026-09-11T20:58:20+00:00 INFO Email "cancelled_order" for order #9898 sent CONTEXT: {"email_type":"cancelled_order","status":"sent","recipient":"guest","order":9898}
2026-09-11T20:58:29+00:00 INFO Email "new_order" for order #10141 sent CONTEXT: {"email_type":"new_order","status":"sent","recipient":"guest","order":10141}
2026-09-11T20:58:29+00:00 NOTICE Email "customer_processing_order" for order #10141 not sent: email type is disabled CONTEXT: {"email_type":"customer_processing_order","status":"disabled","recipient":"guest","order":10141}
2026-09-11T20:58:29+00:00 NOTICE Email "customer_note" for order #10141 not sent: email type is disabled CONTEXT: {"email_type":"customer_note","status":"disabled","recipient":"guest","order":10141}
2026-09-11T20:59:43+00:00 NOTICE Email "customer_note" for order #10142 not sent: email type is disabled CONTEXT: {"email_type":"customer_note","status":"disabled","recipient":"guest","order":10142}
2026-09-11T21:00:47+00:00 NOTICE Email "customer_note" for order #10143 not sent: email type is disabled CONTEXT: {"email_type":"customer_note","status":"disabled","recipient":"guest","order":10143}
2026-09-11T21:02:37+00:00 INFO Email "new_order" for order #10142 sent CONTEXT: {"email_type":"new_order","status":"sent","recipient":"guest","order":10142}
2026-09-11T21:02:37+00:00 NOTICE Email "customer_processing_order" for order #10142 not sent: email type is disabled CONTEXT: {"email_type":"customer_processing_order","status":"disabled","recipient":"guest","order":10142}
2026-09-11T21:02:37+00:00 NOTICE Email "customer_note" for order #10142 not sent: email type is disabled CONTEXT: {"email_type":"customer_note","status":"disabled","recipient":"guest","order":10142}
2026-09-11T21:03:15+00:00 NOTICE Email "customer_note" for order #10144 not sent: email type is disabled CONTEXT: {"email_type":"customer_note","status":"disabled","recipient":"guest","order":10144}
2026-09-11T21:14:04+00:00 NOTICE Email "customer_note" for order #10054 not sent: email type is disabled CONTEXT: {"email_type":"customer_note","status":"disabled","recipient":"guest","order":10054}
2026-09-11T21:28:13+00:00 INFO Email "cancelled_order" for order #10063 sent CONTEXT: {"email_type":"cancelled_order","status":"sent","recipient":"guest","order":10063}
2026-09-11T21:32:14+00:00 NOTICE Email "customer_note" for order #10145 not sent: email type is disabled CONTEXT: {"email_type":"customer_note","status":"disabled","recipient":"guest","order":10145}
2026-09-11T21:34:47+00:00 NOTICE Email "customer_note" for order #10146 not sent: email type is disabled CONTEXT: {"email_type":"customer_note","status":"disabled","recipient":"guest","order":10146}
2026-09-11T21:52:16+00:00 NOTICE Email "customer_note" for order #10148 not sent: email type is disabled CONTEXT: {"email_type":"customer_note","status":"disabled","recipient":"guest","order":10148}
2026-09-11T21:56:18+00:00 NOTICE Email "customer_note" for order #10148 not sent: email type is disabled CONTEXT: {"email_type":"customer_note","status":"disabled","recipient":"guest","order":10148}
2026-09-11T21:57:20+00:00 INFO Email "new_order" for order #10149 sent CONTEXT: {"email_type":"new_order","status":"sent","recipient":"guest","order":10149}
2026-09-11T21:57:20+00:00 NOTICE Email "customer_processing_order" for order #10149 not sent: email type is disabled CONTEXT: {"email_type":"customer_processing_order","status":"disabled","recipient":"guest","order":10149}
2026-09-11T21:57:55+00:00 INFO Email "new_order" for order #10148 sent CONTEXT: {"email_type":"new_order","status":"sent","recipient":"guest","order":10148}
2026-09-11T21:57:55+00:00 NOTICE Email "customer_processing_order" for order #10148 not sent: email type is disabled CONTEXT: {"email_type":"customer_processing_order","status":"disabled","recipient":"guest","order":10148}
2026-09-11T21:57:55+00:00 NOTICE Email "customer_note" for order #10148 not sent: email type is disabled CONTEXT: {"email_type":"customer_note","status":"disabled","recipient":"guest","order":10148}
2026-09-11T21:58:19+00:00 INFO Email "cancelled_order" for order #9928 sent CONTEXT: {"email_type":"cancelled_order","status":"sent","recipient":"guest","order":9928}
2026-09-11T21:58:24+00:00 INFO Email "cancelled_order" for order #10011 sent CONTEXT: {"email_type":"cancelled_order","status":"sent","recipient":"guest","order":10011}
2026-09-11T22:20:36+00:00 NOTICE Email "customer_note" for order #10152 not sent: email type is disabled CONTEXT: {"email_type":"customer_note","status":"disabled","recipient":"guest","order":10152}
2026-09-11T22:31:43+00:00 INFO Email "cancelled_order" for order #9768 sent CONTEXT: {"email_type":"cancelled_order","status":"sent","recipient":"guest","order":9768}
2026-09-11T22:31:47+00:00 INFO Email "cancelled_order" for order #9781 sent CONTEXT: {"email_type":"cancelled_order","status":"sent","recipient":"guest","order":9781}
2026-09-11T22:44:55+00:00 NOTICE Email "customer_note" for order #10153 not sent: email type is disabled CONTEXT: {"email_type":"customer_note","status":"disabled","recipient":"guest","order":10153}
2026-09-11T22:47:11+00:00 INFO Email "new_order" for order #10153 sent CONTEXT: {"email_type":"new_order","status":"sent","recipient":"guest","order":10153}
2026-09-11T22:47:11+00:00 NOTICE Email "customer_processing_order" for order #10153 not sent: email type is disabled CONTEXT: {"email_type":"customer_processing_order","status":"disabled","recipient":"guest","order":10153}
2026-09-11T22:47:11+00:00 NOTICE Email "customer_note" for order #10153 not sent: email type is disabled CONTEXT: {"email_type":"customer_note","status":"disabled","recipient":"guest","order":10153}
2026-09-11T22:51:39+00:00 NOTICE Email "customer_note" for order #10155 not sent: email type is disabled CONTEXT: {"email_type":"customer_note","status":"disabled","recipient":"guest","order":10155}
2026-09-11T22:52:31+00:00 NOTICE Email "customer_note" for order #10155 not sent: email type is disabled CONTEXT: {"email_type":"customer_note","status":"disabled","recipient":"guest","order":10155}
2026-09-11T22:53:40+00:00 NOTICE Email "customer_note" for order #10156 not sent: email type is disabled CONTEXT: {"email_type":"customer_note","status":"disabled","recipient":"guest","order":10156}
2026-09-11T22:57:22+00:00 INFO Email "new_order" for order #10156 sent CONTEXT: {"email_type":"new_order","status":"sent","recipient":"guest","order":10156}
2026-09-11T22:57:22+00:00 NOTICE Email "customer_processing_order" for order #10156 not sent: email type is disabled CONTEXT: {"email_type":"customer_processing_order","status":"disabled","recipient":"guest","order":10156}
2026-09-11T22:57:22+00:00 NOTICE Email "customer_note" for order #10156 not sent: email type is disabled CONTEXT: {"email_type":"customer_note","status":"disabled","recipient":"guest","order":10156}
2026-09-11T22:58:59+00:00 NOTICE Email "customer_note" for order #10156 not sent: email type is disabled CONTEXT: {"email_type":"customer_note","status":"disabled","recipient":"guest","order":10156}
2026-09-11T22:59:02+00:00 NOTICE Email "customer_note" for order #10156 not sent: email type is disabled CONTEXT: {"email_type":"customer_note","status":"disabled","recipient":"guest","order":10156}
2026-09-11T23:01:36+00:00 INFO Email "cancelled_order" for order #10106 sent CONTEXT: {"email_type":"cancelled_order","status":"sent","recipient":"guest","order":10106}
2026-09-11T23:31:41+00:00 INFO Email "cancelled_order" for order #9631 sent CONTEXT: {"email_type":"cancelled_order","status":"sent","recipient":"guest","order":9631}
