2026-09-13T00:01:34+00:00 INFO Email "cancelled_order" for order #10107 sent CONTEXT: {"email_type":"cancelled_order","status":"sent","recipient":"guest","order":10107}
2026-09-13T00:01:39+00:00 INFO Email "cancelled_order" for order #10110 sent CONTEXT: {"email_type":"cancelled_order","status":"sent","recipient":"guest","order":10110}
2026-09-13T00:01:39+00:00 NOTICE Email "customer_failed_order" for order #10117 not sent: email type is disabled CONTEXT: {"email_type":"customer_failed_order","status":"disabled","recipient":"guest","order":10117}
2026-09-13T00:01:44+00:00 INFO Email "failed_order" for order #10117 sent CONTEXT: {"email_type":"failed_order","status":"sent","recipient":"guest","order":10117}
2026-09-13T00:01:48+00:00 INFO Email "cancelled_order" for order #10121 sent CONTEXT: {"email_type":"cancelled_order","status":"sent","recipient":"guest","order":10121}
2026-09-13T00:01:53+00:00 INFO Email "cancelled_order" for order #10129 sent CONTEXT: {"email_type":"cancelled_order","status":"sent","recipient":"guest","order":10129}
2026-09-13T00:01:53+00:00 NOTICE Email "customer_failed_order" for order #10130 not sent: email type is disabled CONTEXT: {"email_type":"customer_failed_order","status":"disabled","recipient":"guest","order":10130}
2026-09-13T00:01:54+00:00 INFO Email "cancelled_order" for order #10109 sent CONTEXT: {"email_type":"cancelled_order","status":"sent","recipient":"guest","order":10109}
2026-09-13T00:01:58+00:00 INFO Email "failed_order" for order #10130 sent CONTEXT: {"email_type":"failed_order","status":"sent","recipient":"guest","order":10130}
2026-09-13T00:01:58+00:00 NOTICE Email "customer_failed_order" for order #10132 not sent: email type is disabled CONTEXT: {"email_type":"customer_failed_order","status":"disabled","recipient":"guest","order":10132}
2026-09-13T00:02:04+00:00 INFO Email "failed_order" for order #10132 sent CONTEXT: {"email_type":"failed_order","status":"sent","recipient":"guest","order":10132}
2026-09-13T00:02:08+00:00 INFO Email "cancelled_order" for order #10134 sent CONTEXT: {"email_type":"cancelled_order","status":"sent","recipient":"guest","order":10134}
2026-09-13T00:02:08+00:00 NOTICE Email "customer_failed_order" for order #10135 not sent: email type is disabled CONTEXT: {"email_type":"customer_failed_order","status":"disabled","recipient":"guest","order":10135}
2026-09-13T00:02:13+00:00 INFO Email "failed_order" for order #10135 sent CONTEXT: {"email_type":"failed_order","status":"sent","recipient":"guest","order":10135}
2026-09-13T00:02:20+00:00 INFO Email "cancelled_order" for order #10078 sent CONTEXT: {"email_type":"cancelled_order","status":"sent","recipient":"guest","order":10078}
2026-09-13T00:02:23+00:00 NOTICE Email "customer_failed_order" for order #10038 not sent: email type is disabled CONTEXT: {"email_type":"customer_failed_order","status":"disabled","recipient":"guest","order":10038}
2026-09-13T00:02:28+00:00 INFO Email "failed_order" for order #10038 sent CONTEXT: {"email_type":"failed_order","status":"sent","recipient":"guest","order":10038}
2026-09-13T00:02:34+00:00 INFO Email "cancelled_order" for order #10052 sent CONTEXT: {"email_type":"cancelled_order","status":"sent","recipient":"guest","order":10052}
2026-09-13T00:02:38+00:00 NOTICE Email "customer_failed_order" for order #10108 not sent: email type is disabled CONTEXT: {"email_type":"customer_failed_order","status":"disabled","recipient":"guest","order":10108}
2026-09-13T00:02:42+00:00 INFO Email "failed_order" for order #10108 sent CONTEXT: {"email_type":"failed_order","status":"sent","recipient":"guest","order":10108}
2026-09-13T00:02:44+00:00 NOTICE Email "customer_failed_order" for order #9959 not sent: email type is disabled CONTEXT: {"email_type":"customer_failed_order","status":"disabled","recipient":"guest","order":9959}
2026-09-13T00:02:50+00:00 INFO Email "failed_order" for order #9959 sent CONTEXT: {"email_type":"failed_order","status":"sent","recipient":"guest","order":9959}
2026-09-13T00:02:53+00:00 INFO Email "cancelled_order" for order #10133 sent CONTEXT: {"email_type":"cancelled_order","status":"sent","recipient":"guest","order":10133}
2026-09-13T00:02:58+00:00 INFO Email "cancelled_order" for order #10097 sent CONTEXT: {"email_type":"cancelled_order","status":"sent","recipient":"guest","order":10097}
2026-09-13T00:03:03+00:00 INFO Email "cancelled_order" for order #10094 sent CONTEXT: {"email_type":"cancelled_order","status":"sent","recipient":"guest","order":10094}
2026-09-13T00:03:08+00:00 INFO Email "cancelled_order" for order #10092 sent CONTEXT: {"email_type":"cancelled_order","status":"sent","recipient":"guest","order":10092}
2026-09-13T00:03:09+00:00 NOTICE Email "customer_failed_order" for order #10080 not sent: email type is disabled CONTEXT: {"email_type":"customer_failed_order","status":"disabled","recipient":"guest","order":10080}
2026-09-13T00:03:12+00:00 INFO Email "cancelled_order" for order #10023 sent CONTEXT: {"email_type":"cancelled_order","status":"sent","recipient":"guest","order":10023}
2026-09-13T00:03:14+00:00 INFO Email "failed_order" for order #10080 sent CONTEXT: {"email_type":"failed_order","status":"sent","recipient":"guest","order":10080}
2026-09-13T00:03:14+00:00 INFO Email "cancelled_order" for order #10079 sent CONTEXT: {"email_type":"cancelled_order","status":"sent","recipient":"guest","order":10079}
2026-09-13T00:03:19+00:00 INFO Email "cancelled_order" for order #9946 sent CONTEXT: {"email_type":"cancelled_order","status":"sent","recipient":"guest","order":9946}
2026-09-13T00:03:31+00:00 NOTICE Email "customer_failed_order" for order #10077 not sent: email type is disabled CONTEXT: {"email_type":"customer_failed_order","status":"disabled","recipient":"guest","order":10077}
2026-09-13T00:03:35+00:00 INFO Email "failed_order" for order #10077 sent CONTEXT: {"email_type":"failed_order","status":"sent","recipient":"guest","order":10077}
2026-09-13T00:03:35+00:00 NOTICE Email "customer_failed_order" for order #10076 not sent: email type is disabled CONTEXT: {"email_type":"customer_failed_order","status":"disabled","recipient":"guest","order":10076}
2026-09-13T00:03:37+00:00 INFO Email "cancelled_order" for order #9979 sent CONTEXT: {"email_type":"cancelled_order","status":"sent","recipient":"guest","order":9979}
2026-09-13T00:03:39+00:00 INFO Email "failed_order" for order #10076 sent CONTEXT: {"email_type":"failed_order","status":"sent","recipient":"guest","order":10076}
2026-09-13T00:03:43+00:00 INFO Email "cancelled_order" for order #10071 sent CONTEXT: {"email_type":"cancelled_order","status":"sent","recipient":"guest","order":10071}
2026-09-13T00:03:44+00:00 NOTICE Email "customer_failed_order" for order #10067 not sent: email type is disabled CONTEXT: {"email_type":"customer_failed_order","status":"disabled","recipient":"guest","order":10067}
2026-09-13T00:03:49+00:00 INFO Email "failed_order" for order #10067 sent CONTEXT: {"email_type":"failed_order","status":"sent","recipient":"guest","order":10067}
2026-09-13T00:03:54+00:00 INFO Email "cancelled_order" for order #10066 sent CONTEXT: {"email_type":"cancelled_order","status":"sent","recipient":"guest","order":10066}
2026-09-13T00:03:59+00:00 INFO Email "cancelled_order" for order #10062 sent CONTEXT: {"email_type":"cancelled_order","status":"sent","recipient":"guest","order":10062}
2026-09-13T00:04:04+00:00 INFO Email "cancelled_order" for order #10057 sent CONTEXT: {"email_type":"cancelled_order","status":"sent","recipient":"guest","order":10057}
2026-09-13T00:04:10+00:00 INFO Email "cancelled_order" for order #10047 sent CONTEXT: {"email_type":"cancelled_order","status":"sent","recipient":"guest","order":10047}
2026-09-13T00:04:14+00:00 INFO Email "cancelled_order" for order #10030 sent CONTEXT: {"email_type":"cancelled_order","status":"sent","recipient":"guest","order":10030}
2026-09-13T00:04:14+00:00 NOTICE Email "customer_failed_order" for order #10025 not sent: email type is disabled CONTEXT: {"email_type":"customer_failed_order","status":"disabled","recipient":"guest","order":10025}
2026-09-13T00:04:14+00:00 INFO Email "cancelled_order" for order #10045 sent CONTEXT: {"email_type":"cancelled_order","status":"sent","recipient":"guest","order":10045}
2026-09-13T00:04:19+00:00 INFO Email "failed_order" for order #10025 sent CONTEXT: {"email_type":"failed_order","status":"sent","recipient":"guest","order":10025}
2026-09-13T00:04:19+00:00 INFO Email "cancelled_order" for order #10031 sent CONTEXT: {"email_type":"cancelled_order","status":"sent","recipient":"guest","order":10031}
2026-09-13T00:04:24+00:00 INFO Email "cancelled_order" for order #10017 sent CONTEXT: {"email_type":"cancelled_order","status":"sent","recipient":"guest","order":10017}
2026-09-13T00:04:24+00:00 NOTICE Email "customer_failed_order" for order #10014 not sent: email type is disabled CONTEXT: {"email_type":"customer_failed_order","status":"disabled","recipient":"guest","order":10014}
2026-09-13T00:04:29+00:00 INFO Email "failed_order" for order #10014 sent CONTEXT: {"email_type":"failed_order","status":"sent","recipient":"guest","order":10014}
2026-09-13T00:04:34+00:00 INFO Email "cancelled_order" for order #10005 sent CONTEXT: {"email_type":"cancelled_order","status":"sent","recipient":"guest","order":10005}
2026-09-13T00:04:40+00:00 INFO Email "cancelled_order" for order #9993 sent CONTEXT: {"email_type":"cancelled_order","status":"sent","recipient":"guest","order":9993}
2026-09-13T00:04:45+00:00 INFO Email "cancelled_order" for order #9987 sent CONTEXT: {"email_type":"cancelled_order","status":"sent","recipient":"guest","order":9987}
2026-09-13T00:04:45+00:00 NOTICE Email "customer_failed_order" for order #9986 not sent: email type is disabled CONTEXT: {"email_type":"customer_failed_order","status":"disabled","recipient":"guest","order":9986}
2026-09-13T00:04:50+00:00 INFO Email "failed_order" for order #9986 sent CONTEXT: {"email_type":"failed_order","status":"sent","recipient":"guest","order":9986}
2026-09-13T00:04:51+00:00 INFO Email "cancelled_order" for order #9962 sent CONTEXT: {"email_type":"cancelled_order","status":"sent","recipient":"guest","order":9962}
2026-09-13T00:04:55+00:00 INFO Email "cancelled_order" for order #9982 sent CONTEXT: {"email_type":"cancelled_order","status":"sent","recipient":"guest","order":9982}
2026-09-13T00:04:55+00:00 NOTICE Email "customer_failed_order" for order #9966 not sent: email type is disabled CONTEXT: {"email_type":"customer_failed_order","status":"disabled","recipient":"guest","order":9966}
2026-09-13T00:04:55+00:00 INFO Email "cancelled_order" for order #9960 sent CONTEXT: {"email_type":"cancelled_order","status":"sent","recipient":"guest","order":9960}
2026-09-13T00:04:56+00:00 NOTICE Email "customer_failed_order" for order #9954 not sent: email type is disabled CONTEXT: {"email_type":"customer_failed_order","status":"disabled","recipient":"guest","order":9954}
2026-09-13T00:05:00+00:00 INFO Email "failed_order" for order #9966 sent CONTEXT: {"email_type":"failed_order","status":"sent","recipient":"guest","order":9966}
2026-09-13T00:05:00+00:00 NOTICE Email "customer_failed_order" for order #9965 not sent: email type is disabled CONTEXT: {"email_type":"customer_failed_order","status":"disabled","recipient":"guest","order":9965}
2026-09-13T00:05:01+00:00 INFO Email "failed_order" for order #9954 sent CONTEXT: {"email_type":"failed_order","status":"sent","recipient":"guest","order":9954}
2026-09-13T00:05:05+00:00 INFO Email "failed_order" for order #9965 sent CONTEXT: {"email_type":"failed_order","status":"sent","recipient":"guest","order":9965}
2026-09-13T00:05:06+00:00 INFO Email "cancelled_order" for order #9951 sent CONTEXT: {"email_type":"cancelled_order","status":"sent","recipient":"guest","order":9951}
2026-09-13T00:05:06+00:00 NOTICE Email "customer_failed_order" for order #9947 not sent: email type is disabled CONTEXT: {"email_type":"customer_failed_order","status":"disabled","recipient":"guest","order":9947}
2026-09-13T00:05:10+00:00 INFO Email "cancelled_order" for order #9964 sent CONTEXT: {"email_type":"cancelled_order","status":"sent","recipient":"guest","order":9964}
2026-09-13T00:05:11+00:00 INFO Email "failed_order" for order #9947 sent CONTEXT: {"email_type":"failed_order","status":"sent","recipient":"guest","order":9947}
2026-09-13T00:07:02+00:00 NOTICE Email "customer_failed_order" for order #10119 not sent: email type is disabled CONTEXT: {"email_type":"customer_failed_order","status":"disabled","recipient":"guest","order":10119}
2026-09-13T00:07:07+00:00 INFO Email "failed_order" for order #10119 sent CONTEXT: {"email_type":"failed_order","status":"sent","recipient":"guest","order":10119}
2026-09-13T00:07:07+00:00 NOTICE Email "customer_failed_order" for order #10098 not sent: email type is disabled CONTEXT: {"email_type":"customer_failed_order","status":"disabled","recipient":"guest","order":10098}
2026-09-13T00:07:12+00:00 INFO Email "failed_order" for order #10098 sent CONTEXT: {"email_type":"failed_order","status":"sent","recipient":"guest","order":10098}
2026-09-13T00:07:12+00:00 NOTICE Email "customer_failed_order" for order #10083 not sent: email type is disabled CONTEXT: {"email_type":"customer_failed_order","status":"disabled","recipient":"guest","order":10083}
2026-09-13T00:07:17+00:00 INFO Email "failed_order" for order #10083 sent CONTEXT: {"email_type":"failed_order","status":"sent","recipient":"guest","order":10083}
2026-09-13T00:07:17+00:00 NOTICE Email "customer_failed_order" for order #10070 not sent: email type is disabled CONTEXT: {"email_type":"customer_failed_order","status":"disabled","recipient":"guest","order":10070}
2026-09-13T00:07:22+00:00 INFO Email "failed_order" for order #10070 sent CONTEXT: {"email_type":"failed_order","status":"sent","recipient":"guest","order":10070}
2026-09-13T00:07:22+00:00 NOTICE Email "customer_failed_order" for order #10069 not sent: email type is disabled CONTEXT: {"email_type":"customer_failed_order","status":"disabled","recipient":"guest","order":10069}
2026-09-13T00:07:28+00:00 INFO Email "failed_order" for order #10069 sent CONTEXT: {"email_type":"failed_order","status":"sent","recipient":"guest","order":10069}
2026-09-13T00:07:28+00:00 NOTICE Email "customer_failed_order" for order #10055 not sent: email type is disabled CONTEXT: {"email_type":"customer_failed_order","status":"disabled","recipient":"guest","order":10055}
2026-09-13T00:07:33+00:00 INFO Email "failed_order" for order #10055 sent CONTEXT: {"email_type":"failed_order","status":"sent","recipient":"guest","order":10055}
2026-09-13T00:07:33+00:00 NOTICE Email "customer_failed_order" for order #10054 not sent: email type is disabled CONTEXT: {"email_type":"customer_failed_order","status":"disabled","recipient":"guest","order":10054}
2026-09-13T00:07:38+00:00 INFO Email "failed_order" for order #10054 sent CONTEXT: {"email_type":"failed_order","status":"sent","recipient":"guest","order":10054}
2026-09-13T00:07:38+00:00 NOTICE Email "customer_failed_order" for order #10053 not sent: email type is disabled CONTEXT: {"email_type":"customer_failed_order","status":"disabled","recipient":"guest","order":10053}
2026-09-13T00:07:43+00:00 INFO Email "failed_order" for order #10053 sent CONTEXT: {"email_type":"failed_order","status":"sent","recipient":"guest","order":10053}
2026-09-13T00:07:43+00:00 NOTICE Email "customer_failed_order" for order #10042 not sent: email type is disabled CONTEXT: {"email_type":"customer_failed_order","status":"disabled","recipient":"guest","order":10042}
2026-09-13T00:07:48+00:00 INFO Email "failed_order" for order #10042 sent CONTEXT: {"email_type":"failed_order","status":"sent","recipient":"guest","order":10042}
2026-09-13T00:07:48+00:00 NOTICE Email "customer_failed_order" for order #10041 not sent: email type is disabled CONTEXT: {"email_type":"customer_failed_order","status":"disabled","recipient":"guest","order":10041}
2026-09-13T00:07:54+00:00 INFO Email "failed_order" for order #10041 sent CONTEXT: {"email_type":"failed_order","status":"sent","recipient":"guest","order":10041}
2026-09-13T00:07:54+00:00 NOTICE Email "customer_failed_order" for order #10022 not sent: email type is disabled CONTEXT: {"email_type":"customer_failed_order","status":"disabled","recipient":"guest","order":10022}
2026-09-13T00:07:59+00:00 INFO Email "failed_order" for order #10022 sent CONTEXT: {"email_type":"failed_order","status":"sent","recipient":"guest","order":10022}
2026-09-13T00:07:59+00:00 NOTICE Email "customer_failed_order" for order #9999 not sent: email type is disabled CONTEXT: {"email_type":"customer_failed_order","status":"disabled","recipient":"guest","order":9999}
2026-09-13T00:08:04+00:00 INFO Email "failed_order" for order #9999 sent CONTEXT: {"email_type":"failed_order","status":"sent","recipient":"guest","order":9999}
2026-09-13T00:08:04+00:00 NOTICE Email "customer_failed_order" for order #9995 not sent: email type is disabled CONTEXT: {"email_type":"customer_failed_order","status":"disabled","recipient":"guest","order":9995}
2026-09-13T00:08:09+00:00 INFO Email "failed_order" for order #9995 sent CONTEXT: {"email_type":"failed_order","status":"sent","recipient":"guest","order":9995}
2026-09-13T00:08:09+00:00 NOTICE Email "customer_failed_order" for order #9988 not sent: email type is disabled CONTEXT: {"email_type":"customer_failed_order","status":"disabled","recipient":"guest","order":9988}
2026-09-13T00:08:14+00:00 INFO Email "failed_order" for order #9988 sent CONTEXT: {"email_type":"failed_order","status":"sent","recipient":"guest","order":9988}
2026-09-13T00:08:14+00:00 NOTICE Email "customer_failed_order" for order #9980 not sent: email type is disabled CONTEXT: {"email_type":"customer_failed_order","status":"disabled","recipient":"guest","order":9980}
2026-09-13T00:08:19+00:00 INFO Email "failed_order" for order #9980 sent CONTEXT: {"email_type":"failed_order","status":"sent","recipient":"guest","order":9980}
2026-09-13T00:08:19+00:00 NOTICE Email "customer_failed_order" for order #9969 not sent: email type is disabled CONTEXT: {"email_type":"customer_failed_order","status":"disabled","recipient":"guest","order":9969}
2026-09-13T00:08:25+00:00 INFO Email "failed_order" for order #9969 sent CONTEXT: {"email_type":"failed_order","status":"sent","recipient":"guest","order":9969}
2026-09-13T00:08:25+00:00 NOTICE Email "customer_failed_order" for order #9933 not sent: email type is disabled CONTEXT: {"email_type":"customer_failed_order","status":"disabled","recipient":"guest","order":9933}
2026-09-13T00:08:30+00:00 INFO Email "failed_order" for order #9933 sent CONTEXT: {"email_type":"failed_order","status":"sent","recipient":"guest","order":9933}
2026-09-13T01:18:18+00:00 INFO Email "new_order" for order #10338 sent CONTEXT: {"email_type":"new_order","status":"sent","recipient":"guest","order":10338}
2026-09-13T01:18:18+00:00 NOTICE Email "customer_processing_order" for order #10338 not sent: email type is disabled CONTEXT: {"email_type":"customer_processing_order","status":"disabled","recipient":"guest","order":10338}
2026-09-13T01:26:57+00:00 INFO Email "cancelled_order" for order #10268 sent CONTEXT: {"email_type":"cancelled_order","status":"sent","recipient":"guest","order":10268}
2026-09-13T02:27:48+00:00 INFO Email "cancelled_order" for order #10204 sent CONTEXT: {"email_type":"cancelled_order","status":"sent","recipient":"guest","order":10204}
2026-09-13T02:39:26+00:00 NOTICE Email "customer_note" for order #10340 not sent: email type is disabled CONTEXT: {"email_type":"customer_note","status":"disabled","recipient":"guest","order":10340}
2026-09-13T02:44:48+00:00 NOTICE Email "customer_note" for order #10341 not sent: email type is disabled CONTEXT: {"email_type":"customer_note","status":"disabled","recipient":"guest","order":10341}
2026-09-13T02:57:50+00:00 INFO Email "cancelled_order" for order #10143 sent CONTEXT: {"email_type":"cancelled_order","status":"sent","recipient":"guest","order":10143}
2026-09-13T03:30:35+00:00 NOTICE Email "customer_note" for order #10282 not sent: email type is disabled CONTEXT: {"email_type":"customer_note","status":"disabled","recipient":"guest","order":10282}
2026-09-13T03:32:46+00:00 NOTICE Email "customer_note" for order #10342 not sent: email type is disabled CONTEXT: {"email_type":"customer_note","status":"disabled","recipient":"guest","order":10342}
2026-09-13T03:33:15+00:00 INFO Email "cancelled_order" for order #10341 sent CONTEXT: {"email_type":"cancelled_order","status":"sent","recipient":"guest","order":10341}
2026-09-13T03:34:29+00:00 INFO Email "new_order" for order #10342 sent CONTEXT: {"email_type":"new_order","status":"sent","recipient":"guest","order":10342}
2026-09-13T03:34:29+00:00 NOTICE Email "customer_processing_order" for order #10342 not sent: email type is disabled CONTEXT: {"email_type":"customer_processing_order","status":"disabled","recipient":"guest","order":10342}
2026-09-13T03:34:29+00:00 NOTICE Email "customer_note" for order #10342 not sent: email type is disabled CONTEXT: {"email_type":"customer_note","status":"disabled","recipient":"guest","order":10342}
2026-09-13T04:54:26+00:00 NOTICE Email "customer_note" for order #10343 not sent: email type is disabled CONTEXT: {"email_type":"customer_note","status":"disabled","recipient":"guest","order":10343}
2026-09-13T04:56:33+00:00 INFO Email "new_order" for order #10343 sent CONTEXT: {"email_type":"new_order","status":"sent","recipient":"guest","order":10343}
2026-09-13T04:56:33+00:00 NOTICE Email "customer_processing_order" for order #10343 not sent: email type is disabled CONTEXT: {"email_type":"customer_processing_order","status":"disabled","recipient":"guest","order":10343}
2026-09-13T04:56:33+00:00 NOTICE Email "customer_note" for order #10343 not sent: email type is disabled CONTEXT: {"email_type":"customer_note","status":"disabled","recipient":"guest","order":10343}
2026-09-13T04:57:57+00:00 NOTICE Email "customer_completed_order" for order #9855 not sent: email type is disabled CONTEXT: {"email_type":"customer_completed_order","status":"disabled","recipient":"guest","order":9855}
2026-09-13T04:58:16+00:00 NOTICE Email "customer_completed_order" for order #9985 not sent: email type is disabled CONTEXT: {"email_type":"customer_completed_order","status":"disabled","recipient":"guest","order":9985}
2026-09-13T04:58:18+00:00 NOTICE Email "customer_completed_order" for order #10240 not sent: email type is disabled CONTEXT: {"email_type":"customer_completed_order","status":"disabled","recipient":"guest","order":10240}
2026-09-13T04:58:18+00:00 NOTICE Email "customer_completed_order" for order #10221 not sent: email type is disabled CONTEXT: {"email_type":"customer_completed_order","status":"disabled","recipient":"guest","order":10221}
2026-09-13T04:58:18+00:00 NOTICE Email "customer_completed_order" for order #10127 not sent: email type is disabled CONTEXT: {"email_type":"customer_completed_order","status":"disabled","recipient":"guest","order":10127}
2026-09-13T04:58:18+00:00 NOTICE Email "customer_completed_order" for order #10068 not sent: email type is disabled CONTEXT: {"email_type":"customer_completed_order","status":"disabled","recipient":"guest","order":10068}
2026-09-13T04:58:18+00:00 NOTICE Email "customer_completed_order" for order #10058 not sent: email type is disabled CONTEXT: {"email_type":"customer_completed_order","status":"disabled","recipient":"guest","order":10058}
2026-09-13T04:58:18+00:00 NOTICE Email "customer_completed_order" for order #10000 not sent: email type is disabled CONTEXT: {"email_type":"customer_completed_order","status":"disabled","recipient":"guest","order":10000}
2026-09-13T04:58:18+00:00 NOTICE Email "customer_completed_order" for order #9939 not sent: email type is disabled CONTEXT: {"email_type":"customer_completed_order","status":"disabled","recipient":"guest","order":9939}
2026-09-13T04:58:18+00:00 NOTICE Email "customer_completed_order" for order #9919 not sent: email type is disabled CONTEXT: {"email_type":"customer_completed_order","status":"disabled","recipient":"guest","order":9919}
2026-09-13T04:58:18+00:00 NOTICE Email "customer_completed_order" for order #9879 not sent: email type is disabled CONTEXT: {"email_type":"customer_completed_order","status":"disabled","recipient":"guest","order":9879}
2026-09-13T04:58:18+00:00 NOTICE Email "customer_completed_order" for order #9874 not sent: email type is disabled CONTEXT: {"email_type":"customer_completed_order","status":"disabled","recipient":"guest","order":9874}
2026-09-13T04:58:18+00:00 NOTICE Email "customer_completed_order" for order #9846 not sent: email type is disabled CONTEXT: {"email_type":"customer_completed_order","status":"disabled","recipient":"guest","order":9846}
2026-09-13T04:58:18+00:00 NOTICE Email "customer_completed_order" for order #7964 not sent: email type is disabled CONTEXT: {"email_type":"customer_completed_order","status":"disabled","recipient":"guest","order":7964}
2026-09-13T05:00:41+00:00 NOTICE Email "customer_note" for order #10344 not sent: email type is disabled CONTEXT: {"email_type":"customer_note","status":"disabled","recipient":"guest","order":10344}
2026-09-13T05:02:27+00:00 INFO Email "new_order" for order #10344 sent CONTEXT: {"email_type":"new_order","status":"sent","recipient":"guest","order":10344}
2026-09-13T05:02:27+00:00 NOTICE Email "customer_processing_order" for order #10344 not sent: email type is disabled CONTEXT: {"email_type":"customer_processing_order","status":"disabled","recipient":"guest","order":10344}
2026-09-13T05:02:27+00:00 NOTICE Email "customer_note" for order #10344 not sent: email type is disabled CONTEXT: {"email_type":"customer_note","status":"disabled","recipient":"guest","order":10344}
2026-09-13T05:16:27+00:00 NOTICE Email "customer_note" for order #10345 not sent: email type is disabled CONTEXT: {"email_type":"customer_note","status":"disabled","recipient":"guest","order":10345}
2026-09-13T05:17:47+00:00 INFO Email "new_order" for order #10345 sent CONTEXT: {"email_type":"new_order","status":"sent","recipient":"guest","order":10345}
2026-09-13T05:17:47+00:00 NOTICE Email "customer_processing_order" for order #10345 not sent: email type is disabled CONTEXT: {"email_type":"customer_processing_order","status":"disabled","recipient":"guest","order":10345}
2026-09-13T05:17:47+00:00 NOTICE Email "customer_note" for order #10345 not sent: email type is disabled CONTEXT: {"email_type":"customer_note","status":"disabled","recipient":"guest","order":10345}
2026-09-13T05:18:31+00:00 NOTICE Email "customer_note" for order #10346 not sent: email type is disabled CONTEXT: {"email_type":"customer_note","status":"disabled","recipient":"guest","order":10346}
2026-09-13T05:20:04+00:00 NOTICE Email "customer_note" for order #10347 not sent: email type is disabled CONTEXT: {"email_type":"customer_note","status":"disabled","recipient":"guest","order":10347}
2026-09-13T05:30:16+00:00 NOTICE Email "customer_note" for order #10348 not sent: email type is disabled CONTEXT: {"email_type":"customer_note","status":"disabled","recipient":"guest","order":10348}
2026-09-13T05:47:08+00:00 NOTICE Email "customer_note" for order #10349 not sent: email type is disabled CONTEXT: {"email_type":"customer_note","status":"disabled","recipient":"guest","order":10349}
2026-09-13T05:49:06+00:00 INFO Email "cancelled_order" for order #10347 sent CONTEXT: {"email_type":"cancelled_order","status":"sent","recipient":"guest","order":10347}
2026-09-13T05:49:18+00:00 INFO Email "new_order" for order #10349 sent CONTEXT: {"email_type":"new_order","status":"sent","recipient":"guest","order":10349}
2026-09-13T05:49:18+00:00 NOTICE Email "customer_processing_order" for order #10349 not sent: email type is disabled CONTEXT: {"email_type":"customer_processing_order","status":"disabled","recipient":"guest","order":10349}
2026-09-13T05:49:18+00:00 NOTICE Email "customer_note" for order #10349 not sent: email type is disabled CONTEXT: {"email_type":"customer_note","status":"disabled","recipient":"guest","order":10349}
2026-09-13T06:01:08+00:00 NOTICE Email "customer_note" for order #10350 not sent: email type is disabled CONTEXT: {"email_type":"customer_note","status":"disabled","recipient":"guest","order":10350}
2026-09-13T06:01:52+00:00 NOTICE Email "customer_note" for order #10350 not sent: email type is disabled CONTEXT: {"email_type":"customer_note","status":"disabled","recipient":"guest","order":10350}
2026-09-13T06:32:31+00:00 NOTICE Email "customer_note" for order #10351 not sent: email type is disabled CONTEXT: {"email_type":"customer_note","status":"disabled","recipient":"guest","order":10351}
2026-09-13T06:37:32+00:00 NOTICE Email "customer_note" for order #10353 not sent: email type is disabled CONTEXT: {"email_type":"customer_note","status":"disabled","recipient":"guest","order":10353}
2026-09-13T06:38:40+00:00 INFO Email "new_order" for order #10353 sent CONTEXT: {"email_type":"new_order","status":"sent","recipient":"guest","order":10353}
2026-09-13T06:38:40+00:00 NOTICE Email "customer_processing_order" for order #10353 not sent: email type is disabled CONTEXT: {"email_type":"customer_processing_order","status":"disabled","recipient":"guest","order":10353}
2026-09-13T06:38:40+00:00 NOTICE Email "customer_note" for order #10353 not sent: email type is disabled CONTEXT: {"email_type":"customer_note","status":"disabled","recipient":"guest","order":10353}
2026-09-13T06:44:58+00:00 NOTICE Email "customer_note" for order #10355 not sent: email type is disabled CONTEXT: {"email_type":"customer_note","status":"disabled","recipient":"guest","order":10355}
2026-09-13T06:46:38+00:00 INFO Email "new_order" for order #10355 sent CONTEXT: {"email_type":"new_order","status":"sent","recipient":"guest","order":10355}
2026-09-13T06:46:38+00:00 NOTICE Email "customer_processing_order" for order #10355 not sent: email type is disabled CONTEXT: {"email_type":"customer_processing_order","status":"disabled","recipient":"guest","order":10355}
2026-09-13T06:46:38+00:00 NOTICE Email "customer_note" for order #10355 not sent: email type is disabled CONTEXT: {"email_type":"customer_note","status":"disabled","recipient":"guest","order":10355}
2026-09-13T07:03:58+00:00 INFO Email "cancelled_order" for order #10352 sent CONTEXT: {"email_type":"cancelled_order","status":"sent","recipient":"guest","order":10352}
2026-09-13T07:08:31+00:00 NOTICE Email "customer_note" for order #10357 not sent: email type is disabled CONTEXT: {"email_type":"customer_note","status":"disabled","recipient":"guest","order":10357}
2026-09-13T07:14:39+00:00 NOTICE Email "customer_note" for order #10358 not sent: email type is disabled CONTEXT: {"email_type":"customer_note","status":"disabled","recipient":"guest","order":10358}
2026-09-13T07:16:07+00:00 NOTICE Email "customer_note" for order #10359 not sent: email type is disabled CONTEXT: {"email_type":"customer_note","status":"disabled","recipient":"guest","order":10359}
2026-09-13T07:21:26+00:00 INFO Email "new_order" for order #10359 sent CONTEXT: {"email_type":"new_order","status":"sent","recipient":"guest","order":10359}
2026-09-13T07:21:26+00:00 NOTICE Email "customer_processing_order" for order #10359 not sent: email type is disabled CONTEXT: {"email_type":"customer_processing_order","status":"disabled","recipient":"guest","order":10359}
2026-09-13T07:21:26+00:00 NOTICE Email "customer_note" for order #10359 not sent: email type is disabled CONTEXT: {"email_type":"customer_note","status":"disabled","recipient":"guest","order":10359}
2026-09-13T07:30:28+00:00 NOTICE Email "customer_note" for order #10361 not sent: email type is disabled CONTEXT: {"email_type":"customer_note","status":"disabled","recipient":"guest","order":10361}
2026-09-13T07:32:40+00:00 NOTICE Email "customer_note" for order #10362 not sent: email type is disabled CONTEXT: {"email_type":"customer_note","status":"disabled","recipient":"guest","order":10362}
2026-09-13T07:39:13+00:00 INFO Email "cancelled_order" for order #10354 sent CONTEXT: {"email_type":"cancelled_order","status":"sent","recipient":"guest","order":10354}
2026-09-13T07:40:41+00:00 INFO Email "new_order" for order #10363 sent CONTEXT: {"email_type":"new_order","status":"sent","recipient":"guest","order":10363}
2026-09-13T07:40:41+00:00 NOTICE Email "customer_processing_order" for order #10363 not sent: email type is disabled CONTEXT: {"email_type":"customer_processing_order","status":"disabled","recipient":"guest","order":10363}
2026-09-13T07:40:46+00:00 NOTICE Email "customer_note" for order #10361 not sent: email type is disabled CONTEXT: {"email_type":"customer_note","status":"disabled","recipient":"guest","order":10361}
2026-09-13T07:41:17+00:00 INFO Email "new_order" for order #10364 sent CONTEXT: {"email_type":"new_order","status":"sent","recipient":"guest","order":10364}
2026-09-13T07:41:17+00:00 NOTICE Email "customer_processing_order" for order #10364 not sent: email type is disabled CONTEXT: {"email_type":"customer_processing_order","status":"disabled","recipient":"guest","order":10364}
2026-09-13T08:05:33+00:00 NOTICE Email "customer_note" for order #10365 not sent: email type is disabled CONTEXT: {"email_type":"customer_note","status":"disabled","recipient":"guest","order":10365}
2026-09-13T08:09:43+00:00 NOTICE Email "customer_failed_order" for order #10300 not sent: email type is disabled CONTEXT: {"email_type":"customer_failed_order","status":"disabled","recipient":"guest","order":10300}
2026-09-13T08:09:48+00:00 INFO Email "failed_order" for order #10300 sent CONTEXT: {"email_type":"failed_order","status":"sent","recipient":"guest","order":10300}
2026-09-13T08:10:04+00:00 INFO Email "new_order" for order #10367 sent CONTEXT: {"email_type":"new_order","status":"sent","recipient":"guest","order":10367}
2026-09-13T08:10:04+00:00 NOTICE Email "customer_processing_order" for order #10367 not sent: email type is disabled CONTEXT: {"email_type":"customer_processing_order","status":"disabled","recipient":"guest","order":10367}
2026-09-13T08:10:21+00:00 NOTICE Email "customer_note" for order #10368 not sent: email type is disabled CONTEXT: {"email_type":"customer_note","status":"disabled","recipient":"guest","order":10368}
2026-09-13T08:22:12+00:00 INFO Email "new_order" for order #10368 sent CONTEXT: {"email_type":"new_order","status":"sent","recipient":"guest","order":10368}
2026-09-13T08:22:12+00:00 NOTICE Email "customer_processing_order" for order #10368 not sent: email type is disabled CONTEXT: {"email_type":"customer_processing_order","status":"disabled","recipient":"guest","order":10368}
2026-09-13T08:22:12+00:00 NOTICE Email "customer_note" for order #10368 not sent: email type is disabled CONTEXT: {"email_type":"customer_note","status":"disabled","recipient":"guest","order":10368}
2026-09-13T08:41:48+00:00 NOTICE Email "customer_note" for order #10375 not sent: email type is disabled CONTEXT: {"email_type":"customer_note","status":"disabled","recipient":"guest","order":10375}
2026-09-13T08:42:42+00:00 NOTICE Email "customer_refunded_order" for order #7241 not sent: email type is disabled CONTEXT: {"email_type":"customer_refunded_order","status":"disabled","recipient":"guest","order":7241}
2026-09-13T08:42:55+00:00 NOTICE Email "customer_refunded_order" for order #7672 not sent: email type is disabled CONTEXT: {"email_type":"customer_refunded_order","status":"disabled","recipient":"guest","order":7672}
2026-09-13T08:43:20+00:00 NOTICE Email "customer_refunded_order" for order #7906 not sent: email type is disabled CONTEXT: {"email_type":"customer_refunded_order","status":"disabled","recipient":"guest","order":7906}
2026-09-13T08:44:08+00:00 INFO Email "new_order" for order #10375 sent CONTEXT: {"email_type":"new_order","status":"sent","recipient":"guest","order":10375}
2026-09-13T08:44:08+00:00 NOTICE Email "customer_processing_order" for order #10375 not sent: email type is disabled CONTEXT: {"email_type":"customer_processing_order","status":"disabled","recipient":"guest","order":10375}
2026-09-13T08:44:08+00:00 NOTICE Email "customer_note" for order #10375 not sent: email type is disabled CONTEXT: {"email_type":"customer_note","status":"disabled","recipient":"guest","order":10375}
2026-09-13T08:44:21+00:00 NOTICE Email "customer_refunded_order" for order #10056 not sent: email type is disabled CONTEXT: {"email_type":"customer_refunded_order","status":"disabled","recipient":"guest","order":10056}
2026-09-13T08:44:44+00:00 NOTICE Email "customer_refunded_order" for order #10104 not sent: email type is disabled CONTEXT: {"email_type":"customer_refunded_order","status":"disabled","recipient":"guest","order":10104}
2026-09-13T08:45:08+00:00 NOTICE Email "customer_refunded_order" for order #10016 not sent: email type is disabled CONTEXT: {"email_type":"customer_refunded_order","status":"disabled","recipient":"guest","order":10016}
2026-09-13T08:45:28+00:00 NOTICE Email "customer_refunded_order" for order #9893 not sent: email type is disabled CONTEXT: {"email_type":"customer_refunded_order","status":"disabled","recipient":"guest","order":9893}
2026-09-13T08:45:46+00:00 NOTICE Email "customer_refunded_order" for order #9863 not sent: email type is disabled CONTEXT: {"email_type":"customer_refunded_order","status":"disabled","recipient":"guest","order":9863}
2026-09-13T08:46:04+00:00 NOTICE Email "customer_refunded_order" for order #9998 not sent: email type is disabled CONTEXT: {"email_type":"customer_refunded_order","status":"disabled","recipient":"guest","order":9998}
2026-09-13T08:47:19+00:00 NOTICE Email "customer_refunded_order" for order #9770 not sent: email type is disabled CONTEXT: {"email_type":"customer_refunded_order","status":"disabled","recipient":"guest","order":9770}
2026-09-13T08:48:55+00:00 INFO Email "new_order" for order #10385 sent CONTEXT: {"email_type":"new_order","status":"sent","recipient":"guest","order":10385}
2026-09-13T08:48:55+00:00 NOTICE Email "customer_processing_order" for order #10385 not sent: email type is disabled CONTEXT: {"email_type":"customer_processing_order","status":"disabled","recipient":"guest","order":10385}
2026-09-13T08:59:32+00:00 NOTICE Email "customer_note" for order #10388 not sent: email type is disabled CONTEXT: {"email_type":"customer_note","status":"disabled","recipient":"guest","order":10388}
2026-09-13T09:01:24+00:00 INFO Email "cancelled_order" for order #10387 sent CONTEXT: {"email_type":"cancelled_order","status":"sent","recipient":"guest","order":10387}
2026-09-13T09:06:11+00:00 NOTICE Email "customer_note" for order #10390 not sent: email type is disabled CONTEXT: {"email_type":"customer_note","status":"disabled","recipient":"guest","order":10390}
2026-09-13T09:06:17+00:00 NOTICE Email "customer_note" for order #10391 not sent: email type is disabled CONTEXT: {"email_type":"customer_note","status":"disabled","recipient":"guest","order":10391}
2026-09-13T09:07:31+00:00 NOTICE Email "customer_completed_order" for order #7349 not sent: email type is disabled CONTEXT: {"email_type":"customer_completed_order","status":"disabled","recipient":"guest","order":7349}
2026-09-13T09:07:39+00:00 INFO Email "cancelled_order" for order #10392 sent CONTEXT: {"email_type":"cancelled_order","status":"sent","recipient":"guest","order":10392}
2026-09-13T09:07:39+00:00 NOTICE Email "customer_note" for order #10392 not sent: email type is disabled CONTEXT: {"email_type":"customer_note","status":"disabled","recipient":"guest","order":10392}
2026-09-13T09:07:44+00:00 INFO Email "cancelled_order" for order #10393 sent CONTEXT: {"email_type":"cancelled_order","status":"sent","recipient":"guest","order":10393}
2026-09-13T09:07:49+00:00 INFO Email "cancelled_order" for order #10394 sent CONTEXT: {"email_type":"cancelled_order","status":"sent","recipient":"guest","order":10394}
2026-09-13T09:07:53+00:00 INFO Email "cancelled_order" for order #10395 sent CONTEXT: {"email_type":"cancelled_order","status":"sent","recipient":"guest","order":10395}
2026-09-13T09:09:00+00:00 NOTICE Email "customer_note" for order #10396 not sent: email type is disabled CONTEXT: {"email_type":"customer_note","status":"disabled","recipient":"guest","order":10396}
2026-09-13T09:09:05+00:00 INFO Email "cancelled_order" for order #10357 sent CONTEXT: {"email_type":"cancelled_order","status":"sent","recipient":"guest","order":10357}
2026-09-13T09:29:36+00:00 NOTICE Email "customer_note" for order #10400 not sent: email type is disabled CONTEXT: {"email_type":"customer_note","status":"disabled","recipient":"guest","order":10400}
2026-09-13T09:31:28+00:00 INFO Email "new_order" for order #10400 sent CONTEXT: {"email_type":"new_order","status":"sent","recipient":"guest","order":10400}
2026-09-13T09:31:28+00:00 NOTICE Email "customer_processing_order" for order #10400 not sent: email type is disabled CONTEXT: {"email_type":"customer_processing_order","status":"disabled","recipient":"guest","order":10400}
2026-09-13T09:31:28+00:00 NOTICE Email "customer_note" for order #10400 not sent: email type is disabled CONTEXT: {"email_type":"customer_note","status":"disabled","recipient":"guest","order":10400}
2026-09-13T09:38:52+00:00 INFO Email "new_order" for order #10401 sent CONTEXT: {"email_type":"new_order","status":"sent","recipient":"guest","order":10401}
2026-09-13T09:38:52+00:00 NOTICE Email "customer_processing_order" for order #10401 not sent: email type is disabled CONTEXT: {"email_type":"customer_processing_order","status":"disabled","recipient":"guest","order":10401}
2026-09-13T09:38:52+00:00 NOTICE Email "customer_note" for order #10401 not sent: email type is disabled CONTEXT: {"email_type":"customer_note","status":"disabled","recipient":"guest","order":10401}
2026-09-13T09:39:05+00:00 NOTICE Email "customer_note" for order #10401 not sent: email type is disabled CONTEXT: {"email_type":"customer_note","status":"disabled","recipient":"guest","order":10401}
2026-09-13T09:46:32+00:00 NOTICE Email "customer_note" for order #10404 not sent: email type is disabled CONTEXT: {"email_type":"customer_note","status":"disabled","recipient":"guest","order":10404}
2026-09-13T09:48:51+00:00 NOTICE Email "customer_note" for order #10405 not sent: email type is disabled CONTEXT: {"email_type":"customer_note","status":"disabled","recipient":"guest","order":10405}
2026-09-13T09:48:56+00:00 INFO Email "cancelled_order" for order #10396 sent CONTEXT: {"email_type":"cancelled_order","status":"sent","recipient":"guest","order":10396}
2026-09-13T09:51:29+00:00 NOTICE Email "customer_note" for order #10406 not sent: email type is disabled CONTEXT: {"email_type":"customer_note","status":"disabled","recipient":"guest","order":10406}
2026-09-13T10:00:30+00:00 NOTICE Email "customer_note" for order #10408 not sent: email type is disabled CONTEXT: {"email_type":"customer_note","status":"disabled","recipient":"guest","order":10408}
2026-09-13T10:04:22+00:00 INFO Email "new_order" for order #10408 sent CONTEXT: {"email_type":"new_order","status":"sent","recipient":"guest","order":10408}
2026-09-13T10:04:22+00:00 NOTICE Email "customer_processing_order" for order #10408 not sent: email type is disabled CONTEXT: {"email_type":"customer_processing_order","status":"disabled","recipient":"guest","order":10408}
2026-09-13T10:04:22+00:00 NOTICE Email "customer_note" for order #10408 not sent: email type is disabled CONTEXT: {"email_type":"customer_note","status":"disabled","recipient":"guest","order":10408}
2026-09-13T10:05:16+00:00 NOTICE Email "customer_note" for order #10409 not sent: email type is disabled CONTEXT: {"email_type":"customer_note","status":"disabled","recipient":"guest","order":10409}
2026-09-13T10:08:39+00:00 INFO Email "new_order" for order #10409 sent CONTEXT: {"email_type":"new_order","status":"sent","recipient":"guest","order":10409}
2026-09-13T10:08:39+00:00 NOTICE Email "customer_processing_order" for order #10409 not sent: email type is disabled CONTEXT: {"email_type":"customer_processing_order","status":"disabled","recipient":"guest","order":10409}
2026-09-13T10:08:39+00:00 NOTICE Email "customer_note" for order #10409 not sent: email type is disabled CONTEXT: {"email_type":"customer_note","status":"disabled","recipient":"guest","order":10409}
2026-09-13T10:18:49+00:00 NOTICE Email "customer_note" for order #10410 not sent: email type is disabled CONTEXT: {"email_type":"customer_note","status":"disabled","recipient":"guest","order":10410}
2026-09-13T10:22:37+00:00 INFO Email "new_order" for order #10410 sent CONTEXT: {"email_type":"new_order","status":"sent","recipient":"guest","order":10410}
2026-09-13T10:22:37+00:00 NOTICE Email "customer_processing_order" for order #10410 not sent: email type is disabled CONTEXT: {"email_type":"customer_processing_order","status":"disabled","recipient":"guest","order":10410}
2026-09-13T10:22:37+00:00 NOTICE Email "customer_note" for order #10410 not sent: email type is disabled CONTEXT: {"email_type":"customer_note","status":"disabled","recipient":"guest","order":10410}
2026-09-13T10:49:04+00:00 NOTICE Email "customer_note" for order #10411 not sent: email type is disabled CONTEXT: {"email_type":"customer_note","status":"disabled","recipient":"guest","order":10411}
2026-09-13T10:53:42+00:00 NOTICE Email "customer_note" for order #10412 not sent: email type is disabled CONTEXT: {"email_type":"customer_note","status":"disabled","recipient":"guest","order":10412}
2026-09-13T10:59:42+00:00 NOTICE Email "customer_note" for order #10412 not sent: email type is disabled CONTEXT: {"email_type":"customer_note","status":"disabled","recipient":"guest","order":10412}
2026-09-13T11:04:09+00:00 NOTICE Email "customer_note" for order #10414 not sent: email type is disabled CONTEXT: {"email_type":"customer_note","status":"disabled","recipient":"guest","order":10414}
2026-09-13T11:05:15+00:00 NOTICE Email "customer_note" for order #10415 not sent: email type is disabled CONTEXT: {"email_type":"customer_note","status":"disabled","recipient":"guest","order":10415}
2026-09-13T11:05:55+00:00 NOTICE Email "customer_note" for order #10416 not sent: email type is disabled CONTEXT: {"email_type":"customer_note","status":"disabled","recipient":"guest","order":10416}
2026-09-13T11:07:26+00:00 INFO Email "new_order" for order #10416 sent CONTEXT: {"email_type":"new_order","status":"sent","recipient":"guest","order":10416}
2026-09-13T11:07:26+00:00 NOTICE Email "customer_processing_order" for order #10416 not sent: email type is disabled CONTEXT: {"email_type":"customer_processing_order","status":"disabled","recipient":"guest","order":10416}
2026-09-13T11:07:26+00:00 NOTICE Email "customer_note" for order #10416 not sent: email type is disabled CONTEXT: {"email_type":"customer_note","status":"disabled","recipient":"guest","order":10416}
2026-09-13T11:07:31+00:00 NOTICE Email "customer_note" for order #10070 not sent: email type is disabled CONTEXT: {"email_type":"customer_note","status":"disabled","recipient":"guest","order":10070}
2026-09-13T11:07:38+00:00 INFO Email "new_order" for order #10415 sent CONTEXT: {"email_type":"new_order","status":"sent","recipient":"guest","order":10415}
2026-09-13T11:07:38+00:00 NOTICE Email "customer_processing_order" for order #10415 not sent: email type is disabled CONTEXT: {"email_type":"customer_processing_order","status":"disabled","recipient":"guest","order":10415}
2026-09-13T11:07:38+00:00 NOTICE Email "customer_note" for order #10415 not sent: email type is disabled CONTEXT: {"email_type":"customer_note","status":"disabled","recipient":"guest","order":10415}
2026-09-13T11:09:32+00:00 NOTICE Email "customer_note" for order #10418 not sent: email type is disabled CONTEXT: {"email_type":"customer_note","status":"disabled","recipient":"guest","order":10418}
2026-09-13T11:13:41+00:00 INFO Email "new_order" for order #10418 sent CONTEXT: {"email_type":"new_order","status":"sent","recipient":"guest","order":10418}
2026-09-13T11:13:41+00:00 NOTICE Email "customer_processing_order" for order #10418 not sent: email type is disabled CONTEXT: {"email_type":"customer_processing_order","status":"disabled","recipient":"guest","order":10418}
2026-09-13T11:13:41+00:00 NOTICE Email "customer_note" for order #10418 not sent: email type is disabled CONTEXT: {"email_type":"customer_note","status":"disabled","recipient":"guest","order":10418}
2026-09-13T11:18:45+00:00 NOTICE Email "customer_note" for order #10419 not sent: email type is disabled CONTEXT: {"email_type":"customer_note","status":"disabled","recipient":"guest","order":10419}
2026-09-13T11:24:48+00:00 NOTICE Email "customer_note" for order #10421 not sent: email type is disabled CONTEXT: {"email_type":"customer_note","status":"disabled","recipient":"guest","order":10421}
2026-09-13T11:29:57+00:00 NOTICE Email "customer_note" for order #10422 not sent: email type is disabled CONTEXT: {"email_type":"customer_note","status":"disabled","recipient":"guest","order":10422}
2026-09-13T11:30:02+00:00 INFO Email "cancelled_order" for order #10405 sent CONTEXT: {"email_type":"cancelled_order","status":"sent","recipient":"guest","order":10405}
2026-09-13T11:32:21+00:00 INFO Email "new_order" for order #10421 sent CONTEXT: {"email_type":"new_order","status":"sent","recipient":"guest","order":10421}
2026-09-13T11:32:21+00:00 NOTICE Email "customer_processing_order" for order #10421 not sent: email type is disabled CONTEXT: {"email_type":"customer_processing_order","status":"disabled","recipient":"guest","order":10421}
2026-09-13T11:32:21+00:00 NOTICE Email "customer_note" for order #10421 not sent: email type is disabled CONTEXT: {"email_type":"customer_note","status":"disabled","recipient":"guest","order":10421}
2026-09-13T11:36:10+00:00 NOTICE Email "customer_note" for order #10424 not sent: email type is disabled CONTEXT: {"email_type":"customer_note","status":"disabled","recipient":"guest","order":10424}
2026-09-13T11:36:11+00:00 INFO Email "new_order" for order #10423 sent CONTEXT: {"email_type":"new_order","status":"sent","recipient":"guest","order":10423}
2026-09-13T11:36:11+00:00 NOTICE Email "customer_processing_order" for order #10423 not sent: email type is disabled CONTEXT: {"email_type":"customer_processing_order","status":"disabled","recipient":"guest","order":10423}
2026-09-13T11:36:11+00:00 NOTICE Email "customer_note" for order #10423 not sent: email type is disabled CONTEXT: {"email_type":"customer_note","status":"disabled","recipient":"guest","order":10423}
2026-09-13T11:36:11+00:00 NOTICE Email "customer_note" for order #10423 not sent: email type is disabled CONTEXT: {"email_type":"customer_note","status":"disabled","recipient":"guest","order":10423}
2026-09-13T11:36:15+00:00 INFO Email "cancelled_order" for order #10425 sent CONTEXT: {"email_type":"cancelled_order","status":"sent","recipient":"guest","order":10425}
2026-09-13T11:36:15+00:00 INFO Email "cancelled_order" for order #10422 sent CONTEXT: {"email_type":"cancelled_order","status":"sent","recipient":"guest","order":10422}
2026-09-13T11:36:20+00:00 INFO Email "cancelled_order" for order #10426 sent CONTEXT: {"email_type":"cancelled_order","status":"sent","recipient":"guest","order":10426}
2026-09-13T11:36:20+00:00 NOTICE Email "customer_note" for order #10426 not sent: email type is disabled CONTEXT: {"email_type":"customer_note","status":"disabled","recipient":"guest","order":10426}
2026-09-13T11:36:20+00:00 NOTICE Email "customer_note" for order #10426 not sent: email type is disabled CONTEXT: {"email_type":"customer_note","status":"disabled","recipient":"guest","order":10426}
2026-09-13T11:36:20+00:00 NOTICE Email "customer_note" for order #10426 not sent: email type is disabled CONTEXT: {"email_type":"customer_note","status":"disabled","recipient":"guest","order":10426}
2026-09-13T11:36:20+00:00 NOTICE Email "customer_note" for order #10426 not sent: email type is disabled CONTEXT: {"email_type":"customer_note","status":"disabled","recipient":"guest","order":10426}
2026-09-13T11:36:20+00:00 NOTICE Email "customer_note" for order #10426 not sent: email type is disabled CONTEXT: {"email_type":"customer_note","status":"disabled","recipient":"guest","order":10426}
2026-09-13T11:36:25+00:00 INFO Email "cancelled_order" for order #10427 sent CONTEXT: {"email_type":"cancelled_order","status":"sent","recipient":"guest","order":10427}
2026-09-13T11:36:25+00:00 NOTICE Email "customer_note" for order #10427 not sent: email type is disabled CONTEXT: {"email_type":"customer_note","status":"disabled","recipient":"guest","order":10427}
2026-09-13T11:36:30+00:00 INFO Email "cancelled_order" for order #10428 sent CONTEXT: {"email_type":"cancelled_order","status":"sent","recipient":"guest","order":10428}
2026-09-13T11:36:35+00:00 INFO Email "new_order" for order #10429 sent CONTEXT: {"email_type":"new_order","status":"sent","recipient":"guest","order":10429}
2026-09-13T11:36:35+00:00 NOTICE Email "customer_processing_order" for order #10429 not sent: email type is disabled CONTEXT: {"email_type":"customer_processing_order","status":"disabled","recipient":"guest","order":10429}
2026-09-13T11:36:35+00:00 NOTICE Email "customer_note" for order #10429 not sent: email type is disabled CONTEXT: {"email_type":"customer_note","status":"disabled","recipient":"guest","order":10429}
2026-09-13T11:36:35+00:00 NOTICE Email "customer_note" for order #10429 not sent: email type is disabled CONTEXT: {"email_type":"customer_note","status":"disabled","recipient":"guest","order":10429}
2026-09-13T11:36:39+00:00 INFO Email "cancelled_order" for order #10430 sent CONTEXT: {"email_type":"cancelled_order","status":"sent","recipient":"guest","order":10430}
2026-09-13T11:36:44+00:00 INFO Email "new_order" for order #10431 sent CONTEXT: {"email_type":"new_order","status":"sent","recipient":"guest","order":10431}
2026-09-13T11:36:44+00:00 NOTICE Email "customer_processing_order" for order #10431 not sent: email type is disabled CONTEXT: {"email_type":"customer_processing_order","status":"disabled","recipient":"guest","order":10431}
2026-09-13T11:36:44+00:00 NOTICE Email "customer_note" for order #10431 not sent: email type is disabled CONTEXT: {"email_type":"customer_note","status":"disabled","recipient":"guest","order":10431}
2026-09-13T11:36:44+00:00 NOTICE Email "customer_note" for order #10431 not sent: email type is disabled CONTEXT: {"email_type":"customer_note","status":"disabled","recipient":"guest","order":10431}
2026-09-13T11:39:16+00:00 INFO Email "cancelled_order" for order #10235 sent CONTEXT: {"email_type":"cancelled_order","status":"sent","recipient":"guest","order":10235}
2026-09-13T11:39:16+00:00 NOTICE Email "customer_failed_order" for order #10282 not sent: email type is disabled CONTEXT: {"email_type":"customer_failed_order","status":"disabled","recipient":"guest","order":10282}
2026-09-13T11:39:22+00:00 INFO Email "failed_order" for order #10282 sent CONTEXT: {"email_type":"failed_order","status":"sent","recipient":"guest","order":10282}
2026-09-13T11:39:27+00:00 INFO Email "cancelled_order" for order #10413 sent CONTEXT: {"email_type":"cancelled_order","status":"sent","recipient":"guest","order":10413}
2026-09-13T11:45:42+00:00 NOTICE Email "customer_refunded_order" for order #9794 not sent: email type is disabled CONTEXT: {"email_type":"customer_refunded_order","status":"disabled","recipient":"guest","order":9794}
2026-09-13T11:45:59+00:00 NOTICE Email "customer_refunded_order" for order #10050 not sent: email type is disabled CONTEXT: {"email_type":"customer_refunded_order","status":"disabled","recipient":"guest","order":10050}
2026-09-13T11:46:16+00:00 NOTICE Email "customer_refunded_order" for order #10012 not sent: email type is disabled CONTEXT: {"email_type":"customer_refunded_order","status":"disabled","recipient":"guest","order":10012}
2026-09-13T11:46:49+00:00 NOTICE Email "customer_refunded_order" for order #8023 not sent: email type is disabled CONTEXT: {"email_type":"customer_refunded_order","status":"disabled","recipient":"guest","order":8023}
2026-09-13T11:47:01+00:00 NOTICE Email "customer_refunded_order" for order #10359 not sent: email type is disabled CONTEXT: {"email_type":"customer_refunded_order","status":"disabled","recipient":"guest","order":10359}
2026-09-13T11:47:12+00:00 NOTICE Email "customer_refunded_order" for order #10029 not sent: email type is disabled CONTEXT: {"email_type":"customer_refunded_order","status":"disabled","recipient":"guest","order":10029}
2026-09-13T11:47:54+00:00 NOTICE Email "customer_refunded_order" for order #10059 not sent: email type is disabled CONTEXT: {"email_type":"customer_refunded_order","status":"disabled","recipient":"guest","order":10059}
2026-09-13T11:48:12+00:00 NOTICE Email "customer_refunded_order" for order #9847 not sent: email type is disabled CONTEXT: {"email_type":"customer_refunded_order","status":"disabled","recipient":"guest","order":9847}
2026-09-13T11:48:34+00:00 NOTICE Email "customer_refunded_order" for order #9891 not sent: email type is disabled CONTEXT: {"email_type":"customer_refunded_order","status":"disabled","recipient":"guest","order":9891}
2026-09-13T11:49:14+00:00 NOTICE Email "customer_note" for order #10442 not sent: email type is disabled CONTEXT: {"email_type":"customer_note","status":"disabled","recipient":"guest","order":10442}
2026-09-13T11:49:29+00:00 NOTICE Email "customer_refunded_order" for order #10036 not sent: email type is disabled CONTEXT: {"email_type":"customer_refunded_order","status":"disabled","recipient":"guest","order":10036}
2026-09-13T11:50:14+00:00 NOTICE Email "customer_refunded_order" for order #10015 not sent: email type is disabled CONTEXT: {"email_type":"customer_refunded_order","status":"disabled","recipient":"guest","order":10015}
2026-09-13T11:52:22+00:00 NOTICE Email "customer_note" for order #10445 not sent: email type is disabled CONTEXT: {"email_type":"customer_note","status":"disabled","recipient":"guest","order":10445}
2026-09-13T11:52:36+00:00 INFO Email "new_order" for order #10442 sent CONTEXT: {"email_type":"new_order","status":"sent","recipient":"guest","order":10442}
2026-09-13T11:52:37+00:00 NOTICE Email "customer_processing_order" for order #10442 not sent: email type is disabled CONTEXT: {"email_type":"customer_processing_order","status":"disabled","recipient":"guest","order":10442}
2026-09-13T11:52:37+00:00 NOTICE Email "customer_note" for order #10442 not sent: email type is disabled CONTEXT: {"email_type":"customer_note","status":"disabled","recipient":"guest","order":10442}
2026-09-13T11:53:24+00:00 NOTICE Email "customer_note" for order #10446 not sent: email type is disabled CONTEXT: {"email_type":"customer_note","status":"disabled","recipient":"guest","order":10446}
2026-09-13T11:54:32+00:00 INFO Email "new_order" for order #10445 sent CONTEXT: {"email_type":"new_order","status":"sent","recipient":"guest","order":10445}
2026-09-13T11:54:32+00:00 NOTICE Email "customer_processing_order" for order #10445 not sent: email type is disabled CONTEXT: {"email_type":"customer_processing_order","status":"disabled","recipient":"guest","order":10445}
2026-09-13T11:54:32+00:00 NOTICE Email "customer_note" for order #10445 not sent: email type is disabled CONTEXT: {"email_type":"customer_note","status":"disabled","recipient":"guest","order":10445}
2026-09-13T11:55:47+00:00 INFO Email "cancelled_order" for order #10235 sent CONTEXT: {"email_type":"cancelled_order","status":"sent","recipient":"guest","order":10235}
2026-09-13T11:55:47+00:00 NOTICE Email "customer_failed_order" for order #10282 not sent: email type is disabled CONTEXT: {"email_type":"customer_failed_order","status":"disabled","recipient":"guest","order":10282}
2026-09-13T11:55:52+00:00 INFO Email "failed_order" for order #10282 sent CONTEXT: {"email_type":"failed_order","status":"sent","recipient":"guest","order":10282}
2026-09-13T11:56:15+00:00 INFO Email "new_order" for order #10446 sent CONTEXT: {"email_type":"new_order","status":"sent","recipient":"guest","order":10446}
2026-09-13T11:56:15+00:00 NOTICE Email "customer_processing_order" for order #10446 not sent: email type is disabled CONTEXT: {"email_type":"customer_processing_order","status":"disabled","recipient":"guest","order":10446}
2026-09-13T11:56:15+00:00 NOTICE Email "customer_note" for order #10446 not sent: email type is disabled CONTEXT: {"email_type":"customer_note","status":"disabled","recipient":"guest","order":10446}
2026-09-13T12:02:49+00:00 INFO Email "cancelled_order" for order #10405 sent CONTEXT: {"email_type":"cancelled_order","status":"sent","recipient":"guest","order":10405}
2026-09-13T12:14:26+00:00 NOTICE Email "customer_note" for order #10448 not sent: email type is disabled CONTEXT: {"email_type":"customer_note","status":"disabled","recipient":"guest","order":10448}
2026-09-13T12:22:20+00:00 INFO Email "cancelled_order" for order #10405 sent CONTEXT: {"email_type":"cancelled_order","status":"sent","recipient":"guest","order":10405}
2026-09-13T12:23:17+00:00 NOTICE Email "customer_failed_order" for order #10181 not sent: email type is disabled CONTEXT: {"email_type":"customer_failed_order","status":"disabled","recipient":"guest","order":10181}
2026-09-13T12:23:22+00:00 INFO Email "failed_order" for order #10181 sent CONTEXT: {"email_type":"failed_order","status":"sent","recipient":"guest","order":10181}
2026-09-13T12:27:45+00:00 NOTICE Email "customer_failed_order" for order #10282 not sent: email type is disabled CONTEXT: {"email_type":"customer_failed_order","status":"disabled","recipient":"guest","order":10282}
2026-09-13T12:27:50+00:00 INFO Email "failed_order" for order #10282 sent CONTEXT: {"email_type":"failed_order","status":"sent","recipient":"guest","order":10282}
2026-09-13T12:29:48+00:00 INFO Email "cancelled_order" for order #10405 sent CONTEXT: {"email_type":"cancelled_order","status":"sent","recipient":"guest","order":10405}
2026-09-13T12:36:27+00:00 INFO Email "cancelled_order" for order #10235 sent CONTEXT: {"email_type":"cancelled_order","status":"sent","recipient":"guest","order":10235}
2026-09-13T12:38:12+00:00 NOTICE Email "customer_note" for order #10451 not sent: email type is disabled CONTEXT: {"email_type":"customer_note","status":"disabled","recipient":"guest","order":10451}
2026-09-13T12:38:21+00:00 NOTICE Email "customer_note" for order #10450 not sent: email type is disabled CONTEXT: {"email_type":"customer_note","status":"disabled","recipient":"guest","order":10450}
2026-09-13T12:39:02+00:00 INFO Email "cancelled_order" for order #10405 sent CONTEXT: {"email_type":"cancelled_order","status":"sent","recipient":"guest","order":10405}
2026-09-13T12:40:55+00:00 INFO Email "new_order" for order #10450 sent CONTEXT: {"email_type":"new_order","status":"sent","recipient":"guest","order":10450}
2026-09-13T12:40:55+00:00 NOTICE Email "customer_processing_order" for order #10450 not sent: email type is disabled CONTEXT: {"email_type":"customer_processing_order","status":"disabled","recipient":"guest","order":10450}
2026-09-13T12:40:55+00:00 NOTICE Email "customer_note" for order #10450 not sent: email type is disabled CONTEXT: {"email_type":"customer_note","status":"disabled","recipient":"guest","order":10450}
2026-09-13T12:44:16+00:00 NOTICE Email "customer_note" for order #10452 not sent: email type is disabled CONTEXT: {"email_type":"customer_note","status":"disabled","recipient":"guest","order":10452}
2026-09-13T12:44:21+00:00 INFO Email "cancelled_order" for order #10451 sent CONTEXT: {"email_type":"cancelled_order","status":"sent","recipient":"guest","order":10451}
2026-09-13T12:46:07+00:00 NOTICE Email "customer_failed_order" for order #10181 not sent: email type is disabled CONTEXT: {"email_type":"customer_failed_order","status":"disabled","recipient":"guest","order":10181}
2026-09-13T12:46:12+00:00 INFO Email "failed_order" for order #10181 sent CONTEXT: {"email_type":"failed_order","status":"sent","recipient":"guest","order":10181}
2026-09-13T12:46:44+00:00 INFO Email "cancelled_order" for order #10235 sent CONTEXT: {"email_type":"cancelled_order","status":"sent","recipient":"guest","order":10235}
2026-09-13T12:47:16+00:00 INFO Email "cancelled_order" for order #10448 sent CONTEXT: {"email_type":"cancelled_order","status":"sent","recipient":"guest","order":10448}
2026-09-13T12:47:36+00:00 NOTICE Email "customer_note" for order #10454 not sent: email type is disabled CONTEXT: {"email_type":"customer_note","status":"disabled","recipient":"guest","order":10454}
2026-09-13T12:47:54+00:00 INFO Email "new_order" for order #10452 sent CONTEXT: {"email_type":"new_order","status":"sent","recipient":"guest","order":10452}
2026-09-13T12:47:54+00:00 NOTICE Email "customer_processing_order" for order #10452 not sent: email type is disabled CONTEXT: {"email_type":"customer_processing_order","status":"disabled","recipient":"guest","order":10452}
2026-09-13T12:47:54+00:00 NOTICE Email "customer_note" for order #10452 not sent: email type is disabled CONTEXT: {"email_type":"customer_note","status":"disabled","recipient":"guest","order":10452}
2026-09-13T12:49:56+00:00 NOTICE Email "customer_failed_order" for order #10282 not sent: email type is disabled CONTEXT: {"email_type":"customer_failed_order","status":"disabled","recipient":"guest","order":10282}
2026-09-13T12:50:00+00:00 NOTICE Email "customer_note" for order #10455 not sent: email type is disabled CONTEXT: {"email_type":"customer_note","status":"disabled","recipient":"guest","order":10455}
2026-09-13T12:50:01+00:00 INFO Email "failed_order" for order #10282 sent CONTEXT: {"email_type":"failed_order","status":"sent","recipient":"guest","order":10282}
2026-09-13T12:51:27+00:00 NOTICE Email "customer_note" for order #10455 not sent: email type is disabled CONTEXT: {"email_type":"customer_note","status":"disabled","recipient":"guest","order":10455}
2026-09-13T12:52:02+00:00 INFO Email "new_order" for order #10454 sent CONTEXT: {"email_type":"new_order","status":"sent","recipient":"guest","order":10454}
2026-09-13T12:52:02+00:00 NOTICE Email "customer_processing_order" for order #10454 not sent: email type is disabled CONTEXT: {"email_type":"customer_processing_order","status":"disabled","recipient":"guest","order":10454}
2026-09-13T12:52:12+00:00 NOTICE Email "customer_note" for order #10456 not sent: email type is disabled CONTEXT: {"email_type":"customer_note","status":"disabled","recipient":"guest","order":10456}
2026-09-13T12:52:23+00:00 NOTICE Email "customer_note" for order #10454 not sent: email type is disabled CONTEXT: {"email_type":"customer_note","status":"disabled","recipient":"guest","order":10454}
2026-09-13T12:53:20+00:00 INFO Email "cancelled_order" for order #10313 sent CONTEXT: {"email_type":"cancelled_order","status":"sent","recipient":"guest","order":10313}
2026-09-13T12:54:06+00:00 NOTICE Email "customer_note" for order #10457 not sent: email type is disabled CONTEXT: {"email_type":"customer_note","status":"disabled","recipient":"guest","order":10457}
2026-09-13T12:55:22+00:00 INFO Email "new_order" for order #10456 sent CONTEXT: {"email_type":"new_order","status":"sent","recipient":"guest","order":10456}
2026-09-13T12:55:22+00:00 NOTICE Email "customer_processing_order" for order #10456 not sent: email type is disabled CONTEXT: {"email_type":"customer_processing_order","status":"disabled","recipient":"guest","order":10456}
2026-09-13T12:55:22+00:00 NOTICE Email "customer_note" for order #10456 not sent: email type is disabled CONTEXT: {"email_type":"customer_note","status":"disabled","recipient":"guest","order":10456}
2026-09-13T12:55:28+00:00 INFO Email "new_order" for order #10457 sent CONTEXT: {"email_type":"new_order","status":"sent","recipient":"guest","order":10457}
2026-09-13T12:55:28+00:00 NOTICE Email "customer_processing_order" for order #10457 not sent: email type is disabled CONTEXT: {"email_type":"customer_processing_order","status":"disabled","recipient":"guest","order":10457}
2026-09-13T12:55:28+00:00 NOTICE Email "customer_note" for order #10457 not sent: email type is disabled CONTEXT: {"email_type":"customer_note","status":"disabled","recipient":"guest","order":10457}
2026-09-13T12:58:03+00:00 NOTICE Email "customer_failed_order" for order #10181 not sent: email type is disabled CONTEXT: {"email_type":"customer_failed_order","status":"disabled","recipient":"guest","order":10181}
2026-09-13T12:58:08+00:00 INFO Email "failed_order" for order #10181 sent CONTEXT: {"email_type":"failed_order","status":"sent","recipient":"guest","order":10181}
2026-09-13T13:00:23+00:00 NOTICE Email "customer_failed_order" for order #10282 not sent: email type is disabled CONTEXT: {"email_type":"customer_failed_order","status":"disabled","recipient":"guest","order":10282}
2026-09-13T13:00:28+00:00 INFO Email "failed_order" for order #10282 sent CONTEXT: {"email_type":"failed_order","status":"sent","recipient":"guest","order":10282}
2026-09-13T13:01:13+00:00 INFO Email "cancelled_order" for order #10405 sent CONTEXT: {"email_type":"cancelled_order","status":"sent","recipient":"guest","order":10405}
2026-09-13T13:01:45+00:00 INFO Email "cancelled_order" for order #10235 sent CONTEXT: {"email_type":"cancelled_order","status":"sent","recipient":"guest","order":10235}
2026-09-13T13:08:27+00:00 NOTICE Email "customer_failed_order" for order #10282 not sent: email type is disabled CONTEXT: {"email_type":"customer_failed_order","status":"disabled","recipient":"guest","order":10282}
2026-09-13T13:08:32+00:00 INFO Email "failed_order" for order #10282 sent CONTEXT: {"email_type":"failed_order","status":"sent","recipient":"guest","order":10282}
2026-09-13T13:09:04+00:00 INFO Email "cancelled_order" for order #10313 sent CONTEXT: {"email_type":"cancelled_order","status":"sent","recipient":"guest","order":10313}
2026-09-13T13:15:01+00:00 NOTICE Email "customer_note" for order #10459 not sent: email type is disabled CONTEXT: {"email_type":"customer_note","status":"disabled","recipient":"guest","order":10459}
2026-09-13T13:21:43+00:00 NOTICE Email "customer_note" for order #10461 not sent: email type is disabled CONTEXT: {"email_type":"customer_note","status":"disabled","recipient":"guest","order":10461}
2026-09-13T13:21:45+00:00 INFO Email "cancelled_order" for order #10235 sent CONTEXT: {"email_type":"cancelled_order","status":"sent","recipient":"guest","order":10235}
2026-09-13T13:27:40+00:00 NOTICE Email "customer_failed_order" for order #10282 not sent: email type is disabled CONTEXT: {"email_type":"customer_failed_order","status":"disabled","recipient":"guest","order":10282}
2026-09-13T13:27:45+00:00 INFO Email "failed_order" for order #10282 sent CONTEXT: {"email_type":"failed_order","status":"sent","recipient":"guest","order":10282}
2026-09-13T13:30:14+00:00 INFO Email "cancelled_order" for order #10405 sent CONTEXT: {"email_type":"cancelled_order","status":"sent","recipient":"guest","order":10405}
2026-09-13T13:35:18+00:00 INFO Email "cancelled_order" for order #10313 sent CONTEXT: {"email_type":"cancelled_order","status":"sent","recipient":"guest","order":10313}
2026-09-13T13:40:05+00:00 INFO Email "cancelled_order" for order #10356 sent CONTEXT: {"email_type":"cancelled_order","status":"sent","recipient":"guest","order":10356}
2026-09-13T13:40:10+00:00 INFO Email "cancelled_order" for order #10458 sent CONTEXT: {"email_type":"cancelled_order","status":"sent","recipient":"guest","order":10458}
2026-09-13T13:44:58+00:00 NOTICE Email "customer_completed_order" for order #9990 not sent: email type is disabled CONTEXT: {"email_type":"customer_completed_order","status":"disabled","recipient":"guest","order":9990}
2026-09-13T13:45:46+00:00 INFO Email "cancelled_order" for order #10405 sent CONTEXT: {"email_type":"cancelled_order","status":"sent","recipient":"guest","order":10405}
2026-09-13T13:47:41+00:00 NOTICE Email "customer_completed_order" for order #10096 not sent: email type is disabled CONTEXT: {"email_type":"customer_completed_order","status":"disabled","recipient":"guest","order":10096}
2026-09-13T13:49:30+00:00 INFO Email "cancelled_order" for order #10235 sent CONTEXT: {"email_type":"cancelled_order","status":"sent","recipient":"guest","order":10235}
2026-09-13T13:51:16+00:00 NOTICE Email "customer_completed_order" for order #7961 not sent: email type is disabled CONTEXT: {"email_type":"customer_completed_order","status":"disabled","recipient":"guest","order":7961}
2026-09-13T13:51:59+00:00 INFO Email "cancelled_order" for order #10462 sent CONTEXT: {"email_type":"cancelled_order","status":"sent","recipient":"guest","order":10462}
2026-09-13T13:52:59+00:00 NOTICE Email "customer_note" for order #10463 not sent: email type is disabled CONTEXT: {"email_type":"customer_note","status":"disabled","recipient":"guest","order":10463}
2026-09-13T13:53:25+00:00 NOTICE Email "customer_completed_order" for order #9873 not sent: email type is disabled CONTEXT: {"email_type":"customer_completed_order","status":"disabled","recipient":"guest","order":9873}
2026-09-13T13:53:26+00:00 INFO Email "cancelled_order" for order #10151 sent CONTEXT: {"email_type":"cancelled_order","status":"sent","recipient":"guest","order":10151}
2026-09-13T13:54:22+00:00 NOTICE Email "customer_completed_order" for order #9968 not sent: email type is disabled CONTEXT: {"email_type":"customer_completed_order","status":"disabled","recipient":"guest","order":9968}
2026-09-13T13:55:18+00:00 INFO Email "new_order" for order #10463 sent CONTEXT: {"email_type":"new_order","status":"sent","recipient":"guest","order":10463}
2026-09-13T13:55:18+00:00 NOTICE Email "customer_processing_order" for order #10463 not sent: email type is disabled CONTEXT: {"email_type":"customer_processing_order","status":"disabled","recipient":"guest","order":10463}
2026-09-13T13:55:18+00:00 NOTICE Email "customer_note" for order #10463 not sent: email type is disabled CONTEXT: {"email_type":"customer_note","status":"disabled","recipient":"guest","order":10463}
2026-09-13T13:55:28+00:00 NOTICE Email "customer_completed_order" for order #10033 not sent: email type is disabled CONTEXT: {"email_type":"customer_completed_order","status":"disabled","recipient":"guest","order":10033}
2026-09-13T13:56:05+00:00 NOTICE Email "customer_note" for order #10463 not sent: email type is disabled CONTEXT: {"email_type":"customer_note","status":"disabled","recipient":"guest","order":10463}
2026-09-13T13:56:38+00:00 NOTICE Email "customer_completed_order" for order #9798 not sent: email type is disabled CONTEXT: {"email_type":"customer_completed_order","status":"disabled","recipient":"guest","order":9798}
2026-09-13T13:57:54+00:00 INFO Email "cancelled_order" for order #10313 sent CONTEXT: {"email_type":"cancelled_order","status":"sent","recipient":"guest","order":10313}
2026-09-13T13:58:41+00:00 NOTICE Email "customer_completed_order" for order #10008 not sent: email type is disabled CONTEXT: {"email_type":"customer_completed_order","status":"disabled","recipient":"guest","order":10008}
2026-09-13T13:59:32+00:00 NOTICE Email "customer_completed_order" for order #9773 not sent: email type is disabled CONTEXT: {"email_type":"customer_completed_order","status":"disabled","recipient":"guest","order":9773}
2026-09-13T14:00:17+00:00 NOTICE Email "customer_completed_order" for order #10115 not sent: email type is disabled CONTEXT: {"email_type":"customer_completed_order","status":"disabled","recipient":"guest","order":10115}
2026-09-13T14:01:33+00:00 NOTICE Email "customer_completed_order" for order #10084 not sent: email type is disabled CONTEXT: {"email_type":"customer_completed_order","status":"disabled","recipient":"guest","order":10084}
2026-09-13T14:02:22+00:00 NOTICE Email "customer_completed_order" for order #9950 not sent: email type is disabled CONTEXT: {"email_type":"customer_completed_order","status":"disabled","recipient":"guest","order":9950}
2026-09-13T14:03:17+00:00 NOTICE Email "customer_completed_order" for order #9923 not sent: email type is disabled CONTEXT: {"email_type":"customer_completed_order","status":"disabled","recipient":"guest","order":9923}
2026-09-13T14:03:35+00:00 INFO Email "cancelled_order" for order #10151 sent CONTEXT: {"email_type":"cancelled_order","status":"sent","recipient":"guest","order":10151}
2026-09-13T14:04:13+00:00 NOTICE Email "customer_completed_order" for order #9936 not sent: email type is disabled CONTEXT: {"email_type":"customer_completed_order","status":"disabled","recipient":"guest","order":9936}
2026-09-13T14:04:59+00:00 NOTICE Email "customer_completed_order" for order #10061 not sent: email type is disabled CONTEXT: {"email_type":"customer_completed_order","status":"disabled","recipient":"guest","order":10061}
2026-09-13T14:06:04+00:00 NOTICE Email "customer_completed_order" for order #10131 not sent: email type is disabled CONTEXT: {"email_type":"customer_completed_order","status":"disabled","recipient":"guest","order":10131}
2026-09-13T14:06:44+00:00 NOTICE Email "customer_completed_order" for order #10164 not sent: email type is disabled CONTEXT: {"email_type":"customer_completed_order","status":"disabled","recipient":"guest","order":10164}
2026-09-13T14:07:05+00:00 INFO Email "cancelled_order" for order #10313 sent CONTEXT: {"email_type":"cancelled_order","status":"sent","recipient":"guest","order":10313}
2026-09-13T14:07:34+00:00 NOTICE Email "customer_completed_order" for order #10091 not sent: email type is disabled CONTEXT: {"email_type":"customer_completed_order","status":"disabled","recipient":"guest","order":10091}
2026-09-13T14:08:30+00:00 NOTICE Email "customer_completed_order" for order #10026 not sent: email type is disabled CONTEXT: {"email_type":"customer_completed_order","status":"disabled","recipient":"guest","order":10026}
2026-09-13T14:09:22+00:00 NOTICE Email "customer_completed_order" for order #9785 not sent: email type is disabled CONTEXT: {"email_type":"customer_completed_order","status":"disabled","recipient":"guest","order":9785}
2026-09-13T14:09:39+00:00 INFO Email "cancelled_order" for order #10235 sent CONTEXT: {"email_type":"cancelled_order","status":"sent","recipient":"guest","order":10235}
2026-09-13T14:09:55+00:00 INFO Email "cancelled_order" for order #10405 sent CONTEXT: {"email_type":"cancelled_order","status":"sent","recipient":"guest","order":10405}
2026-09-13T14:11:27+00:00 INFO Email "new_order" for order #10464 sent CONTEXT: {"email_type":"new_order","status":"sent","recipient":"guest","order":10464}
2026-09-13T14:11:27+00:00 NOTICE Email "customer_processing_order" for order #10464 not sent: email type is disabled CONTEXT: {"email_type":"customer_processing_order","status":"disabled","recipient":"guest","order":10464}
2026-09-13T14:11:33+00:00 INFO Email "cancelled_order" for order #10356 sent CONTEXT: {"email_type":"cancelled_order","status":"sent","recipient":"guest","order":10356}
2026-09-13T14:13:37+00:00 INFO Email "cancelled_order" for order #10235 sent CONTEXT: {"email_type":"cancelled_order","status":"sent","recipient":"guest","order":10235}
2026-09-13T14:14:20+00:00 NOTICE Email "customer_completed_order" for order #10061 not sent: email type is disabled CONTEXT: {"email_type":"customer_completed_order","status":"disabled","recipient":"guest","order":10061}
2026-09-13T14:16:33+00:00 NOTICE Email "customer_note" for order #9832 not sent: email type is disabled CONTEXT: {"email_type":"customer_note","status":"disabled","recipient":"guest","order":9832}
2026-09-13T14:16:45+00:00 NOTICE Email "customer_completed_order" for order #9832 not sent: email type is disabled CONTEXT: {"email_type":"customer_completed_order","status":"disabled","recipient":"guest","order":9832}
2026-09-13T14:17:23+00:00 NOTICE Email "customer_completed_order" for order #7961 not sent: email type is disabled CONTEXT: {"email_type":"customer_completed_order","status":"disabled","recipient":"guest","order":7961}
2026-09-13T14:17:24+00:00 NOTICE Email "customer_completed_order" for order #10033 not sent: email type is disabled CONTEXT: {"email_type":"customer_completed_order","status":"disabled","recipient":"guest","order":10033}
2026-09-13T14:17:53+00:00 NOTICE Email "customer_completed_order" for order #9785 not sent: email type is disabled CONTEXT: {"email_type":"customer_completed_order","status":"disabled","recipient":"guest","order":9785}
2026-09-13T14:18:39+00:00 NOTICE Email "customer_note" for order #10034 not sent: email type is disabled CONTEXT: {"email_type":"customer_note","status":"disabled","recipient":"guest","order":10034}
2026-09-13T14:18:53+00:00 NOTICE Email "customer_completed_order" for order #10034 not sent: email type is disabled CONTEXT: {"email_type":"customer_completed_order","status":"disabled","recipient":"guest","order":10034}
2026-09-13T14:20:36+00:00 NOTICE Email "customer_note" for order #10090 not sent: email type is disabled CONTEXT: {"email_type":"customer_note","status":"disabled","recipient":"guest","order":10090}
2026-09-13T14:20:52+00:00 NOTICE Email "customer_completed_order" for order #10090 not sent: email type is disabled CONTEXT: {"email_type":"customer_completed_order","status":"disabled","recipient":"guest","order":10090}
2026-09-13T14:22:14+00:00 NOTICE Email "customer_note" for order #10093 not sent: email type is disabled CONTEXT: {"email_type":"customer_note","status":"disabled","recipient":"guest","order":10093}
2026-09-13T14:22:27+00:00 NOTICE Email "customer_completed_order" for order #10093 not sent: email type is disabled CONTEXT: {"email_type":"customer_completed_order","status":"disabled","recipient":"guest","order":10093}
2026-09-13T14:22:53+00:00 NOTICE Email "customer_completed_order" for order #10091 not sent: email type is disabled CONTEXT: {"email_type":"customer_completed_order","status":"disabled","recipient":"guest","order":10091}
2026-09-13T14:23:34+00:00 NOTICE Email "customer_completed_order" for order #9798 not sent: email type is disabled CONTEXT: {"email_type":"customer_completed_order","status":"disabled","recipient":"guest","order":9798}
2026-09-13T14:23:46+00:00 NOTICE Email "customer_note" for order #9858 not sent: email type is disabled CONTEXT: {"email_type":"customer_note","status":"disabled","recipient":"guest","order":9858}
2026-09-13T14:23:57+00:00 NOTICE Email "customer_completed_order" for order #9858 not sent: email type is disabled CONTEXT: {"email_type":"customer_completed_order","status":"disabled","recipient":"guest","order":9858}
2026-09-13T14:24:24+00:00 NOTICE Email "customer_completed_order" for order #9773 not sent: email type is disabled CONTEXT: {"email_type":"customer_completed_order","status":"disabled","recipient":"guest","order":9773}
2026-09-13T14:25:04+00:00 NOTICE Email "customer_note" for order #10102 not sent: email type is disabled CONTEXT: {"email_type":"customer_note","status":"disabled","recipient":"guest","order":10102}
2026-09-13T14:25:18+00:00 NOTICE Email "customer_completed_order" for order #10102 not sent: email type is disabled CONTEXT: {"email_type":"customer_completed_order","status":"disabled","recipient":"guest","order":10102}
2026-09-13T14:25:55+00:00 INFO Email "cancelled_order" for order #10151 sent CONTEXT: {"email_type":"cancelled_order","status":"sent","recipient":"guest","order":10151}
2026-09-13T14:26:07+00:00 NOTICE Email "customer_note" for order #10075 not sent: email type is disabled CONTEXT: {"email_type":"customer_note","status":"disabled","recipient":"guest","order":10075}
2026-09-13T14:26:09+00:00 NOTICE Email "customer_completed_order" for order #9950 not sent: email type is disabled CONTEXT: {"email_type":"customer_completed_order","status":"disabled","recipient":"guest","order":9950}
2026-09-13T14:26:27+00:00 NOTICE Email "customer_completed_order" for order #10075 not sent: email type is disabled CONTEXT: {"email_type":"customer_completed_order","status":"disabled","recipient":"guest","order":10075}
2026-09-13T14:27:27+00:00 NOTICE Email "customer_note" for order #9914 not sent: email type is disabled CONTEXT: {"email_type":"customer_note","status":"disabled","recipient":"guest","order":9914}
2026-09-13T14:27:41+00:00 NOTICE Email "customer_completed_order" for order #9914 not sent: email type is disabled CONTEXT: {"email_type":"customer_completed_order","status":"disabled","recipient":"guest","order":9914}
2026-09-13T14:28:12+00:00 NOTICE Email "customer_failed_order" for order #10282 not sent: email type is disabled CONTEXT: {"email_type":"customer_failed_order","status":"disabled","recipient":"guest","order":10282}
2026-09-13T14:28:17+00:00 INFO Email "failed_order" for order #10282 sent CONTEXT: {"email_type":"failed_order","status":"sent","recipient":"guest","order":10282}
2026-09-13T14:28:35+00:00 NOTICE Email "customer_completed_order" for order #9923 not sent: email type is disabled CONTEXT: {"email_type":"customer_completed_order","status":"disabled","recipient":"guest","order":9923}
2026-09-13T14:30:04+00:00 NOTICE Email "customer_completed_order" for order #9798 not sent: email type is disabled CONTEXT: {"email_type":"customer_completed_order","status":"disabled","recipient":"guest","order":9798}
2026-09-13T14:30:13+00:00 NOTICE Email "customer_completed_order" for order #10021 not sent: email type is disabled CONTEXT: {"email_type":"customer_completed_order","status":"disabled","recipient":"guest","order":10021}
2026-09-13T14:30:21+00:00 NOTICE Email "customer_completed_order" for order #9936 not sent: email type is disabled CONTEXT: {"email_type":"customer_completed_order","status":"disabled","recipient":"guest","order":9936}
2026-09-13T14:30:26+00:00 NOTICE Email "customer_completed_order" for order #9773 not sent: email type is disabled CONTEXT: {"email_type":"customer_completed_order","status":"disabled","recipient":"guest","order":9773}
2026-09-13T14:30:44+00:00 INFO Email "cancelled_order" for order #10405 sent CONTEXT: {"email_type":"cancelled_order","status":"sent","recipient":"guest","order":10405}
2026-09-13T14:30:52+00:00 INFO Email "new_order" for order #10466 sent CONTEXT: {"email_type":"new_order","status":"sent","recipient":"guest","order":10466}
2026-09-13T14:30:52+00:00 NOTICE Email "customer_processing_order" for order #10466 not sent: email type is disabled CONTEXT: {"email_type":"customer_processing_order","status":"disabled","recipient":"guest","order":10466}
2026-09-13T14:31:25+00:00 INFO Email "cancelled_order" for order #10235 sent CONTEXT: {"email_type":"cancelled_order","status":"sent","recipient":"guest","order":10235}
2026-09-13T14:31:45+00:00 INFO Email "cancelled_order" for order #10313 sent CONTEXT: {"email_type":"cancelled_order","status":"sent","recipient":"guest","order":10313}
2026-09-13T14:32:37+00:00 NOTICE Email "customer_completed_order" for order #10162 not sent: email type is disabled CONTEXT: {"email_type":"customer_completed_order","status":"disabled","recipient":"guest","order":10162}
2026-09-13T14:32:39+00:00 NOTICE Email "customer_completed_order" for order #9923 not sent: email type is disabled CONTEXT: {"email_type":"customer_completed_order","status":"disabled","recipient":"guest","order":9923}
2026-09-13T14:32:40+00:00 NOTICE Email "customer_completed_order" for order #10091 not sent: email type is disabled CONTEXT: {"email_type":"customer_completed_order","status":"disabled","recipient":"guest","order":10091}
2026-09-13T14:33:04+00:00 NOTICE Email "customer_failed_order" for order #10282 not sent: email type is disabled CONTEXT: {"email_type":"customer_failed_order","status":"disabled","recipient":"guest","order":10282}
2026-09-13T14:33:09+00:00 INFO Email "failed_order" for order #10282 sent CONTEXT: {"email_type":"failed_order","status":"sent","recipient":"guest","order":10282}
2026-09-13T14:33:18+00:00 INFO Email "cancelled_order" for order #10356 sent CONTEXT: {"email_type":"cancelled_order","status":"sent","recipient":"guest","order":10356}
2026-09-13T14:33:26+00:00 NOTICE Email "customer_completed_order" for order #10061 not sent: email type is disabled CONTEXT: {"email_type":"customer_completed_order","status":"disabled","recipient":"guest","order":10061}
2026-09-13T14:33:27+00:00 NOTICE Email "customer_completed_order" for order #9950 not sent: email type is disabled CONTEXT: {"email_type":"customer_completed_order","status":"disabled","recipient":"guest","order":9950}
2026-09-13T14:33:50+00:00 NOTICE Email "customer_completed_order" for order #9832 not sent: email type is disabled CONTEXT: {"email_type":"customer_completed_order","status":"disabled","recipient":"guest","order":9832}
2026-09-13T14:34:53+00:00 INFO Email "cancelled_order" for order #10151 sent CONTEXT: {"email_type":"cancelled_order","status":"sent","recipient":"guest","order":10151}
2026-09-13T14:35:48+00:00 NOTICE Email "customer_completed_order" for order #10128 not sent: email type is disabled CONTEXT: {"email_type":"customer_completed_order","status":"disabled","recipient":"guest","order":10128}
2026-09-13T14:37:07+00:00 NOTICE Email "customer_note" for order #10467 not sent: email type is disabled CONTEXT: {"email_type":"customer_note","status":"disabled","recipient":"guest","order":10467}
2026-09-13T14:37:55+00:00 NOTICE Email "customer_note" for order #9757 not sent: email type is disabled CONTEXT: {"email_type":"customer_note","status":"disabled","recipient":"guest","order":9757}
2026-09-13T14:38:14+00:00 NOTICE Email "customer_completed_order" for order #9757 not sent: email type is disabled CONTEXT: {"email_type":"customer_completed_order","status":"disabled","recipient":"guest","order":9757}
2026-09-13T14:38:46+00:00 NOTICE Email "customer_completed_order" for order #9773 not sent: email type is disabled CONTEXT: {"email_type":"customer_completed_order","status":"disabled","recipient":"guest","order":9773}
2026-09-13T14:39:01+00:00 NOTICE Email "customer_completed_order" for order #10164 not sent: email type is disabled CONTEXT: {"email_type":"customer_completed_order","status":"disabled","recipient":"guest","order":10164}
2026-09-13T14:39:01+00:00 NOTICE Email "customer_completed_order" for order #9936 not sent: email type is disabled CONTEXT: {"email_type":"customer_completed_order","status":"disabled","recipient":"guest","order":9936}
2026-09-13T14:39:17+00:00 NOTICE Email "customer_completed_order" for order #9858 not sent: email type is disabled CONTEXT: {"email_type":"customer_completed_order","status":"disabled","recipient":"guest","order":9858}
2026-09-13T14:39:17+00:00 NOTICE Email "customer_completed_order" for order #9798 not sent: email type is disabled CONTEXT: {"email_type":"customer_completed_order","status":"disabled","recipient":"guest","order":9798}
2026-09-13T14:39:37+00:00 NOTICE Email "customer_completed_order" for order #7961 not sent: email type is disabled CONTEXT: {"email_type":"customer_completed_order","status":"disabled","recipient":"guest","order":7961}
2026-09-13T14:39:53+00:00 NOTICE Email "customer_completed_order" for order #10033 not sent: email type is disabled CONTEXT: {"email_type":"customer_completed_order","status":"disabled","recipient":"guest","order":10033}
2026-09-13T14:40:26+00:00 NOTICE Email "customer_completed_order" for order #9785 not sent: email type is disabled CONTEXT: {"email_type":"customer_completed_order","status":"disabled","recipient":"guest","order":9785}
2026-09-13T14:40:26+00:00 NOTICE Email "customer_failed_order" for order #10282 not sent: email type is disabled CONTEXT: {"email_type":"customer_failed_order","status":"disabled","recipient":"guest","order":10282}
2026-09-13T14:40:31+00:00 INFO Email "failed_order" for order #10282 sent CONTEXT: {"email_type":"failed_order","status":"sent","recipient":"guest","order":10282}
2026-09-13T14:40:36+00:00 INFO Email "cancelled_order" for order #10356 sent CONTEXT: {"email_type":"cancelled_order","status":"sent","recipient":"guest","order":10356}
2026-09-13T14:41:00+00:00 NOTICE Email "customer_note" for order #9786 not sent: email type is disabled CONTEXT: {"email_type":"customer_note","status":"disabled","recipient":"guest","order":9786}
2026-09-13T14:41:09+00:00 NOTICE Email "customer_completed_order" for order #10061 not sent: email type is disabled CONTEXT: {"email_type":"customer_completed_order","status":"disabled","recipient":"guest","order":10061}
2026-09-13T14:41:11+00:00 NOTICE Email "customer_completed_order" for order #9786 not sent: email type is disabled CONTEXT: {"email_type":"customer_completed_order","status":"disabled","recipient":"guest","order":9786}
2026-09-13T14:41:20+00:00 NOTICE Email "customer_completed_order" for order #9950 not sent: email type is disabled CONTEXT: {"email_type":"customer_completed_order","status":"disabled","recipient":"guest","order":9950}
2026-09-13T14:43:11+00:00 NOTICE Email "customer_completed_order" for order #10034 not sent: email type is disabled CONTEXT: {"email_type":"customer_completed_order","status":"disabled","recipient":"guest","order":10034}
2026-09-13T14:44:33+00:00 NOTICE Email "customer_completed_order" for order #10021 not sent: email type is disabled CONTEXT: {"email_type":"customer_completed_order","status":"disabled","recipient":"guest","order":10021}
2026-09-13T14:44:49+00:00 NOTICE Email "customer_note" for order #9840 not sent: email type is disabled CONTEXT: {"email_type":"customer_note","status":"disabled","recipient":"guest","order":9840}
2026-09-13T14:45:11+00:00 NOTICE Email "customer_completed_order" for order #9840 not sent: email type is disabled CONTEXT: {"email_type":"customer_completed_order","status":"disabled","recipient":"guest","order":9840}
2026-09-13T14:46:23+00:00 NOTICE Email "customer_note" for order #9782 not sent: email type is disabled CONTEXT: {"email_type":"customer_note","status":"disabled","recipient":"guest","order":9782}
2026-09-13T14:46:40+00:00 NOTICE Email "customer_failed_order" for order #10282 not sent: email type is disabled CONTEXT: {"email_type":"customer_failed_order","status":"disabled","recipient":"guest","order":10282}
2026-09-13T14:46:45+00:00 INFO Email "failed_order" for order #10282 sent CONTEXT: {"email_type":"failed_order","status":"sent","recipient":"guest","order":10282}
2026-09-13T14:47:03+00:00 INFO Email "cancelled_order" for order #10313 sent CONTEXT: {"email_type":"cancelled_order","status":"sent","recipient":"guest","order":10313}
2026-09-13T14:47:06+00:00 INFO Email "cancelled_order" for order #10405 sent CONTEXT: {"email_type":"cancelled_order","status":"sent","recipient":"guest","order":10405}
2026-09-13T14:47:15+00:00 NOTICE Email "customer_completed_order" for order #9782 not sent: email type is disabled CONTEXT: {"email_type":"customer_completed_order","status":"disabled","recipient":"guest","order":9782}
2026-09-13T14:47:40+00:00 NOTICE Email "customer_note" for order #10035 not sent: email type is disabled CONTEXT: {"email_type":"customer_note","status":"disabled","recipient":"guest","order":10035}
2026-09-13T14:47:51+00:00 NOTICE Email "customer_completed_order" for order #10035 not sent: email type is disabled CONTEXT: {"email_type":"customer_completed_order","status":"disabled","recipient":"guest","order":10035}
2026-09-13T14:48:37+00:00 NOTICE Email "customer_note" for order #10139 not sent: email type is disabled CONTEXT: {"email_type":"customer_note","status":"disabled","recipient":"guest","order":10139}
2026-09-13T14:48:40+00:00 NOTICE Email "customer_note" for order #10467 not sent: email type is disabled CONTEXT: {"email_type":"customer_note","status":"disabled","recipient":"guest","order":10467}
2026-09-13T14:48:49+00:00 NOTICE Email "customer_completed_order" for order #10139 not sent: email type is disabled CONTEXT: {"email_type":"customer_completed_order","status":"disabled","recipient":"guest","order":10139}
2026-09-13T14:49:53+00:00 NOTICE Email "customer_completed_order" for order #10086 not sent: email type is disabled CONTEXT: {"email_type":"customer_completed_order","status":"disabled","recipient":"guest","order":10086}
2026-09-13T14:49:58+00:00 NOTICE Email "customer_completed_order" for order #10034 not sent: email type is disabled CONTEXT: {"email_type":"customer_completed_order","status":"disabled","recipient":"guest","order":10034}
2026-09-13T14:50:35+00:00 INFO Email "new_order" for order #10467 sent CONTEXT: {"email_type":"new_order","status":"sent","recipient":"guest","order":10467}
2026-09-13T14:50:35+00:00 NOTICE Email "customer_processing_order" for order #10467 not sent: email type is disabled CONTEXT: {"email_type":"customer_processing_order","status":"disabled","recipient":"guest","order":10467}
2026-09-13T14:50:35+00:00 NOTICE Email "customer_note" for order #10467 not sent: email type is disabled CONTEXT: {"email_type":"customer_note","status":"disabled","recipient":"guest","order":10467}
2026-09-13T14:51:01+00:00 NOTICE Email "customer_completed_order" for order #10091 not sent: email type is disabled CONTEXT: {"email_type":"customer_completed_order","status":"disabled","recipient":"guest","order":10091}
2026-09-13T14:51:07+00:00 NOTICE Email "customer_completed_order" for order #9923 not sent: email type is disabled CONTEXT: {"email_type":"customer_completed_order","status":"disabled","recipient":"guest","order":9923}
2026-09-13T14:51:09+00:00 NOTICE Email "customer_completed_order" for order #9801 not sent: email type is disabled CONTEXT: {"email_type":"customer_completed_order","status":"disabled","recipient":"guest","order":9801}
2026-09-13T14:51:17+00:00 NOTICE Email "customer_completed_order" for order #9773 not sent: email type is disabled CONTEXT: {"email_type":"customer_completed_order","status":"disabled","recipient":"guest","order":9773}
2026-09-13T14:52:41+00:00 NOTICE Email "customer_completed_order" for order #10126 not sent: email type is disabled CONTEXT: {"email_type":"customer_completed_order","status":"disabled","recipient":"guest","order":10126}
2026-09-13T14:52:58+00:00 INFO Email "cancelled_order" for order #10235 sent CONTEXT: {"email_type":"cancelled_order","status":"sent","recipient":"guest","order":10235}
2026-09-13T14:53:14+00:00 NOTICE Email "customer_completed_order" for order #10021 not sent: email type is disabled CONTEXT: {"email_type":"customer_completed_order","status":"disabled","recipient":"guest","order":10021}
2026-09-13T14:53:16+00:00 NOTICE Email "customer_completed_order" for order #9832 not sent: email type is disabled CONTEXT: {"email_type":"customer_completed_order","status":"disabled","recipient":"guest","order":9832}
2026-09-13T14:53:24+00:00 NOTICE Email "customer_completed_order" for order #9936 not sent: email type is disabled CONTEXT: {"email_type":"customer_completed_order","status":"disabled","recipient":"guest","order":9936}
2026-09-13T14:53:24+00:00 NOTICE Email "customer_completed_order" for order #9858 not sent: email type is disabled CONTEXT: {"email_type":"customer_completed_order","status":"disabled","recipient":"guest","order":9858}
2026-09-13T14:53:26+00:00 NOTICE Email "customer_failed_order" for order #10208 not sent: email type is disabled CONTEXT: {"email_type":"customer_failed_order","status":"disabled","recipient":"guest","order":10208}
2026-09-13T14:53:28+00:00 NOTICE Email "customer_completed_order" for order #7961 not sent: email type is disabled CONTEXT: {"email_type":"customer_completed_order","status":"disabled","recipient":"guest","order":7961}
2026-09-13T14:53:28+00:00 NOTICE Email "customer_completed_order" for order #9785 not sent: email type is disabled CONTEXT: {"email_type":"customer_completed_order","status":"disabled","recipient":"guest","order":9785}
2026-09-13T14:53:32+00:00 INFO Email "failed_order" for order #10208 sent CONTEXT: {"email_type":"failed_order","status":"sent","recipient":"guest","order":10208}
2026-09-13T14:53:33+00:00 NOTICE Email "customer_completed_order" for order #9798 not sent: email type is disabled CONTEXT: {"email_type":"customer_completed_order","status":"disabled","recipient":"guest","order":9798}
2026-09-13T14:53:35+00:00 NOTICE Email "customer_note" for order #10469 not sent: email type is disabled CONTEXT: {"email_type":"customer_note","status":"disabled","recipient":"guest","order":10469}
2026-09-13T14:53:36+00:00 INFO Email "cancelled_order" for order #10151 sent CONTEXT: {"email_type":"cancelled_order","status":"sent","recipient":"guest","order":10151}
2026-09-13T14:53:51+00:00 NOTICE Email "customer_note" for order #10100 not sent: email type is disabled CONTEXT: {"email_type":"customer_note","status":"disabled","recipient":"guest","order":10100}
2026-09-13T14:54:23+00:00 NOTICE Email "customer_completed_order" for order #10100 not sent: email type is disabled CONTEXT: {"email_type":"customer_completed_order","status":"disabled","recipient":"guest","order":10100}
2026-09-13T14:55:28+00:00 NOTICE Email "customer_completed_order" for order #10139 not sent: email type is disabled CONTEXT: {"email_type":"customer_completed_order","status":"disabled","recipient":"guest","order":10139}
2026-09-13T14:55:28+00:00 NOTICE Email "customer_completed_order" for order #9786 not sent: email type is disabled CONTEXT: {"email_type":"customer_completed_order","status":"disabled","recipient":"guest","order":9786}
2026-09-13T14:56:02+00:00 INFO Email "new_order" for order #10469 sent CONTEXT: {"email_type":"new_order","status":"sent","recipient":"guest","order":10469}
2026-09-13T14:56:02+00:00 NOTICE Email "customer_processing_order" for order #10469 not sent: email type is disabled CONTEXT: {"email_type":"customer_processing_order","status":"disabled","recipient":"guest","order":10469}
2026-09-13T14:56:02+00:00 NOTICE Email "customer_note" for order #10469 not sent: email type is disabled CONTEXT: {"email_type":"customer_note","status":"disabled","recipient":"guest","order":10469}
2026-09-13T14:56:05+00:00 NOTICE Email "customer_completed_order" for order #10033 not sent: email type is disabled CONTEXT: {"email_type":"customer_completed_order","status":"disabled","recipient":"guest","order":10033}
2026-09-13T14:56:16+00:00 NOTICE Email "customer_note" for order #9975 not sent: email type is disabled CONTEXT: {"email_type":"customer_note","status":"disabled","recipient":"guest","order":9975}
2026-09-13T14:56:18+00:00 NOTICE Email "customer_note" for order #10470 not sent: email type is disabled CONTEXT: {"email_type":"customer_note","status":"disabled","recipient":"guest","order":10470}
2026-09-13T14:56:22+00:00 NOTICE Email "customer_completed_order" for order #10061 not sent: email type is disabled CONTEXT: {"email_type":"customer_completed_order","status":"disabled","recipient":"guest","order":10061}
2026-09-13T14:56:38+00:00 NOTICE Email "customer_completed_order" for order #9975 not sent: email type is disabled CONTEXT: {"email_type":"customer_completed_order","status":"disabled","recipient":"guest","order":9975}
2026-09-13T14:57:09+00:00 INFO Email "cancelled_order" for order #10356 sent CONTEXT: {"email_type":"cancelled_order","status":"sent","recipient":"guest","order":10356}
2026-09-13T14:57:46+00:00 NOTICE Email "customer_completed_order" for order #9950 not sent: email type is disabled CONTEXT: {"email_type":"customer_completed_order","status":"disabled","recipient":"guest","order":9950}
2026-09-13T14:57:46+00:00 NOTICE Email "customer_failed_order" for order #10282 not sent: email type is disabled CONTEXT: {"email_type":"customer_failed_order","status":"disabled","recipient":"guest","order":10282}
2026-09-13T14:57:51+00:00 INFO Email "failed_order" for order #10282 sent CONTEXT: {"email_type":"failed_order","status":"sent","recipient":"guest","order":10282}
2026-09-13T14:58:06+00:00 NOTICE Email "customer_note" for order #9952 not sent: email type is disabled CONTEXT: {"email_type":"customer_note","status":"disabled","recipient":"guest","order":9952}
2026-09-13T14:58:28+00:00 NOTICE Email "customer_note" for order #10470 not sent: email type is disabled CONTEXT: {"email_type":"customer_note","status":"disabled","recipient":"guest","order":10470}
2026-09-13T14:58:34+00:00 NOTICE Email "customer_completed_order" for order #9952 not sent: email type is disabled CONTEXT: {"email_type":"customer_completed_order","status":"disabled","recipient":"guest","order":9952}
2026-09-13T14:59:15+00:00 INFO Email "cancelled_order" for order #10151 sent CONTEXT: {"email_type":"cancelled_order","status":"sent","recipient":"guest","order":10151}
2026-09-13T14:59:49+00:00 NOTICE Email "customer_completed_order" for order #9798 not sent: email type is disabled CONTEXT: {"email_type":"customer_completed_order","status":"disabled","recipient":"guest","order":9798}
2026-09-13T15:00:06+00:00 NOTICE Email "customer_completed_order" for order #7961 not sent: email type is disabled CONTEXT: {"email_type":"customer_completed_order","status":"disabled","recipient":"guest","order":7961}
2026-09-13T15:00:07+00:00 NOTICE Email "customer_note" for order #10141 not sent: email type is disabled CONTEXT: {"email_type":"customer_note","status":"disabled","recipient":"guest","order":10141}
2026-09-13T15:00:21+00:00 NOTICE Email "customer_completed_order" for order #9832 not sent: email type is disabled CONTEXT: {"email_type":"customer_completed_order","status":"disabled","recipient":"guest","order":9832}
2026-09-13T15:00:22+00:00 NOTICE Email "customer_completed_order" for order #9936 not sent: email type is disabled CONTEXT: {"email_type":"customer_completed_order","status":"disabled","recipient":"guest","order":9936}
2026-09-13T15:00:22+00:00 NOTICE Email "customer_completed_order" for order #9858 not sent: email type is disabled CONTEXT: {"email_type":"customer_completed_order","status":"disabled","recipient":"guest","order":9858}
2026-09-13T15:00:24+00:00 NOTICE Email "customer_completed_order" for order #10141 not sent: email type is disabled CONTEXT: {"email_type":"customer_completed_order","status":"disabled","recipient":"guest","order":10141}
2026-09-13T15:00:43+00:00 INFO Email "cancelled_order" for order #10405 sent CONTEXT: {"email_type":"cancelled_order","status":"sent","recipient":"guest","order":10405}
2026-09-13T15:00:59+00:00 NOTICE Email "customer_completed_order" for order #10021 not sent: email type is disabled CONTEXT: {"email_type":"customer_completed_order","status":"disabled","recipient":"guest","order":10021}
2026-09-13T15:01:47+00:00 NOTICE Email "customer_completed_order" for order #9786 not sent: email type is disabled CONTEXT: {"email_type":"customer_completed_order","status":"disabled","recipient":"guest","order":9786}
2026-09-13T15:01:53+00:00 INFO Email "cancelled_order" for order #10235 sent CONTEXT: {"email_type":"cancelled_order","status":"sent","recipient":"guest","order":10235}
2026-09-13T15:01:53+00:00 NOTICE Email "customer_completed_order" for order #9757 not sent: email type is disabled CONTEXT: {"email_type":"customer_completed_order","status":"disabled","recipient":"guest","order":9757}
2026-09-13T15:01:55+00:00 NOTICE Email "customer_note" for order #10018 not sent: email type is disabled CONTEXT: {"email_type":"customer_note","status":"disabled","recipient":"guest","order":10018}
2026-09-13T15:02:05+00:00 INFO Email "cancelled_order" for order #10313 sent CONTEXT: {"email_type":"cancelled_order","status":"sent","recipient":"guest","order":10313}
2026-09-13T15:02:22+00:00 NOTICE Email "customer_completed_order" for order #10018 not sent: email type is disabled CONTEXT: {"email_type":"customer_completed_order","status":"disabled","recipient":"guest","order":10018}
2026-09-13T15:03:59+00:00 NOTICE Email "customer_note" for order #10123 not sent: email type is disabled CONTEXT: {"email_type":"customer_note","status":"disabled","recipient":"guest","order":10123}
2026-09-13T15:04:14+00:00 NOTICE Email "customer_completed_order" for order #10123 not sent: email type is disabled CONTEXT: {"email_type":"customer_completed_order","status":"disabled","recipient":"guest","order":10123}
2026-09-13T15:04:15+00:00 INFO Email "cancelled_order" for order #10235 sent CONTEXT: {"email_type":"cancelled_order","status":"sent","recipient":"guest","order":10235}
2026-09-13T15:04:37+00:00 NOTICE Email "customer_failed_order" for order #10208 not sent: email type is disabled CONTEXT: {"email_type":"customer_failed_order","status":"disabled","recipient":"guest","order":10208}
2026-09-13T15:04:42+00:00 INFO Email "failed_order" for order #10208 sent CONTEXT: {"email_type":"failed_order","status":"sent","recipient":"guest","order":10208}
2026-09-13T15:05:06+00:00 NOTICE Email "customer_failed_order" for order #10282 not sent: email type is disabled CONTEXT: {"email_type":"customer_failed_order","status":"disabled","recipient":"guest","order":10282}
2026-09-13T15:05:11+00:00 INFO Email "failed_order" for order #10282 sent CONTEXT: {"email_type":"failed_order","status":"sent","recipient":"guest","order":10282}
2026-09-13T15:05:11+00:00 NOTICE Email "customer_completed_order" for order #9950 not sent: email type is disabled CONTEXT: {"email_type":"customer_completed_order","status":"disabled","recipient":"guest","order":9950}
2026-09-13T15:05:39+00:00 NOTICE Email "customer_note" for order #10103 not sent: email type is disabled CONTEXT: {"email_type":"customer_note","status":"disabled","recipient":"guest","order":10103}
2026-09-13T15:05:45+00:00 NOTICE Email "customer_completed_order" for order #9923 not sent: email type is disabled CONTEXT: {"email_type":"customer_completed_order","status":"disabled","recipient":"guest","order":9923}
2026-09-13T15:05:54+00:00 NOTICE Email "customer_completed_order" for order #10103 not sent: email type is disabled CONTEXT: {"email_type":"customer_completed_order","status":"disabled","recipient":"guest","order":10103}
2026-09-13T15:07:28+00:00 NOTICE Email "customer_note" for order #10122 not sent: email type is disabled CONTEXT: {"email_type":"customer_note","status":"disabled","recipient":"guest","order":10122}
2026-09-13T15:07:54+00:00 NOTICE Email "customer_completed_order" for order #10021 not sent: email type is disabled CONTEXT: {"email_type":"customer_completed_order","status":"disabled","recipient":"guest","order":10021}
2026-09-13T15:07:59+00:00 NOTICE Email "customer_note" for order #10472 not sent: email type is disabled CONTEXT: {"email_type":"customer_note","status":"disabled","recipient":"guest","order":10472}
2026-09-13T15:07:59+00:00 INFO Email "cancelled_order" for order #10356 sent CONTEXT: {"email_type":"cancelled_order","status":"sent","recipient":"guest","order":10356}
2026-09-13T15:08:05+00:00 NOTICE Email "customer_completed_order" for order #10122 not sent: email type is disabled CONTEXT: {"email_type":"customer_completed_order","status":"disabled","recipient":"guest","order":10122}
2026-09-13T15:08:44+00:00 NOTICE Email "customer_completed_order" for order #10162 not sent: email type is disabled CONTEXT: {"email_type":"customer_completed_order","status":"disabled","recipient":"guest","order":10162}
2026-09-13T15:08:44+00:00 NOTICE Email "customer_completed_order" for order #10164 not sent: email type is disabled CONTEXT: {"email_type":"customer_completed_order","status":"disabled","recipient":"guest","order":10164}
2026-09-13T15:08:50+00:00 NOTICE Email "customer_completed_order" for order #10091 not sent: email type is disabled CONTEXT: {"email_type":"customer_completed_order","status":"disabled","recipient":"guest","order":10091}
2026-09-13T15:08:51+00:00 NOTICE Email "customer_completed_order" for order #10033 not sent: email type is disabled CONTEXT: {"email_type":"customer_completed_order","status":"disabled","recipient":"guest","order":10033}
2026-09-13T15:09:01+00:00 NOTICE Email "customer_completed_order" for order #10128 not sent: email type is disabled CONTEXT: {"email_type":"customer_completed_order","status":"disabled","recipient":"guest","order":10128}
2026-09-13T15:09:21+00:00 INFO Email "new_order" for order #10472 sent CONTEXT: {"email_type":"new_order","status":"sent","recipient":"guest","order":10472}
2026-09-13T15:09:21+00:00 NOTICE Email "customer_processing_order" for order #10472 not sent: email type is disabled CONTEXT: {"email_type":"customer_processing_order","status":"disabled","recipient":"guest","order":10472}
2026-09-13T15:09:21+00:00 NOTICE Email "customer_note" for order #10472 not sent: email type is disabled CONTEXT: {"email_type":"customer_note","status":"disabled","recipient":"guest","order":10472}
2026-09-13T15:09:22+00:00 NOTICE Email "customer_completed_order" for order #10018 not sent: email type is disabled CONTEXT: {"email_type":"customer_completed_order","status":"disabled","recipient":"guest","order":10018}
2026-09-13T15:09:23+00:00 NOTICE Email "customer_completed_order" for order #9773 not sent: email type is disabled CONTEXT: {"email_type":"customer_completed_order","status":"disabled","recipient":"guest","order":9773}
2026-09-13T15:09:23+00:00 NOTICE Email "customer_completed_order" for order #9952 not sent: email type is disabled CONTEXT: {"email_type":"customer_completed_order","status":"disabled","recipient":"guest","order":9952}
2026-09-13T15:09:23+00:00 NOTICE Email "customer_completed_order" for order #9785 not sent: email type is disabled CONTEXT: {"email_type":"customer_completed_order","status":"disabled","recipient":"guest","order":9785}
2026-09-13T15:09:43+00:00 NOTICE Email "customer_note" for order #10039 not sent: email type is disabled CONTEXT: {"email_type":"customer_note","status":"disabled","recipient":"guest","order":10039}
2026-09-13T15:10:12+00:00 NOTICE Email "customer_completed_order" for order #9832 not sent: email type is disabled CONTEXT: {"email_type":"customer_completed_order","status":"disabled","recipient":"guest","order":9832}
2026-09-13T15:10:13+00:00 NOTICE Email "customer_completed_order" for order #10126 not sent: email type is disabled CONTEXT: {"email_type":"customer_completed_order","status":"disabled","recipient":"guest","order":10126}
2026-09-13T15:10:20+00:00 NOTICE Email "customer_completed_order" for order #10086 not sent: email type is disabled CONTEXT: {"email_type":"customer_completed_order","status":"disabled","recipient":"guest","order":10086}
2026-09-13T15:10:26+00:00 NOTICE Email "customer_completed_order" for order #10039 not sent: email type is disabled CONTEXT: {"email_type":"customer_completed_order","status":"disabled","recipient":"guest","order":10039}
2026-09-13T15:10:48+00:00 NOTICE Email "customer_completed_order" for order #10139 not sent: email type is disabled CONTEXT: {"email_type":"customer_completed_order","status":"disabled","recipient":"guest","order":10139}
2026-09-13T15:10:55+00:00 NOTICE Email "customer_completed_order" for order #7961 not sent: email type is disabled CONTEXT: {"email_type":"customer_completed_order","status":"disabled","recipient":"guest","order":7961}
2026-09-13T15:11:00+00:00 NOTICE Email "customer_note" for order #10470 not sent: email type is disabled CONTEXT: {"email_type":"customer_note","status":"disabled","recipient":"guest","order":10470}
2026-09-13T15:11:01+00:00 NOTICE Email "customer_completed_order" for order #10033 not sent: email type is disabled CONTEXT: {"email_type":"customer_completed_order","status":"disabled","recipient":"guest","order":10033}
2026-09-13T15:11:13+00:00 NOTICE Email "customer_completed_order" for order #10061 not sent: email type is disabled CONTEXT: {"email_type":"customer_completed_order","status":"disabled","recipient":"guest","order":10061}
2026-09-13T15:12:06+00:00 NOTICE Email "customer_completed_order" for order #10034 not sent: email type is disabled CONTEXT: {"email_type":"customer_completed_order","status":"disabled","recipient":"guest","order":10034}
2026-09-13T15:12:29+00:00 NOTICE Email "customer_completed_order" for order #9798 not sent: email type is disabled CONTEXT: {"email_type":"customer_completed_order","status":"disabled","recipient":"guest","order":9798}
2026-09-13T15:12:49+00:00 NOTICE Email "customer_failed_order" for order #10282 not sent: email type is disabled CONTEXT: {"email_type":"customer_failed_order","status":"disabled","recipient":"guest","order":10282}
2026-09-13T15:12:54+00:00 INFO Email "failed_order" for order #10282 sent CONTEXT: {"email_type":"failed_order","status":"sent","recipient":"guest","order":10282}
2026-09-13T15:13:13+00:00 NOTICE Email "customer_completed_order" for order #9923 not sent: email type is disabled CONTEXT: {"email_type":"customer_completed_order","status":"disabled","recipient":"guest","order":9923}
2026-09-13T15:13:51+00:00 INFO Email "cancelled_order" for order #10405 sent CONTEXT: {"email_type":"cancelled_order","status":"sent","recipient":"guest","order":10405}
2026-09-13T15:13:56+00:00 NOTICE Email "customer_completed_order" for order #10141 not sent: email type is disabled CONTEXT: {"email_type":"customer_completed_order","status":"disabled","recipient":"guest","order":10141}
2026-09-13T15:13:59+00:00 NOTICE Email "customer_completed_order" for order #9107 not sent: email type is disabled CONTEXT: {"email_type":"customer_completed_order","status":"disabled","recipient":"guest","order":9107}
2026-09-13T15:14:11+00:00 NOTICE Email "customer_failed_order" for order #10208 not sent: email type is disabled CONTEXT: {"email_type":"customer_failed_order","status":"disabled","recipient":"guest","order":10208}
2026-09-13T15:14:16+00:00 INFO Email "failed_order" for order #10208 sent CONTEXT: {"email_type":"failed_order","status":"sent","recipient":"guest","order":10208}
2026-09-13T15:14:52+00:00 NOTICE Email "customer_completed_order" for order #10128 not sent: email type is disabled CONTEXT: {"email_type":"customer_completed_order","status":"disabled","recipient":"guest","order":10128}
2026-09-13T15:15:15+00:00 NOTICE Email "customer_completed_order" for order #9876 not sent: email type is disabled CONTEXT: {"email_type":"customer_completed_order","status":"disabled","recipient":"guest","order":9876}
2026-09-13T15:15:28+00:00 NOTICE Email "customer_completed_order" for order #10164 not sent: email type is disabled CONTEXT: {"email_type":"customer_completed_order","status":"disabled","recipient":"guest","order":10164}
2026-09-13T15:17:22+00:00 NOTICE Email "customer_completed_order" for order #9936 not sent: email type is disabled CONTEXT: {"email_type":"customer_completed_order","status":"disabled","recipient":"guest","order":9936}
2026-09-13T15:17:46+00:00 INFO Email "cancelled_order" for order #10235 sent CONTEXT: {"email_type":"cancelled_order","status":"sent","recipient":"guest","order":10235}
2026-09-13T15:18:01+00:00 INFO Email "cancelled_order" for order #10313 sent CONTEXT: {"email_type":"cancelled_order","status":"sent","recipient":"guest","order":10313}
2026-09-13T15:18:22+00:00 NOTICE Email "customer_completed_order" for order #10164 not sent: email type is disabled CONTEXT: {"email_type":"customer_completed_order","status":"disabled","recipient":"guest","order":10164}
2026-09-13T15:18:23+00:00 NOTICE Email "customer_completed_order" for order #10021 not sent: email type is disabled CONTEXT: {"email_type":"customer_completed_order","status":"disabled","recipient":"guest","order":10021}
2026-09-13T15:18:25+00:00 INFO Email "cancelled_order" for order #10151 sent CONTEXT: {"email_type":"cancelled_order","status":"sent","recipient":"guest","order":10151}
2026-09-13T15:18:37+00:00 NOTICE Email "customer_completed_order" for order #10018 not sent: email type is disabled CONTEXT: {"email_type":"customer_completed_order","status":"disabled","recipient":"guest","order":10018}
2026-09-13T15:18:53+00:00 NOTICE Email "customer_completed_order" for order #9952 not sent: email type is disabled CONTEXT: {"email_type":"customer_completed_order","status":"disabled","recipient":"guest","order":9952}
2026-09-13T15:18:57+00:00 NOTICE Email "customer_completed_order" for order #9773 not sent: email type is disabled CONTEXT: {"email_type":"customer_completed_order","status":"disabled","recipient":"guest","order":9773}
2026-09-13T15:19:12+00:00 NOTICE Email "customer_completed_order" for order #10034 not sent: email type is disabled CONTEXT: {"email_type":"customer_completed_order","status":"disabled","recipient":"guest","order":10034}
2026-09-13T15:20:16+00:00 NOTICE Email "customer_completed_order" for order #10141 not sent: email type is disabled CONTEXT: {"email_type":"customer_completed_order","status":"disabled","recipient":"guest","order":10141}
2026-09-13T15:20:25+00:00 NOTICE Email "customer_completed_order" for order #9858 not sent: email type is disabled CONTEXT: {"email_type":"customer_completed_order","status":"disabled","recipient":"guest","order":9858}
2026-09-13T15:20:33+00:00 NOTICE Email "customer_completed_order" for order #9832 not sent: email type is disabled CONTEXT: {"email_type":"customer_completed_order","status":"disabled","recipient":"guest","order":9832}
2026-09-13T15:20:35+00:00 NOTICE Email "customer_failed_order" for order #10282 not sent: email type is disabled CONTEXT: {"email_type":"customer_failed_order","status":"disabled","recipient":"guest","order":10282}
2026-09-13T15:20:40+00:00 INFO Email "failed_order" for order #10282 sent CONTEXT: {"email_type":"failed_order","status":"sent","recipient":"guest","order":10282}
2026-09-13T15:21:02+00:00 INFO Email "cancelled_order" for order #10405 sent CONTEXT: {"email_type":"cancelled_order","status":"sent","recipient":"guest","order":10405}
2026-09-13T15:21:02+00:00 NOTICE Email "customer_completed_order" for order #9757 not sent: email type is disabled CONTEXT: {"email_type":"customer_completed_order","status":"disabled","recipient":"guest","order":9757}
2026-09-13T15:21:07+00:00 NOTICE Email "customer_completed_order" for order #10139 not sent: email type is disabled CONTEXT: {"email_type":"customer_completed_order","status":"disabled","recipient":"guest","order":10139}
2026-09-13T15:21:11+00:00 NOTICE Email "customer_completed_order" for order #9936 not sent: email type is disabled CONTEXT: {"email_type":"customer_completed_order","status":"disabled","recipient":"guest","order":9936}
2026-09-13T15:21:12+00:00 INFO Email "cancelled_order" for order #10235 sent CONTEXT: {"email_type":"cancelled_order","status":"sent","recipient":"guest","order":10235}
2026-09-13T15:21:21+00:00 NOTICE Email "customer_completed_order" for order #9786 not sent: email type is disabled CONTEXT: {"email_type":"customer_completed_order","status":"disabled","recipient":"guest","order":9786}
2026-09-13T15:21:23+00:00 NOTICE Email "customer_completed_order" for order #7985 not sent: email type is disabled CONTEXT: {"email_type":"customer_completed_order","status":"disabled","recipient":"guest","order":7985}
2026-09-13T15:21:40+00:00 NOTICE Email "customer_completed_order" for order #10126 not sent: email type is disabled CONTEXT: {"email_type":"customer_completed_order","status":"disabled","recipient":"guest","order":10126}
2026-09-13T15:22:21+00:00 NOTICE Email "customer_completed_order" for order #10112 not sent: email type is disabled CONTEXT: {"email_type":"customer_completed_order","status":"disabled","recipient":"guest","order":10112}
2026-09-13T15:23:27+00:00 NOTICE Email "customer_completed_order" for order #9798 not sent: email type is disabled CONTEXT: {"email_type":"customer_completed_order","status":"disabled","recipient":"guest","order":9798}
2026-09-13T15:23:37+00:00 NOTICE Email "customer_completed_order" for order #10033 not sent: email type is disabled CONTEXT: {"email_type":"customer_completed_order","status":"disabled","recipient":"guest","order":10033}
2026-09-13T15:24:00+00:00 NOTICE Email "customer_completed_order" for order #10034 not sent: email type is disabled CONTEXT: {"email_type":"customer_completed_order","status":"disabled","recipient":"guest","order":10034}
2026-09-13T15:24:15+00:00 NOTICE Email "customer_completed_order" for order #9784 not sent: email type is disabled CONTEXT: {"email_type":"customer_completed_order","status":"disabled","recipient":"guest","order":9784}
2026-09-13T15:24:15+00:00 NOTICE Email "customer_completed_order" for order #9950 not sent: email type is disabled CONTEXT: {"email_type":"customer_completed_order","status":"disabled","recipient":"guest","order":9950}
2026-09-13T15:24:15+00:00 NOTICE Email "customer_completed_order" for order #10061 not sent: email type is disabled CONTEXT: {"email_type":"customer_completed_order","status":"disabled","recipient":"guest","order":10061}
2026-09-13T15:25:09+00:00 NOTICE Email "customer_failed_order" for order #10208 not sent: email type is disabled CONTEXT: {"email_type":"customer_failed_order","status":"disabled","recipient":"guest","order":10208}
2026-09-13T15:25:14+00:00 INFO Email "failed_order" for order #10208 sent CONTEXT: {"email_type":"failed_order","status":"sent","recipient":"guest","order":10208}
2026-09-13T15:25:25+00:00 NOTICE Email "customer_completed_order" for order #9903 not sent: email type is disabled CONTEXT: {"email_type":"customer_completed_order","status":"disabled","recipient":"guest","order":9903}
2026-09-13T15:25:26+00:00 NOTICE Email "customer_completed_order" for order #10086 not sent: email type is disabled CONTEXT: {"email_type":"customer_completed_order","status":"disabled","recipient":"guest","order":10086}
2026-09-13T15:25:50+00:00 NOTICE Email "customer_completed_order" for order #10128 not sent: email type is disabled CONTEXT: {"email_type":"customer_completed_order","status":"disabled","recipient":"guest","order":10128}
2026-09-13T15:26:07+00:00 NOTICE Email "customer_completed_order" for order #10162 not sent: email type is disabled CONTEXT: {"email_type":"customer_completed_order","status":"disabled","recipient":"guest","order":10162}
2026-09-13T15:26:15+00:00 NOTICE Email "customer_completed_order" for order #10021 not sent: email type is disabled CONTEXT: {"email_type":"customer_completed_order","status":"disabled","recipient":"guest","order":10021}
2026-09-13T15:26:15+00:00 NOTICE Email "customer_completed_order" for order #10018 not sent: email type is disabled CONTEXT: {"email_type":"customer_completed_order","status":"disabled","recipient":"guest","order":10018}
2026-09-13T15:26:49+00:00 INFO Email "cancelled_order" for order #10151 sent CONTEXT: {"email_type":"cancelled_order","status":"sent","recipient":"guest","order":10151}
2026-09-13T15:26:50+00:00 NOTICE Email "customer_completed_order" for order #9907 not sent: email type is disabled CONTEXT: {"email_type":"customer_completed_order","status":"disabled","recipient":"guest","order":9907}
2026-09-13T15:27:19+00:00 NOTICE Email "customer_completed_order" for order #10034 not sent: email type is disabled CONTEXT: {"email_type":"customer_completed_order","status":"disabled","recipient":"guest","order":10034}
2026-09-13T15:27:40+00:00 NOTICE Email "customer_failed_order" for order #10282 not sent: email type is disabled CONTEXT: {"email_type":"customer_failed_order","status":"disabled","recipient":"guest","order":10282}
2026-09-13T15:27:45+00:00 INFO Email "failed_order" for order #10282 sent CONTEXT: {"email_type":"failed_order","status":"sent","recipient":"guest","order":10282}
2026-09-13T15:27:49+00:00 NOTICE Email "customer_completed_order" for order #9785 not sent: email type is disabled CONTEXT: {"email_type":"customer_completed_order","status":"disabled","recipient":"guest","order":9785}
2026-09-13T15:27:59+00:00 NOTICE Email "customer_completed_order" for order #10139 not sent: email type is disabled CONTEXT: {"email_type":"customer_completed_order","status":"disabled","recipient":"guest","order":10139}
2026-09-13T15:28:00+00:00 NOTICE Email "customer_completed_order" for order #9757 not sent: email type is disabled CONTEXT: {"email_type":"customer_completed_order","status":"disabled","recipient":"guest","order":9757}
2026-09-13T15:28:02+00:00 NOTICE Email "customer_completed_order" for order #9832 not sent: email type is disabled CONTEXT: {"email_type":"customer_completed_order","status":"disabled","recipient":"guest","order":9832}
2026-09-13T15:28:14+00:00 INFO Email "cancelled_order" for order #10235 sent CONTEXT: {"email_type":"cancelled_order","status":"sent","recipient":"guest","order":10235}
2026-09-13T15:28:14+00:00 NOTICE Email "customer_completed_order" for order #9936 not sent: email type is disabled CONTEXT: {"email_type":"customer_completed_order","status":"disabled","recipient":"guest","order":9936}
2026-09-13T15:30:06+00:00 NOTICE Email "customer_completed_order" for order #10086 not sent: email type is disabled CONTEXT: {"email_type":"customer_completed_order","status":"disabled","recipient":"guest","order":10086}
2026-09-13T15:32:22+00:00 NOTICE Email "customer_completed_order" for order #9765 not sent: email type is disabled CONTEXT: {"email_type":"customer_completed_order","status":"disabled","recipient":"guest","order":9765}
2026-09-13T15:33:26+00:00 NOTICE Email "customer_completed_order" for order #10018 not sent: email type is disabled CONTEXT: {"email_type":"customer_completed_order","status":"disabled","recipient":"guest","order":10018}
2026-09-13T15:33:43+00:00 NOTICE Email "customer_completed_order" for order #10021 not sent: email type is disabled CONTEXT: {"email_type":"customer_completed_order","status":"disabled","recipient":"guest","order":10021}
2026-09-13T15:33:58+00:00 NOTICE Email "customer_completed_order" for order #10126 not sent: email type is disabled CONTEXT: {"email_type":"customer_completed_order","status":"disabled","recipient":"guest","order":10126}
2026-09-13T15:33:59+00:00 NOTICE Email "customer_completed_order" for order #10164 not sent: email type is disabled CONTEXT: {"email_type":"customer_completed_order","status":"disabled","recipient":"guest","order":10164}
2026-09-13T15:34:00+00:00 NOTICE Email "customer_completed_order" for order #10162 not sent: email type is disabled CONTEXT: {"email_type":"customer_completed_order","status":"disabled","recipient":"guest","order":10162}
2026-09-13T15:34:01+00:00 NOTICE Email "customer_completed_order" for order #7976 not sent: email type is disabled CONTEXT: {"email_type":"customer_completed_order","status":"disabled","recipient":"guest","order":7976}
2026-09-13T15:34:15+00:00 NOTICE Email "customer_completed_order" for order #9786 not sent: email type is disabled CONTEXT: {"email_type":"customer_completed_order","status":"disabled","recipient":"guest","order":9786}
2026-09-13T15:34:33+00:00 NOTICE Email "customer_completed_order" for order #10128 not sent: email type is disabled CONTEXT: {"email_type":"customer_completed_order","status":"disabled","recipient":"guest","order":10128}
2026-09-13T15:34:38+00:00 INFO Email "cancelled_order" for order #10235 sent CONTEXT: {"email_type":"cancelled_order","status":"sent","recipient":"guest","order":10235}
2026-09-13T15:34:47+00:00 NOTICE Email "customer_completed_order" for order #9832 not sent: email type is disabled CONTEXT: {"email_type":"customer_completed_order","status":"disabled","recipient":"guest","order":9832}
2026-09-13T15:34:47+00:00 NOTICE Email "customer_completed_order" for order #10139 not sent: email type is disabled CONTEXT: {"email_type":"customer_completed_order","status":"disabled","recipient":"guest","order":10139}
2026-09-13T15:34:54+00:00 NOTICE Email "customer_completed_order" for order #9757 not sent: email type is disabled CONTEXT: {"email_type":"customer_completed_order","status":"disabled","recipient":"guest","order":9757}
2026-09-13T15:35:03+00:00 NOTICE Email "customer_note" for order #10473 not sent: email type is disabled CONTEXT: {"email_type":"customer_note","status":"disabled","recipient":"guest","order":10473}
2026-09-13T15:35:09+00:00 INFO Email "cancelled_order" for order #10356 sent CONTEXT: {"email_type":"cancelled_order","status":"sent","recipient":"guest","order":10356}
2026-09-13T15:35:09+00:00 NOTICE Email "customer_completed_order" for order #10033 not sent: email type is disabled CONTEXT: {"email_type":"customer_completed_order","status":"disabled","recipient":"guest","order":10033}
2026-09-13T15:35:09+00:00 NOTICE Email "customer_completed_order" for order #9858 not sent: email type is disabled CONTEXT: {"email_type":"customer_completed_order","status":"disabled","recipient":"guest","order":9858}
2026-09-13T15:35:10+00:00 NOTICE Email "customer_failed_order" for order #10282 not sent: email type is disabled CONTEXT: {"email_type":"customer_failed_order","status":"disabled","recipient":"guest","order":10282}
2026-09-13T15:35:11+00:00 NOTICE Email "customer_completed_order" for order #10114 not sent: email type is disabled CONTEXT: {"email_type":"customer_completed_order","status":"disabled","recipient":"guest","order":10114}
2026-09-13T15:35:15+00:00 INFO Email "failed_order" for order #10282 sent CONTEXT: {"email_type":"failed_order","status":"sent","recipient":"guest","order":10282}
2026-09-13T15:35:15+00:00 NOTICE Email "customer_completed_order" for order #10091 not sent: email type is disabled CONTEXT: {"email_type":"customer_completed_order","status":"disabled","recipient":"guest","order":10091}
2026-09-13T15:35:15+00:00 NOTICE Email "customer_completed_order" for order #9785 not sent: email type is disabled CONTEXT: {"email_type":"customer_completed_order","status":"disabled","recipient":"guest","order":9785}
2026-09-13T15:35:32+00:00 NOTICE Email "customer_completed_order" for order #9798 not sent: email type is disabled CONTEXT: {"email_type":"customer_completed_order","status":"disabled","recipient":"guest","order":9798}
2026-09-13T15:35:40+00:00 NOTICE Email "customer_completed_order" for order #9773 not sent: email type is disabled CONTEXT: {"email_type":"customer_completed_order","status":"disabled","recipient":"guest","order":9773}
2026-09-13T15:36:03+00:00 NOTICE Email "customer_completed_order" for order #10073 not sent: email type is disabled CONTEXT: {"email_type":"customer_completed_order","status":"disabled","recipient":"guest","order":10073}
2026-09-13T15:36:16+00:00 NOTICE Email "customer_completed_order" for order #10112 not sent: email type is disabled CONTEXT: {"email_type":"customer_completed_order","status":"disabled","recipient":"guest","order":10112}
2026-09-13T15:36:24+00:00 INFO Email "new_order" for order #10473 sent CONTEXT: {"email_type":"new_order","status":"sent","recipient":"guest","order":10473}
2026-09-13T15:36:24+00:00 NOTICE Email "customer_processing_order" for order #10473 not sent: email type is disabled CONTEXT: {"email_type":"customer_processing_order","status":"disabled","recipient":"guest","order":10473}
2026-09-13T15:36:34+00:00 NOTICE Email "customer_completed_order" for order #10141 not sent: email type is disabled CONTEXT: {"email_type":"customer_completed_order","status":"disabled","recipient":"guest","order":10141}
2026-09-13T15:36:41+00:00 NOTICE Email "customer_completed_order" for order #9952 not sent: email type is disabled CONTEXT: {"email_type":"customer_completed_order","status":"disabled","recipient":"guest","order":9952}
2026-09-13T15:37:05+00:00 NOTICE Email "customer_note" for order #10473 not sent: email type is disabled CONTEXT: {"email_type":"customer_note","status":"disabled","recipient":"guest","order":10473}
2026-09-13T15:37:10+00:00 NOTICE Email "customer_completed_order" for order #9903 not sent: email type is disabled CONTEXT: {"email_type":"customer_completed_order","status":"disabled","recipient":"guest","order":9903}
2026-09-13T15:37:22+00:00 NOTICE Email "customer_completed_order" for order #9974 not sent: email type is disabled CONTEXT: {"email_type":"customer_completed_order","status":"disabled","recipient":"guest","order":9974}
2026-09-13T15:37:27+00:00 NOTICE Email "customer_completed_order" for order #10034 not sent: email type is disabled CONTEXT: {"email_type":"customer_completed_order","status":"disabled","recipient":"guest","order":10034}
2026-09-13T15:37:52+00:00 NOTICE Email "customer_completed_order" for order #9784 not sent: email type is disabled CONTEXT: {"email_type":"customer_completed_order","status":"disabled","recipient":"guest","order":9784}
2026-09-13T15:38:02+00:00 NOTICE Email "customer_completed_order" for order #10095 not sent: email type is disabled CONTEXT: {"email_type":"customer_completed_order","status":"disabled","recipient":"guest","order":10095}
2026-09-13T15:38:06+00:00 NOTICE Email "customer_completed_order" for order #9923 not sent: email type is disabled CONTEXT: {"email_type":"customer_completed_order","status":"disabled","recipient":"guest","order":9923}
2026-09-13T15:38:24+00:00 NOTICE Email "customer_completed_order" for order #9950 not sent: email type is disabled CONTEXT: {"email_type":"customer_completed_order","status":"disabled","recipient":"guest","order":9950}
2026-09-13T15:38:27+00:00 INFO Email "cancelled_order" for order #10405 sent CONTEXT: {"email_type":"cancelled_order","status":"sent","recipient":"guest","order":10405}
2026-09-13T15:38:38+00:00 NOTICE Email "customer_completed_order" for order #9802 not sent: email type is disabled CONTEXT: {"email_type":"customer_completed_order","status":"disabled","recipient":"guest","order":9802}
2026-09-13T15:38:53+00:00 NOTICE Email "customer_completed_order" for order #10018 not sent: email type is disabled CONTEXT: {"email_type":"customer_completed_order","status":"disabled","recipient":"guest","order":10018}
2026-09-13T15:38:55+00:00 INFO Email "cancelled_order" for order #10313 sent CONTEXT: {"email_type":"cancelled_order","status":"sent","recipient":"guest","order":10313}
2026-09-13T15:39:29+00:00 NOTICE Email "customer_completed_order" for order #10126 not sent: email type is disabled CONTEXT: {"email_type":"customer_completed_order","status":"disabled","recipient":"guest","order":10126}
2026-09-13T15:39:45+00:00 NOTICE Email "customer_completed_order" for order #10164 not sent: email type is disabled CONTEXT: {"email_type":"customer_completed_order","status":"disabled","recipient":"guest","order":10164}
2026-09-13T15:39:50+00:00 NOTICE Email "customer_completed_order" for order #9967 not sent: email type is disabled CONTEXT: {"email_type":"customer_completed_order","status":"disabled","recipient":"guest","order":9967}
2026-09-13T15:40:43+00:00 NOTICE Email "customer_completed_order" for order #10061 not sent: email type is disabled CONTEXT: {"email_type":"customer_completed_order","status":"disabled","recipient":"guest","order":10061}
2026-09-13T15:40:45+00:00 NOTICE Email "customer_completed_order" for order #9865 not sent: email type is disabled CONTEXT: {"email_type":"customer_completed_order","status":"disabled","recipient":"guest","order":9865}
2026-09-13T15:41:16+00:00 NOTICE Email "customer_completed_order" for order #9832 not sent: email type is disabled CONTEXT: {"email_type":"customer_completed_order","status":"disabled","recipient":"guest","order":9832}
2026-09-13T15:41:36+00:00 NOTICE Email "customer_completed_order" for order #10153 not sent: email type is disabled CONTEXT: {"email_type":"customer_completed_order","status":"disabled","recipient":"guest","order":10153}
2026-09-13T15:42:17+00:00 NOTICE Email "customer_completed_order" for order #9809 not sent: email type is disabled CONTEXT: {"email_type":"customer_completed_order","status":"disabled","recipient":"guest","order":9809}
2026-09-13T15:43:00+00:00 NOTICE Email "customer_completed_order" for order #10168 not sent: email type is disabled CONTEXT: {"email_type":"customer_completed_order","status":"disabled","recipient":"guest","order":10168}
2026-09-13T15:43:14+00:00 INFO Email "cancelled_order" for order #10405 sent CONTEXT: {"email_type":"cancelled_order","status":"sent","recipient":"guest","order":10405}
2026-09-13T15:43:27+00:00 NOTICE Email "customer_completed_order" for order #9858 not sent: email type is disabled CONTEXT: {"email_type":"customer_completed_order","status":"disabled","recipient":"guest","order":9858}
2026-09-13T15:43:48+00:00 NOTICE Email "customer_completed_order" for order #9997 not sent: email type is disabled CONTEXT: {"email_type":"customer_completed_order","status":"disabled","recipient":"guest","order":9997}
2026-09-13T15:44:06+00:00 INFO Email "cancelled_order" for order #10356 sent CONTEXT: {"email_type":"cancelled_order","status":"sent","recipient":"guest","order":10356}
2026-09-13T15:44:24+00:00 NOTICE Email "customer_failed_order" for order #10282 not sent: email type is disabled CONTEXT: {"email_type":"customer_failed_order","status":"disabled","recipient":"guest","order":10282}
2026-09-13T15:44:29+00:00 INFO Email "failed_order" for order #10282 sent CONTEXT: {"email_type":"failed_order","status":"sent","recipient":"guest","order":10282}
2026-09-13T15:44:43+00:00 NOTICE Email "customer_completed_order" for order #10140 not sent: email type is disabled CONTEXT: {"email_type":"customer_completed_order","status":"disabled","recipient":"guest","order":10140}
2026-09-13T15:45:09+00:00 NOTICE Email "customer_completed_order" for order #9923 not sent: email type is disabled CONTEXT: {"email_type":"customer_completed_order","status":"disabled","recipient":"guest","order":9923}
2026-09-13T15:45:25+00:00 NOTICE Email "customer_completed_order" for order #9784 not sent: email type is disabled CONTEXT: {"email_type":"customer_completed_order","status":"disabled","recipient":"guest","order":9784}
2026-09-13T15:45:29+00:00 NOTICE Email "customer_completed_order" for order #9976 not sent: email type is disabled CONTEXT: {"email_type":"customer_completed_order","status":"disabled","recipient":"guest","order":9976}
2026-09-13T15:47:07+00:00 NOTICE Email "customer_completed_order" for order #10091 not sent: email type is disabled CONTEXT: {"email_type":"customer_completed_order","status":"disabled","recipient":"guest","order":10091}
2026-09-13T15:47:07+00:00 NOTICE Email "customer_completed_order" for order #9907 not sent: email type is disabled CONTEXT: {"email_type":"customer_completed_order","status":"disabled","recipient":"guest","order":9907}
2026-09-13T15:47:38+00:00 NOTICE Email "customer_failed_order" for order #10208 not sent: email type is disabled CONTEXT: {"email_type":"customer_failed_order","status":"disabled","recipient":"guest","order":10208}
2026-09-13T15:47:43+00:00 INFO Email "failed_order" for order #10208 sent CONTEXT: {"email_type":"failed_order","status":"sent","recipient":"guest","order":10208}
2026-09-13T15:47:58+00:00 NOTICE Email "customer_completed_order" for order #10086 not sent: email type is disabled CONTEXT: {"email_type":"customer_completed_order","status":"disabled","recipient":"guest","order":10086}
2026-09-13T15:48:00+00:00 NOTICE Email "customer_note" for order #10474 not sent: email type is disabled CONTEXT: {"email_type":"customer_note","status":"disabled","recipient":"guest","order":10474}
2026-09-13T15:48:01+00:00 NOTICE Email "customer_completed_order" for order #10021 not sent: email type is disabled CONTEXT: {"email_type":"customer_completed_order","status":"disabled","recipient":"guest","order":10021}
2026-09-13T15:48:33+00:00 NOTICE Email "customer_completed_order" for order #9997 not sent: email type is disabled CONTEXT: {"email_type":"customer_completed_order","status":"disabled","recipient":"guest","order":9997}
2026-09-13T15:48:33+00:00 NOTICE Email "customer_completed_order" for order #7976 not sent: email type is disabled CONTEXT: {"email_type":"customer_completed_order","status":"disabled","recipient":"guest","order":7976}
2026-09-13T15:48:34+00:00 NOTICE Email "customer_completed_order" for order #10112 not sent: email type is disabled CONTEXT: {"email_type":"customer_completed_order","status":"disabled","recipient":"guest","order":10112}
2026-09-13T15:48:34+00:00 NOTICE Email "customer_completed_order" for order #9936 not sent: email type is disabled CONTEXT: {"email_type":"customer_completed_order","status":"disabled","recipient":"guest","order":9936}
2026-09-13T15:48:51+00:00 NOTICE Email "customer_completed_order" for order #10033 not sent: email type is disabled CONTEXT: {"email_type":"customer_completed_order","status":"disabled","recipient":"guest","order":10033}
2026-09-13T15:48:52+00:00 NOTICE Email "customer_completed_order" for order #10040 not sent: email type is disabled CONTEXT: {"email_type":"customer_completed_order","status":"disabled","recipient":"guest","order":10040}
2026-09-13T15:49:07+00:00 NOTICE Email "customer_completed_order" for order #10128 not sent: email type is disabled CONTEXT: {"email_type":"customer_completed_order","status":"disabled","recipient":"guest","order":10128}
2026-09-13T15:49:25+00:00 NOTICE Email "customer_completed_order" for order #10168 not sent: email type is disabled CONTEXT: {"email_type":"customer_completed_order","status":"disabled","recipient":"guest","order":10168}
2026-09-13T15:49:57+00:00 NOTICE Email "customer_completed_order" for order #9903 not sent: email type is disabled CONTEXT: {"email_type":"customer_completed_order","status":"disabled","recipient":"guest","order":9903}
2026-09-13T15:49:58+00:00 NOTICE Email "customer_completed_order" for order #10141 not sent: email type is disabled CONTEXT: {"email_type":"customer_completed_order","status":"disabled","recipient":"guest","order":10141}
2026-09-13T15:50:14+00:00 NOTICE Email "customer_completed_order" for order #9786 not sent: email type is disabled CONTEXT: {"email_type":"customer_completed_order","status":"disabled","recipient":"guest","order":9786}
2026-09-13T15:50:28+00:00 NOTICE Email "customer_completed_order" for order #10002 not sent: email type is disabled CONTEXT: {"email_type":"customer_completed_order","status":"disabled","recipient":"guest","order":10002}
2026-09-13T15:50:31+00:00 NOTICE Email "customer_completed_order" for order #9952 not sent: email type is disabled CONTEXT: {"email_type":"customer_completed_order","status":"disabled","recipient":"guest","order":9952}
2026-09-13T15:50:33+00:00 NOTICE Email "customer_completed_order" for order #9784 not sent: email type is disabled CONTEXT: {"email_type":"customer_completed_order","status":"disabled","recipient":"guest","order":9784}
2026-09-13T15:50:50+00:00 NOTICE Email "customer_completed_order" for order #10034 not sent: email type is disabled CONTEXT: {"email_type":"customer_completed_order","status":"disabled","recipient":"guest","order":10034}
2026-09-13T15:50:50+00:00 NOTICE Email "customer_completed_order" for order #10018 not sent: email type is disabled CONTEXT: {"email_type":"customer_completed_order","status":"disabled","recipient":"guest","order":10018}
2026-09-13T15:50:59+00:00 NOTICE Email "customer_failed_order" for order #10282 not sent: email type is disabled CONTEXT: {"email_type":"customer_failed_order","status":"disabled","recipient":"guest","order":10282}
2026-09-13T15:51:04+00:00 INFO Email "failed_order" for order #10282 sent CONTEXT: {"email_type":"failed_order","status":"sent","recipient":"guest","order":10282}
2026-09-13T15:51:14+00:00 NOTICE Email "customer_completed_order" for order #10162 not sent: email type is disabled CONTEXT: {"email_type":"customer_completed_order","status":"disabled","recipient":"guest","order":10162}
2026-09-13T15:51:14+00:00 NOTICE Email "customer_completed_order" for order #9785 not sent: email type is disabled CONTEXT: {"email_type":"customer_completed_order","status":"disabled","recipient":"guest","order":9785}
2026-09-13T15:51:23+00:00 NOTICE Email "customer_completed_order" for order #10126 not sent: email type is disabled CONTEXT: {"email_type":"customer_completed_order","status":"disabled","recipient":"guest","order":10126}
2026-09-13T15:51:23+00:00 NOTICE Email "customer_completed_order" for order #9773 not sent: email type is disabled CONTEXT: {"email_type":"customer_completed_order","status":"disabled","recipient":"guest","order":9773}
2026-09-13T15:51:34+00:00 NOTICE Email "customer_completed_order" for order #9950 not sent: email type is disabled CONTEXT: {"email_type":"customer_completed_order","status":"disabled","recipient":"guest","order":9950}
2026-09-13T15:51:34+00:00 NOTICE Email "customer_completed_order" for order #9858 not sent: email type is disabled CONTEXT: {"email_type":"customer_completed_order","status":"disabled","recipient":"guest","order":9858}
2026-09-13T15:51:40+00:00 NOTICE Email "customer_completed_order" for order #10003 not sent: email type is disabled CONTEXT: {"email_type":"customer_completed_order","status":"disabled","recipient":"guest","order":10003}
2026-09-13T15:51:41+00:00 NOTICE Email "customer_completed_order" for order #10164 not sent: email type is disabled CONTEXT: {"email_type":"customer_completed_order","status":"disabled","recipient":"guest","order":10164}
2026-09-13T15:51:42+00:00 NOTICE Email "customer_completed_order" for order #9798 not sent: email type is disabled CONTEXT: {"email_type":"customer_completed_order","status":"disabled","recipient":"guest","order":9798}
2026-09-13T15:52:19+00:00 NOTICE Email "customer_completed_order" for order #10046 not sent: email type is disabled CONTEXT: {"email_type":"customer_completed_order","status":"disabled","recipient":"guest","order":10046}
2026-09-13T15:52:30+00:00 NOTICE Email "customer_completed_order" for order #9936 not sent: email type is disabled CONTEXT: {"email_type":"customer_completed_order","status":"disabled","recipient":"guest","order":9936}
2026-09-13T15:53:15+00:00 NOTICE Email "customer_completed_order" for order #10158 not sent: email type is disabled CONTEXT: {"email_type":"customer_completed_order","status":"disabled","recipient":"guest","order":10158}
2026-09-13T15:53:38+00:00 NOTICE Email "customer_completed_order" for order #9757 not sent: email type is disabled CONTEXT: {"email_type":"customer_completed_order","status":"disabled","recipient":"guest","order":9757}
2026-09-13T15:53:41+00:00 INFO Email "cancelled_order" for order #10313 sent CONTEXT: {"email_type":"cancelled_order","status":"sent","recipient":"guest","order":10313}
2026-09-13T15:53:52+00:00 NOTICE Email "customer_completed_order" for order #10087 not sent: email type is disabled CONTEXT: {"email_type":"customer_completed_order","status":"disabled","recipient":"guest","order":10087}
2026-09-13T15:54:14+00:00 INFO Email "cancelled_order" for order #10151 sent CONTEXT: {"email_type":"cancelled_order","status":"sent","recipient":"guest","order":10151}
2026-09-13T15:54:25+00:00 NOTICE Email "customer_note" for order #10237 not sent: email type is disabled CONTEXT: {"email_type":"customer_note","status":"disabled","recipient":"guest","order":10237}
2026-09-13T15:54:31+00:00 NOTICE Email "customer_completed_order" for order #10018 not sent: email type is disabled CONTEXT: {"email_type":"customer_completed_order","status":"disabled","recipient":"guest","order":10018}
2026-09-13T15:54:59+00:00 NOTICE Email "customer_completed_order" for order #7694 not sent: email type is disabled CONTEXT: {"email_type":"customer_completed_order","status":"disabled","recipient":"guest","order":7694}
2026-09-13T15:55:06+00:00 NOTICE Email "customer_completed_order" for order #9903 not sent: email type is disabled CONTEXT: {"email_type":"customer_completed_order","status":"disabled","recipient":"guest","order":9903}
2026-09-13T15:55:23+00:00 NOTICE Email "customer_completed_order" for order #9952 not sent: email type is disabled CONTEXT: {"email_type":"customer_completed_order","status":"disabled","recipient":"guest","order":9952}
2026-09-13T15:55:29+00:00 INFO Email "cancelled_order" for order #10405 sent CONTEXT: {"email_type":"cancelled_order","status":"sent","recipient":"guest","order":10405}
2026-09-13T15:55:38+00:00 NOTICE Email "customer_completed_order" for order #10034 not sent: email type is disabled CONTEXT: {"email_type":"customer_completed_order","status":"disabled","recipient":"guest","order":10034}
2026-09-13T15:55:53+00:00 NOTICE Email "customer_completed_order" for order #10019 not sent: email type is disabled CONTEXT: {"email_type":"customer_completed_order","status":"disabled","recipient":"guest","order":10019}
2026-09-13T15:55:55+00:00 NOTICE Email "customer_note" for order #10475 not sent: email type is disabled CONTEXT: {"email_type":"customer_note","status":"disabled","recipient":"guest","order":10475}
2026-09-13T15:56:32+00:00 NOTICE Email "customer_completed_order" for order #10048 not sent: email type is disabled CONTEXT: {"email_type":"customer_completed_order","status":"disabled","recipient":"guest","order":10048}
2026-09-13T15:57:10+00:00 NOTICE Email "customer_completed_order" for order #9921 not sent: email type is disabled CONTEXT: {"email_type":"customer_completed_order","status":"disabled","recipient":"guest","order":9921}
2026-09-13T15:57:48+00:00 NOTICE Email "customer_failed_order" for order #10208 not sent: email type is disabled CONTEXT: {"email_type":"customer_failed_order","status":"disabled","recipient":"guest","order":10208}
2026-09-13T15:57:53+00:00 INFO Email "failed_order" for order #10208 sent CONTEXT: {"email_type":"failed_order","status":"sent","recipient":"guest","order":10208}
2026-09-13T15:58:08+00:00 NOTICE Email "customer_completed_order" for order #9970 not sent: email type is disabled CONTEXT: {"email_type":"customer_completed_order","status":"disabled","recipient":"guest","order":9970}
2026-09-13T15:58:52+00:00 NOTICE Email "customer_completed_order" for order #9852 not sent: email type is disabled CONTEXT: {"email_type":"customer_completed_order","status":"disabled","recipient":"guest","order":9852}
2026-09-13T15:59:15+00:00 NOTICE Email "customer_completed_order" for order #10140 not sent: email type is disabled CONTEXT: {"email_type":"customer_completed_order","status":"disabled","recipient":"guest","order":10140}
2026-09-13T15:59:59+00:00 NOTICE Email "customer_completed_order" for order #9851 not sent: email type is disabled CONTEXT: {"email_type":"customer_completed_order","status":"disabled","recipient":"guest","order":9851}
2026-09-13T16:00:06+00:00 NOTICE Email "customer_completed_order" for order #9786 not sent: email type is disabled CONTEXT: {"email_type":"customer_completed_order","status":"disabled","recipient":"guest","order":9786}
2026-09-13T16:00:22+00:00 NOTICE Email "customer_completed_order" for order #10087 not sent: email type is disabled CONTEXT: {"email_type":"customer_completed_order","status":"disabled","recipient":"guest","order":10087}
2026-09-13T16:00:22+00:00 NOTICE Email "customer_completed_order" for order #9832 not sent: email type is disabled CONTEXT: {"email_type":"customer_completed_order","status":"disabled","recipient":"guest","order":9832}
2026-09-13T16:00:22+00:00 NOTICE Email "customer_failed_order" for order #10282 not sent: email type is disabled CONTEXT: {"email_type":"customer_failed_order","status":"disabled","recipient":"guest","order":10282}
2026-09-13T16:00:28+00:00 INFO Email "failed_order" for order #10282 sent CONTEXT: {"email_type":"failed_order","status":"sent","recipient":"guest","order":10282}
2026-09-13T16:00:40+00:00 NOTICE Email "customer_completed_order" for order #9809 not sent: email type is disabled CONTEXT: {"email_type":"customer_completed_order","status":"disabled","recipient":"guest","order":9809}
2026-09-13T16:00:44+00:00 NOTICE Email "customer_completed_order" for order #7976 not sent: email type is disabled CONTEXT: {"email_type":"customer_completed_order","status":"disabled","recipient":"guest","order":7976}
2026-09-13T16:00:44+00:00 NOTICE Email "customer_completed_order" for order #10162 not sent: email type is disabled CONTEXT: {"email_type":"customer_completed_order","status":"disabled","recipient":"guest","order":10162}
2026-09-13T16:00:48+00:00 NOTICE Email "customer_completed_order" for order #9984 not sent: email type is disabled CONTEXT: {"email_type":"customer_completed_order","status":"disabled","recipient":"guest","order":9984}
2026-09-13T16:01:02+00:00 NOTICE Email "customer_completed_order" for order #9785 not sent: email type is disabled CONTEXT: {"email_type":"customer_completed_order","status":"disabled","recipient":"guest","order":9785}
2026-09-13T16:01:13+00:00 NOTICE Email "customer_completed_order" for order #9907 not sent: email type is disabled CONTEXT: {"email_type":"customer_completed_order","status":"disabled","recipient":"guest","order":9907}
2026-09-13T16:01:13+00:00 NOTICE Email "customer_completed_order" for order #10168 not sent: email type is disabled CONTEXT: {"email_type":"customer_completed_order","status":"disabled","recipient":"guest","order":10168}
2026-09-13T16:02:00+00:00 NOTICE Email "customer_completed_order" for order #10128 not sent: email type is disabled CONTEXT: {"email_type":"customer_completed_order","status":"disabled","recipient":"guest","order":10128}
2026-09-13T16:02:06+00:00 INFO Email "cancelled_order" for order #10235 sent CONTEXT: {"email_type":"cancelled_order","status":"sent","recipient":"guest","order":10235}
2026-09-13T16:02:34+00:00 NOTICE Email "customer_completed_order" for order #9785 not sent: email type is disabled CONTEXT: {"email_type":"customer_completed_order","status":"disabled","recipient":"guest","order":9785}
2026-09-13T16:03:23+00:00 NOTICE Email "customer_completed_order" for order #9936 not sent: email type is disabled CONTEXT: {"email_type":"customer_completed_order","status":"disabled","recipient":"guest","order":9936}
2026-09-13T16:03:31+00:00 NOTICE Email "customer_completed_order" for order #9773 not sent: email type is disabled CONTEXT: {"email_type":"customer_completed_order","status":"disabled","recipient":"guest","order":9773}
2026-09-13T16:03:32+00:00 NOTICE Email "customer_completed_order" for order #9903 not sent: email type is disabled CONTEXT: {"email_type":"customer_completed_order","status":"disabled","recipient":"guest","order":9903}
2026-09-13T16:03:32+00:00 NOTICE Email "customer_completed_order" for order #10158 not sent: email type is disabled CONTEXT: {"email_type":"customer_completed_order","status":"disabled","recipient":"guest","order":10158}
2026-09-13T16:03:41+00:00 NOTICE Email "customer_completed_order" for order #9950 not sent: email type is disabled CONTEXT: {"email_type":"customer_completed_order","status":"disabled","recipient":"guest","order":9950}
2026-09-13T16:04:09+00:00 NOTICE Email "customer_failed_order" for order #10208 not sent: email type is disabled CONTEXT: {"email_type":"customer_failed_order","status":"disabled","recipient":"guest","order":10208}
2026-09-13T16:04:15+00:00 INFO Email "failed_order" for order #10208 sent CONTEXT: {"email_type":"failed_order","status":"sent","recipient":"guest","order":10208}
2026-09-13T16:04:38+00:00 NOTICE Email "customer_completed_order" for order #9852 not sent: email type is disabled CONTEXT: {"email_type":"customer_completed_order","status":"disabled","recipient":"guest","order":9852}
2026-09-13T16:04:48+00:00 NOTICE Email "customer_completed_order" for order #10033 not sent: email type is disabled CONTEXT: {"email_type":"customer_completed_order","status":"disabled","recipient":"guest","order":10033}
2026-09-13T16:04:58+00:00 NOTICE Email "customer_completed_order" for order #9865 not sent: email type is disabled CONTEXT: {"email_type":"customer_completed_order","status":"disabled","recipient":"guest","order":9865}
2026-09-13T16:05:07+00:00 NOTICE Email "customer_completed_order" for order #9974 not sent: email type is disabled CONTEXT: {"email_type":"customer_completed_order","status":"disabled","recipient":"guest","order":9974}
2026-09-13T16:05:08+00:00 NOTICE Email "customer_completed_order" for order #9923 not sent: email type is disabled CONTEXT: {"email_type":"customer_completed_order","status":"disabled","recipient":"guest","order":9923}
2026-09-13T16:05:16+00:00 NOTICE Email "customer_completed_order" for order #10021 not sent: email type is disabled CONTEXT: {"email_type":"customer_completed_order","status":"disabled","recipient":"guest","order":10021}
2026-09-13T16:05:40+00:00 INFO Email "cancelled_order" for order #10356 sent CONTEXT: {"email_type":"cancelled_order","status":"sent","recipient":"guest","order":10356}
2026-09-13T16:05:41+00:00 NOTICE Email "customer_completed_order" for order #10061 not sent: email type is disabled CONTEXT: {"email_type":"customer_completed_order","status":"disabled","recipient":"guest","order":10061}
2026-09-13T16:06:05+00:00 NOTICE Email "customer_completed_order" for order #9997 not sent: email type is disabled CONTEXT: {"email_type":"customer_completed_order","status":"disabled","recipient":"guest","order":9997}
2026-09-13T16:06:17+00:00 NOTICE Email "customer_completed_order" for order #10046 not sent: email type is disabled CONTEXT: {"email_type":"customer_completed_order","status":"disabled","recipient":"guest","order":10046}
2026-09-13T16:06:46+00:00 NOTICE Email "customer_completed_order" for order #10126 not sent: email type is disabled CONTEXT: {"email_type":"customer_completed_order","status":"disabled","recipient":"guest","order":10126}
2026-09-13T16:06:51+00:00 NOTICE Email "customer_completed_order" for order #10091 not sent: email type is disabled CONTEXT: {"email_type":"customer_completed_order","status":"disabled","recipient":"guest","order":10091}
2026-09-13T16:06:51+00:00 NOTICE Email "customer_completed_order" for order #9809 not sent: email type is disabled CONTEXT: {"email_type":"customer_completed_order","status":"disabled","recipient":"guest","order":9809}
2026-09-13T16:06:52+00:00 NOTICE Email "customer_completed_order" for order #9786 not sent: email type is disabled CONTEXT: {"email_type":"customer_completed_order","status":"disabled","recipient":"guest","order":9786}
2026-09-13T16:07:16+00:00 NOTICE Email "customer_note" for order #10476 not sent: email type is disabled CONTEXT: {"email_type":"customer_note","status":"disabled","recipient":"guest","order":10476}
2026-09-13T16:07:44+00:00 NOTICE Email "customer_completed_order" for order #10141 not sent: email type is disabled CONTEXT: {"email_type":"customer_completed_order","status":"disabled","recipient":"guest","order":10141}
2026-09-13T16:08:23+00:00 NOTICE Email "customer_completed_order" for order #9784 not sent: email type is disabled CONTEXT: {"email_type":"customer_completed_order","status":"disabled","recipient":"guest","order":9784}
2026-09-13T16:08:23+00:00 NOTICE Email "customer_completed_order" for order #9952 not sent: email type is disabled CONTEXT: {"email_type":"customer_completed_order","status":"disabled","recipient":"guest","order":9952}
2026-09-13T16:08:42+00:00 NOTICE Email "customer_completed_order" for order #10112 not sent: email type is disabled CONTEXT: {"email_type":"customer_completed_order","status":"disabled","recipient":"guest","order":10112}
2026-09-13T16:09:20+00:00 NOTICE Email "customer_completed_order" for order #10021 not sent: email type is disabled CONTEXT: {"email_type":"customer_completed_order","status":"disabled","recipient":"guest","order":10021}
2026-09-13T16:09:30+00:00 NOTICE Email "customer_completed_order" for order #9923 not sent: email type is disabled CONTEXT: {"email_type":"customer_completed_order","status":"disabled","recipient":"guest","order":9923}
2026-09-13T16:09:39+00:00 NOTICE Email "customer_completed_order" for order #10019 not sent: email type is disabled CONTEXT: {"email_type":"customer_completed_order","status":"disabled","recipient":"guest","order":10019}
2026-09-13T16:10:08+00:00 NOTICE Email "customer_completed_order" for order #10140 not sent: email type is disabled CONTEXT: {"email_type":"customer_completed_order","status":"disabled","recipient":"guest","order":10140}
2026-09-13T16:10:18+00:00 NOTICE Email "customer_completed_order" for order #10164 not sent: email type is disabled CONTEXT: {"email_type":"customer_completed_order","status":"disabled","recipient":"guest","order":10164}
2026-09-13T16:10:23+00:00 NOTICE Email "customer_completed_order" for order #9963 not sent: email type is disabled CONTEXT: {"email_type":"customer_completed_order","status":"disabled","recipient":"guest","order":9963}
2026-09-13T16:10:27+00:00 NOTICE Email "customer_completed_order" for order #9798 not sent: email type is disabled CONTEXT: {"email_type":"customer_completed_order","status":"disabled","recipient":"guest","order":9798}
2026-09-13T16:10:27+00:00 NOTICE Email "customer_completed_order" for order #10086 not sent: email type is disabled CONTEXT: {"email_type":"customer_completed_order","status":"disabled","recipient":"guest","order":10086}
2026-09-13T16:10:27+00:00 NOTICE Email "customer_completed_order" for order #9907 not sent: email type is disabled CONTEXT: {"email_type":"customer_completed_order","status":"disabled","recipient":"guest","order":9907}
2026-09-13T16:10:36+00:00 NOTICE Email "customer_completed_order" for order #10168 not sent: email type is disabled CONTEXT: {"email_type":"customer_completed_order","status":"disabled","recipient":"guest","order":10168}
2026-09-13T16:11:38+00:00 INFO Email "cancelled_order" for order #10313 sent CONTEXT: {"email_type":"cancelled_order","status":"sent","recipient":"guest","order":10313}
2026-09-13T16:11:58+00:00 NOTICE Email "customer_completed_order" for order #8085 not sent: email type is disabled CONTEXT: {"email_type":"customer_completed_order","status":"disabled","recipient":"guest","order":8085}
2026-09-13T16:14:55+00:00 NOTICE Email "customer_completed_order" for order #10148 not sent: email type is disabled CONTEXT: {"email_type":"customer_completed_order","status":"disabled","recipient":"guest","order":10148}
2026-09-13T16:17:17+00:00 NOTICE Email "customer_completed_order" for order #9804 not sent: email type is disabled CONTEXT: {"email_type":"customer_completed_order","status":"disabled","recipient":"guest","order":9804}
2026-09-13T16:17:52+00:00 NOTICE Email "customer_completed_order" for order #9974 not sent: email type is disabled CONTEXT: {"email_type":"customer_completed_order","status":"disabled","recipient":"guest","order":9974}
2026-09-13T16:17:52+00:00 NOTICE Email "customer_completed_order" for order #10148 not sent: email type is disabled CONTEXT: {"email_type":"customer_completed_order","status":"disabled","recipient":"guest","order":10148}
2026-09-13T16:18:06+00:00 NOTICE Email "customer_completed_order" for order #10024 not sent: email type is disabled CONTEXT: {"email_type":"customer_completed_order","status":"disabled","recipient":"guest","order":10024}
2026-09-13T16:18:17+00:00 NOTICE Email "customer_failed_order" for order #10208 not sent: email type is disabled CONTEXT: {"email_type":"customer_failed_order","status":"disabled","recipient":"guest","order":10208}
2026-09-13T16:18:22+00:00 INFO Email "failed_order" for order #10208 sent CONTEXT: {"email_type":"failed_order","status":"sent","recipient":"guest","order":10208}
2026-09-13T16:18:31+00:00 NOTICE Email "customer_completed_order" for order #9950 not sent: email type is disabled CONTEXT: {"email_type":"customer_completed_order","status":"disabled","recipient":"guest","order":9950}
2026-09-13T16:18:46+00:00 NOTICE Email "customer_completed_order" for order #10021 not sent: email type is disabled CONTEXT: {"email_type":"customer_completed_order","status":"disabled","recipient":"guest","order":10021}
2026-09-13T16:19:02+00:00 NOTICE Email "customer_completed_order" for order #10003 not sent: email type is disabled CONTEXT: {"email_type":"customer_completed_order","status":"disabled","recipient":"guest","order":10003}
2026-09-13T16:19:14+00:00 NOTICE Email "customer_note" for order #10477 not sent: email type is disabled CONTEXT: {"email_type":"customer_note","status":"disabled","recipient":"guest","order":10477}
2026-09-13T16:19:22+00:00 NOTICE Email "customer_completed_order" for order #10089 not sent: email type is disabled CONTEXT: {"email_type":"customer_completed_order","status":"disabled","recipient":"guest","order":10089}
2026-09-13T16:19:35+00:00 NOTICE Email "customer_completed_order" for order #9785 not sent: email type is disabled CONTEXT: {"email_type":"customer_completed_order","status":"disabled","recipient":"guest","order":9785}
2026-09-13T16:19:35+00:00 NOTICE Email "customer_completed_order" for order #9851 not sent: email type is disabled CONTEXT: {"email_type":"customer_completed_order","status":"disabled","recipient":"guest","order":9851}
2026-09-13T16:19:51+00:00 NOTICE Email "customer_completed_order" for order #10162 not sent: email type is disabled CONTEXT: {"email_type":"customer_completed_order","status":"disabled","recipient":"guest","order":10162}
2026-09-13T16:19:52+00:00 NOTICE Email "customer_completed_order" for order #9936 not sent: email type is disabled CONTEXT: {"email_type":"customer_completed_order","status":"disabled","recipient":"guest","order":9936}
2026-09-13T16:20:03+00:00 NOTICE Email "customer_completed_order" for order #9938 not sent: email type is disabled CONTEXT: {"email_type":"customer_completed_order","status":"disabled","recipient":"guest","order":9938}
2026-09-13T16:20:09+00:00 NOTICE Email "customer_completed_order" for order #9858 not sent: email type is disabled CONTEXT: {"email_type":"customer_completed_order","status":"disabled","recipient":"guest","order":9858}
2026-09-13T16:20:51+00:00 NOTICE Email "customer_completed_order" for order #9766 not sent: email type is disabled CONTEXT: {"email_type":"customer_completed_order","status":"disabled","recipient":"guest","order":9766}
2026-09-13T16:20:52+00:00 NOTICE Email "customer_completed_order" for order #10128 not sent: email type is disabled CONTEXT: {"email_type":"customer_completed_order","status":"disabled","recipient":"guest","order":10128}
2026-09-13T16:20:52+00:00 NOTICE Email "customer_completed_order" for order #10087 not sent: email type is disabled CONTEXT: {"email_type":"customer_completed_order","status":"disabled","recipient":"guest","order":10087}
2026-09-13T16:21:30+00:00 INFO Email "cancelled_order" for order #10356 sent CONTEXT: {"email_type":"cancelled_order","status":"sent","recipient":"guest","order":10356}
2026-09-13T16:21:30+00:00 NOTICE Email "customer_completed_order" for order #10156 not sent: email type is disabled CONTEXT: {"email_type":"customer_completed_order","status":"disabled","recipient":"guest","order":10156}
2026-09-13T16:21:51+00:00 INFO Email "cancelled_order" for order #10151 sent CONTEXT: {"email_type":"cancelled_order","status":"sent","recipient":"guest","order":10151}
2026-09-13T16:22:08+00:00 NOTICE Email "customer_completed_order" for order #9892 not sent: email type is disabled CONTEXT: {"email_type":"customer_completed_order","status":"disabled","recipient":"guest","order":9892}
2026-09-13T16:22:16+00:00 NOTICE Email "customer_completed_order" for order #9963 not sent: email type is disabled CONTEXT: {"email_type":"customer_completed_order","status":"disabled","recipient":"guest","order":9963}
2026-09-13T16:22:53+00:00 NOTICE Email "customer_completed_order" for order #9832 not sent: email type is disabled CONTEXT: {"email_type":"customer_completed_order","status":"disabled","recipient":"guest","order":9832}
2026-09-13T16:22:53+00:00 NOTICE Email "customer_completed_order" for order #9900 not sent: email type is disabled CONTEXT: {"email_type":"customer_completed_order","status":"disabled","recipient":"guest","order":9900}
2026-09-13T16:22:53+00:00 NOTICE Email "customer_completed_order" for order #10158 not sent: email type is disabled CONTEXT: {"email_type":"customer_completed_order","status":"disabled","recipient":"guest","order":10158}
2026-09-13T16:23:42+00:00 NOTICE Email "customer_completed_order" for order #9757 not sent: email type is disabled CONTEXT: {"email_type":"customer_completed_order","status":"disabled","recipient":"guest","order":9757}
2026-09-13T16:23:48+00:00 NOTICE Email "customer_completed_order" for order #10149 not sent: email type is disabled CONTEXT: {"email_type":"customer_completed_order","status":"disabled","recipient":"guest","order":10149}
2026-09-13T16:24:29+00:00 NOTICE Email "customer_completed_order" for order #10027 not sent: email type is disabled CONTEXT: {"email_type":"customer_completed_order","status":"disabled","recipient":"guest","order":10027}
2026-09-13T16:24:36+00:00 NOTICE Email "customer_completed_order" for order #10087 not sent: email type is disabled CONTEXT: {"email_type":"customer_completed_order","status":"disabled","recipient":"guest","order":10087}
2026-09-13T16:24:45+00:00 NOTICE Email "customer_completed_order" for order #9865 not sent: email type is disabled CONTEXT: {"email_type":"customer_completed_order","status":"disabled","recipient":"guest","order":9865}
2026-09-13T16:25:04+00:00 NOTICE Email "customer_completed_order" for order #10019 not sent: email type is disabled CONTEXT: {"email_type":"customer_completed_order","status":"disabled","recipient":"guest","order":10019}
2026-09-13T16:25:17+00:00 NOTICE Email "customer_completed_order" for order #9810 not sent: email type is disabled CONTEXT: {"email_type":"customer_completed_order","status":"disabled","recipient":"guest","order":9810}
2026-09-13T16:25:23+00:00 NOTICE Email "customer_completed_order" for order #9997 not sent: email type is disabled CONTEXT: {"email_type":"customer_completed_order","status":"disabled","recipient":"guest","order":9997}
2026-09-13T16:25:31+00:00 NOTICE Email "customer_completed_order" for order #9786 not sent: email type is disabled CONTEXT: {"email_type":"customer_completed_order","status":"disabled","recipient":"guest","order":9786}
2026-09-13T16:25:32+00:00 NOTICE Email "customer_completed_order" for order #10162 not sent: email type is disabled CONTEXT: {"email_type":"customer_completed_order","status":"disabled","recipient":"guest","order":10162}
2026-09-13T16:25:32+00:00 NOTICE Email "customer_completed_order" for order #10003 not sent: email type is disabled CONTEXT: {"email_type":"customer_completed_order","status":"disabled","recipient":"guest","order":10003}
2026-09-13T16:26:07+00:00 NOTICE Email "customer_completed_order" for order #10148 not sent: email type is disabled CONTEXT: {"email_type":"customer_completed_order","status":"disabled","recipient":"guest","order":10148}
2026-09-13T16:26:08+00:00 NOTICE Email "customer_completed_order" for order #10126 not sent: email type is disabled CONTEXT: {"email_type":"customer_completed_order","status":"disabled","recipient":"guest","order":10126}
2026-09-13T16:26:21+00:00 NOTICE Email "customer_completed_order" for order #10033 not sent: email type is disabled CONTEXT: {"email_type":"customer_completed_order","status":"disabled","recipient":"guest","order":10033}
2026-09-13T16:26:28+00:00 INFO Email "cancelled_order" for order #10235 sent CONTEXT: {"email_type":"cancelled_order","status":"sent","recipient":"guest","order":10235}
2026-09-13T16:26:45+00:00 NOTICE Email "customer_completed_order" for order #9809 not sent: email type is disabled CONTEXT: {"email_type":"customer_completed_order","status":"disabled","recipient":"guest","order":9809}
2026-09-13T16:28:02+00:00 NOTICE Email "customer_completed_order" for order #9957 not sent: email type is disabled CONTEXT: {"email_type":"customer_completed_order","status":"disabled","recipient":"guest","order":9957}
2026-09-13T16:28:12+00:00 NOTICE Email "customer_completed_order" for order #9858 not sent: email type is disabled CONTEXT: {"email_type":"customer_completed_order","status":"disabled","recipient":"guest","order":9858}
2026-09-13T16:28:12+00:00 NOTICE Email "customer_completed_order" for order #9766 not sent: email type is disabled CONTEXT: {"email_type":"customer_completed_order","status":"disabled","recipient":"guest","order":9766}
2026-09-13T16:28:26+00:00 NOTICE Email "customer_completed_order" for order #10018 not sent: email type is disabled CONTEXT: {"email_type":"customer_completed_order","status":"disabled","recipient":"guest","order":10018}
2026-09-13T16:28:27+00:00 NOTICE Email "customer_completed_order" for order #10140 not sent: email type is disabled CONTEXT: {"email_type":"customer_completed_order","status":"disabled","recipient":"guest","order":10140}
2026-09-13T16:28:47+00:00 NOTICE Email "customer_note" for order #10479 not sent: email type is disabled CONTEXT: {"email_type":"customer_note","status":"disabled","recipient":"guest","order":10479}
2026-09-13T16:28:51+00:00 NOTICE Email "customer_completed_order" for order #10141 not sent: email type is disabled CONTEXT: {"email_type":"customer_completed_order","status":"disabled","recipient":"guest","order":10141}
2026-09-13T16:28:51+00:00 NOTICE Email "customer_completed_order" for order #10034 not sent: email type is disabled CONTEXT: {"email_type":"customer_completed_order","status":"disabled","recipient":"guest","order":10034}
2026-09-13T16:28:51+00:00 NOTICE Email "customer_completed_order" for order #9784 not sent: email type is disabled CONTEXT: {"email_type":"customer_completed_order","status":"disabled","recipient":"guest","order":9784}
2026-09-13T16:28:51+00:00 NOTICE Email "customer_completed_order" for order #9952 not sent: email type is disabled CONTEXT: {"email_type":"customer_completed_order","status":"disabled","recipient":"guest","order":9952}
2026-09-13T16:28:52+00:00 INFO Email "cancelled_order" for order #10477 sent CONTEXT: {"email_type":"cancelled_order","status":"sent","recipient":"guest","order":10477}
2026-09-13T16:29:21+00:00 NOTICE Email "customer_completed_order" for order #10032 not sent: email type is disabled CONTEXT: {"email_type":"customer_completed_order","status":"disabled","recipient":"guest","order":10032}
2026-09-13T16:30:07+00:00 NOTICE Email "customer_completed_order" for order #9763 not sent: email type is disabled CONTEXT: {"email_type":"customer_completed_order","status":"disabled","recipient":"guest","order":9763}
2026-09-13T16:30:33+00:00 INFO Email "new_order" for order #10479 sent CONTEXT: {"email_type":"new_order","status":"sent","recipient":"guest","order":10479}
2026-09-13T16:30:33+00:00 NOTICE Email "customer_processing_order" for order #10479 not sent: email type is disabled CONTEXT: {"email_type":"customer_processing_order","status":"disabled","recipient":"guest","order":10479}
2026-09-13T16:30:33+00:00 NOTICE Email "customer_note" for order #10479 not sent: email type is disabled CONTEXT: {"email_type":"customer_note","status":"disabled","recipient":"guest","order":10479}
2026-09-13T16:30:51+00:00 NOTICE Email "customer_completed_order" for order #9798 not sent: email type is disabled CONTEXT: {"email_type":"customer_completed_order","status":"disabled","recipient":"guest","order":9798}
2026-09-13T16:30:52+00:00 NOTICE Email "customer_failed_order" for order #10282 not sent: email type is disabled CONTEXT: {"email_type":"customer_failed_order","status":"disabled","recipient":"guest","order":10282}
2026-09-13T16:30:57+00:00 INFO Email "failed_order" for order #10282 sent CONTEXT: {"email_type":"failed_order","status":"sent","recipient":"guest","order":10282}
2026-09-13T16:30:58+00:00 NOTICE Email "customer_completed_order" for order #9833 not sent: email type is disabled CONTEXT: {"email_type":"customer_completed_order","status":"disabled","recipient":"guest","order":9833}
2026-09-13T16:31:05+00:00 NOTICE Email "customer_completed_order" for order #9907 not sent: email type is disabled CONTEXT: {"email_type":"customer_completed_order","status":"disabled","recipient":"guest","order":9907}
2026-09-13T16:31:06+00:00 NOTICE Email "customer_completed_order" for order #7976 not sent: email type is disabled CONTEXT: {"email_type":"customer_completed_order","status":"disabled","recipient":"guest","order":7976}
2026-09-13T16:31:17+00:00 NOTICE Email "customer_completed_order" for order #8085 not sent: email type is disabled CONTEXT: {"email_type":"customer_completed_order","status":"disabled","recipient":"guest","order":8085}
2026-09-13T16:31:36+00:00 NOTICE Email "customer_completed_order" for order #10164 not sent: email type is disabled CONTEXT: {"email_type":"customer_completed_order","status":"disabled","recipient":"guest","order":10164}
2026-09-13T16:31:36+00:00 NOTICE Email "customer_completed_order" for order #9903 not sent: email type is disabled CONTEXT: {"email_type":"customer_completed_order","status":"disabled","recipient":"guest","order":9903}
2026-09-13T16:31:52+00:00 NOTICE Email "customer_completed_order" for order #9852 not sent: email type is disabled CONTEXT: {"email_type":"customer_completed_order","status":"disabled","recipient":"guest","order":9852}
2026-09-13T16:31:53+00:00 NOTICE Email "customer_completed_order" for order #10086 not sent: email type is disabled CONTEXT: {"email_type":"customer_completed_order","status":"disabled","recipient":"guest","order":10086}
2026-09-13T16:32:07+00:00 NOTICE Email "customer_completed_order" for order #9867 not sent: email type is disabled CONTEXT: {"email_type":"customer_completed_order","status":"disabled","recipient":"guest","order":9867}
2026-09-13T16:32:08+00:00 NOTICE Email "customer_completed_order" for order #10168 not sent: email type is disabled CONTEXT: {"email_type":"customer_completed_order","status":"disabled","recipient":"guest","order":10168}
2026-09-13T16:32:09+00:00 NOTICE Email "customer_completed_order" for order #9923 not sent: email type is disabled CONTEXT: {"email_type":"customer_completed_order","status":"disabled","recipient":"guest","order":9923}
2026-09-13T16:35:13+00:00 NOTICE Email "customer_completed_order" for order #10034 not sent: email type is disabled CONTEXT: {"email_type":"customer_completed_order","status":"disabled","recipient":"guest","order":10034}
2026-09-13T16:35:44+00:00 NOTICE Email "customer_completed_order" for order #10140 not sent: email type is disabled CONTEXT: {"email_type":"customer_completed_order","status":"disabled","recipient":"guest","order":10140}
2026-09-13T16:36:43+00:00 NOTICE Email "customer_completed_order" for order #9963 not sent: email type is disabled CONTEXT: {"email_type":"customer_completed_order","status":"disabled","recipient":"guest","order":9963}
2026-09-13T16:37:24+00:00 NOTICE Email "customer_completed_order" for order #10046 not sent: email type is disabled CONTEXT: {"email_type":"customer_completed_order","status":"disabled","recipient":"guest","order":10046}
2026-09-13T16:37:29+00:00 NOTICE Email "customer_completed_order" for order #7332 not sent: email type is disabled CONTEXT: {"email_type":"customer_completed_order","status":"disabled","recipient":"guest","order":7332}
2026-09-13T16:37:40+00:00 NOTICE Email "customer_completed_order" for order #9950 not sent: email type is disabled CONTEXT: {"email_type":"customer_completed_order","status":"disabled","recipient":"guest","order":9950}
2026-09-13T16:37:56+00:00 NOTICE Email "customer_completed_order" for order #9974 not sent: email type is disabled CONTEXT: {"email_type":"customer_completed_order","status":"disabled","recipient":"guest","order":9974}
2026-09-13T16:37:57+00:00 INFO Email "cancelled_order" for order #10151 sent CONTEXT: {"email_type":"cancelled_order","status":"sent","recipient":"guest","order":10151}
2026-09-13T16:38:33+00:00 INFO Email "cancelled_order" for order #10356 sent CONTEXT: {"email_type":"cancelled_order","status":"sent","recipient":"guest","order":10356}
2026-09-13T16:38:33+00:00 NOTICE Email "customer_completed_order" for order #10061 not sent: email type is disabled CONTEXT: {"email_type":"customer_completed_order","status":"disabled","recipient":"guest","order":10061}
2026-09-13T16:38:33+00:00 NOTICE Email "customer_completed_order" for order #9773 not sent: email type is disabled CONTEXT: {"email_type":"customer_completed_order","status":"disabled","recipient":"guest","order":9773}
2026-09-13T16:39:10+00:00 NOTICE Email "customer_completed_order" for order #9798 not sent: email type is disabled CONTEXT: {"email_type":"customer_completed_order","status":"disabled","recipient":"guest","order":9798}
2026-09-13T16:39:29+00:00 NOTICE Email "customer_completed_order" for order #9833 not sent: email type is disabled CONTEXT: {"email_type":"customer_completed_order","status":"disabled","recipient":"guest","order":9833}
2026-09-13T16:39:29+00:00 NOTICE Email "customer_completed_order" for order #9900 not sent: email type is disabled CONTEXT: {"email_type":"customer_completed_order","status":"disabled","recipient":"guest","order":9900}
2026-09-13T16:39:48+00:00 NOTICE Email "customer_completed_order" for order #7386 not sent: email type is disabled CONTEXT: {"email_type":"customer_completed_order","status":"disabled","recipient":"guest","order":7386}
2026-09-13T16:39:49+00:00 NOTICE Email "customer_completed_order" for order #10156 not sent: email type is disabled CONTEXT: {"email_type":"customer_completed_order","status":"disabled","recipient":"guest","order":10156}
2026-09-13T16:40:49+00:00 NOTICE Email "customer_completed_order" for order #7448 not sent: email type is disabled CONTEXT: {"email_type":"customer_completed_order","status":"disabled","recipient":"guest","order":7448}
2026-09-13T16:40:54+00:00 NOTICE Email "customer_completed_order" for order #9903 not sent: email type is disabled CONTEXT: {"email_type":"customer_completed_order","status":"disabled","recipient":"guest","order":9903}
2026-09-13T16:40:54+00:00 NOTICE Email "customer_completed_order" for order #10086 not sent: email type is disabled CONTEXT: {"email_type":"customer_completed_order","status":"disabled","recipient":"guest","order":10086}
2026-09-13T16:40:56+00:00 NOTICE Email "customer_completed_order" for order #9784 not sent: email type is disabled CONTEXT: {"email_type":"customer_completed_order","status":"disabled","recipient":"guest","order":9784}
2026-09-13T16:40:58+00:00 INFO Email "cancelled_order" for order #10474 sent CONTEXT: {"email_type":"cancelled_order","status":"sent","recipient":"guest","order":10474}
2026-09-13T16:41:03+00:00 INFO Email "cancelled_order" for order #10475 sent CONTEXT: {"email_type":"cancelled_order","status":"sent","recipient":"guest","order":10475}
2026-09-13T16:41:10+00:00 NOTICE Email "customer_completed_order" for order #9867 not sent: email type is disabled CONTEXT: {"email_type":"customer_completed_order","status":"disabled","recipient":"guest","order":9867}
2026-09-13T16:41:10+00:00 NOTICE Email "customer_completed_order" for order #9923 not sent: email type is disabled CONTEXT: {"email_type":"customer_completed_order","status":"disabled","recipient":"guest","order":9923}
2026-09-13T16:41:14+00:00 NOTICE Email "customer_completed_order" for order #7515 not sent: email type is disabled CONTEXT: {"email_type":"customer_completed_order","status":"disabled","recipient":"guest","order":7515}
2026-09-13T16:41:43+00:00 NOTICE Email "customer_completed_order" for order #7569 not sent: email type is disabled CONTEXT: {"email_type":"customer_completed_order","status":"disabled","recipient":"guest","order":7569}
2026-09-13T16:41:53+00:00 NOTICE Email "customer_completed_order" for order #7526 not sent: email type is disabled CONTEXT: {"email_type":"customer_completed_order","status":"disabled","recipient":"guest","order":7526}
2026-09-13T16:41:55+00:00 NOTICE Email "customer_completed_order" for order #7562 not sent: email type is disabled CONTEXT: {"email_type":"customer_completed_order","status":"disabled","recipient":"guest","order":7562}
2026-09-13T16:42:11+00:00 NOTICE Email "customer_completed_order" for order #7567 not sent: email type is disabled CONTEXT: {"email_type":"customer_completed_order","status":"disabled","recipient":"guest","order":7567}
2026-09-13T16:42:23+00:00 NOTICE Email "customer_completed_order" for order #7624 not sent: email type is disabled CONTEXT: {"email_type":"customer_completed_order","status":"disabled","recipient":"guest","order":7624}
2026-09-13T16:42:27+00:00 NOTICE Email "customer_completed_order" for order #7659 not sent: email type is disabled CONTEXT: {"email_type":"customer_completed_order","status":"disabled","recipient":"guest","order":7659}
2026-09-13T16:42:39+00:00 NOTICE Email "customer_completed_order" for order #7668 not sent: email type is disabled CONTEXT: {"email_type":"customer_completed_order","status":"disabled","recipient":"guest","order":7668}
2026-09-13T16:42:53+00:00 NOTICE Email "customer_completed_order" for order #9766 not sent: email type is disabled CONTEXT: {"email_type":"customer_completed_order","status":"disabled","recipient":"guest","order":9766}
2026-09-13T16:42:56+00:00 NOTICE Email "customer_note" for order #10480 not sent: email type is disabled CONTEXT: {"email_type":"customer_note","status":"disabled","recipient":"guest","order":10480}
2026-09-13T16:43:31+00:00 NOTICE Email "customer_completed_order" for order #10158 not sent: email type is disabled CONTEXT: {"email_type":"customer_completed_order","status":"disabled","recipient":"guest","order":10158}
2026-09-13T16:43:32+00:00 NOTICE Email "customer_completed_order" for order #9832 not sent: email type is disabled CONTEXT: {"email_type":"customer_completed_order","status":"disabled","recipient":"guest","order":9832}
2026-09-13T16:43:54+00:00 INFO Email "cancelled_order" for order #10405 sent CONTEXT: {"email_type":"cancelled_order","status":"sent","recipient":"guest","order":10405}
2026-09-13T16:44:11+00:00 NOTICE Email "customer_completed_order" for order #10033 not sent: email type is disabled CONTEXT: {"email_type":"customer_completed_order","status":"disabled","recipient":"guest","order":10033}
2026-09-13T16:44:11+00:00 NOTICE Email "customer_completed_order" for order #10112 not sent: email type is disabled CONTEXT: {"email_type":"customer_completed_order","status":"disabled","recipient":"guest","order":10112}
2026-09-13T16:44:31+00:00 NOTICE Email "customer_completed_order" for order #9810 not sent: email type is disabled CONTEXT: {"email_type":"customer_completed_order","status":"disabled","recipient":"guest","order":9810}
2026-09-13T16:45:04+00:00 NOTICE Email "customer_completed_order" for order #9900 not sent: email type is disabled CONTEXT: {"email_type":"customer_completed_order","status":"disabled","recipient":"guest","order":9900}
2026-09-13T16:45:48+00:00 NOTICE Email "customer_completed_order" for order #10027 not sent: email type is disabled CONTEXT: {"email_type":"customer_completed_order","status":"disabled","recipient":"guest","order":10027}
2026-09-13T16:45:49+00:00 NOTICE Email "customer_completed_order" for order #7741 not sent: email type is disabled CONTEXT: {"email_type":"customer_completed_order","status":"disabled","recipient":"guest","order":7741}
2026-09-13T16:46:00+00:00 NOTICE Email "customer_completed_order" for order #7745 not sent: email type is disabled CONTEXT: {"email_type":"customer_completed_order","status":"disabled","recipient":"guest","order":7745}
2026-09-13T16:46:25+00:00 NOTICE Email "customer_completed_order" for order #10148 not sent: email type is disabled CONTEXT: {"email_type":"customer_completed_order","status":"disabled","recipient":"guest","order":10148}
2026-09-13T16:46:25+00:00 NOTICE Email "customer_completed_order" for order #10126 not sent: email type is disabled CONTEXT: {"email_type":"customer_completed_order","status":"disabled","recipient":"guest","order":10126}
2026-09-13T16:46:27+00:00 NOTICE Email "customer_failed_order" for order #10208 not sent: email type is disabled CONTEXT: {"email_type":"customer_failed_order","status":"disabled","recipient":"guest","order":10208}
2026-09-13T16:46:31+00:00 INFO Email "new_order" for order #10480 sent CONTEXT: {"email_type":"new_order","status":"sent","recipient":"guest","order":10480}
2026-09-13T16:46:31+00:00 NOTICE Email "customer_processing_order" for order #10480 not sent: email type is disabled CONTEXT: {"email_type":"customer_processing_order","status":"disabled","recipient":"guest","order":10480}
2026-09-13T16:46:31+00:00 NOTICE Email "customer_note" for order #10480 not sent: email type is disabled CONTEXT: {"email_type":"customer_note","status":"disabled","recipient":"guest","order":10480}
2026-09-13T16:46:32+00:00 INFO Email "failed_order" for order #10208 sent CONTEXT: {"email_type":"failed_order","status":"sent","recipient":"guest","order":10208}
2026-09-13T16:46:42+00:00 NOTICE Email "customer_completed_order" for order #9936 not sent: email type is disabled CONTEXT: {"email_type":"customer_completed_order","status":"disabled","recipient":"guest","order":9936}
2026-09-13T16:47:41+00:00 NOTICE Email "customer_completed_order" for order #8021 not sent: email type is disabled CONTEXT: {"email_type":"customer_completed_order","status":"disabled","recipient":"guest","order":8021}
2026-09-13T16:48:01+00:00 INFO Email "cancelled_order" for order #10356 sent CONTEXT: {"email_type":"cancelled_order","status":"sent","recipient":"guest","order":10356}
2026-09-13T16:48:52+00:00 NOTICE Email "customer_completed_order" for order #7976 not sent: email type is disabled CONTEXT: {"email_type":"customer_completed_order","status":"disabled","recipient":"guest","order":7976}
2026-09-13T16:49:08+00:00 NOTICE Email "customer_completed_order" for order #9974 not sent: email type is disabled CONTEXT: {"email_type":"customer_completed_order","status":"disabled","recipient":"guest","order":9974}
2026-09-13T16:50:24+00:00 NOTICE Email "customer_completed_order" for order #9936 not sent: email type is disabled CONTEXT: {"email_type":"customer_completed_order","status":"disabled","recipient":"guest","order":9936}
2026-09-13T16:50:29+00:00 NOTICE Email "customer_completed_order" for order #10018 not sent: email type is disabled CONTEXT: {"email_type":"customer_completed_order","status":"disabled","recipient":"guest","order":10018}
2026-09-13T16:50:41+00:00 NOTICE Email "customer_completed_order" for order #10142 not sent: email type is disabled CONTEXT: {"email_type":"customer_completed_order","status":"disabled","recipient":"guest","order":10142}
2026-09-13T16:50:46+00:00 NOTICE Email "customer_completed_order" for order #8085 not sent: email type is disabled CONTEXT: {"email_type":"customer_completed_order","status":"disabled","recipient":"guest","order":8085}
2026-09-13T16:51:42+00:00 INFO Email "cancelled_order" for order #10356 sent CONTEXT: {"email_type":"cancelled_order","status":"sent","recipient":"guest","order":10356}
2026-09-13T16:51:42+00:00 NOTICE Email "customer_completed_order" for order #10141 not sent: email type is disabled CONTEXT: {"email_type":"customer_completed_order","status":"disabled","recipient":"guest","order":10141}
2026-09-13T16:52:22+00:00 INFO Email "cancelled_order" for order #10405 sent CONTEXT: {"email_type":"cancelled_order","status":"sent","recipient":"guest","order":10405}
2026-09-13T16:52:45+00:00 NOTICE Email "customer_completed_order" for order #10027 not sent: email type is disabled CONTEXT: {"email_type":"customer_completed_order","status":"disabled","recipient":"guest","order":10027}
2026-09-13T16:53:03+00:00 NOTICE Email "customer_completed_order" for order #9785 not sent: email type is disabled CONTEXT: {"email_type":"customer_completed_order","status":"disabled","recipient":"guest","order":9785}
2026-09-13T16:53:17+00:00 NOTICE Email "customer_completed_order" for order #10091 not sent: email type is disabled CONTEXT: {"email_type":"customer_completed_order","status":"disabled","recipient":"guest","order":10091}
2026-09-13T16:53:35+00:00 NOTICE Email "customer_completed_order" for order #9952 not sent: email type is disabled CONTEXT: {"email_type":"customer_completed_order","status":"disabled","recipient":"guest","order":9952}
2026-09-13T16:54:27+00:00 NOTICE Email "customer_completed_order" for order #10164 not sent: email type is disabled CONTEXT: {"email_type":"customer_completed_order","status":"disabled","recipient":"guest","order":10164}
2026-09-13T16:54:30+00:00 NOTICE Email "customer_completed_order" for order #10046 not sent: email type is disabled CONTEXT: {"email_type":"customer_completed_order","status":"disabled","recipient":"guest","order":10046}
2026-09-13T16:54:40+00:00 NOTICE Email "customer_completed_order" for order #9938 not sent: email type is disabled CONTEXT: {"email_type":"customer_completed_order","status":"disabled","recipient":"guest","order":9938}
2026-09-13T16:54:40+00:00 NOTICE Email "customer_completed_order" for order #10034 not sent: email type is disabled CONTEXT: {"email_type":"customer_completed_order","status":"disabled","recipient":"guest","order":10034}
2026-09-13T16:54:43+00:00 NOTICE Email "customer_completed_order" for order #9852 not sent: email type is disabled CONTEXT: {"email_type":"customer_completed_order","status":"disabled","recipient":"guest","order":9852}
2026-09-13T16:54:43+00:00 NOTICE Email "customer_completed_order" for order #9858 not sent: email type is disabled CONTEXT: {"email_type":"customer_completed_order","status":"disabled","recipient":"guest","order":9858}
2026-09-13T16:54:43+00:00 NOTICE Email "customer_completed_order" for order #9963 not sent: email type is disabled CONTEXT: {"email_type":"customer_completed_order","status":"disabled","recipient":"guest","order":9963}
2026-09-13T16:54:49+00:00 NOTICE Email "customer_completed_order" for order #9809 not sent: email type is disabled CONTEXT: {"email_type":"customer_completed_order","status":"disabled","recipient":"guest","order":9809}
2026-09-13T16:54:49+00:00 NOTICE Email "customer_completed_order" for order #10087 not sent: email type is disabled CONTEXT: {"email_type":"customer_completed_order","status":"disabled","recipient":"guest","order":10087}
2026-09-13T16:54:58+00:00 NOTICE Email "customer_completed_order" for order #9865 not sent: email type is disabled CONTEXT: {"email_type":"customer_completed_order","status":"disabled","recipient":"guest","order":9865}
2026-09-13T16:55:05+00:00 INFO Email "cancelled_order" for order #10235 sent CONTEXT: {"email_type":"cancelled_order","status":"sent","recipient":"guest","order":10235}
2026-09-13T16:55:38+00:00 NOTICE Email "customer_completed_order" for order #10168 not sent: email type is disabled CONTEXT: {"email_type":"customer_completed_order","status":"disabled","recipient":"guest","order":10168}
2026-09-13T16:57:25+00:00 NOTICE Email "customer_completed_order" for order #9757 not sent: email type is disabled CONTEXT: {"email_type":"customer_completed_order","status":"disabled","recipient":"guest","order":9757}
2026-09-13T16:57:40+00:00 NOTICE Email "customer_completed_order" for order #10021 not sent: email type is disabled CONTEXT: {"email_type":"customer_completed_order","status":"disabled","recipient":"guest","order":10021}
2026-09-13T16:57:58+00:00 NOTICE Email "customer_completed_order" for order #9851 not sent: email type is disabled CONTEXT: {"email_type":"customer_completed_order","status":"disabled","recipient":"guest","order":9851}
2026-09-13T16:58:03+00:00 INFO Email "cancelled_order" for order #10405 sent CONTEXT: {"email_type":"cancelled_order","status":"sent","recipient":"guest","order":10405}
2026-09-13T16:58:26+00:00 INFO Email "cancelled_order" for order #10356 sent CONTEXT: {"email_type":"cancelled_order","status":"sent","recipient":"guest","order":10356}
2026-09-13T16:59:13+00:00 NOTICE Email "customer_failed_order" for order #10207 not sent: email type is disabled CONTEXT: {"email_type":"customer_failed_order","status":"disabled","recipient":"guest","order":10207}
2026-09-13T16:59:17+00:00 INFO Email "failed_order" for order #10207 sent CONTEXT: {"email_type":"failed_order","status":"sent","recipient":"guest","order":10207}
2026-09-13T16:59:34+00:00 INFO Email "cancelled_order" for order #10313 sent CONTEXT: {"email_type":"cancelled_order","status":"sent","recipient":"guest","order":10313}
2026-09-13T17:00:12+00:00 NOTICE Email "customer_completed_order" for order #9907 not sent: email type is disabled CONTEXT: {"email_type":"customer_completed_order","status":"disabled","recipient":"guest","order":9907}
2026-09-13T17:00:12+00:00 INFO Email "cancelled_order" for order #10151 sent CONTEXT: {"email_type":"cancelled_order","status":"sent","recipient":"guest","order":10151}
2026-09-13T17:00:29+00:00 NOTICE Email "customer_completed_order" for order #9784 not sent: email type is disabled CONTEXT: {"email_type":"customer_completed_order","status":"disabled","recipient":"guest","order":9784}
2026-09-13T17:00:57+00:00 NOTICE Email "customer_completed_order" for order #9900 not sent: email type is disabled CONTEXT: {"email_type":"customer_completed_order","status":"disabled","recipient":"guest","order":9900}
2026-09-13T17:00:57+00:00 NOTICE Email "customer_completed_order" for order #10164 not sent: email type is disabled CONTEXT: {"email_type":"customer_completed_order","status":"disabled","recipient":"guest","order":10164}
2026-09-13T17:01:31+00:00 NOTICE Email "customer_completed_order" for order #10156 not sent: email type is disabled CONTEXT: {"email_type":"customer_completed_order","status":"disabled","recipient":"guest","order":10156}
2026-09-13T17:01:32+00:00 NOTICE Email "customer_completed_order" for order #10148 not sent: email type is disabled CONTEXT: {"email_type":"customer_completed_order","status":"disabled","recipient":"guest","order":10148}
2026-09-13T17:01:33+00:00 NOTICE Email "customer_completed_order" for order #9867 not sent: email type is disabled CONTEXT: {"email_type":"customer_completed_order","status":"disabled","recipient":"guest","order":9867}
2026-09-13T17:04:22+00:00 NOTICE Email "customer_failed_order" for order #10208 not sent: email type is disabled CONTEXT: {"email_type":"customer_failed_order","status":"disabled","recipient":"guest","order":10208}
2026-09-13T17:04:27+00:00 INFO Email "failed_order" for order #10208 sent CONTEXT: {"email_type":"failed_order","status":"sent","recipient":"guest","order":10208}
2026-09-13T17:06:40+00:00 NOTICE Email "customer_completed_order" for order #9906 not sent: email type is disabled CONTEXT: {"email_type":"customer_completed_order","status":"disabled","recipient":"guest","order":9906}
2026-09-13T17:06:40+00:00 NOTICE Email "customer_completed_order" for order #9775 not sent: email type is disabled CONTEXT: {"email_type":"customer_completed_order","status":"disabled","recipient":"guest","order":9775}
2026-09-13T17:06:40+00:00 NOTICE Email "customer_completed_order" for order #7703 not sent: email type is disabled CONTEXT: {"email_type":"customer_completed_order","status":"disabled","recipient":"guest","order":7703}
2026-09-13T17:06:40+00:00 NOTICE Email "customer_completed_order" for order #7575 not sent: email type is disabled CONTEXT: {"email_type":"customer_completed_order","status":"disabled","recipient":"guest","order":7575}
2026-09-13T17:06:40+00:00 NOTICE Email "customer_completed_order" for order #7361 not sent: email type is disabled CONTEXT: {"email_type":"customer_completed_order","status":"disabled","recipient":"guest","order":7361}
2026-09-13T17:06:40+00:00 NOTICE Email "customer_completed_order" for order #7357 not sent: email type is disabled CONTEXT: {"email_type":"customer_completed_order","status":"disabled","recipient":"guest","order":7357}
2026-09-13T17:06:40+00:00 NOTICE Email "customer_completed_order" for order #7239 not sent: email type is disabled CONTEXT: {"email_type":"customer_completed_order","status":"disabled","recipient":"guest","order":7239}
2026-09-13T17:11:51+00:00 NOTICE Email "customer_completed_order" for order #10061 not sent: email type is disabled CONTEXT: {"email_type":"customer_completed_order","status":"disabled","recipient":"guest","order":10061}
2026-09-13T17:11:56+00:00 INFO Email "cancelled_order" for order #10405 sent CONTEXT: {"email_type":"cancelled_order","status":"sent","recipient":"guest","order":10405}
2026-09-13T17:12:30+00:00 NOTICE Email "customer_completed_order" for order #10126 not sent: email type is disabled CONTEXT: {"email_type":"customer_completed_order","status":"disabled","recipient":"guest","order":10126}
2026-09-13T17:12:30+00:00 NOTICE Email "customer_completed_order" for order #7526 not sent: email type is disabled CONTEXT: {"email_type":"customer_completed_order","status":"disabled","recipient":"guest","order":7526}
2026-09-13T17:12:45+00:00 NOTICE Email "customer_completed_order" for order #9832 not sent: email type is disabled CONTEXT: {"email_type":"customer_completed_order","status":"disabled","recipient":"guest","order":9832}
2026-09-13T17:12:48+00:00 NOTICE Email "customer_completed_order" for order #9952 not sent: email type is disabled CONTEXT: {"email_type":"customer_completed_order","status":"disabled","recipient":"guest","order":9952}
2026-09-13T17:12:57+00:00 NOTICE Email "customer_failed_order" for order #10282 not sent: email type is disabled CONTEXT: {"email_type":"customer_failed_order","status":"disabled","recipient":"guest","order":10282}
2026-09-13T17:13:01+00:00 INFO Email "failed_order" for order #10282 sent CONTEXT: {"email_type":"failed_order","status":"sent","recipient":"guest","order":10282}
2026-09-13T17:13:01+00:00 NOTICE Email "customer_completed_order" for order #9950 not sent: email type is disabled CONTEXT: {"email_type":"customer_completed_order","status":"disabled","recipient":"guest","order":9950}
2026-09-13T17:13:29+00:00 NOTICE Email "customer_completed_order" for order #7976 not sent: email type is disabled CONTEXT: {"email_type":"customer_completed_order","status":"disabled","recipient":"guest","order":7976}
2026-09-13T17:13:29+00:00 NOTICE Email "customer_completed_order" for order #10168 not sent: email type is disabled CONTEXT: {"email_type":"customer_completed_order","status":"disabled","recipient":"guest","order":10168}
2026-09-13T17:13:36+00:00 NOTICE Email "customer_completed_order" for order #8085 not sent: email type is disabled CONTEXT: {"email_type":"customer_completed_order","status":"disabled","recipient":"guest","order":8085}
2026-09-13T17:13:52+00:00 NOTICE Email "customer_completed_order" for order #10091 not sent: email type is disabled CONTEXT: {"email_type":"customer_completed_order","status":"disabled","recipient":"guest","order":10091}
2026-09-13T17:14:09+00:00 NOTICE Email "customer_completed_order" for order #10003 not sent: email type is disabled CONTEXT: {"email_type":"customer_completed_order","status":"disabled","recipient":"guest","order":10003}
2026-09-13T17:15:24+00:00 INFO Email "new_order" for order #10483 sent CONTEXT: {"email_type":"new_order","status":"sent","recipient":"guest","order":10483}
2026-09-13T17:15:24+00:00 NOTICE Email "customer_processing_order" for order #10483 not sent: email type is disabled CONTEXT: {"email_type":"customer_processing_order","status":"disabled","recipient":"guest","order":10483}
2026-09-13T17:15:26+00:00 INFO Email "cancelled_order" for order #10151 sent CONTEXT: {"email_type":"cancelled_order","status":"sent","recipient":"guest","order":10151}
2026-09-13T17:15:26+00:00 NOTICE Email "customer_completed_order" for order #9997 not sent: email type is disabled CONTEXT: {"email_type":"customer_completed_order","status":"disabled","recipient":"guest","order":9997}
2026-09-13T17:15:48+00:00 NOTICE Email "customer_completed_order" for order #10162 not sent: email type is disabled CONTEXT: {"email_type":"customer_completed_order","status":"disabled","recipient":"guest","order":10162}
2026-09-13T17:15:49+00:00 NOTICE Email "customer_completed_order" for order #9938 not sent: email type is disabled CONTEXT: {"email_type":"customer_completed_order","status":"disabled","recipient":"guest","order":9938}
2026-09-13T17:16:12+00:00 NOTICE Email "customer_completed_order" for order #10033 not sent: email type is disabled CONTEXT: {"email_type":"customer_completed_order","status":"disabled","recipient":"guest","order":10033}
2026-09-13T17:16:16+00:00 NOTICE Email "customer_note" for order #10484 not sent: email type is disabled CONTEXT: {"email_type":"customer_note","status":"disabled","recipient":"guest","order":10484}
2026-09-13T17:16:33+00:00 NOTICE Email "customer_completed_order" for order #10021 not sent: email type is disabled CONTEXT: {"email_type":"customer_completed_order","status":"disabled","recipient":"guest","order":10021}
2026-09-13T17:18:02+00:00 INFO Email "cancelled_order" for order #10405 sent CONTEXT: {"email_type":"cancelled_order","status":"sent","recipient":"guest","order":10405}
2026-09-13T17:18:12+00:00 NOTICE Email "customer_completed_order" for order #10061 not sent: email type is disabled CONTEXT: {"email_type":"customer_completed_order","status":"disabled","recipient":"guest","order":10061}
2026-09-13T17:18:12+00:00 NOTICE Email "customer_completed_order" for order #10112 not sent: email type is disabled CONTEXT: {"email_type":"customer_completed_order","status":"disabled","recipient":"guest","order":10112}
2026-09-13T17:18:13+00:00 NOTICE Email "customer_completed_order" for order #9865 not sent: email type is disabled CONTEXT: {"email_type":"customer_completed_order","status":"disabled","recipient":"guest","order":9865}
2026-09-13T17:18:18+00:00 NOTICE Email "customer_completed_order" for order #10148 not sent: email type is disabled CONTEXT: {"email_type":"customer_completed_order","status":"disabled","recipient":"guest","order":10148}
2026-09-13T17:18:18+00:00 NOTICE Email "customer_completed_order" for order #10156 not sent: email type is disabled CONTEXT: {"email_type":"customer_completed_order","status":"disabled","recipient":"guest","order":10156}
2026-09-13T17:18:21+00:00 NOTICE Email "customer_completed_order" for order #10046 not sent: email type is disabled CONTEXT: {"email_type":"customer_completed_order","status":"disabled","recipient":"guest","order":10046}
2026-09-13T17:18:30+00:00 NOTICE Email "customer_completed_order" for order #9810 not sent: email type is disabled CONTEXT: {"email_type":"customer_completed_order","status":"disabled","recipient":"guest","order":9810}
2026-09-13T17:18:51+00:00 NOTICE Email "customer_completed_order" for order #9974 not sent: email type is disabled CONTEXT: {"email_type":"customer_completed_order","status":"disabled","recipient":"guest","order":9974}
2026-09-13T17:18:51+00:00 NOTICE Email "customer_completed_order" for order #10018 not sent: email type is disabled CONTEXT: {"email_type":"customer_completed_order","status":"disabled","recipient":"guest","order":10018}
2026-09-13T17:18:51+00:00 NOTICE Email "customer_completed_order" for order #9773 not sent: email type is disabled CONTEXT: {"email_type":"customer_completed_order","status":"disabled","recipient":"guest","order":9773}
2026-09-13T17:20:44+00:00 NOTICE Email "customer_completed_order" for order #10027 not sent: email type is disabled CONTEXT: {"email_type":"customer_completed_order","status":"disabled","recipient":"guest","order":10027}
2026-09-13T17:21:01+00:00 NOTICE Email "customer_completed_order" for order #10087 not sent: email type is disabled CONTEXT: {"email_type":"customer_completed_order","status":"disabled","recipient":"guest","order":10087}
2026-09-13T17:21:11+00:00 NOTICE Email "customer_completed_order" for order #9786 not sent: email type is disabled CONTEXT: {"email_type":"customer_completed_order","status":"disabled","recipient":"guest","order":9786}
2026-09-13T17:21:30+00:00 NOTICE Email "customer_completed_order" for order #9963 not sent: email type is disabled CONTEXT: {"email_type":"customer_completed_order","status":"disabled","recipient":"guest","order":9963}
2026-09-13T17:21:45+00:00 NOTICE Email "customer_completed_order" for order #9809 not sent: email type is disabled CONTEXT: {"email_type":"customer_completed_order","status":"disabled","recipient":"guest","order":9809}
2026-09-13T17:23:07+00:00 NOTICE Email "customer_failed_order" for order #10207 not sent: email type is disabled CONTEXT: {"email_type":"customer_failed_order","status":"disabled","recipient":"guest","order":10207}
2026-09-13T17:23:13+00:00 INFO Email "failed_order" for order #10207 sent CONTEXT: {"email_type":"failed_order","status":"sent","recipient":"guest","order":10207}
2026-09-13T17:23:27+00:00 INFO Email "cancelled_order" for order #10151 sent CONTEXT: {"email_type":"cancelled_order","status":"sent","recipient":"guest","order":10151}
2026-09-13T17:24:19+00:00 NOTICE Email "customer_completed_order" for order #9997 not sent: email type is disabled CONTEXT: {"email_type":"customer_completed_order","status":"disabled","recipient":"guest","order":9997}
2026-09-13T17:24:35+00:00 NOTICE Email "customer_completed_order" for order #9785 not sent: email type is disabled CONTEXT: {"email_type":"customer_completed_order","status":"disabled","recipient":"guest","order":9785}
2026-09-13T17:24:51+00:00 NOTICE Email "customer_completed_order" for order #9974 not sent: email type is disabled CONTEXT: {"email_type":"customer_completed_order","status":"disabled","recipient":"guest","order":9974}
2026-09-13T17:24:55+00:00 INFO Email "cancelled_order" for order #10356 sent CONTEXT: {"email_type":"cancelled_order","status":"sent","recipient":"guest","order":10356}
2026-09-13T17:25:28+00:00 NOTICE Email "customer_completed_order" for order #9810 not sent: email type is disabled CONTEXT: {"email_type":"customer_completed_order","status":"disabled","recipient":"guest","order":9810}
2026-09-13T17:25:28+00:00 NOTICE Email "customer_completed_order" for order #9892 not sent: email type is disabled CONTEXT: {"email_type":"customer_completed_order","status":"disabled","recipient":"guest","order":9892}
2026-09-13T17:25:44+00:00 NOTICE Email "customer_completed_order" for order #10156 not sent: email type is disabled CONTEXT: {"email_type":"customer_completed_order","status":"disabled","recipient":"guest","order":10156}
2026-09-13T17:25:44+00:00 NOTICE Email "customer_completed_order" for order #10046 not sent: email type is disabled CONTEXT: {"email_type":"customer_completed_order","status":"disabled","recipient":"guest","order":10046}
2026-09-13T17:25:44+00:00 NOTICE Email "customer_completed_order" for order #10148 not sent: email type is disabled CONTEXT: {"email_type":"customer_completed_order","status":"disabled","recipient":"guest","order":10148}
2026-09-13T17:26:01+00:00 NOTICE Email "customer_completed_order" for order #9865 not sent: email type is disabled CONTEXT: {"email_type":"customer_completed_order","status":"disabled","recipient":"guest","order":9865}
2026-09-13T17:26:03+00:00 NOTICE Email "customer_completed_order" for order #9950 not sent: email type is disabled CONTEXT: {"email_type":"customer_completed_order","status":"disabled","recipient":"guest","order":9950}
2026-09-13T17:26:18+00:00 NOTICE Email "customer_note" for order #10486 not sent: email type is disabled CONTEXT: {"email_type":"customer_note","status":"disabled","recipient":"guest","order":10486}
2026-09-13T17:26:18+00:00 NOTICE Email "customer_completed_order" for order #9798 not sent: email type is disabled CONTEXT: {"email_type":"customer_completed_order","status":"disabled","recipient":"guest","order":9798}
2026-09-13T17:26:19+00:00 NOTICE Email "customer_completed_order" for order #10158 not sent: email type is disabled CONTEXT: {"email_type":"customer_completed_order","status":"disabled","recipient":"guest","order":10158}
2026-09-13T17:26:20+00:00 NOTICE Email "customer_completed_order" for order #9923 not sent: email type is disabled CONTEXT: {"email_type":"customer_completed_order","status":"disabled","recipient":"guest","order":9923}
2026-09-13T17:26:20+00:00 NOTICE Email "customer_completed_order" for order #9858 not sent: email type is disabled CONTEXT: {"email_type":"customer_completed_order","status":"disabled","recipient":"guest","order":9858}
2026-09-13T17:26:20+00:00 NOTICE Email "customer_completed_order" for order #10128 not sent: email type is disabled CONTEXT: {"email_type":"customer_completed_order","status":"disabled","recipient":"guest","order":10128}
2026-09-13T17:26:20+00:00 NOTICE Email "customer_completed_order" for order #9852 not sent: email type is disabled CONTEXT: {"email_type":"customer_completed_order","status":"disabled","recipient":"guest","order":9852}
2026-09-13T17:26:34+00:00 NOTICE Email "customer_completed_order" for order #9766 not sent: email type is disabled CONTEXT: {"email_type":"customer_completed_order","status":"disabled","recipient":"guest","order":9766}
2026-09-13T17:26:41+00:00 INFO Email "cancelled_order" for order #10235 sent CONTEXT: {"email_type":"cancelled_order","status":"sent","recipient":"guest","order":10235}
2026-09-13T17:26:58+00:00 NOTICE Email "customer_completed_order" for order #10034 not sent: email type is disabled CONTEXT: {"email_type":"customer_completed_order","status":"disabled","recipient":"guest","order":10034}
2026-09-13T17:27:53+00:00 NOTICE Email "customer_completed_order" for order #9903 not sent: email type is disabled CONTEXT: {"email_type":"customer_completed_order","status":"disabled","recipient":"guest","order":9903}
2026-09-13T17:27:53+00:00 NOTICE Email "customer_completed_order" for order #9900 not sent: email type is disabled CONTEXT: {"email_type":"customer_completed_order","status":"disabled","recipient":"guest","order":9900}
2026-09-13T17:28:09+00:00 NOTICE Email "customer_completed_order" for order #10164 not sent: email type is disabled CONTEXT: {"email_type":"customer_completed_order","status":"disabled","recipient":"guest","order":10164}
2026-09-13T17:28:25+00:00 NOTICE Email "customer_completed_order" for order #10086 not sent: email type is disabled CONTEXT: {"email_type":"customer_completed_order","status":"disabled","recipient":"guest","order":10086}
2026-09-13T17:30:22+00:00 NOTICE Email "customer_completed_order" for order #10126 not sent: email type is disabled CONTEXT: {"email_type":"customer_completed_order","status":"disabled","recipient":"guest","order":10126}
2026-09-13T17:31:21+00:00 NOTICE Email "customer_completed_order" for order #10046 not sent: email type is disabled CONTEXT: {"email_type":"customer_completed_order","status":"disabled","recipient":"guest","order":10046}
2026-09-13T17:31:32+00:00 NOTICE Email "customer_completed_order" for order #10027 not sent: email type is disabled CONTEXT: {"email_type":"customer_completed_order","status":"disabled","recipient":"guest","order":10027}
2026-09-13T17:31:56+00:00 INFO Email "cancelled_order" for order #10405 sent CONTEXT: {"email_type":"cancelled_order","status":"sent","recipient":"guest","order":10405}
2026-09-13T17:32:05+00:00 NOTICE Email "customer_completed_order" for order #10061 not sent: email type is disabled CONTEXT: {"email_type":"customer_completed_order","status":"disabled","recipient":"guest","order":10061}
2026-09-13T17:32:11+00:00 NOTICE Email "customer_completed_order" for order #9786 not sent: email type is disabled CONTEXT: {"email_type":"customer_completed_order","status":"disabled","recipient":"guest","order":9786}
2026-09-13T17:32:14+00:00 NOTICE Email "customer_completed_order" for order #10112 not sent: email type is disabled CONTEXT: {"email_type":"customer_completed_order","status":"disabled","recipient":"guest","order":10112}
2026-09-13T17:32:23+00:00 NOTICE Email "customer_note" for order #10486 not sent: email type is disabled CONTEXT: {"email_type":"customer_note","status":"disabled","recipient":"guest","order":10486}
2026-09-13T17:32:23+00:00 NOTICE Email "customer_completed_order" for order #10003 not sent: email type is disabled CONTEXT: {"email_type":"customer_completed_order","status":"disabled","recipient":"guest","order":10003}
2026-09-13T17:32:29+00:00 NOTICE Email "customer_completed_order" for order #10087 not sent: email type is disabled CONTEXT: {"email_type":"customer_completed_order","status":"disabled","recipient":"guest","order":10087}
2026-09-13T17:32:35+00:00 NOTICE Email "customer_completed_order" for order #10168 not sent: email type is disabled CONTEXT: {"email_type":"customer_completed_order","status":"disabled","recipient":"guest","order":10168}
2026-09-13T17:32:52+00:00 NOTICE Email "customer_completed_order" for order #10033 not sent: email type is disabled CONTEXT: {"email_type":"customer_completed_order","status":"disabled","recipient":"guest","order":10033}
2026-09-13T17:32:59+00:00 NOTICE Email "customer_completed_order" for order #10021 not sent: email type is disabled CONTEXT: {"email_type":"customer_completed_order","status":"disabled","recipient":"guest","order":10021}
2026-09-13T17:33:29+00:00 NOTICE Email "customer_completed_order" for order #9833 not sent: email type is disabled CONTEXT: {"email_type":"customer_completed_order","status":"disabled","recipient":"guest","order":9833}
2026-09-13T17:33:43+00:00 NOTICE Email "customer_completed_order" for order #9757 not sent: email type is disabled CONTEXT: {"email_type":"customer_completed_order","status":"disabled","recipient":"guest","order":9757}
2026-09-13T17:33:43+00:00 NOTICE Email "customer_completed_order" for order #9867 not sent: email type is disabled CONTEXT: {"email_type":"customer_completed_order","status":"disabled","recipient":"guest","order":9867}
2026-09-13T17:33:51+00:00 NOTICE Email "customer_completed_order" for order #9936 not sent: email type is disabled CONTEXT: {"email_type":"customer_completed_order","status":"disabled","recipient":"guest","order":9936}
2026-09-13T17:34:11+00:00 NOTICE Email "customer_completed_order" for order #10140 not sent: email type is disabled CONTEXT: {"email_type":"customer_completed_order","status":"disabled","recipient":"guest","order":10140}
2026-09-13T17:35:22+00:00 NOTICE Email "customer_completed_order" for order #9851 not sent: email type is disabled CONTEXT: {"email_type":"customer_completed_order","status":"disabled","recipient":"guest","order":9851}
2026-09-13T17:35:36+00:00 NOTICE Email "customer_completed_order" for order #10086 not sent: email type is disabled CONTEXT: {"email_type":"customer_completed_order","status":"disabled","recipient":"guest","order":10086}
2026-09-13T17:38:13+00:00 NOTICE Email "customer_completed_order" for order #9936 not sent: email type is disabled CONTEXT: {"email_type":"customer_completed_order","status":"disabled","recipient":"guest","order":9936}
2026-09-13T17:39:31+00:00 NOTICE Email "customer_completed_order" for order #9809 not sent: email type is disabled CONTEXT: {"email_type":"customer_completed_order","status":"disabled","recipient":"guest","order":9809}
2026-09-13T17:41:16+00:00 NOTICE Email "customer_completed_order" for order #10158 not sent: email type is disabled CONTEXT: {"email_type":"customer_completed_order","status":"disabled","recipient":"guest","order":10158}
2026-09-13T17:43:09+00:00 INFO Email "new_order" for order #10487 sent CONTEXT: {"email_type":"new_order","status":"sent","recipient":"guest","order":10487}
2026-09-13T17:43:09+00:00 NOTICE Email "customer_processing_order" for order #10487 not sent: email type is disabled CONTEXT: {"email_type":"customer_processing_order","status":"disabled","recipient":"guest","order":10487}
2026-09-13T17:43:09+00:00 NOTICE Email "customer_note" for order #10487 not sent: email type is disabled CONTEXT: {"email_type":"customer_note","status":"disabled","recipient":"guest","order":10487}
2026-09-13T17:46:11+00:00 NOTICE Email "customer_note" for order #10488 not sent: email type is disabled CONTEXT: {"email_type":"customer_note","status":"disabled","recipient":"guest","order":10488}
2026-09-13T17:53:06+00:00 NOTICE Email "customer_note" for order #10489 not sent: email type is disabled CONTEXT: {"email_type":"customer_note","status":"disabled","recipient":"guest","order":10489}
2026-09-13T17:56:46+00:00 NOTICE Email "customer_completed_order" for order #10243 not sent: email type is disabled CONTEXT: {"email_type":"customer_completed_order","status":"disabled","recipient":"guest","order":10243}
2026-09-13T17:59:19+00:00 NOTICE Email "customer_note" for order #10489 not sent: email type is disabled CONTEXT: {"email_type":"customer_note","status":"disabled","recipient":"guest","order":10489}
2026-09-13T17:59:50+00:00 NOTICE Email "customer_note" for order #10489 not sent: email type is disabled CONTEXT: {"email_type":"customer_note","status":"disabled","recipient":"guest","order":10489}
2026-09-13T18:00:47+00:00 INFO Email "new_order" for order #10489 sent CONTEXT: {"email_type":"new_order","status":"sent","recipient":"guest","order":10489}
2026-09-13T18:00:47+00:00 NOTICE Email "customer_processing_order" for order #10489 not sent: email type is disabled CONTEXT: {"email_type":"customer_processing_order","status":"disabled","recipient":"guest","order":10489}
2026-09-13T18:00:47+00:00 NOTICE Email "customer_note" for order #10489 not sent: email type is disabled CONTEXT: {"email_type":"customer_note","status":"disabled","recipient":"guest","order":10489}
2026-09-13T18:07:46+00:00 INFO Email "new_order" for order #10490 sent CONTEXT: {"email_type":"new_order","status":"sent","recipient":"guest","order":10490}
2026-09-13T18:07:46+00:00 NOTICE Email "customer_processing_order" for order #10490 not sent: email type is disabled CONTEXT: {"email_type":"customer_processing_order","status":"disabled","recipient":"guest","order":10490}
2026-09-13T18:07:46+00:00 NOTICE Email "customer_note" for order #10490 not sent: email type is disabled CONTEXT: {"email_type":"customer_note","status":"disabled","recipient":"guest","order":10490}
2026-09-13T18:14:04+00:00 NOTICE Email "customer_note" for order #10492 not sent: email type is disabled CONTEXT: {"email_type":"customer_note","status":"disabled","recipient":"guest","order":10492}
2026-09-13T18:16:21+00:00 INFO Email "new_order" for order #10491 sent CONTEXT: {"email_type":"new_order","status":"sent","recipient":"guest","order":10491}
2026-09-13T18:16:21+00:00 NOTICE Email "customer_processing_order" for order #10491 not sent: email type is disabled CONTEXT: {"email_type":"customer_processing_order","status":"disabled","recipient":"guest","order":10491}
2026-09-13T18:20:00+00:00 NOTICE Email "customer_note" for order #10493 not sent: email type is disabled CONTEXT: {"email_type":"customer_note","status":"disabled","recipient":"guest","order":10493}
2026-09-13T18:20:06+00:00 INFO Email "cancelled_order" for order #10492 sent CONTEXT: {"email_type":"cancelled_order","status":"sent","recipient":"guest","order":10492}
2026-09-13T18:22:08+00:00 INFO Email "new_order" for order #10493 sent CONTEXT: {"email_type":"new_order","status":"sent","recipient":"guest","order":10493}
2026-09-13T18:22:08+00:00 NOTICE Email "customer_processing_order" for order #10493 not sent: email type is disabled CONTEXT: {"email_type":"customer_processing_order","status":"disabled","recipient":"guest","order":10493}
2026-09-13T18:22:08+00:00 NOTICE Email "customer_note" for order #10493 not sent: email type is disabled CONTEXT: {"email_type":"customer_note","status":"disabled","recipient":"guest","order":10493}
2026-09-13T18:28:10+00:00 INFO Email "new_order" for order #10495 sent CONTEXT: {"email_type":"new_order","status":"sent","recipient":"guest","order":10495}
2026-09-13T18:28:10+00:00 NOTICE Email "customer_processing_order" for order #10495 not sent: email type is disabled CONTEXT: {"email_type":"customer_processing_order","status":"disabled","recipient":"guest","order":10495}
2026-09-13T18:30:40+00:00 INFO Email "new_order" for order #10494 sent CONTEXT: {"email_type":"new_order","status":"sent","recipient":"guest","order":10494}
2026-09-13T18:30:40+00:00 NOTICE Email "customer_processing_order" for order #10494 not sent: email type is disabled CONTEXT: {"email_type":"customer_processing_order","status":"disabled","recipient":"guest","order":10494}
2026-09-13T18:38:27+00:00 NOTICE Email "customer_note" for order #10496 not sent: email type is disabled CONTEXT: {"email_type":"customer_note","status":"disabled","recipient":"guest","order":10496}
2026-09-13T18:40:28+00:00 INFO Email "new_order" for order #10496 sent CONTEXT: {"email_type":"new_order","status":"sent","recipient":"guest","order":10496}
2026-09-13T18:40:28+00:00 NOTICE Email "customer_processing_order" for order #10496 not sent: email type is disabled CONTEXT: {"email_type":"customer_processing_order","status":"disabled","recipient":"guest","order":10496}
2026-09-13T18:40:28+00:00 NOTICE Email "customer_note" for order #10496 not sent: email type is disabled CONTEXT: {"email_type":"customer_note","status":"disabled","recipient":"guest","order":10496}
2026-09-13T18:42:33+00:00 INFO Email "cancelled_order" for order #10330 sent CONTEXT: {"email_type":"cancelled_order","status":"sent","recipient":"guest","order":10330}
2026-09-13T18:51:35+00:00 NOTICE Email "customer_note" for order #10498 not sent: email type is disabled CONTEXT: {"email_type":"customer_note","status":"disabled","recipient":"guest","order":10498}
2026-09-13T18:55:26+00:00 NOTICE Email "customer_note" for order #10497 not sent: email type is disabled CONTEXT: {"email_type":"customer_note","status":"disabled","recipient":"guest","order":10497}
2026-09-13T18:59:50+00:00 NOTICE Email "customer_note" for order #10497 not sent: email type is disabled CONTEXT: {"email_type":"customer_note","status":"disabled","recipient":"guest","order":10497}
2026-09-13T18:59:59+00:00 NOTICE Email "customer_note" for order #10501 not sent: email type is disabled CONTEXT: {"email_type":"customer_note","status":"disabled","recipient":"guest","order":10501}
2026-09-13T19:03:13+00:00 NOTICE Email "customer_note" for order #10503 not sent: email type is disabled CONTEXT: {"email_type":"customer_note","status":"disabled","recipient":"guest","order":10503}
2026-09-13T19:03:59+00:00 NOTICE Email "customer_note" for order #10504 not sent: email type is disabled CONTEXT: {"email_type":"customer_note","status":"disabled","recipient":"guest","order":10504}
2026-09-13T19:04:54+00:00 NOTICE Email "customer_note" for order #10504 not sent: email type is disabled CONTEXT: {"email_type":"customer_note","status":"disabled","recipient":"guest","order":10504}
2026-09-13T19:06:22+00:00 NOTICE Email "customer_note" for order #10506 not sent: email type is disabled CONTEXT: {"email_type":"customer_note","status":"disabled","recipient":"guest","order":10506}
2026-09-13T19:06:26+00:00 INFO Email "cancelled_order" for order #10504 sent CONTEXT: {"email_type":"cancelled_order","status":"sent","recipient":"guest","order":10504}
2026-09-13T19:06:56+00:00 NOTICE Email "customer_note" for order #10507 not sent: email type is disabled CONTEXT: {"email_type":"customer_note","status":"disabled","recipient":"guest","order":10507}
2026-09-13T19:06:56+00:00 NOTICE Email "customer_note" for order #10508 not sent: email type is disabled CONTEXT: {"email_type":"customer_note","status":"disabled","recipient":"guest","order":10508}
2026-09-13T19:09:31+00:00 INFO Email "new_order" for order #10508 sent CONTEXT: {"email_type":"new_order","status":"sent","recipient":"guest","order":10508}
2026-09-13T19:09:31+00:00 NOTICE Email "customer_processing_order" for order #10508 not sent: email type is disabled CONTEXT: {"email_type":"customer_processing_order","status":"disabled","recipient":"guest","order":10508}
2026-09-13T19:09:31+00:00 NOTICE Email "customer_note" for order #10508 not sent: email type is disabled CONTEXT: {"email_type":"customer_note","status":"disabled","recipient":"guest","order":10508}
2026-09-13T19:09:34+00:00 INFO Email "new_order" for order #10507 sent CONTEXT: {"email_type":"new_order","status":"sent","recipient":"guest","order":10507}
2026-09-13T19:09:34+00:00 NOTICE Email "customer_processing_order" for order #10507 not sent: email type is disabled CONTEXT: {"email_type":"customer_processing_order","status":"disabled","recipient":"guest","order":10507}
2026-09-13T19:09:34+00:00 NOTICE Email "customer_note" for order #10507 not sent: email type is disabled CONTEXT: {"email_type":"customer_note","status":"disabled","recipient":"guest","order":10507}
2026-09-13T19:10:16+00:00 NOTICE Email "customer_note" for order #10510 not sent: email type is disabled CONTEXT: {"email_type":"customer_note","status":"disabled","recipient":"guest","order":10510}
2026-09-13T19:10:55+00:00 NOTICE Email "customer_note" for order #10503 not sent: email type is disabled CONTEXT: {"email_type":"customer_note","status":"disabled","recipient":"guest","order":10503}
2026-09-13T19:11:08+00:00 INFO Email "new_order" for order #10509 sent CONTEXT: {"email_type":"new_order","status":"sent","recipient":"guest","order":10509}
2026-09-13T19:11:08+00:00 NOTICE Email "customer_processing_order" for order #10509 not sent: email type is disabled CONTEXT: {"email_type":"customer_processing_order","status":"disabled","recipient":"guest","order":10509}
2026-09-13T19:12:21+00:00 NOTICE Email "customer_failed_order" for order #10152 not sent: email type is disabled CONTEXT: {"email_type":"customer_failed_order","status":"disabled","recipient":"guest","order":10152}
2026-09-13T19:12:26+00:00 INFO Email "failed_order" for order #10152 sent CONTEXT: {"email_type":"failed_order","status":"sent","recipient":"guest","order":10152}
2026-09-13T19:15:31+00:00 INFO Email "new_order" for order #10511 sent CONTEXT: {"email_type":"new_order","status":"sent","recipient":"guest","order":10511}
2026-09-13T19:15:31+00:00 NOTICE Email "customer_processing_order" for order #10511 not sent: email type is disabled CONTEXT: {"email_type":"customer_processing_order","status":"disabled","recipient":"guest","order":10511}
2026-09-13T19:15:31+00:00 NOTICE Email "customer_note" for order #10511 not sent: email type is disabled CONTEXT: {"email_type":"customer_note","status":"disabled","recipient":"guest","order":10511}
2026-09-13T19:17:05+00:00 NOTICE Email "customer_note" for order #10512 not sent: email type is disabled CONTEXT: {"email_type":"customer_note","status":"disabled","recipient":"guest","order":10512}
2026-09-13T19:17:10+00:00 INFO Email "cancelled_order" for order #10506 sent CONTEXT: {"email_type":"cancelled_order","status":"sent","recipient":"guest","order":10506}
2026-09-13T19:19:50+00:00 INFO Email "new_order" for order #10510 sent CONTEXT: {"email_type":"new_order","status":"sent","recipient":"guest","order":10510}
2026-09-13T19:19:50+00:00 NOTICE Email "customer_processing_order" for order #10510 not sent: email type is disabled CONTEXT: {"email_type":"customer_processing_order","status":"disabled","recipient":"guest","order":10510}
2026-09-13T19:19:50+00:00 NOTICE Email "customer_note" for order #10510 not sent: email type is disabled CONTEXT: {"email_type":"customer_note","status":"disabled","recipient":"guest","order":10510}
2026-09-13T19:20:03+00:00 INFO Email "new_order" for order #10512 sent CONTEXT: {"email_type":"new_order","status":"sent","recipient":"guest","order":10512}
2026-09-13T19:20:03+00:00 NOTICE Email "customer_processing_order" for order #10512 not sent: email type is disabled CONTEXT: {"email_type":"customer_processing_order","status":"disabled","recipient":"guest","order":10512}
2026-09-13T19:20:03+00:00 NOTICE Email "customer_note" for order #10512 not sent: email type is disabled CONTEXT: {"email_type":"customer_note","status":"disabled","recipient":"guest","order":10512}
2026-09-13T19:20:53+00:00 NOTICE Email "customer_note" for order #10503 not sent: email type is disabled CONTEXT: {"email_type":"customer_note","status":"disabled","recipient":"guest","order":10503}
2026-09-13T19:33:23+00:00 NOTICE Email "customer_note" for order #10516 not sent: email type is disabled CONTEXT: {"email_type":"customer_note","status":"disabled","recipient":"guest","order":10516}
2026-09-13T19:38:25+00:00 NOTICE Email "customer_note" for order #10515 not sent: email type is disabled CONTEXT: {"email_type":"customer_note","status":"disabled","recipient":"guest","order":10515}
2026-09-13T19:41:49+00:00 NOTICE Email "customer_note" for order #10518 not sent: email type is disabled CONTEXT: {"email_type":"customer_note","status":"disabled","recipient":"guest","order":10518}
2026-09-13T19:43:07+00:00 INFO Email "new_order" for order #10518 sent CONTEXT: {"email_type":"new_order","status":"sent","recipient":"guest","order":10518}
2026-09-13T19:43:07+00:00 NOTICE Email "customer_processing_order" for order #10518 not sent: email type is disabled CONTEXT: {"email_type":"customer_processing_order","status":"disabled","recipient":"guest","order":10518}
2026-09-13T19:43:07+00:00 NOTICE Email "customer_note" for order #10518 not sent: email type is disabled CONTEXT: {"email_type":"customer_note","status":"disabled","recipient":"guest","order":10518}
2026-09-13T19:46:59+00:00 INFO Email "new_order" for order #10519 sent CONTEXT: {"email_type":"new_order","status":"sent","recipient":"guest","order":10519}
2026-09-13T19:46:59+00:00 NOTICE Email "customer_processing_order" for order #10519 not sent: email type is disabled CONTEXT: {"email_type":"customer_processing_order","status":"disabled","recipient":"guest","order":10519}
2026-09-13T19:47:22+00:00 INFO Email "cancelled_order" for order #10500 sent CONTEXT: {"email_type":"cancelled_order","status":"sent","recipient":"guest","order":10500}
2026-09-13T19:47:27+00:00 INFO Email "cancelled_order" for order #10246 sent CONTEXT: {"email_type":"cancelled_order","status":"sent","recipient":"guest","order":10246}
2026-09-13T19:48:01+00:00 NOTICE Email "customer_note" for order #10520 not sent: email type is disabled CONTEXT: {"email_type":"customer_note","status":"disabled","recipient":"guest","order":10520}
2026-09-13T19:48:06+00:00 INFO Email "cancelled_order" for order #10515 sent CONTEXT: {"email_type":"cancelled_order","status":"sent","recipient":"guest","order":10515}
2026-09-13T19:50:27+00:00 INFO Email "new_order" for order #10520 sent CONTEXT: {"email_type":"new_order","status":"sent","recipient":"guest","order":10520}
2026-09-13T19:50:27+00:00 NOTICE Email "customer_processing_order" for order #10520 not sent: email type is disabled CONTEXT: {"email_type":"customer_processing_order","status":"disabled","recipient":"guest","order":10520}
2026-09-13T19:50:27+00:00 NOTICE Email "customer_note" for order #10520 not sent: email type is disabled CONTEXT: {"email_type":"customer_note","status":"disabled","recipient":"guest","order":10520}
2026-09-13T19:58:02+00:00 INFO Email "new_order" for order #10521 sent CONTEXT: {"email_type":"new_order","status":"sent","recipient":"guest","order":10521}
2026-09-13T19:58:02+00:00 NOTICE Email "customer_processing_order" for order #10521 not sent: email type is disabled CONTEXT: {"email_type":"customer_processing_order","status":"disabled","recipient":"guest","order":10521}
2026-09-13T19:58:02+00:00 NOTICE Email "customer_note" for order #10521 not sent: email type is disabled CONTEXT: {"email_type":"customer_note","status":"disabled","recipient":"guest","order":10521}
2026-09-13T19:58:31+00:00 NOTICE Email "customer_note" for order #10522 not sent: email type is disabled CONTEXT: {"email_type":"customer_note","status":"disabled","recipient":"guest","order":10522}
2026-09-13T19:59:10+00:00 INFO Email "cancelled_order" for order #10513 sent CONTEXT: {"email_type":"cancelled_order","status":"sent","recipient":"guest","order":10513}
2026-09-13T19:59:15+00:00 INFO Email "cancelled_order" for order #10514 sent CONTEXT: {"email_type":"cancelled_order","status":"sent","recipient":"guest","order":10514}
2026-09-13T19:59:47+00:00 NOTICE Email "customer_note" for order #10522 not sent: email type is disabled CONTEXT: {"email_type":"customer_note","status":"disabled","recipient":"guest","order":10522}
2026-09-13T20:02:23+00:00 NOTICE Email "customer_note" for order #10523 not sent: email type is disabled CONTEXT: {"email_type":"customer_note","status":"disabled","recipient":"guest","order":10523}
2026-09-13T20:12:07+00:00 NOTICE Email "customer_note" for order #10524 not sent: email type is disabled CONTEXT: {"email_type":"customer_note","status":"disabled","recipient":"guest","order":10524}
2026-09-13T20:16:30+00:00 NOTICE Email "customer_note" for order #10525 not sent: email type is disabled CONTEXT: {"email_type":"customer_note","status":"disabled","recipient":"guest","order":10525}
2026-09-13T20:21:31+00:00 NOTICE Email "customer_note" for order #10526 not sent: email type is disabled CONTEXT: {"email_type":"customer_note","status":"disabled","recipient":"guest","order":10526}
2026-09-13T20:23:06+00:00 INFO Email "new_order" for order #10526 sent CONTEXT: {"email_type":"new_order","status":"sent","recipient":"guest","order":10526}
2026-09-13T20:23:06+00:00 NOTICE Email "customer_processing_order" for order #10526 not sent: email type is disabled CONTEXT: {"email_type":"customer_processing_order","status":"disabled","recipient":"guest","order":10526}
2026-09-13T20:23:06+00:00 NOTICE Email "customer_note" for order #10526 not sent: email type is disabled CONTEXT: {"email_type":"customer_note","status":"disabled","recipient":"guest","order":10526}
2026-09-13T20:28:57+00:00 NOTICE Email "customer_note" for order #10527 not sent: email type is disabled CONTEXT: {"email_type":"customer_note","status":"disabled","recipient":"guest","order":10527}
2026-09-13T20:29:38+00:00 NOTICE Email "customer_note" for order #10528 not sent: email type is disabled CONTEXT: {"email_type":"customer_note","status":"disabled","recipient":"guest","order":10528}
2026-09-13T20:31:54+00:00 INFO Email "new_order" for order #10527 sent CONTEXT: {"email_type":"new_order","status":"sent","recipient":"guest","order":10527}
2026-09-13T20:31:54+00:00 NOTICE Email "customer_processing_order" for order #10527 not sent: email type is disabled CONTEXT: {"email_type":"customer_processing_order","status":"disabled","recipient":"guest","order":10527}
2026-09-13T20:31:54+00:00 NOTICE Email "customer_note" for order #10527 not sent: email type is disabled CONTEXT: {"email_type":"customer_note","status":"disabled","recipient":"guest","order":10527}
2026-09-13T20:32:52+00:00 NOTICE Email "customer_note" for order #10529 not sent: email type is disabled CONTEXT: {"email_type":"customer_note","status":"disabled","recipient":"guest","order":10529}
2026-09-13T20:35:47+00:00 NOTICE Email "customer_note" for order #10528 not sent: email type is disabled CONTEXT: {"email_type":"customer_note","status":"disabled","recipient":"guest","order":10528}
2026-09-13T20:39:37+00:00 NOTICE Email "customer_note" for order #10531 not sent: email type is disabled CONTEXT: {"email_type":"customer_note","status":"disabled","recipient":"guest","order":10531}
2026-09-13T20:39:42+00:00 NOTICE Email "customer_note" for order #10532 not sent: email type is disabled CONTEXT: {"email_type":"customer_note","status":"disabled","recipient":"guest","order":10532}
2026-09-13T20:40:33+00:00 INFO Email "new_order" for order #10530 sent CONTEXT: {"email_type":"new_order","status":"sent","recipient":"guest","order":10530}
2026-09-13T20:40:33+00:00 NOTICE Email "customer_processing_order" for order #10530 not sent: email type is disabled CONTEXT: {"email_type":"customer_processing_order","status":"disabled","recipient":"guest","order":10530}
2026-09-13T20:40:33+00:00 NOTICE Email "customer_note" for order #10530 not sent: email type is disabled CONTEXT: {"email_type":"customer_note","status":"disabled","recipient":"guest","order":10530}
2026-09-13T20:41:43+00:00 INFO Email "new_order" for order #10532 sent CONTEXT: {"email_type":"new_order","status":"sent","recipient":"guest","order":10532}
2026-09-13T20:41:43+00:00 NOTICE Email "customer_processing_order" for order #10532 not sent: email type is disabled CONTEXT: {"email_type":"customer_processing_order","status":"disabled","recipient":"guest","order":10532}
2026-09-13T20:41:43+00:00 NOTICE Email "customer_note" for order #10532 not sent: email type is disabled CONTEXT: {"email_type":"customer_note","status":"disabled","recipient":"guest","order":10532}
2026-09-13T20:43:55+00:00 NOTICE Email "customer_note" for order #10533 not sent: email type is disabled CONTEXT: {"email_type":"customer_note","status":"disabled","recipient":"guest","order":10533}
2026-09-13T20:53:25+00:00 NOTICE Email "customer_note" for order #10535 not sent: email type is disabled CONTEXT: {"email_type":"customer_note","status":"disabled","recipient":"guest","order":10535}
2026-09-13T20:55:54+00:00 NOTICE Email "customer_note" for order #10535 not sent: email type is disabled CONTEXT: {"email_type":"customer_note","status":"disabled","recipient":"guest","order":10535}
2026-09-13T20:58:04+00:00 INFO Email "new_order" for order #10535 sent CONTEXT: {"email_type":"new_order","status":"sent","recipient":"guest","order":10535}
2026-09-13T20:58:04+00:00 NOTICE Email "customer_processing_order" for order #10535 not sent: email type is disabled CONTEXT: {"email_type":"customer_processing_order","status":"disabled","recipient":"guest","order":10535}
2026-09-13T20:58:04+00:00 NOTICE Email "customer_note" for order #10535 not sent: email type is disabled CONTEXT: {"email_type":"customer_note","status":"disabled","recipient":"guest","order":10535}
2026-09-13T21:06:10+00:00 NOTICE Email "customer_note" for order #10536 not sent: email type is disabled CONTEXT: {"email_type":"customer_note","status":"disabled","recipient":"guest","order":10536}
2026-09-13T21:08:23+00:00 NOTICE Email "customer_note" for order #10537 not sent: email type is disabled CONTEXT: {"email_type":"customer_note","status":"disabled","recipient":"guest","order":10537}
2026-09-13T21:10:07+00:00 NOTICE Email "customer_note" for order #10538 not sent: email type is disabled CONTEXT: {"email_type":"customer_note","status":"disabled","recipient":"guest","order":10538}
2026-09-13T21:10:12+00:00 INFO Email "new_order" for order #10537 sent CONTEXT: {"email_type":"new_order","status":"sent","recipient":"guest","order":10537}
2026-09-13T21:10:12+00:00 NOTICE Email "customer_processing_order" for order #10537 not sent: email type is disabled CONTEXT: {"email_type":"customer_processing_order","status":"disabled","recipient":"guest","order":10537}
2026-09-13T21:10:12+00:00 NOTICE Email "customer_note" for order #10537 not sent: email type is disabled CONTEXT: {"email_type":"customer_note","status":"disabled","recipient":"guest","order":10537}
2026-09-13T21:12:58+00:00 INFO Email "new_order" for order #10538 sent CONTEXT: {"email_type":"new_order","status":"sent","recipient":"guest","order":10538}
2026-09-13T21:12:58+00:00 NOTICE Email "customer_processing_order" for order #10538 not sent: email type is disabled CONTEXT: {"email_type":"customer_processing_order","status":"disabled","recipient":"guest","order":10538}
2026-09-13T21:12:58+00:00 NOTICE Email "customer_note" for order #10538 not sent: email type is disabled CONTEXT: {"email_type":"customer_note","status":"disabled","recipient":"guest","order":10538}
2026-09-13T21:14:39+00:00 INFO Email "new_order" for order #10539 sent CONTEXT: {"email_type":"new_order","status":"sent","recipient":"guest","order":10539}
2026-09-13T21:14:39+00:00 NOTICE Email "customer_processing_order" for order #10539 not sent: email type is disabled CONTEXT: {"email_type":"customer_processing_order","status":"disabled","recipient":"guest","order":10539}
2026-09-13T21:29:05+00:00 NOTICE Email "customer_note" for order #10541 not sent: email type is disabled CONTEXT: {"email_type":"customer_note","status":"disabled","recipient":"guest","order":10541}
2026-09-13T21:29:05+00:00 NOTICE Email "customer_note" for order #10541 not sent: email type is disabled CONTEXT: {"email_type":"customer_note","status":"disabled","recipient":"guest","order":10541}
2026-09-13T21:42:39+00:00 NOTICE Email "customer_note" for order #10543 not sent: email type is disabled CONTEXT: {"email_type":"customer_note","status":"disabled","recipient":"guest","order":10543}
2026-09-13T21:44:15+00:00 NOTICE Email "customer_note" for order #10544 not sent: email type is disabled CONTEXT: {"email_type":"customer_note","status":"disabled","recipient":"guest","order":10544}
2026-09-13T21:45:10+00:00 INFO Email "cancelled_order" for order #10540 sent CONTEXT: {"email_type":"cancelled_order","status":"sent","recipient":"guest","order":10540}
2026-09-13T21:45:15+00:00 INFO Email "cancelled_order" for order #10541 sent CONTEXT: {"email_type":"cancelled_order","status":"sent","recipient":"guest","order":10541}
2026-09-13T22:00:10+00:00 INFO Email "cancelled_order" for order #10542 sent CONTEXT: {"email_type":"cancelled_order","status":"sent","recipient":"guest","order":10542}
2026-09-13T22:04:03+00:00 INFO Email "new_order" for order #10547 sent CONTEXT: {"email_type":"new_order","status":"sent","recipient":"guest","order":10547}
2026-09-13T22:04:03+00:00 NOTICE Email "customer_processing_order" for order #10547 not sent: email type is disabled CONTEXT: {"email_type":"customer_processing_order","status":"disabled","recipient":"guest","order":10547}
2026-09-13T22:08:43+00:00 NOTICE Email "customer_note" for order #10548 not sent: email type is disabled CONTEXT: {"email_type":"customer_note","status":"disabled","recipient":"guest","order":10548}
2026-09-13T22:17:36+00:00 INFO Email "new_order" for order #10549 sent CONTEXT: {"email_type":"new_order","status":"sent","recipient":"guest","order":10549}
2026-09-13T22:17:36+00:00 NOTICE Email "customer_processing_order" for order #10549 not sent: email type is disabled CONTEXT: {"email_type":"customer_processing_order","status":"disabled","recipient":"guest","order":10549}
2026-09-13T22:44:47+00:00 INFO Email "cancelled_order" for order #10147 sent CONTEXT: {"email_type":"cancelled_order","status":"sent","recipient":"guest","order":10147}
2026-09-13T22:44:52+00:00 INFO Email "cancelled_order" for order #10447 sent CONTEXT: {"email_type":"cancelled_order","status":"sent","recipient":"guest","order":10447}
2026-09-13T22:44:56+00:00 INFO Email "cancelled_order" for order #10505 sent CONTEXT: {"email_type":"cancelled_order","status":"sent","recipient":"guest","order":10505}
2026-09-13T22:46:12+00:00 NOTICE Email "customer_note" for order #10551 not sent: email type is disabled CONTEXT: {"email_type":"customer_note","status":"disabled","recipient":"guest","order":10551}
2026-09-13T22:48:57+00:00 INFO Email "new_order" for order #10551 sent CONTEXT: {"email_type":"new_order","status":"sent","recipient":"guest","order":10551}
2026-09-13T22:48:57+00:00 NOTICE Email "customer_processing_order" for order #10551 not sent: email type is disabled CONTEXT: {"email_type":"customer_processing_order","status":"disabled","recipient":"guest","order":10551}
2026-09-13T22:48:57+00:00 NOTICE Email "customer_note" for order #10551 not sent: email type is disabled CONTEXT: {"email_type":"customer_note","status":"disabled","recipient":"guest","order":10551}
2026-09-13T23:11:07+00:00 INFO Email "cancelled_order" for order #10552 sent CONTEXT: {"email_type":"cancelled_order","status":"sent","recipient":"guest","order":10552}
2026-09-13T23:14:43+00:00 INFO Email "cancelled_order" for order #10203 sent CONTEXT: {"email_type":"cancelled_order","status":"sent","recipient":"guest","order":10203}
2026-09-13T23:14:48+00:00 INFO Email "cancelled_order" for order #10360 sent CONTEXT: {"email_type":"cancelled_order","status":"sent","recipient":"guest","order":10360}
2026-09-13T23:14:53+00:00 INFO Email "cancelled_order" for order #10460 sent CONTEXT: {"email_type":"cancelled_order","status":"sent","recipient":"guest","order":10460}
2026-09-13T23:44:48+00:00 INFO Email "cancelled_order" for order #10553 sent CONTEXT: {"email_type":"cancelled_order","status":"sent","recipient":"guest","order":10553}
